2025-11-12 07:44:55,983 - Scraping log - scraper.py >         <module>(): Line 722 - INFO - Startup time until scraping: 0 mins
2025-11-12 07:45:00,297 - Scraping log - scraper.py > get_service_info(): Line 311 - ERROR - ch.geoportal.ktai: 500 Server Error: Internal Server Error for url: https://www.geoportal.ch/services/wms/ktai?service=WMS&version=1.3.0&request=GetMap&layers=ch.geoportal.ktai&styles=&width=256&height=256&crs=EPSG%3A4326&bbox=47.225%2C9.297%2C47.453%2C9.632&format=image%2Fpng&transparent=TRUE&exceptions=XML&bgcolor=0xFFFFFF
2025-11-12 07:45:04,400 - Scraping log - scraper.py > get_service_info(): Line 311 - ERROR - ch.geoportal.ktar: 500 Server Error: Internal Server Error for url: https://www.geoportal.ch/services/wms/ktar?service=WMS&version=1.3.0&request=GetMap&layers=ch.geoportal.ktar&styles=&width=256&height=256&crs=EPSG%3A4326&bbox=47.238%2C9.178%2C47.478%2C9.644&format=image%2Fpng&transparent=TRUE&exceptions=XML&bgcolor=0xFFFFFF
2025-11-12 07:49:09,612 - Scraping log - scraper.py > get_service_info(): Line 311 - ERROR - ch_ag_geo_aw_wbep: HTTPSConnectionPool(host='wms.geo.ag.ch', port=443): Read timed out. (read timeout=10)
2025-11-12 07:49:20,502 - Scraping log - scraper.py > get_service_info(): Line 311 - ERROR - ch_ag_geo_aw_wbsp: HTTPSConnectionPool(host='wms.geo.ag.ch', port=443): Read timed out. (read timeout=10)
2025-11-12 07:50:18,045 - Scraping log - scraper.py > get_service_info(): Line 311 - ERROR - ch_ag_geo_va_avwms_va_lsgp_01: HTTPSConnectionPool(host='wms.geo.ag.ch', port=443): Read timed out. (read timeout=10)
2025-11-12 07:50:42,393 - Scraping log - scraper.py > get_service_info(): Line 311 - ERROR - OpenWMS_BL: msWMSApplyTime: WMS server error. No Time value was given, and the default time value 2023 is invalid or outside the time extent defined 2011/2022/P1Y msStyleSetGeomTransform(): General error message. unknown transform expression
2025-11-12 07:52:34,520 - Scraping log - scraper.py > get_service_info(): Line 311 - ERROR - ch.swisstopo.hiks-siegfried: HTTPSConnectionPool(host='geowms.bl.ch', port=443): Read timed out. (read timeout=10)
2025-11-12 07:52:53,833 - Scraping log - scraper.py > get_service_info(): Line 311 - ERROR - ch.bafu.gefaehrdungskarte-oberflaechenabfluss: HTTPSConnectionPool(host='geowms.bl.ch', port=443): Read timed out. (read timeout=10)
2025-11-12 07:58:08,377 - Scraping log - scraper.py > get_service_info(): Line 311 - ERROR - WMS_BS: HTTPSConnectionPool(host='wms.geo.bs.ch', port=443): Read timed out. (read timeout=10)
2025-11-12 07:58:36,612 - Scraping log - scraper.py > get_service_info(): Line 308 - WARNING - Vektorstadtplan grau: GetMap request is blocked for this layer
2025-11-12 07:58:46,628 - Scraping log - scraper.py > get_service_info(): Line 308 - WARNING - Parzellenplan_Bodenbedeckung_grau: GetMap request is blocked for this layer
2025-11-12 07:58:57,910 - Scraping log - scraper.py > get_service_info(): Line 308 - WARNING - AF_AbfuhrzoneGemeindeBasel: GetMap request is blocked for this layer
2025-11-12 07:59:07,924 - Scraping log - scraper.py > get_service_info(): Line 308 - WARNING - AI_GebietseinteilungArbeitsinspektorat: GetMap request is blocked for this layer
2025-11-12 07:59:20,403 - Scraping log - scraper.py > get_service_info(): Line 308 - WARNING - AL_Alterspflegeheime: GetMap request is blocked for this layer
2025-11-12 07:59:31,709 - Scraping log - scraper.py > get_service_info(): Line 308 - WARNING - AS_Akutspitaeler: GetMap request is blocked for this layer
2025-11-12 07:59:41,912 - Scraping log - scraper.py > get_service_info(): Line 308 - WARNING - AT_Ausnahmetransportrouten: GetMap request is blocked for this layer
2025-11-12 07:59:51,926 - Scraping log - scraper.py > get_service_info(): Line 308 - WARNING - AVBS_3000_farbig: GetMap request is blocked for this layer
2025-11-12 08:00:01,943 - Scraping log - scraper.py > get_service_info(): Line 308 - WARNING - AVBS_3000_grau: GetMap request is blocked for this layer
2025-11-12 08:00:11,958 - Scraping log - scraper.py > get_service_info(): Line 308 - WARNING - AVBS_3000_sw: GetMap request is blocked for this layer
2025-11-12 08:00:21,976 - Scraping log - scraper.py > get_service_info(): Line 308 - WARNING - BA_Baeume: GetMap request is blocked for this layer
2025-11-12 08:00:31,984 - Scraping log - scraper.py > get_service_info(): Line 308 - WARNING - BA_FaellUndBaumersatzliste: GetMap request is blocked for this layer
2025-11-12 08:00:41,999 - Scraping log - scraper.py > get_service_info(): Line 308 - WARNING - Bodenkarten: GetMap request is blocked for this layer
2025-11-12 08:00:52,017 - Scraping log - scraper.py > get_service_info(): Line 308 - WARNING - Nutzungseignungskarte: GetMap request is blocked for this layer
2025-11-12 08:01:02,335 - Scraping log - scraper.py > get_service_info(): Line 308 - WARNING - Risikostufe: GetMap request is blocked for this layer
2025-11-12 08:01:12,352 - Scraping log - scraper.py > get_service_info(): Line 308 - WARNING - BH_Bienenstaende: GetMap request is blocked for this layer
2025-11-12 08:01:22,490 - Scraping log - scraper.py > get_service_info(): Line 311 - ERROR - BI_FreizeitSport: HTTPSConnectionPool(host='wms.geo.bs.ch', port=443): Read timed out. (read timeout=10)
2025-11-12 08:01:32,626 - Scraping log - scraper.py > get_service_info(): Line 311 - ERROR - BI_GesundheitSoziales: HTTPSConnectionPool(host='wms.geo.bs.ch', port=443): Read timed out. (read timeout=10)
2025-11-12 08:02:06,743 - Scraping log - scraper.py > get_service_info(): Line 308 - WARNING - BI_OEV: GetMap request is blocked for this layer
2025-11-12 08:02:16,759 - Scraping log - scraper.py > get_service_info(): Line 308 - WARNING - BI_Symbole: GetMap request is blocked for this layer
2025-11-12 08:02:26,775 - Scraping log - scraper.py > get_service_info(): Line 308 - WARNING - BI_Beschriftung: GetMap request is blocked for this layer
2025-11-12 08:02:36,791 - Scraping log - scraper.py > get_service_info(): Line 308 - WARNING - Bohrungen verrohrt: GetMap request is blocked for this layer
2025-11-12 08:02:46,800 - Scraping log - scraper.py > get_service_info(): Line 308 - WARNING - BK_BohrungenVerrohrt_DurchmesserKleiner200mm_A: GetMap request is blocked for this layer
2025-11-12 08:02:56,912 - Scraping log - scraper.py > get_service_info(): Line 308 - WARNING - BK_BohrungenVerrohrt_DurchmesserKleiner200mm_B: GetMap request is blocked for this layer
2025-11-12 08:03:07,033 - Scraping log - scraper.py > get_service_info(): Line 308 - WARNING - BK_BohrungenVerrohrt_DurchmesserGroesserGleich200mm_A: GetMap request is blocked for this layer
2025-11-12 08:03:17,152 - Scraping log - scraper.py > get_service_info(): Line 308 - WARNING - BK_BohrungenVerrohrt_DurchmesserGroesserGleich200mm_B: GetMap request is blocked for this layer
2025-11-12 08:03:27,263 - Scraping log - scraper.py > get_service_info(): Line 308 - WARNING - BK_BohrungenVerrohrt_Kassiert_A: GetMap request is blocked for this layer
2025-11-12 08:03:37,378 - Scraping log - scraper.py > get_service_info(): Line 308 - WARNING - BK_BohrungenVerrohrt_Kassiert_B: GetMap request is blocked for this layer
2025-11-12 08:03:47,392 - Scraping log - scraper.py > get_service_info(): Line 308 - WARNING - BK_Erdwaermebohrung: GetMap request is blocked for this layer
2025-11-12 08:03:57,499 - Scraping log - scraper.py > get_service_info(): Line 308 - WARNING - BK_GeplanteBohrung: GetMap request is blocked for this layer
2025-11-12 08:04:07,515 - Scraping log - scraper.py > get_service_info(): Line 308 - WARNING - BK_Sondierbohrung: GetMap request is blocked for this layer
2025-11-12 08:04:17,628 - Scraping log - scraper.py > get_service_info(): Line 308 - WARNING - BK_alleBohrungen: GetMap request is blocked for this layer
2025-11-12 08:04:27,946 - Scraping log - scraper.py > get_service_info(): Line 308 - WARNING - BP_Oeffnungszeiten: GetMap request is blocked for this layer
2025-11-12 08:04:38,061 - Scraping log - scraper.py > get_service_info(): Line 308 - WARNING - BP_PerimeterBoulevardplanInnenstadt: GetMap request is blocked for this layer
2025-11-12 08:04:48,076 - Scraping log - scraper.py > get_service_info(): Line 308 - WARNING - Projektierte Gebäude: GetMap request is blocked for this layer
2025-11-12 08:05:06,382 - Scraping log - scraper.py > get_service_info(): Line 308 - WARNING - BS_GebaeudeProjektiert_Gebaeudenummer_1000: GetMap request is blocked for this layer
2025-11-12 08:05:16,405 - Scraping log - scraper.py > get_service_info(): Line 308 - WARNING - Bodenbedeckung: GetMap request is blocked for this layer
2025-11-12 08:05:26,423 - Scraping log - scraper.py > get_service_info(): Line 308 - WARNING - BS_Bodenbedeckungen_befestigt_Bahnareal: GetMap request is blocked for this layer
2025-11-12 08:05:36,540 - Scraping log - scraper.py > get_service_info(): Line 308 - WARNING - BS_Bodenbedeckungen_befestigt_Fabrikareal: GetMap request is blocked for this layer
2025-11-12 08:05:46,555 - Scraping log - scraper.py > get_service_info(): Line 308 - WARNING - BS_Bodenbedeckungen_befestigt_Gewaesservorland: GetMap request is blocked for this layer
2025-11-12 08:05:56,569 - Scraping log - scraper.py > get_service_info(): Line 308 - WARNING - BS_Bodenbedeckungen_befestigt_Hafenareal: GetMap request is blocked for this layer
2025-11-12 08:06:06,583 - Scraping log - scraper.py > get_service_info(): Line 308 - WARNING - BS_Bodenbedeckungen_befestigt_Sportanlage: GetMap request is blocked for this layer
2025-11-12 08:06:16,600 - Scraping log - scraper.py > get_service_info(): Line 308 - WARNING - BS_Bodenbedeckungen_befestigt_StrasseWeg: GetMap request is blocked for this layer
2025-11-12 08:06:26,617 - Scraping log - scraper.py > get_service_info(): Line 308 - WARNING - BS_Bodenbedeckungen_befestigt_Tramareal: GetMap request is blocked for this layer
2025-11-12 08:06:36,734 - Scraping log - scraper.py > get_service_info(): Line 308 - WARNING - BS_Bodenbedeckungen_befestigt_Trottoir: GetMap request is blocked for this layer
2025-11-12 08:06:46,838 - Scraping log - scraper.py > get_service_info(): Line 308 - WARNING - BS_Bodenbedeckungen_befestigt_Verkehrsinsel: GetMap request is blocked for this layer
2025-11-12 08:06:56,949 - Scraping log - scraper.py > get_service_info(): Line 308 - WARNING - BS_Bodenbedeckungen_befestigt_Wasserbecken: GetMap request is blocked for this layer
2025-11-12 08:07:06,965 - Scraping log - scraper.py > get_service_info(): Line 308 - WARNING - BS_Bodenbedeckungen_befestigt_uebrigeBefestigte: GetMap request is blocked for this layer
2025-11-12 08:07:16,981 - Scraping log - scraper.py > get_service_info(): Line 308 - WARNING - BS_Bodenbedeckungen_bestockt_geschlossenerWald: GetMap request is blocked for this layer
2025-11-12 08:07:26,997 - Scraping log - scraper.py > get_service_info(): Line 308 - WARNING - BS_Bodenbedeckungen_bestockt_uebrigeBestockte: GetMap request is blocked for this layer
2025-11-12 08:07:38,253 - Scraping log - scraper.py > get_service_info(): Line 308 - WARNING - BS_Bodenbedeckungen_Gebaeude_Tank: GetMap request is blocked for this layer
2025-11-12 08:08:03,649 - Scraping log - scraper.py > get_service_info(): Line 308 - WARNING - BS_Bodenbedeckungen_humusiert_Tierpark: GetMap request is blocked for this layer
2025-11-12 08:08:13,665 - Scraping log - scraper.py > get_service_info(): Line 308 - WARNING - BS_Bodenbedeckungen_humusiert_Reben: GetMap request is blocked for this layer
2025-11-12 08:08:23,682 - Scraping log - scraper.py > get_service_info(): Line 308 - WARNING - BS_Bodenbedeckungen_humusiert_Intensivkultur: GetMap request is blocked for this layer
2025-11-12 08:08:33,698 - Scraping log - scraper.py > get_service_info(): Line 308 - WARNING - BS_Bodenbedeckungen_humusiert_Gewaesservorland: GetMap request is blocked for this layer
2025-11-12 08:08:43,712 - Scraping log - scraper.py > get_service_info(): Line 308 - WARNING - BS_Bodenbedeckungen_humusiert_uebrigeHumusierte: GetMap request is blocked for this layer
2025-11-12 08:08:53,730 - Scraping log - scraper.py > get_service_info(): Line 308 - WARNING - Bogeninformation: GetMap request is blocked for this layer
2025-11-12 08:09:03,745 - Scraping log - scraper.py > get_service_info(): Line 308 - WARNING - BS_Bogeninformation_Bogeninformation: GetMap request is blocked for this layer
2025-11-12 08:09:13,761 - Scraping log - scraper.py > get_service_info(): Line 308 - WARNING - BS_Bogeninformation_BoegenTheoretisch: GetMap request is blocked for this layer
2025-11-12 08:09:24,950 - Scraping log - scraper.py > get_service_info(): Line 308 - WARNING - Hoheitsgrenzen: GetMap request is blocked for this layer
2025-11-12 08:09:34,960 - Scraping log - scraper.py > get_service_info(): Line 308 - WARNING - Liegenschaften: GetMap request is blocked for this layer
2025-11-12 08:09:45,079 - Scraping log - scraper.py > get_service_info(): Line 308 - WARNING - Grundstücke: GetMap request is blocked for this layer
2025-11-12 08:09:55,096 - Scraping log - scraper.py > get_service_info(): Line 308 - WARNING - BS_Liegenschaften_Liegenschaftsnummer: GetMap request is blocked for this layer
2025-11-12 08:10:05,112 - Scraping log - scraper.py > get_service_info(): Line 308 - WARNING - Grundstücke (projektiert): GetMap request is blocked for this layer
2025-11-12 08:10:15,224 - Scraping log - scraper.py > get_service_info(): Line 308 - WARNING - BS_Liegenschaften_GrundstueckeProjektiert_andereDienstbarkeit_Geometrie: GetMap request is blocked for this layer
2025-11-12 08:10:25,333 - Scraping log - scraper.py > get_service_info(): Line 308 - WARNING - BS_Liegenschaften_GrundstueckeProjektiert_andereDienstbarkeit_IndexUnter700: GetMap request is blocked for this layer
2025-11-12 08:10:35,440 - Scraping log - scraper.py > get_service_info(): Line 308 - WARNING - BS_Liegenschaften_GrundstueckeProjektiert_andereDienstbarkeit_NummerUnter700: GetMap request is blocked for this layer
2025-11-12 08:10:45,557 - Scraping log - scraper.py > get_service_info(): Line 308 - WARNING - BS_Liegenschaften_GrundstueckeProjektiert_andereDienstbarkeit_Nummer700bis2000: GetMap request is blocked for this layer
2025-11-12 08:11:02,138 - Scraping log - scraper.py > get_service_info(): Line 308 - WARNING - BS_Liegenschaften_GrundstueckeProjektiert_Allmendparzelle: GetMap request is blocked for this layer
2025-11-12 08:11:12,152 - Scraping log - scraper.py > get_service_info(): Line 308 - WARNING - BS_Liegenschaften_GrundstueckeProjektiert_Baurecht: GetMap request is blocked for this layer
2025-11-12 08:11:22,271 - Scraping log - scraper.py > get_service_info(): Line 308 - WARNING - BS_Liegenschaften_GrundstueckeProjektiert_Unterbaurecht: GetMap request is blocked for this layer
2025-11-12 08:11:32,390 - Scraping log - scraper.py > get_service_info(): Line 308 - WARNING - Nomenklatur: GetMap request is blocked for this layer
2025-11-12 08:11:42,402 - Scraping log - scraper.py > get_service_info(): Line 308 - WARNING - BS_Nomenklatur_Flurname_Text: GetMap request is blocked for this layer
2025-11-12 08:11:52,418 - Scraping log - scraper.py > get_service_info(): Line 308 - WARNING - BS_Nomenklatur_Flurname_Flaeche: GetMap request is blocked for this layer
2025-11-12 08:12:02,435 - Scraping log - scraper.py > get_service_info(): Line 308 - WARNING - BS_Rohrleitungen_Rohrleitung: GetMap request is blocked for this layer
2025-11-12 08:12:12,453 - Scraping log - scraper.py > get_service_info(): Line 308 - WARNING - Servitute: GetMap request is blocked for this layer
2025-11-12 08:12:24,590 - Scraping log - scraper.py > get_service_info(): Line 308 - WARNING - BS_Servitute_Servitute_Servitutlinienelement: GetMap request is blocked for this layer
2025-11-12 08:12:34,606 - Scraping log - scraper.py > get_service_info(): Line 308 - WARNING - BS_Servitute_Servitute_Servitutkennzeichen: GetMap request is blocked for this layer
2025-11-12 08:12:44,715 - Scraping log - scraper.py > get_service_info(): Line 308 - WARNING - BS_Servitute_ServituteProjektiert_Servitutflaechenelement: GetMap request is blocked for this layer
2025-11-12 08:12:54,730 - Scraping log - scraper.py > get_service_info(): Line 308 - WARNING - BS_Servitute_ServituteProjektiert_Servitutlinienelement: GetMap request is blocked for this layer
2025-11-12 08:13:04,746 - Scraping log - scraper.py > get_service_info(): Line 308 - WARNING - BS_Servitute_ServituteProjektiert_Servitutkennzeichen: GetMap request is blocked for this layer
2025-11-12 08:13:14,853 - Scraping log - scraper.py > get_service_info(): Line 308 - WARNING - BS_SE_Servitut_Schlagwort: GetMap request is blocked for this layer
2025-11-12 08:13:24,871 - Scraping log - scraper.py > get_service_info(): Line 308 - WARNING - Vermessungseinteilungen: GetMap request is blocked for this layer
2025-11-12 08:13:34,988 - Scraping log - scraper.py > get_service_info(): Line 308 - WARNING - BS_Vermessungseinteilungen_Toleranzstufen_Flaeche: GetMap request is blocked for this layer
2025-11-12 08:13:45,003 - Scraping log - scraper.py > get_service_info(): Line 308 - WARNING - BS_Vermessungseinteilungen_Toleranzstufen_Text: GetMap request is blocked for this layer
2025-11-12 08:13:55,017 - Scraping log - scraper.py > get_service_info(): Line 308 - WARNING - Vermessungspunkte: GetMap request is blocked for this layer
2025-11-12 08:14:05,261 - Scraping log - scraper.py > get_service_info(): Line 311 - ERROR - BS_Vermessungspunkte_Grenzpunkte_GrenzpunktStein: HTTPSConnectionPool(host='wms.geo.bs.ch', port=443): Read timed out. (read timeout=10)
2025-11-12 08:14:15,276 - Scraping log - scraper.py > get_service_info(): Line 308 - WARNING - BS_Vermessungspunkte_Grenzpunkte_GrenzpunktKunststoffzeichen: GetMap request is blocked for this layer
2025-11-12 08:14:27,753 - Scraping log - scraper.py > get_service_info(): Line 308 - WARNING - BS_Vermessungspunkte_Grenzpunkte_Grenzpunktunversichert: GetMap request is blocked for this layer
2025-11-12 08:14:40,112 - Scraping log - scraper.py > get_service_info(): Line 308 - WARNING - BS_Vermessungspunkte_Hoheitsgrenzpunkte_HoheitsgrenzpunktUnversichert: GetMap request is blocked for this layer
2025-11-12 08:14:52,400 - Scraping log - scraper.py > get_service_info(): Line 308 - WARNING - BS_Vermessungspunkte_Hoehenfixpunkte_HFP3BolzenVertikal: GetMap request is blocked for this layer
2025-11-12 08:15:02,415 - Scraping log - scraper.py > get_service_info(): Line 308 - WARNING - BS_Vermessungspunkte_Hoehenfixpunkte_HoehenfixpunkteFilter: GetMap request is blocked for this layer
2025-11-12 08:15:19,815 - Scraping log - scraper.py > get_service_info(): Line 308 - WARNING - BS_Vermessungspunkte_Lagefixpunkte_LFP2: GetMap request is blocked for this layer
2025-11-12 08:15:29,929 - Scraping log - scraper.py > get_service_info(): Line 308 - WARNING - BS_Vermessungspunkte_Lagefixpunkte_LFP3Nebenpolygonpunkt: GetMap request is blocked for this layer
2025-11-12 08:15:40,048 - Scraping log - scraper.py > get_service_info(): Line 308 - WARNING - BS_Vermessungspunkte_Lagefixpunkte_LFP3Polygonpunkt: GetMap request is blocked for this layer
2025-11-12 08:15:50,161 - Scraping log - scraper.py > get_service_info(): Line 308 - WARNING - BS_Vermessungspunkte_Lagefixpunkte_LagefixpunkteFilter: GetMap request is blocked for this layer
2025-11-12 08:16:00,176 - Scraping log - scraper.py > get_service_info(): Line 308 - WARNING - BS_Vermessungspunkte_Lagefixpunkte_LFP3Hilfspunkte: GetMap request is blocked for this layer
2025-11-12 08:16:10,281 - Scraping log - scraper.py > get_service_info(): Line 308 - WARNING - BS_Vermessungspunkte_Servitutpunkte_ServitutPunkt: GetMap request is blocked for this layer
2025-11-12 08:16:20,303 - Scraping log - scraper.py > get_service_info(): Line 308 - WARNING - BS_Postleitzahlenkreis: GetMap request is blocked for this layer
2025-11-12 08:16:30,411 - Scraping log - scraper.py > get_service_info(): Line 308 - WARNING - BV_Baukontrolle: GetMap request is blocked for this layer
2025-11-12 08:16:40,426 - Scraping log - scraper.py > get_service_info(): Line 308 - WARNING - BW_Allmendbewilligungen_Bauinstallation: GetMap request is blocked for this layer
2025-11-12 08:16:50,540 - Scraping log - scraper.py > get_service_info(): Line 308 - WARNING - BW_Allmendbewilligungen_BoulevardVerkaufsflaeche: GetMap request is blocked for this layer
2025-11-12 08:17:00,655 - Scraping log - scraper.py > get_service_info(): Line 308 - WARNING - BW_Allmendbewilligungen_OeffentlicheBaustelle: GetMap request is blocked for this layer
2025-11-12 08:17:10,776 - Scraping log - scraper.py > get_service_info(): Line 308 - WARNING - BW_Allmendbewilligungen_Umleitung: GetMap request is blocked for this layer
2025-11-12 08:17:20,792 - Scraping log - scraper.py > get_service_info(): Line 308 - WARNING - BW_Allmendbewilligungen_Veranstaltung: GetMap request is blocked for this layer
2025-11-12 08:17:30,808 - Scraping log - scraper.py > get_service_info(): Line 308 - WARNING - BW_Allmendbewilligungen_Weitere: GetMap request is blocked for this layer
2025-11-12 08:17:46,599 - Scraping log - scraper.py > get_service_info(): Line 308 - WARNING - BW_Aufgrabungssperren_SperrungFuerZukuenftigeAufgrabung: GetMap request is blocked for this layer
2025-11-12 08:17:56,614 - Scraping log - scraper.py > get_service_info(): Line 308 - WARNING - DF_Defibrillator: GetMap request is blocked for this layer
2025-11-12 08:18:06,630 - Scraping log - scraper.py > get_service_info(): Line 308 - WARNING - DI_Denkmalinventar_Anlage: GetMap request is blocked for this layer
2025-11-12 08:18:16,646 - Scraping log - scraper.py > get_service_info(): Line 308 - WARNING - DI_Denkmalinventar_Objekt: GetMap request is blocked for this layer
2025-11-12 08:18:26,884 - Scraping log - scraper.py > get_service_info(): Line 311 - ERROR - DI_Denkmalinventar_Erarbeitet: HTTPSConnectionPool(host='wms.geo.bs.ch', port=443): Read timed out. (read timeout=10)
2025-11-12 08:18:36,901 - Scraping log - scraper.py > get_service_info(): Line 308 - WARNING - Datenmarkt - Gebäudepunkt: GetMap request is blocked for this layer
2025-11-12 08:18:48,933 - Scraping log - scraper.py > get_service_info(): Line 308 - WARNING - DM_Gebaeudeinformationen_DatenmarktGebaeudekategorie: GetMap request is blocked for this layer
2025-11-12 08:19:01,798 - Scraping log - scraper.py > get_service_info(): Line 308 - WARNING - DS_Denkmalverzeichnis_Anlage: GetMap request is blocked for this layer
2025-11-12 08:19:14,105 - Scraping log - scraper.py > get_service_info(): Line 308 - WARNING - EB_Subzonen: GetMap request is blocked for this layer
2025-11-12 08:19:24,212 - Scraping log - scraper.py > get_service_info(): Line 308 - WARNING - EB_Zone: GetMap request is blocked for this layer
2025-11-12 08:19:34,229 - Scraping log - scraper.py > get_service_info(): Line 308 - WARNING - EL_Elternberatung: GetMap request is blocked for this layer
2025-11-12 08:19:44,351 - Scraping log - scraper.py > get_service_info(): Line 308 - WARNING - EP_Energierichtplan_Fernwaerme: GetMap request is blocked for this layer
2025-11-12 08:19:54,366 - Scraping log - scraper.py > get_service_info(): Line 308 - WARNING - EP_Energierichtplan_Verbunde: GetMap request is blocked for this layer
2025-11-12 08:20:04,382 - Scraping log - scraper.py > get_service_info(): Line 308 - WARNING - EP_Energierichtplan_Oekologie: GetMap request is blocked for this layer
2025-11-12 08:20:14,488 - Scraping log - scraper.py > get_service_info(): Line 308 - WARNING - EP_Energierichtplan_Entwicklung: GetMap request is blocked for this layer
2025-11-12 08:20:25,747 - Scraping log - scraper.py > get_service_info(): Line 308 - WARNING - EP_Energierichtplan_Eignungsgebiet: GetMap request is blocked for this layer
2025-11-12 08:20:41,322 - Scraping log - scraper.py > get_service_info(): Line 311 - ERROR - EP_Energierichtplan_Machbarkeit: HTTPSConnectionPool(host='wms.geo.bs.ch', port=443): Read timed out. (read timeout=10)
2025-11-12 08:20:53,195 - Scraping log - scraper.py > get_service_info(): Line 308 - WARNING - Wiederverwendung Brauchbares: GetMap request is blocked for this layer
2025-11-12 08:21:03,211 - Scraping log - scraper.py > get_service_info(): Line 308 - WARNING - Verkauf: GetMap request is blocked for this layer
2025-11-12 08:21:13,329 - Scraping log - scraper.py > get_service_info(): Line 308 - WARNING - FE_Graeber: GetMap request is blocked for this layer
2025-11-12 08:21:23,345 - Scraping log - scraper.py > get_service_info(): Line 308 - WARNING - FE_Sektionen: GetMap request is blocked for this layer
2025-11-12 08:21:33,362 - Scraping log - scraper.py > get_service_info(): Line 308 - WARNING - FF_Fruchtfolgeflaechen: GetMap request is blocked for this layer
2025-11-12 08:21:43,379 - Scraping log - scraper.py > get_service_info(): Line 308 - WARNING - FF_Hinweisflaechen: GetMap request is blocked for this layer
2025-11-12 08:21:53,485 - Scraping log - scraper.py > get_service_info(): Line 308 - WARNING - Betriebe: GetMap request is blocked for this layer
2025-11-12 08:22:03,592 - Scraping log - scraper.py > get_service_info(): Line 308 - WARNING - GE_Eisenbahnen_Eisenbahn: GetMap request is blocked for this layer
2025-11-12 08:22:13,727 - Scraping log - scraper.py > get_service_info(): Line 311 - ERROR - GE_Nationalstrassen_Nationalstrasse: HTTPSConnectionPool(host='wms.geo.bs.ch', port=443): Read timed out. (read timeout=10)
2025-11-12 08:22:23,741 - Scraping log - scraper.py > get_service_info(): Line 308 - WARNING - GE_KantonaleStrassen_KantonaleStrasse: GetMap request is blocked for this layer
2025-11-12 08:22:36,115 - Scraping log - scraper.py > get_service_info(): Line 308 - WARNING - GF_GebietseinteilungFeuerpolizei: GetMap request is blocked for this layer
2025-11-12 08:22:48,697 - Scraping log - scraper.py > get_service_info(): Line 308 - WARNING - GL_InnenhoefeStoergrade: GetMap request is blocked for this layer
2025-11-12 08:23:01,712 - Scraping log - scraper.py > get_service_info(): Line 308 - WARNING - GN_IsohypseHoechsthochwasser: GetMap request is blocked for this layer
2025-11-12 08:23:11,728 - Scraping log - scraper.py > get_service_info(): Line 308 - WARNING - GN_GrundwasserleiterLockergestein: GetMap request is blocked for this layer
2025-11-12 08:23:21,744 - Scraping log - scraper.py > get_service_info(): Line 308 - WARNING - Untersuchungsperimeter: GetMap request is blocked for this layer
2025-11-12 08:23:31,759 - Scraping log - scraper.py > get_service_info(): Line 308 - WARNING - GO_GueteklassenOeV: GetMap request is blocked for this layer
2025-11-12 08:23:41,867 - Scraping log - scraper.py > get_service_info(): Line 308 - WARNING - GQ_Grundwasserqualitaet: GetMap request is blocked for this layer
2025-11-12 08:23:51,980 - Scraping log - scraper.py > get_service_info(): Line 308 - WARNING - GR_Grundwasserschutzzonen: GetMap request is blocked for this layer
2025-11-12 08:24:03,140 - Scraping log - scraper.py > get_service_info(): Line 308 - WARNING - GS_GewaesserraumNachUebergangsbestimmungen: GetMap request is blocked for this layer
2025-11-12 08:24:13,154 - Scraping log - scraper.py > get_service_info(): Line 308 - WARNING - GU_Gebietseinteilung: GetMap request is blocked for this layer
2025-11-12 08:24:23,170 - Scraping log - scraper.py > get_service_info(): Line 308 - WARNING - Ökomorphologisches Bezugssystem: GetMap request is blocked for this layer
2025-11-12 08:24:33,286 - Scraping log - scraper.py > get_service_info(): Line 308 - WARNING - GW_OekomorphologischesBezugssystem_OekomorphologischeKilometrierung_1000m: GetMap request is blocked for this layer
2025-11-12 08:24:44,926 - Scraping log - scraper.py > get_service_info(): Line 308 - WARNING - GW_OekomorphologischesBezugssystem_OekomorphologischeKilometrierung_50m: GetMap request is blocked for this layer
2025-11-12 08:24:54,942 - Scraping log - scraper.py > get_service_info(): Line 308 - WARNING - GW_OekomorphologischesBezugssystem_OekomorphologischeKilometrierung_StartEnd: GetMap request is blocked for this layer
2025-11-12 08:25:06,155 - Scraping log - scraper.py > get_service_info(): Line 308 - WARNING - Revitalisierung: GetMap request is blocked for this layer
2025-11-12 08:25:16,172 - Scraping log - scraper.py > get_service_info(): Line 308 - WARNING - GZ_Gewaesserachse: GetMap request is blocked for this layer
2025-11-12 08:25:27,988 - Scraping log - scraper.py > get_service_info(): Line 308 - WARNING - HB_Hochbauprojekt: GetMap request is blocked for this layer
2025-11-12 08:25:38,094 - Scraping log - scraper.py > get_service_info(): Line 308 - WARNING - HK_Haupthoehenlinien: GetMap request is blocked for this layer
2025-11-12 08:25:52,737 - Scraping log - scraper.py > get_service_info(): Line 311 - ERROR - HM_DOM_Hillshade_2021_25cm: HTTPSConnectionPool(host='wms.geo.bs.ch', port=443): Read timed out. (read timeout=10)
2025-11-12 08:26:02,752 - Scraping log - scraper.py > get_service_info(): Line 308 - WARNING - HM_DTM_Hillshade_2021_25cm: GetMap request is blocked for this layer
2025-11-12 08:26:16,526 - Scraping log - scraper.py > get_service_info(): Line 308 - WARNING - SF_Siegfriedkarte_1890: GetMap request is blocked for this layer
2025-11-12 08:26:18,465 - Scraping log - scraper.py > get_service_info(): Line 308 - WARNING - SF_Siegfriedkarte_1900: GetMap request is blocked for this layer
2025-11-12 08:26:28,480 - Scraping log - scraper.py > get_service_info(): Line 308 - WARNING - SF_Siegfriedkarte_1918: GetMap request is blocked for this layer
2025-11-12 08:26:40,370 - Scraping log - scraper.py > get_service_info(): Line 308 - WARNING - SF_Siegfriedkarte_1928: GetMap request is blocked for this layer
2025-11-12 08:26:50,483 - Scraping log - scraper.py > get_service_info(): Line 308 - WARNING - SF_Siegfriedkarte_1931: GetMap request is blocked for this layer
2025-11-12 08:27:02,763 - Scraping log - scraper.py > get_service_info(): Line 311 - ERROR - SF_Siegfriedkarte_1939: HTTPSConnectionPool(host='wms.geo.bs.ch', port=443): Read timed out. (read timeout=10)
2025-11-12 08:27:15,437 - Scraping log - scraper.py > get_service_info(): Line 308 - WARNING - Basel: GetMap request is blocked for this layer
2025-11-12 08:27:28,746 - Scraping log - scraper.py > get_service_info(): Line 308 - WARNING - HP_Uebersichtsplan_Basel_1896: GetMap request is blocked for this layer
2025-11-12 08:27:40,773 - Scraping log - scraper.py > get_service_info(): Line 308 - WARNING - HP_Uebersichtsplan_Basel_1940: GetMap request is blocked for this layer
2025-11-12 08:27:50,789 - Scraping log - scraper.py > get_service_info(): Line 308 - WARNING - HP_Uebersichtsplan_Basel_1961: GetMap request is blocked for this layer
2025-11-12 08:28:01,107 - Scraping log - scraper.py > get_service_info(): Line 308 - WARNING - HP_Situationsplan_Basel_1862: GetMap request is blocked for this layer
2025-11-12 08:28:11,123 - Scraping log - scraper.py > get_service_info(): Line 308 - WARNING - Riehen und Bettingen: GetMap request is blocked for this layer
2025-11-12 08:28:21,140 - Scraping log - scraper.py > get_service_info(): Line 308 - WARNING - Riehen: GetMap request is blocked for this layer
2025-11-12 08:28:31,248 - Scraping log - scraper.py > get_service_info(): Line 308 - WARNING - Bettingen: GetMap request is blocked for this layer
2025-11-12 08:28:41,356 - Scraping log - scraper.py > get_service_info(): Line 308 - WARNING - HP_TopographischeAufnahmen_1934: GetMap request is blocked for this layer
2025-11-12 08:28:51,373 - Scraping log - scraper.py > get_service_info(): Line 308 - WARNING - HP_Planungen_Zonenplan_1919: GetMap request is blocked for this layer
2025-11-12 08:29:01,388 - Scraping log - scraper.py > get_service_info(): Line 308 - WARNING - HP_Planungen_Zonenplan_1939: GetMap request is blocked for this layer
2025-11-12 08:29:11,715 - Scraping log - scraper.py > get_service_info(): Line 308 - WARNING - HP_Planungen_Zonenplan_1969: GetMap request is blocked for this layer
2025-11-12 08:29:22,115 - Scraping log - scraper.py > get_service_info(): Line 308 - WARNING - HP_Planungen_Zonenplan_1988: GetMap request is blocked for this layer
2025-11-12 08:29:32,624 - Scraping log - scraper.py > get_service_info(): Line 308 - WARNING - HP_Planungen_Zonenplan_2000: GetMap request is blocked for this layer
2025-11-12 08:29:42,883 - Scraping log - scraper.py > get_service_info(): Line 311 - ERROR - HP_Planungen_Zonenplan_2016: HTTPSConnectionPool(host='wms.geo.bs.ch', port=443): Read timed out. (read timeout=10)
2025-11-12 08:29:52,899 - Scraping log - scraper.py > get_service_info(): Line 308 - WARNING - HP_Bebauungsplan_2016: GetMap request is blocked for this layer
2025-11-12 08:30:05,458 - Scraping log - scraper.py > get_service_info(): Line 308 - WARNING - HS_SaisonaleLeinenpflicht: GetMap request is blocked for this layer
2025-11-12 08:30:17,634 - Scraping log - scraper.py > get_service_info(): Line 308 - WARNING - HW_Beratung: GetMap request is blocked for this layer
2025-11-12 08:30:37,074 - Scraping log - scraper.py > get_service_info(): Line 308 - WARNING - HW_Arbeit: GetMap request is blocked for this layer
2025-11-12 08:30:47,180 - Scraping log - scraper.py > get_service_info(): Line 308 - WARNING - IG_InventarGartenanlagen: GetMap request is blocked for this layer
2025-11-12 08:30:57,196 - Scraping log - scraper.py > get_service_info(): Line 308 - WARNING - KA_AmtlicheVermessungKilometereinteilung: GetMap request is blocked for this layer
2025-11-12 08:31:07,314 - Scraping log - scraper.py > get_service_info(): Line 308 - WARNING - KJ_Jugendangebot: GetMap request is blocked for this layer
2025-11-12 08:31:17,330 - Scraping log - scraper.py > get_service_info(): Line 308 - WARNING - KJ_Kinderangebot: GetMap request is blocked for this layer
2025-11-12 08:31:27,762 - Scraping log - scraper.py > get_service_info(): Line 308 - WARNING - KJ_Kinderjugendangebot: GetMap request is blocked for this layer
2025-11-12 08:31:37,778 - Scraping log - scraper.py > get_service_info(): Line 308 - WARNING - KK_KatholischerKirchenkreis: GetMap request is blocked for this layer
2025-11-12 08:31:48,175 - Scraping log - scraper.py > get_service_info(): Line 308 - WARNING - Klimaanalyse Nacht (4 Uhr): GetMap request is blocked for this layer
2025-11-12 08:31:58,515 - Scraping log - scraper.py > get_service_info(): Line 308 - WARNING - Klimaanalyse Tag (14 Uhr): GetMap request is blocked for this layer
2025-11-12 08:32:09,010 - Scraping log - scraper.py > get_service_info(): Line 308 - WARNING - KL_Arealentwicklung_2030: GetMap request is blocked for this layer
2025-11-12 08:32:19,017 - Scraping log - scraper.py > get_service_info(): Line 308 - WARNING - Klimaanalyse 2030 Nacht (4 Uhr): GetMap request is blocked for this layer
2025-11-12 08:32:29,349 - Scraping log - scraper.py > get_service_info(): Line 308 - WARNING - Klimaanalyse 2030 Tag (14 Uhr): GetMap request is blocked for this layer
2025-11-12 08:32:39,366 - Scraping log - scraper.py > get_service_info(): Line 308 - WARNING - KS_KonsultationsbereicheStoerfallvorsorge: GetMap request is blocked for this layer
2025-11-12 08:32:49,376 - Scraping log - scraper.py > get_service_info(): Line 308 - WARNING - KU_KunstImOeffentlichenRaum_Bestehend: GetMap request is blocked for this layer
2025-11-12 08:32:59,483 - Scraping log - scraper.py > get_service_info(): Line 308 - WARNING - KU_KunstImOeffentlichenRaum_BestehendMitZusatzinfo: GetMap request is blocked for this layer
2025-11-12 08:33:09,614 - Scraping log - scraper.py > get_service_info(): Line 308 - WARNING - KU_KunstImOeffentlichenRaum_Zurueckgebaut: GetMap request is blocked for this layer
2025-11-12 08:33:23,176 - Scraping log - scraper.py > get_service_info(): Line 311 - ERROR - Kunst und Bau: HTTPSConnectionPool(host='wms.geo.bs.ch', port=443): Read timed out. (read timeout=10)
2025-11-12 08:33:34,430 - Scraping log - scraper.py > get_service_info(): Line 311 - ERROR - Strassenlärm: HTTPSConnectionPool(host='wms.geo.bs.ch', port=443): Read timed out. (read timeout=10)
2025-11-12 08:33:52,385 - Scraping log - scraper.py > get_service_info(): Line 308 - WARNING - LN_Fernbushaltestelle: GetMap request is blocked for this layer
2025-11-12 08:34:04,740 - Scraping log - scraper.py > get_service_info(): Line 308 - WARNING - Zugang mit Elektro-Rollstühlen: GetMap request is blocked for this layer
2025-11-12 08:34:17,494 - Scraping log - scraper.py > get_service_info(): Line 308 - WARNING - LP_LESP_Basel_LS_Rekurs: GetMap request is blocked for this layer
2025-11-12 08:34:27,509 - Scraping log - scraper.py > get_service_info(): Line 308 - WARNING - LP_LESP_Basel_LN: GetMap request is blocked for this layer
2025-11-12 08:34:37,618 - Scraping log - scraper.py > get_service_info(): Line 308 - WARNING - Lärmempfindlichkeitsstufenplan Riehen: GetMap request is blocked for this layer
2025-11-12 08:34:47,633 - Scraping log - scraper.py > get_service_info(): Line 308 - WARNING - Lärmempfindlichkeitsstufenplan Bettingen: GetMap request is blocked for this layer
2025-11-12 08:34:57,650 - Scraping log - scraper.py > get_service_info(): Line 308 - WARNING - MF_MobilUndRundfunkantenne: GetMap request is blocked for this layer
2025-11-12 08:35:07,666 - Scraping log - scraper.py > get_service_info(): Line 308 - WARNING - MF_Strahlungsperimeter: GetMap request is blocked for this layer
2025-11-12 08:35:17,682 - Scraping log - scraper.py > get_service_info(): Line 308 - WARNING - MN_KantonsstrassenRiehenBettingen: GetMap request is blocked for this layer
2025-11-12 08:35:27,698 - Scraping log - scraper.py > get_service_info(): Line 308 - WARNING - MN_Durchgangsstrassen: GetMap request is blocked for this layer
2025-11-12 08:35:37,806 - Scraping log - scraper.py > get_service_info(): Line 308 - WARNING - Strassentypen (nach VSS) und Wege: GetMap request is blocked for this layer
2025-11-12 08:35:48,319 - Scraping log - scraper.py > get_service_info(): Line 308 - WARNING - MZ_Makrozoobenthos: GetMap request is blocked for this layer
2025-11-12 08:35:58,741 - Scraping log - scraper.py > get_service_info(): Line 308 - WARNING - Zonenplan Bettingen: GetMap request is blocked for this layer
2025-11-12 08:36:10,070 - Scraping log - scraper.py > get_service_info(): Line 308 - WARNING - NB_Nutzungsplanung_Orientierend_Wald: GetMap request is blocked for this layer
2025-11-12 08:36:20,086 - Scraping log - scraper.py > get_service_info(): Line 308 - WARNING - NB_Nutzungsplanung_Rekurs_Punkt: GetMap request is blocked for this layer
2025-11-12 08:36:32,541 - Scraping log - scraper.py > get_service_info(): Line 308 - WARNING - NB_Nutzungsplanung_Rekurs_Polygon_Grundnutzung: GetMap request is blocked for this layer
2025-11-12 08:36:44,192 - Scraping log - scraper.py > get_service_info(): Line 308 - WARNING - Zonenplan Basel: GetMap request is blocked for this layer
2025-11-12 08:36:54,427 - Scraping log - scraper.py > get_service_info(): Line 311 - ERROR - NP_Nutzungsplanung_Grundnutzung_Z2A: HTTPSConnectionPool(host='wms.geo.bs.ch', port=443): Read timed out. (read timeout=10)
2025-11-12 08:37:14,950 - Scraping log - scraper.py > get_service_info(): Line 308 - WARNING - NP_Nutzungsplanung_Grundnutzung_GR: GetMap request is blocked for this layer
2025-11-12 08:37:28,225 - Scraping log - scraper.py > get_service_info(): Line 308 - WARNING - NP_Nutzungsplanung_Grundnutzung_SO: GetMap request is blocked for this layer
2025-11-12 08:37:38,241 - Scraping log - scraper.py > get_service_info(): Line 308 - WARNING - NP_Nutzungsplanung_Grundnutzung_SU: GetMap request is blocked for this layer
2025-11-12 08:37:48,257 - Scraping log - scraper.py > get_service_info(): Line 308 - WARNING - NP_Nutzungsplanung_Grundnutzung_NOI: GetMap request is blocked for this layer
2025-11-12 08:37:58,273 - Scraping log - scraper.py > get_service_info(): Line 308 - WARNING - NP_Nutzungsplanung_Grundnutzung_Label: GetMap request is blocked for this layer
2025-11-12 08:38:08,384 - Scraping log - scraper.py > get_service_info(): Line 308 - WARNING - NP_Nutzungsplanung_OrientierenderPlaninhalt_WL: GetMap request is blocked for this layer
2025-11-12 08:38:18,401 - Scraping log - scraper.py > get_service_info(): Line 308 - WARNING - NP_Nutzungsplanung_OrientierenderPlaninhalt_AB: GetMap request is blocked for this layer
2025-11-12 08:38:28,416 - Scraping log - scraper.py > get_service_info(): Line 308 - WARNING - NP_Nutzungsplanung_OrientierenderPlaninhalt_Label: GetMap request is blocked for this layer
2025-11-12 08:38:38,433 - Scraping log - scraper.py > get_service_info(): Line 308 - WARNING - NP_Nutzungsplanung_Linien_Landschaftsrichtplan: GetMap request is blocked for this layer
2025-11-12 08:38:48,449 - Scraping log - scraper.py > get_service_info(): Line 308 - WARNING - NP_Nutzungsplanung_Ueberlagernd_Baumbestand: GetMap request is blocked for this layer
2025-11-12 08:38:58,557 - Scraping log - scraper.py > get_service_info(): Line 308 - WARNING - NP_Nutzungsplanung_Ueberlagernd_Landschaftsschutzzone: GetMap request is blocked for this layer
2025-11-12 08:39:08,667 - Scraping log - scraper.py > get_service_info(): Line 308 - WARNING - NP_Nutzungsplanung_Ueberlagernd_Naturschutzzone: GetMap request is blocked for this layer
2025-11-12 08:39:18,683 - Scraping log - scraper.py > get_service_info(): Line 308 - WARNING - NP_Nutzungsplanung_Ueberlagernd_Naturschonzone: GetMap request is blocked for this layer
2025-11-12 08:39:28,795 - Scraping log - scraper.py > get_service_info(): Line 308 - WARNING - NP_Nutzungsplanung_Ueberlagernd_Industrieerleichterung: GetMap request is blocked for this layer
2025-11-12 08:39:38,903 - Scraping log - scraper.py > get_service_info(): Line 308 - WARNING - NP_Nutzungsplanung_Linien_Siedlungsgrenze: GetMap request is blocked for this layer
2025-11-12 08:39:52,278 - Scraping log - scraper.py > get_service_info(): Line 308 - WARNING - NP_Nutzungsplanung_Ueberlagernd_Label: GetMap request is blocked for this layer
2025-11-12 08:40:05,778 - Scraping log - scraper.py > get_service_info(): Line 308 - WARNING - NP_Nutzungsplanung_Rekurs_Linie: GetMap request is blocked for this layer
2025-11-12 08:40:21,480 - Scraping log - scraper.py > get_service_info(): Line 311 - ERROR - RN_Nutzungsplanung_Grundnutzung_Z2A: HTTPSConnectionPool(host='wms.geo.bs.ch', port=443): Read timed out. (read timeout=10)
2025-11-12 08:40:31,595 - Scraping log - scraper.py > get_service_info(): Line 308 - WARNING - RN_Nutzungsplanung_Grundnutzung_Z2: GetMap request is blocked for this layer
2025-11-12 08:40:43,634 - Scraping log - scraper.py > get_service_info(): Line 308 - WARNING - RN_Nutzungsplanung_Grundnutzung_Z3: GetMap request is blocked for this layer
2025-11-12 08:40:55,895 - Scraping log - scraper.py > get_service_info(): Line 308 - WARNING - RN_Nutzungsplanung_Grundnutzung_AZ3: GetMap request is blocked for this layer
2025-11-12 08:41:08,875 - Scraping log - scraper.py > get_service_info(): Line 308 - WARNING - RN_Nutzungsplanung_Grundnutzung_GA: GetMap request is blocked for this layer
2025-11-12 08:41:18,890 - Scraping log - scraper.py > get_service_info(): Line 308 - WARNING - RN_Nutzungsplanung_Grundnutzung_LZ: GetMap request is blocked for this layer
2025-11-12 08:41:28,905 - Scraping log - scraper.py > get_service_info(): Line 308 - WARNING - RN_Nutzungsplanung_Grundnutzung_SO: GetMap request is blocked for this layer
2025-11-12 08:41:38,919 - Scraping log - scraper.py > get_service_info(): Line 308 - WARNING - RN_Nutzungsplanung_Grundnutzung_SU: GetMap request is blocked for this layer
2025-11-12 08:41:49,035 - Scraping log - scraper.py > get_service_info(): Line 308 - WARNING - RN_Nutzungsplanung_Grundnutzung_NOI: GetMap request is blocked for this layer
2025-11-12 08:41:59,148 - Scraping log - scraper.py > get_service_info(): Line 308 - WARNING - RN_Nutzungsplanung_Grundnutzung_FZG: GetMap request is blocked for this layer
2025-11-12 08:42:09,164 - Scraping log - scraper.py > get_service_info(): Line 308 - WARNING - RN_Nutzungsplanung_Grundnutzung_NOI_Zweckbestimmung: GetMap request is blocked for this layer
2025-11-12 08:42:19,177 - Scraping log - scraper.py > get_service_info(): Line 308 - WARNING - RN_Nutzungsplanung_Grundnutzung_Label: GetMap request is blocked for this layer
2025-11-12 08:42:29,293 - Scraping log - scraper.py > get_service_info(): Line 308 - WARNING - RN_Nutzungsplanung_OrientierenderPlaninhalt_TeileBundesinventare: GetMap request is blocked for this layer
2025-11-12 08:42:39,399 - Scraping log - scraper.py > get_service_info(): Line 308 - WARNING - RN_Nutzungsplanung_OrientierenderPlaninhalt_WL: GetMap request is blocked for this layer
2025-11-12 08:42:49,414 - Scraping log - scraper.py > get_service_info(): Line 308 - WARNING - RN_Nutzungsplanung_OrientierenderPlaninhalt_AB: GetMap request is blocked for this layer
2025-11-12 08:42:59,442 - Scraping log - scraper.py > get_service_info(): Line 308 - WARNING - RN_Nutzungsplanung_OrientierenderPlaninhalt_Label: GetMap request is blocked for this layer
2025-11-12 08:43:09,561 - Scraping log - scraper.py > get_service_info(): Line 308 - WARNING - RN_Nutzungsplanung_Ueberlagernd_Landschaftsschutzzone: GetMap request is blocked for this layer
2025-11-12 08:43:21,057 - Scraping log - scraper.py > get_service_info(): Line 308 - WARNING - RN_Nutzungsplanung_Ueberlagernd_Z2R_ohneBZ: GetMap request is blocked for this layer
2025-11-12 08:43:33,656 - Scraping log - scraper.py > get_service_info(): Line 311 - ERROR - RN_Nutzungsplanung_Ueberlagernd_Baumbestand: HTTPSConnectionPool(host='wms.geo.bs.ch', port=443): Read timed out. (read timeout=10)
2025-11-12 08:43:44,849 - Scraping log - scraper.py > get_service_info(): Line 308 - WARNING - RN_Nutzungsplanung_Linien_Siedlungsgrenze: GetMap request is blocked for this layer
2025-11-12 08:43:54,867 - Scraping log - scraper.py > get_service_info(): Line 308 - WARNING - RN_Nutzungsplanung_Linien_Aussichtsschutz: GetMap request is blocked for this layer
2025-11-12 08:44:07,515 - Scraping log - scraper.py > get_service_info(): Line 308 - WARNING - RN_Nutzungsplanung_Rekurs_Linie: GetMap request is blocked for this layer
2025-11-12 08:44:17,528 - Scraping log - scraper.py > get_service_info(): Line 308 - WARNING - RN_Nutzungsplanung_Rekurs_Flaeche: GetMap request is blocked for this layer
2025-11-12 08:44:27,839 - Scraping log - scraper.py > get_service_info(): Line 308 - WARNING - Bebauungspläne Bettingen: GetMap request is blocked for this layer
2025-11-12 08:44:37,855 - Scraping log - scraper.py > get_service_info(): Line 308 - WARNING - Bebauungspläne Basel: GetMap request is blocked for this layer
2025-11-12 08:44:47,872 - Scraping log - scraper.py > get_service_info(): Line 308 - WARNING - NP_Bebauungsplan_Bebauungsplan_fill: GetMap request is blocked for this layer
2025-11-12 08:44:57,979 - Scraping log - scraper.py > get_service_info(): Line 308 - WARNING - NP_Bebauungsplan_Bebauungsplan_outline: GetMap request is blocked for this layer
2025-11-12 08:45:07,995 - Scraping log - scraper.py > get_service_info(): Line 308 - WARNING - Bebauungspläne Riehen: GetMap request is blocked for this layer
2025-11-12 08:45:18,105 - Scraping log - scraper.py > get_service_info(): Line 308 - WARNING - Gefahrenkarten: GetMap request is blocked for this layer
2025-11-12 08:45:28,221 - Scraping log - scraper.py > get_service_info(): Line 308 - WARNING - Intensitätskarten: GetMap request is blocked for this layer
2025-11-12 08:45:38,237 - Scraping log - scraper.py > get_service_info(): Line 308 - WARNING - Erhebungsgebiete: GetMap request is blocked for this layer
2025-11-12 08:45:48,248 - Scraping log - scraper.py > get_service_info(): Line 308 - WARNING - NJ_InventarGeschuetzterNaturobjekte: GetMap request is blocked for this layer
2025-11-12 08:45:58,262 - Scraping log - scraper.py > get_service_info(): Line 308 - WARNING - Stand 2025: GetMap request is blocked for this layer
2025-11-12 08:46:08,371 - Scraping log - scraper.py > get_service_info(): Line 308 - WARNING - NI_2025_TaxonobjekteGruppen_Tagfalter: GetMap request is blocked for this layer
2025-11-12 08:46:18,486 - Scraping log - scraper.py > get_service_info(): Line 308 - WARNING - NI_2025_TaxonobjekteGruppen_Reptilien: GetMap request is blocked for this layer
2025-11-12 08:46:28,500 - Scraping log - scraper.py > get_service_info(): Line 308 - WARNING - NI_2025_TaxonobjekteGruppen_Mollusken: GetMap request is blocked for this layer
2025-11-12 08:46:39,779 - Scraping log - scraper.py > get_service_info(): Line 308 - WARNING - NI_2025_TaxonobjekteGruppen_Heuschrecken: GetMap request is blocked for this layer
2025-11-12 08:46:58,664 - Scraping log - scraper.py > get_service_info(): Line 311 - ERROR - NI_2025_TaxonobjekteGruppen_Flechten: HTTPSConnectionPool(host='wms.geo.bs.ch', port=443): Read timed out. (read timeout=10)
2025-11-12 08:47:08,682 - Scraping log - scraper.py > get_service_info(): Line 308 - WARNING - NI_2025_TaxonobjekteGruppen_Amphibien: GetMap request is blocked for this layer
2025-11-12 08:47:21,266 - Scraping log - scraper.py > get_service_info(): Line 308 - WARNING - NK_2019_BeschriftungVerbreitung2019_AnzahlArten: GetMap request is blocked for this layer
2025-11-12 08:47:31,373 - Scraping log - scraper.py > get_service_info(): Line 308 - WARNING - NK_2019_BeschriftungVerbreitung2019_VorkommendeArten: GetMap request is blocked for this layer
2025-11-12 08:47:41,703 - Scraping log - scraper.py > get_service_info(): Line 308 - WARNING - NK_2019_Verbreitung_fill: GetMap request is blocked for this layer
2025-11-12 08:47:51,720 - Scraping log - scraper.py > get_service_info(): Line 308 - WARNING - NK_2019_Verbreitung_outline: GetMap request is blocked for this layer
2025-11-12 08:48:01,829 - Scraping log - scraper.py > get_service_info(): Line 308 - WARNING - NK_2019_Arten_ArmenischeGartenbrombeere: GetMap request is blocked for this layer
2025-11-12 08:48:11,848 - Scraping log - scraper.py > get_service_info(): Line 308 - WARNING - NK_2019_Arten_AufrechtesTraubenkraut: GetMap request is blocked for this layer
2025-11-12 08:48:21,863 - Scraping log - scraper.py > get_service_info(): Line 308 - WARNING - NK_2019_Arten_Blauglockenbaum: GetMap request is blocked for this layer
2025-11-12 08:48:31,971 - Scraping log - scraper.py > get_service_info(): Line 308 - WARNING - NK_2019_Arten_DruesigesSpringkraut: GetMap request is blocked for this layer
2025-11-12 08:48:41,988 - Scraping log - scraper.py > get_service_info(): Line 308 - WARNING - NK_2019_Arten_EinjaehrigesBerufskraut: GetMap request is blocked for this layer
2025-11-12 08:48:52,107 - Scraping log - scraper.py > get_service_info(): Line 308 - WARNING - NK_2019_Arten_Essigbaum: GetMap request is blocked for this layer
2025-11-12 08:49:02,123 - Scraping log - scraper.py > get_service_info(): Line 308 - WARNING - NK_2019_Arten_Goetterbaum: GetMap request is blocked for this layer
2025-11-12 08:49:12,138 - Scraping log - scraper.py > get_service_info(): Line 308 - WARNING - NK_2019_Arten_JapanischerStaudenknoeterich: GetMap request is blocked for this layer
2025-11-12 08:49:22,154 - Scraping log - scraper.py > get_service_info(): Line 308 - WARNING - NK_2019_Arten_KanadischeGoldrute: GetMap request is blocked for this layer
2025-11-12 08:49:32,169 - Scraping log - scraper.py > get_service_info(): Line 308 - WARNING - NK_2019_Arten_KanadischesBerufskraut: GetMap request is blocked for this layer
2025-11-12 08:49:42,286 - Scraping log - scraper.py > get_service_info(): Line 308 - WARNING - NK_2019_Arten_Kirschlorbeer: GetMap request is blocked for this layer
2025-11-12 08:49:53,738 - Scraping log - scraper.py > get_service_info(): Line 308 - WARNING - NK_2019_Arten_RiesenBaerenklau: GetMap request is blocked for this layer
2025-11-12 08:50:06,248 - Scraping log - scraper.py > get_service_info(): Line 308 - WARNING - NK_2019_Arten_SchmalblaettrigesGreiskraut: GetMap request is blocked for this layer
2025-11-12 08:50:16,264 - Scraping log - scraper.py > get_service_info(): Line 308 - WARNING - NK_2019_Arten_Sommerflieder: GetMap request is blocked for this layer
2025-11-12 08:50:31,502 - Scraping log - scraper.py > get_service_info(): Line 308 - WARNING - NK_2013_BeschriftungVerbreitung2013_AnzahlArten: GetMap request is blocked for this layer
2025-11-12 08:50:41,641 - Scraping log - scraper.py > get_service_info(): Line 311 - ERROR - NK_2013_BeschriftungVerbreitung2013_VorkommendeArten: HTTPSConnectionPool(host='wms.geo.bs.ch', port=443): Read timed out. (read timeout=10)
2025-11-12 08:50:51,656 - Scraping log - scraper.py > get_service_info(): Line 308 - WARNING - NK_2013_Verbreitung_fill: GetMap request is blocked for this layer
2025-11-12 08:51:03,699 - Scraping log - scraper.py > get_service_info(): Line 308 - WARNING - NK_2013_Arten_ArmenischeGartenbrombeere: GetMap request is blocked for this layer
2025-11-12 08:51:16,023 - Scraping log - scraper.py > get_service_info(): Line 308 - WARNING - NK_2013_Arten_Essigbaum: GetMap request is blocked for this layer
2025-11-12 08:51:28,909 - Scraping log - scraper.py > get_service_info(): Line 308 - WARNING - NK_2013_Arten_KanadischeGoldrute: GetMap request is blocked for this layer
2025-11-12 08:51:39,017 - Scraping log - scraper.py > get_service_info(): Line 308 - WARNING - NK_2013_Arten_RiesenBaerenklau: GetMap request is blocked for this layer
2025-11-12 08:51:49,038 - Scraping log - scraper.py > get_service_info(): Line 308 - WARNING - NK_2013_Arten_SchmalblaettrigesGreiskraut: GetMap request is blocked for this layer
2025-11-12 08:51:59,054 - Scraping log - scraper.py > get_service_info(): Line 308 - WARNING - NK_2013_Arten_SeidigerHartrigel: GetMap request is blocked for this layer
2025-11-12 08:52:09,169 - Scraping log - scraper.py > get_service_info(): Line 308 - WARNING - NK_2013_Arten_Sommerflieder: GetMap request is blocked for this layer
2025-11-12 08:52:19,285 - Scraping log - scraper.py > get_service_info(): Line 308 - WARNING - NK_2013_Arten_SpaetbluehendeGoldrute: GetMap request is blocked for this layer
2025-11-12 08:52:29,301 - Scraping log - scraper.py > get_service_info(): Line 308 - WARNING - 2009: GetMap request is blocked for this layer
2025-11-12 08:52:39,318 - Scraping log - scraper.py > get_service_info(): Line 308 - WARNING - NK_2009_BeschriftungVerbreitung2009_AnzahlArten: GetMap request is blocked for this layer
2025-11-12 08:52:49,333 - Scraping log - scraper.py > get_service_info(): Line 308 - WARNING - NK_2009_BeschriftungVerbreitung2009_VorkommendeArten: GetMap request is blocked for this layer
2025-11-12 08:52:59,448 - Scraping log - scraper.py > get_service_info(): Line 308 - WARNING - NK_2009_Verbreitung_fill: GetMap request is blocked for this layer
2025-11-12 08:53:09,686 - Scraping log - scraper.py > get_service_info(): Line 311 - ERROR - NK_2009_Verbreitung_outline: HTTPSConnectionPool(host='wms.geo.bs.ch', port=443): Read timed out. (read timeout=10)
2025-11-12 08:53:19,800 - Scraping log - scraper.py > get_service_info(): Line 308 - WARNING - NK_2009_Arten_ArmenischeGartenbrombeere: GetMap request is blocked for this layer
2025-11-12 08:53:32,142 - Scraping log - scraper.py > get_service_info(): Line 308 - WARNING - NK_2009_Arten_JapanischerStaudenknoeterich: GetMap request is blocked for this layer
2025-11-12 08:53:44,723 - Scraping log - scraper.py > get_service_info(): Line 308 - WARNING - NK_2009_Arten_SchmalblaettrigesGreiskraut: GetMap request is blocked for this layer
2025-11-12 08:53:57,299 - Scraping log - scraper.py > get_service_info(): Line 308 - WARNING - 2006: GetMap request is blocked for this layer
2025-11-12 08:54:07,407 - Scraping log - scraper.py > get_service_info(): Line 308 - WARNING - NK_2006_BeschriftungVerbreitung2006_AnzahlArten: GetMap request is blocked for this layer
2025-11-12 08:54:17,518 - Scraping log - scraper.py > get_service_info(): Line 308 - WARNING - NK_2006_BeschriftungVerbreitung2006_VorkommendeArten: GetMap request is blocked for this layer
2025-11-12 08:54:27,536 - Scraping log - scraper.py > get_service_info(): Line 308 - WARNING - NK_2006_Verbreitung_fill: GetMap request is blocked for this layer
2025-11-12 08:54:37,670 - Scraping log - scraper.py > get_service_info(): Line 311 - ERROR - NK_2006_Verbreitung_outline: HTTPSConnectionPool(host='wms.geo.bs.ch', port=443): Read timed out. (read timeout=10)
2025-11-12 08:54:47,684 - Scraping log - scraper.py > get_service_info(): Line 308 - WARNING - NK_2006_Arten_ArmenischeGartenbrombeere: GetMap request is blocked for this layer
2025-11-12 08:54:57,800 - Scraping log - scraper.py > get_service_info(): Line 308 - WARNING - NK_2006_Arten_DruesigesSpringkraut: GetMap request is blocked for this layer
2025-11-12 08:55:07,814 - Scraping log - scraper.py > get_service_info(): Line 308 - WARNING - NK_2006_Arten_Goetterbaum: GetMap request is blocked for this layer
2025-11-12 08:55:17,831 - Scraping log - scraper.py > get_service_info(): Line 308 - WARNING - NK_2006_Arten_JapanischerStaudenknoeterich: GetMap request is blocked for this layer
2025-11-12 08:55:27,848 - Scraping log - scraper.py > get_service_info(): Line 308 - WARNING - NK_2006_Arten_KanadischeGoldrute: GetMap request is blocked for this layer
2025-11-12 08:55:37,864 - Scraping log - scraper.py > get_service_info(): Line 308 - WARNING - NK_2006_Arten_SchmalblaettrigesGreiskraut: GetMap request is blocked for this layer
2025-11-12 08:55:47,878 - Scraping log - scraper.py > get_service_info(): Line 308 - WARNING - NK_2006_Arten_Sommerflieder: GetMap request is blocked for this layer
2025-11-12 08:55:57,889 - Scraping log - scraper.py > get_service_info(): Line 308 - WARNING - NK_2006_Arten_SpaetbluehendeGoldrute: GetMap request is blocked for this layer
2025-11-12 08:56:07,904 - Scraping log - scraper.py > get_service_info(): Line 308 - WARNING - NR_Gewaesser_Gewaesser: GetMap request is blocked for this layer
2025-11-12 08:56:18,019 - Scraping log - scraper.py > get_service_info(): Line 308 - WARNING - NR_Gewaesser_Nummer: GetMap request is blocked for this layer
2025-11-12 08:56:28,133 - Scraping log - scraper.py > get_service_info(): Line 308 - WARNING - Wälder: GetMap request is blocked for this layer
2025-11-12 08:56:38,149 - Scraping log - scraper.py > get_service_info(): Line 308 - WARNING - Wiesen und Weiden: GetMap request is blocked for this layer
2025-11-12 08:57:04,257 - Scraping log - scraper.py > get_service_info(): Line 308 - WARNING - geologische und kulturhistorische Objekte: GetMap request is blocked for this layer
2025-11-12 08:57:15,555 - Scraping log - scraper.py > get_service_info(): Line 311 - ERROR - Freizeit- und Kleingärten: HTTPSConnectionPool(host='wms.geo.bs.ch', port=443): Read timed out. (read timeout=10)
2025-11-12 08:57:26,600 - Scraping log - scraper.py > get_service_info(): Line 308 - WARNING - Artvorkommen aus dem Naturinventar Basel-Stadt: GetMap request is blocked for this layer
2025-11-12 08:57:36,709 - Scraping log - scraper.py > get_service_info(): Line 308 - WARNING - NT_Baulinien_Nationalstrassen: GetMap request is blocked for this layer
2025-11-12 08:57:46,723 - Scraping log - scraper.py > get_service_info(): Line 308 - WARNING - NT_Baubeschraenkungsflaeche_Nationalstrassen: GetMap request is blocked for this layer
2025-11-12 08:57:56,741 - Scraping log - scraper.py > get_service_info(): Line 308 - WARNING - OF_OrthofotoAktuell: GetMap request is blocked for this layer
2025-11-12 08:58:06,958 - Scraping log - scraper.py > get_service_info(): Line 308 - WARNING - OF_Orthofoto1926: GetMap request is blocked for this layer
2025-11-12 08:58:16,975 - Scraping log - scraper.py > get_service_info(): Line 308 - WARNING - OF_Orthofoto1933: GetMap request is blocked for this layer
2025-11-12 08:58:26,991 - Scraping log - scraper.py > get_service_info(): Line 308 - WARNING - OF_Orthofoto1979August: GetMap request is blocked for this layer
2025-11-12 08:58:37,106 - Scraping log - scraper.py > get_service_info(): Line 308 - WARNING - OF_Orthofoto1985Juli: GetMap request is blocked for this layer
2025-11-12 08:58:47,218 - Scraping log - scraper.py > get_service_info(): Line 308 - WARNING - OF_Orthofoto1990Maerz: GetMap request is blocked for this layer
2025-11-12 08:58:57,233 - Scraping log - scraper.py > get_service_info(): Line 308 - WARNING - OF_Orthofoto1995Maerz: GetMap request is blocked for this layer
2025-11-12 08:59:07,344 - Scraping log - scraper.py > get_service_info(): Line 308 - WARNING - OF_Orthofoto1999Maerz: GetMap request is blocked for this layer
2025-11-12 08:59:18,975 - Scraping log - scraper.py > get_service_info(): Line 308 - WARNING - OF_Orthofoto2002Maerz: GetMap request is blocked for this layer
2025-11-12 08:59:30,836 - Scraping log - scraper.py > get_service_info(): Line 308 - WARNING - OF_Orthofoto2008April: GetMap request is blocked for this layer
2025-11-12 08:59:42,497 - Scraping log - scraper.py > get_service_info(): Line 308 - WARNING - OF_Orthofoto2012Maerz: GetMap request is blocked for this layer
2025-11-12 08:59:53,019 - Scraping log - scraper.py > get_service_info(): Line 308 - WARNING - OF_Orthofoto2012Juli: GetMap request is blocked for this layer
2025-11-12 09:00:03,125 - Scraping log - scraper.py > get_service_info(): Line 308 - WARNING - OF_Orthofoto2015April: GetMap request is blocked for this layer
2025-11-12 09:00:13,244 - Scraping log - scraper.py > get_service_info(): Line 308 - WARNING - OF_Orthofoto2017Maerz: GetMap request is blocked for this layer
2025-11-12 09:00:23,376 - Scraping log - scraper.py > get_service_info(): Line 311 - ERROR - OF_TrueOrthofoto2017Maerz: HTTPSConnectionPool(host='wms.geo.bs.ch', port=443): Read timed out. (read timeout=10)
2025-11-12 09:00:33,390 - Scraping log - scraper.py > get_service_info(): Line 308 - WARNING - OF_TrueOrthofoto2020Maerz: GetMap request is blocked for this layer
2025-11-12 09:00:43,525 - Scraping log - scraper.py > get_service_info(): Line 311 - ERROR - OF_Orthofoto2020Maerz: HTTPSConnectionPool(host='wms.geo.bs.ch', port=443): Read timed out. (read timeout=10)
2025-11-12 09:00:53,538 - Scraping log - scraper.py > get_service_info(): Line 308 - WARNING - OF_TrueOrthofoto2023Mai: GetMap request is blocked for this layer
2025-11-12 09:01:07,224 - Scraping log - scraper.py > get_service_info(): Line 308 - WARNING - OG_SelbstaendigesDauerndesBauUnterbaurecht: GetMap request is blocked for this layer
2025-11-12 09:01:19,765 - Scraping log - scraper.py > get_service_info(): Line 308 - WARNING - OW_SportBewegung: GetMap request is blocked for this layer
2025-11-12 09:01:31,745 - Scraping log - scraper.py > get_service_info(): Line 308 - WARNING - PA_Parkhaus: GetMap request is blocked for this layer
2025-11-12 09:01:41,763 - Scraping log - scraper.py > get_service_info(): Line 308 - WARNING - PA_Ladestation: GetMap request is blocked for this layer
2025-11-12 09:01:51,872 - Scraping log - scraper.py > get_service_info(): Line 308 - WARNING - PA_PRAnlage: GetMap request is blocked for this layer
2025-11-12 09:02:01,893 - Scraping log - scraper.py > get_service_info(): Line 308 - WARNING - PA_RBAbstellplatz: GetMap request is blocked for this layer
2025-11-12 09:02:11,910 - Scraping log - scraper.py > get_service_info(): Line 308 - WARNING - PA_RBHalteort: GetMap request is blocked for this layer
2025-11-12 09:02:22,050 - Scraping log - scraper.py > get_service_info(): Line 308 - WARNING - PA_Taxi: GetMap request is blocked for this layer
2025-11-12 09:02:32,074 - Scraping log - scraper.py > get_service_info(): Line 308 - WARNING - PA_Wohnmobil: GetMap request is blocked for this layer
2025-11-12 09:02:42,090 - Scraping log - scraper.py > get_service_info(): Line 308 - WARNING - XP_Parkhausauslastung: GetMap request is blocked for this layer
2025-11-12 09:02:52,231 - Scraping log - scraper.py > get_service_info(): Line 311 - ERROR - PM_Schallpegelmessungen: HTTPSConnectionPool(host='wms.geo.bs.ch', port=443): Read timed out. (read timeout=10)
2025-11-12 09:03:02,637 - Scraping log - scraper.py > get_service_info(): Line 308 - WARNING - PP_PolizeilichePraevention_GebietseinteilungPolizeilichePraevention_Kriminal: GetMap request is blocked for this layer
2025-11-12 09:03:15,270 - Scraping log - scraper.py > get_service_info(): Line 308 - WARNING - PW_PolitischerWahlkreis: GetMap request is blocked for this layer
2025-11-12 09:03:27,404 - Scraping log - scraper.py > get_service_info(): Line 308 - WARNING - PZ_Planungszone_Basel: GetMap request is blocked for this layer
2025-11-12 09:03:39,677 - Scraping log - scraper.py > get_service_info(): Line 308 - WARNING - RP_Grundkarte: GetMap request is blocked for this layer
2025-11-12 09:03:51,387 - Scraping log - scraper.py > get_service_info(): Line 308 - WARNING - RP_Ausgangslage_Siedlung_Siedlungsgebiet_Abfrage: GetMap request is blocked for this layer
2025-11-12 09:04:01,531 - Scraping log - scraper.py > get_service_info(): Line 308 - WARNING - RP_Ausgangslage_Siedlung_Siedlungsgebiet_Flaeche: GetMap request is blocked for this layer
2025-11-12 09:04:11,547 - Scraping log - scraper.py > get_service_info(): Line 308 - WARNING - RP_Ausgangslage_Siedlung_Landesgrenze_Abfrage: GetMap request is blocked for this layer
2025-11-12 09:04:29,008 - Scraping log - scraper.py > get_service_info(): Line 308 - WARNING - RP_Ausgangslage_Siedlung_Kantonsgrenze_Abfrage: GetMap request is blocked for this layer
2025-11-12 09:04:39,114 - Scraping log - scraper.py > get_service_info(): Line 308 - WARNING - RP_Ausgangslage_Siedlung_Kantonsgrenze_Linie: GetMap request is blocked for this layer
2025-11-12 09:04:49,129 - Scraping log - scraper.py > get_service_info(): Line 308 - WARNING - RP_Ausgangslage_Siedlung_Gemeindegrenze_Abfrage: GetMap request is blocked for this layer
2025-11-12 09:04:59,136 - Scraping log - scraper.py > get_service_info(): Line 308 - WARNING - RP_Ausgangslage_Siedlung_Gemeindegrenze_Linie: GetMap request is blocked for this layer
2025-11-12 09:05:09,149 - Scraping log - scraper.py > get_service_info(): Line 308 - WARNING - RP_Ausgangslage_Siedlung_Naturgefahr_Abfrage: GetMap request is blocked for this layer
2025-11-12 09:05:19,164 - Scraping log - scraper.py > get_service_info(): Line 308 - WARNING - RP_Ausgangslage_Siedlung_Naturgefahr_Linie: GetMap request is blocked for this layer
2025-11-12 09:05:29,178 - Scraping log - scraper.py > get_service_info(): Line 308 - WARNING - RP_Ausgangslage_Siedlung_GebietUmBahnhof_Abfrage: GetMap request is blocked for this layer
2025-11-12 09:05:39,188 - Scraping log - scraper.py > get_service_info(): Line 308 - WARNING - RP_Ausgangslage_Siedlung_GebietUmBahnhof_Punkt: GetMap request is blocked for this layer
2025-11-12 09:05:49,203 - Scraping log - scraper.py > get_service_info(): Line 308 - WARNING - RP_Ausgangslage_Siedlung_VerkehrsintensiveEinrichtung_Abfrage: GetMap request is blocked for this layer
2025-11-12 09:05:59,612 - Scraping log - scraper.py > get_service_info(): Line 308 - WARNING - RP_Ausgangslage_Siedlung_VerkehrsintensiveEinrichtung_Punkt: GetMap request is blocked for this layer
2025-11-12 09:06:09,834 - Scraping log - scraper.py > get_service_info(): Line 308 - WARNING - RP_Ausgangslage_Siedlung_FreizeitUndSportgebiet_Abfrage: GetMap request is blocked for this layer
2025-11-12 09:06:19,849 - Scraping log - scraper.py > get_service_info(): Line 308 - WARNING - RP_Ausgangslage_Siedlung_FreizeitUndSportgebiet_Punkt: GetMap request is blocked for this layer
2025-11-12 09:06:29,864 - Scraping log - scraper.py > get_service_info(): Line 308 - WARNING - RP_Ausgangslage_Siedlung_Fahrendenplatz_Abfrage: GetMap request is blocked for this layer
2025-11-12 09:06:39,880 - Scraping log - scraper.py > get_service_info(): Line 308 - WARNING - RP_Ausgangslage_Siedlung_Fahrendenplatz_Punkt: GetMap request is blocked for this layer
2025-11-12 09:06:52,168 - Scraping log - scraper.py > get_service_info(): Line 308 - WARNING - RP_Siedlung_GebietUmSBahnHaltestelle_Abfrage: GetMap request is blocked for this layer
2025-11-12 09:07:04,810 - Scraping log - scraper.py > get_service_info(): Line 308 - WARNING - RP_Siedlung_SchwerpunktArbeiten_Flaeche: GetMap request is blocked for this layer
2025-11-12 09:07:25,203 - Scraping log - scraper.py > get_service_info(): Line 308 - WARNING - RP_Siedlung_SchwerpunktWohnen_Flaeche: GetMap request is blocked for this layer
2025-11-12 09:07:35,219 - Scraping log - scraper.py > get_service_info(): Line 308 - WARNING - RP_Siedlung_SiedlungsgliedernderFreiraum_Abfrage: GetMap request is blocked for this layer
2025-11-12 09:07:45,235 - Scraping log - scraper.py > get_service_info(): Line 308 - WARNING - RP_Siedlung_SiedlungsgliedernderFreiraum_Flaeche: GetMap request is blocked for this layer
2025-11-12 09:07:55,251 - Scraping log - scraper.py > get_service_info(): Line 308 - WARNING - RP_Siedlung_FreizeitUndSportgebiet_Abfrage: GetMap request is blocked for this layer
2025-11-12 09:08:05,267 - Scraping log - scraper.py > get_service_info(): Line 308 - WARNING - RP_Siedlung_FreizeitUndSportgebiet_Punkt: GetMap request is blocked for this layer
2025-11-12 09:08:15,491 - Scraping log - scraper.py > get_service_info(): Line 308 - WARNING - RP_Siedlung_VorzugsgebietVerbesserungFreiraumversorgung_Abfrage: GetMap request is blocked for this layer
2025-11-12 09:08:25,602 - Scraping log - scraper.py > get_service_info(): Line 308 - WARNING - RP_Siedlung_VorzugsgebietVerbesserungFreiraumversorgung_Flaeche: GetMap request is blocked for this layer
2025-11-12 09:08:35,908 - Scraping log - scraper.py > get_service_info(): Line 308 - WARNING - RP_Siedlung_AufhebungFreiraumerweiterung_Abfrage: GetMap request is blocked for this layer
2025-11-12 09:08:45,922 - Scraping log - scraper.py > get_service_info(): Line 308 - WARNING - RP_Siedlung_AufhebungFreiraumerweiterung_Linie: GetMap request is blocked for this layer
2025-11-12 09:08:55,939 - Scraping log - scraper.py > get_service_info(): Line 308 - WARNING - RP_Siedlung_Ortszentrum_Abfrage: GetMap request is blocked for this layer
2025-11-12 09:09:07,296 - Scraping log - scraper.py > get_service_info(): Line 308 - WARNING - RP_Siedlung_Laermschutz_Abfrage: GetMap request is blocked for this layer
2025-11-12 09:09:18,977 - Scraping log - scraper.py > get_service_info(): Line 308 - WARNING - RP_Siedlung_NutzungImOeffentlichenInteresse_Abfrage: GetMap request is blocked for this layer
2025-11-12 09:09:30,503 - Scraping log - scraper.py > get_service_info(): Line 308 - WARNING - RP_Siedlung_AufhebungSiedlungstrennwirkung_Abfrage: GetMap request is blocked for this layer
2025-11-12 09:09:40,519 - Scraping log - scraper.py > get_service_info(): Line 308 - WARNING - RP_Siedlung_AufhebungSiedlungstrennwirkung_Linie: GetMap request is blocked for this layer
2025-11-12 09:09:50,535 - Scraping log - scraper.py > get_service_info(): Line 308 - WARNING - RP_Siedlung_FokusgebietHitze_Abfrage: GetMap request is blocked for this layer
2025-11-12 09:10:00,544 - Scraping log - scraper.py > get_service_info(): Line 308 - WARNING - RP_Siedlung_FokusgebietHitze_Flaeche: GetMap request is blocked for this layer
2025-11-12 09:10:10,683 - Scraping log - scraper.py > get_service_info(): Line 311 - ERROR - RP_Siedlung_Kaltluftfluss_Abfrage: HTTPSConnectionPool(host='wms.geo.bs.ch', port=443): Read timed out. (read timeout=10)
2025-11-12 09:10:20,700 - Scraping log - scraper.py > get_service_info(): Line 308 - WARNING - RP_Siedlung_Kaltluftfluss_Punkt: GetMap request is blocked for this layer
2025-11-12 09:10:30,932 - Scraping log - scraper.py > get_service_info(): Line 311 - ERROR - RP_Siedlung_VerkehrsintensiveEinrichtung_Abfrage: HTTPSConnectionPool(host='wms.geo.bs.ch', port=443): Read timed out. (read timeout=10)
2025-11-12 09:10:40,948 - Scraping log - scraper.py > get_service_info(): Line 308 - WARNING - RP_Siedlung_VerkehrsintensiveEinrichtung_Punkt: GetMap request is blocked for this layer
2025-11-12 09:10:55,172 - Scraping log - scraper.py > get_service_info(): Line 308 - WARNING - RP_Ausgangslage_Mobilitaet_HafenarealKantonal_Abfrage: GetMap request is blocked for this layer
2025-11-12 09:11:07,860 - Scraping log - scraper.py > get_service_info(): Line 308 - WARNING - RP_Ausgangslage_Mobilitaet_StrassennetzAusserkantonal_Linie: GetMap request is blocked for this layer
2025-11-12 09:11:20,651 - Scraping log - scraper.py > get_service_info(): Line 308 - WARNING - RP_Ausgangslage_Mobilitaet_SchieneSchmalspurStrecke_Abfrage: GetMap request is blocked for this layer
2025-11-12 09:11:30,666 - Scraping log - scraper.py > get_service_info(): Line 308 - WARNING - RP_Ausgangslage_Mobilitaet_SchieneSchmalspurStrecke_Linie: GetMap request is blocked for this layer
2025-11-12 09:11:41,080 - Scraping log - scraper.py > get_service_info(): Line 308 - WARNING - RP_Ausgangslage_Mobilitaet_KantonsstrasseStrecke_Abfrage: GetMap request is blocked for this layer
2025-11-12 09:11:51,095 - Scraping log - scraper.py > get_service_info(): Line 308 - WARNING - RP_Ausgangslage_Mobilitaet_KantonsstrasseStrecke_Linie: GetMap request is blocked for this layer
2025-11-12 09:12:01,112 - Scraping log - scraper.py > get_service_info(): Line 308 - WARNING - RP_Ausgangslage_Mobilitaet_NationalstrasseStrecke_Abfrage: GetMap request is blocked for this layer
2025-11-12 09:12:11,127 - Scraping log - scraper.py > get_service_info(): Line 308 - WARNING - RP_Ausgangslage_Mobilitaet_NationalstrasseStrecke_Linie: GetMap request is blocked for this layer
2025-11-12 09:12:21,236 - Scraping log - scraper.py > get_service_info(): Line 308 - WARNING - RP_Ausgangslage_Mobilitaet_NationalstrasseVollanschluss_Abfrage: GetMap request is blocked for this layer
2025-11-12 09:12:31,253 - Scraping log - scraper.py > get_service_info(): Line 308 - WARNING - RP_Ausgangslage_Mobilitaet_NationalstrasseVollanschluss_Punkt: GetMap request is blocked for this layer
2025-11-12 09:12:41,392 - Scraping log - scraper.py > get_service_info(): Line 311 - ERROR - RP_Ausgangslage_Mobilitaet_NationalstrasseHalbanschluss_Abfrage: HTTPSConnectionPool(host='wms.geo.bs.ch', port=443): Read timed out. (read timeout=10)
2025-11-12 09:12:51,410 - Scraping log - scraper.py > get_service_info(): Line 308 - WARNING - RP_Ausgangslage_Mobilitaet_NationalstrasseHalbanschluss_Punkt: GetMap request is blocked for this layer
2025-11-12 09:13:03,680 - Scraping log - scraper.py > get_service_info(): Line 308 - WARNING - RP_Ausgangslage_Mobilitaet_LangsamverkehrVeloparkierungsanlage_Abfrage: GetMap request is blocked for this layer
2025-11-12 09:13:18,294 - Scraping log - scraper.py > get_service_info(): Line 308 - WARNING - RP_Ausgangslage_Mobilitaet_Hafenbahnhof_Punkt: GetMap request is blocked for this layer
2025-11-12 09:13:30,866 - Scraping log - scraper.py > get_service_info(): Line 308 - WARNING - RP_Ausgangslage_Mobilitaet_EuroAirportBaselMulhouseFreiburg_Abfrage: GetMap request is blocked for this layer
2025-11-12 09:13:40,882 - Scraping log - scraper.py > get_service_info(): Line 308 - WARNING - RP_Ausgangslage_Mobilitaet_EuroAirportBaselMulhouseFreiburg_Punkt: GetMap request is blocked for this layer
2025-11-12 09:13:50,893 - Scraping log - scraper.py > get_service_info(): Line 308 - WARNING - RP_Mobilitaet_HinweisRheintunnel_Abfrage: GetMap request is blocked for this layer
2025-11-12 09:14:00,908 - Scraping log - scraper.py > get_service_info(): Line 308 - WARNING - RP_Mobilitaet_HinweisRheintunnel_Punkt: GetMap request is blocked for this layer
2025-11-12 09:14:13,218 - Scraping log - scraper.py > get_service_info(): Line 311 - ERROR - RP_Mobilitaet_SchieneNormalspurStrecke_Abfrage: HTTPSConnectionPool(host='wms.geo.bs.ch', port=443): Read timed out. (read timeout=10)
2025-11-12 09:14:23,325 - Scraping log - scraper.py > get_service_info(): Line 308 - WARNING - RP_Mobilitaet_SchieneNormalspurStrecke_Linie: GetMap request is blocked for this layer
2025-11-12 09:14:33,433 - Scraping log - scraper.py > get_service_info(): Line 308 - WARNING - RP_Mobilitaet_SchieneNormalspurKorridor_Abfrage: GetMap request is blocked for this layer
2025-11-12 09:14:43,464 - Scraping log - scraper.py > get_service_info(): Line 308 - WARNING - RP_Mobilitaet_SchieneNormalspurKorridor_Linie: GetMap request is blocked for this layer
2025-11-12 09:14:53,478 - Scraping log - scraper.py > get_service_info(): Line 308 - WARNING - RP_Mobilitaet_SchieneNormalspurKapazitaetssteigerungUndEntflechtung_Abfrage: GetMap request is blocked for this layer
2025-11-12 09:15:03,493 - Scraping log - scraper.py > get_service_info(): Line 308 - WARNING - RP_Mobilitaet_SchieneNormalspurKapazitaetssteigerungUndEntflechtung_Linie: GetMap request is blocked for this layer
2025-11-12 09:15:13,600 - Scraping log - scraper.py > get_service_info(): Line 308 - WARNING - RP_Mobilitaet_BahnhofOderSBahnHaltestelle_Abfrage: GetMap request is blocked for this layer
2025-11-12 09:15:23,616 - Scraping log - scraper.py > get_service_info(): Line 308 - WARNING - RP_Mobilitaet_BahnhofOderSBahnHaltestelle_Punkt: GetMap request is blocked for this layer
2025-11-12 09:15:34,015 - Scraping log - scraper.py > get_service_info(): Line 308 - WARNING - RP_Mobilitaet_SchieneSchmalspurStrecke_Abfrage: GetMap request is blocked for this layer
2025-11-12 09:15:44,031 - Scraping log - scraper.py > get_service_info(): Line 308 - WARNING - RP_Mobilitaet_SchieneSchmalspurStrecke_Linie: GetMap request is blocked for this layer
2025-11-12 09:15:54,138 - Scraping log - scraper.py > get_service_info(): Line 308 - WARNING - RP_Mobilitaet_SchieneSchmalspurKorridor_Abfrage: GetMap request is blocked for this layer
2025-11-12 09:16:04,245 - Scraping log - scraper.py > get_service_info(): Line 308 - WARNING - RP_Mobilitaet_SchieneSchmalspurKorridor_Linie: GetMap request is blocked for this layer
2025-11-12 09:16:14,346 - Scraping log - scraper.py > get_service_info(): Line 308 - WARNING - RP_Mobilitaet_NationalstrasseStrecke_Abfrage: GetMap request is blocked for this layer
2025-11-12 09:16:25,979 - Scraping log - scraper.py > get_service_info(): Line 311 - ERROR - RP_Mobilitaet_NationalstrasseKorridor_Abfrage: HTTPSConnectionPool(host='wms.geo.bs.ch', port=443): Read timed out. (read timeout=10)
2025-11-12 09:16:47,297 - Scraping log - scraper.py > get_service_info(): Line 308 - WARNING - RP_Mobilitaet_KantonsstrasseVerbesserungsmassnahmen_Linie: GetMap request is blocked for this layer
2025-11-12 09:17:00,089 - Scraping log - scraper.py > get_service_info(): Line 308 - WARNING - RP_Mobilitaet_LangsamverkehrVeloFussgaenger_Linie: GetMap request is blocked for this layer
2025-11-12 09:17:10,200 - Scraping log - scraper.py > get_service_info(): Line 308 - WARNING - RP_Mobilitaet_LangsamverkehrFussgaenger_Abfrage: GetMap request is blocked for this layer
2025-11-12 09:17:20,305 - Scraping log - scraper.py > get_service_info(): Line 308 - WARNING - RP_Mobilitaet_LangsamverkehrFussgaenger_Linie: GetMap request is blocked for this layer
2025-11-12 09:17:30,324 - Scraping log - scraper.py > get_service_info(): Line 308 - WARNING - RP_Mobilitaet_LangsamverkehrVeloparkierungsanlage_Abfrage: GetMap request is blocked for this layer
2025-11-12 09:17:40,340 - Scraping log - scraper.py > get_service_info(): Line 308 - WARNING - RP_Mobilitaet_LangsamverkehrVeloparkierungsanlage_Punkt: GetMap request is blocked for this layer
2025-11-12 09:17:50,355 - Scraping log - scraper.py > get_service_info(): Line 308 - WARNING - RP_Mobilitaet_StandorteGueterlogistik_Abfrage: GetMap request is blocked for this layer
2025-11-12 09:18:00,371 - Scraping log - scraper.py > get_service_info(): Line 308 - WARNING - RP_Mobilitaet_StandorteGueterlogistik_Punkt: GetMap request is blocked for this layer
2025-11-12 09:18:10,386 - Scraping log - scraper.py > get_service_info(): Line 308 - WARNING - RP_Mobilitaet_Hafenbahnhof_Abfrage: GetMap request is blocked for this layer
2025-11-12 09:18:20,400 - Scraping log - scraper.py > get_service_info(): Line 308 - WARNING - RP_Mobilitaet_Hafenbahnhof_Punkt: GetMap request is blocked for this layer
2025-11-12 09:18:30,417 - Scraping log - scraper.py > get_service_info(): Line 308 - WARNING - RP_Mobilitaet_CarTerminal_Abfrage: GetMap request is blocked for this layer
2025-11-12 09:18:40,537 - Scraping log - scraper.py > get_service_info(): Line 308 - WARNING - RP_Mobilitaet_CarTerminal_Punkt: GetMap request is blocked for this layer
2025-11-12 09:18:50,545 - Scraping log - scraper.py > get_service_info(): Line 308 - WARNING - RP_Mobilitaet_Hafenanlage_Point_Abfrage: GetMap request is blocked for this layer
2025-11-12 09:19:01,968 - Scraping log - scraper.py > get_service_info(): Line 308 - WARNING - Ver- und Entsorgung: GetMap request is blocked for this layer
2025-11-12 09:19:13,043 - Scraping log - scraper.py > get_service_info(): Line 308 - WARNING - RP_Ausgangslage_VerUndEntsorgung_Grundwasserschutzzone_Flaeche: GetMap request is blocked for this layer
2025-11-12 09:19:25,274 - Scraping log - scraper.py > get_service_info(): Line 308 - WARNING - RP_Ausgangslage_VerUndEntsorgung_Uebertragungsleitung_Linie: GetMap request is blocked for this layer
2025-11-12 09:19:35,394 - Scraping log - scraper.py > get_service_info(): Line 308 - WARNING - RP_Ausgangslage_VerUndEntsorgung_Wasserkraftwerk_Abfrage: GetMap request is blocked for this layer
2025-11-12 09:19:45,524 - Scraping log - scraper.py > get_service_info(): Line 311 - ERROR - RP_Ausgangslage_VerUndEntsorgung_Wasserkraftwerk_Punkt: HTTPSConnectionPool(host='wms.geo.bs.ch', port=443): Read timed out. (read timeout=10)
2025-11-12 09:19:55,540 - Scraping log - scraper.py > get_service_info(): Line 308 - WARNING - RP_Ausgangslage_VerUndEntsorgung_Geothermieanlage_Abfrage: GetMap request is blocked for this layer
2025-11-12 09:20:05,676 - Scraping log - scraper.py > get_service_info(): Line 311 - ERROR - RP_Ausgangslage_VerUndEntsorgung_Geothermieanlage_Punkt: HTTPSConnectionPool(host='wms.geo.bs.ch', port=443): Read timed out. (read timeout=10)
2025-11-12 09:20:15,692 - Scraping log - scraper.py > get_service_info(): Line 308 - WARNING - RP_Ausgangslage_VerUndEntsorgung_Abwasserreinigungsanlage_Abfrage: GetMap request is blocked for this layer
2025-11-12 09:20:27,878 - Scraping log - scraper.py > get_service_info(): Line 308 - WARNING - RP_Ausgangslage_VerUndEntsorgung_Abfallverbrennungsanlage_Punkt: GetMap request is blocked for this layer
2025-11-12 09:20:40,226 - Scraping log - scraper.py > get_service_info(): Line 308 - WARNING - Natur und Landschaft: GetMap request is blocked for this layer
2025-11-12 09:20:52,758 - Scraping log - scraper.py > get_service_info(): Line 308 - WARNING - RP_Ausgangslage_NaturUndLandschaft_WaldAusserkantonal_Abfrage: GetMap request is blocked for this layer
2025-11-12 09:21:02,871 - Scraping log - scraper.py > get_service_info(): Line 308 - WARNING - RP_Ausgangslage_NaturUndLandschaft_WaldAusserkantonal_Flaeche: GetMap request is blocked for this layer
2025-11-12 09:21:12,888 - Scraping log - scraper.py > get_service_info(): Line 308 - WARNING - RP_Ausgangslage_NaturUndLandschaft_WaldKantonal_Abfrage: GetMap request is blocked for this layer
2025-11-12 09:21:23,006 - Scraping log - scraper.py > get_service_info(): Line 308 - WARNING - RP_Ausgangslage_NaturUndLandschaft_WaldKantonal_Flaeche: GetMap request is blocked for this layer
2025-11-12 09:21:33,021 - Scraping log - scraper.py > get_service_info(): Line 308 - WARNING - RP_Ausgangslage_NaturUndLandschaft_Landwirtschaft_Abfrage: GetMap request is blocked for this layer
2025-11-12 09:21:43,037 - Scraping log - scraper.py > get_service_info(): Line 308 - WARNING - RP_Ausgangslage_NaturUndLandschaft_Landwirtschaft_Flaeche: GetMap request is blocked for this layer
2025-11-12 09:21:53,151 - Scraping log - scraper.py > get_service_info(): Line 308 - WARNING - RP_Ausgangslage_NaturUndLandschaft_Naturwert_Abfrage: GetMap request is blocked for this layer
2025-11-12 09:22:03,268 - Scraping log - scraper.py > get_service_info(): Line 308 - WARNING - RP_Ausgangslage_NaturUndLandschaft_Naturwert_Flaeche: GetMap request is blocked for this layer
2025-11-12 09:22:13,382 - Scraping log - scraper.py > get_service_info(): Line 308 - WARNING - RP_NaturUndLandschaft_Naturwert_Abfrage: GetMap request is blocked for this layer
2025-11-12 09:22:23,398 - Scraping log - scraper.py > get_service_info(): Line 308 - WARNING - RP_NaturUndLandschaft_Naturwert_Flaeche: GetMap request is blocked for this layer
2025-11-12 09:22:33,651 - Scraping log - scraper.py > get_service_info(): Line 311 - ERROR - RP_NaturUndLandschaft_Landschaftsraum_Abfrage: HTTPSConnectionPool(host='wms.geo.bs.ch', port=443): Read timed out. (read timeout=10)
2025-11-12 09:22:43,758 - Scraping log - scraper.py > get_service_info(): Line 308 - WARNING - RP_NaturUndLandschaft_Landschaftsraum_Flaeche: GetMap request is blocked for this layer
2025-11-12 09:22:54,802 - Scraping log - scraper.py > get_service_info(): Line 308 - WARNING - RP_NaturUndLandschaft_Biotopverbund_Linie: GetMap request is blocked for this layer
2025-11-12 09:23:04,818 - Scraping log - scraper.py > get_service_info(): Line 308 - WARNING - RP_NaturUndLandschaft_Wildtierkorridor_Abfrage: GetMap request is blocked for this layer
2025-11-12 09:23:15,986 - Scraping log - scraper.py > get_service_info(): Line 308 - WARNING - RP_NaturUndLandschaft_VernetzungsachseEntlangFliessgewaesser_Abfrage: GetMap request is blocked for this layer
2025-11-12 09:23:26,003 - Scraping log - scraper.py > get_service_info(): Line 308 - WARNING - RP_NaturUndLandschaft_VernetzungsachseEntlangFliessgewaesser_Punkt: GetMap request is blocked for this layer
2025-11-12 09:23:37,801 - Scraping log - scraper.py > get_service_info(): Line 308 - WARNING - RP_NaturUndLandschaft_Fruchtfolgeflaeche_Flaeche: GetMap request is blocked for this layer
2025-11-12 09:23:52,775 - Scraping log - scraper.py > get_service_info(): Line 311 - ERROR - SB_Satellitenbild_2016_swisstopo_50cm: HTTPSConnectionPool(host='wms.geo.bs.ch', port=443): Read timed out. (read timeout=10)
2025-11-12 09:24:02,895 - Scraping log - scraper.py > get_service_info(): Line 308 - WARNING - SB_Satellitenbild_2017_swisstopo_25cm: GetMap request is blocked for this layer
2025-11-12 09:24:15,905 - Scraping log - scraper.py > get_service_info(): Line 308 - WARNING - SB_Satellitenbild_2022_swisstopo_30cm: GetMap request is blocked for this layer
2025-11-12 09:24:28,863 - Scraping log - scraper.py > get_service_info(): Line 308 - WARNING - SC_Schwimmhalle: GetMap request is blocked for this layer
2025-11-12 09:24:41,279 - Scraping log - scraper.py > get_service_info(): Line 308 - WARNING - SC_Kindergarten: GetMap request is blocked for this layer
2025-11-12 09:24:51,385 - Scraping log - scraper.py > get_service_info(): Line 308 - WARNING - SC_Primarschule: GetMap request is blocked for this layer
2025-11-12 09:25:01,392 - Scraping log - scraper.py > get_service_info(): Line 308 - WARNING - SC_Sekundarschule: GetMap request is blocked for this layer
2025-11-12 09:25:11,408 - Scraping log - scraper.py > get_service_info(): Line 308 - WARNING - SC_Gymnasium: GetMap request is blocked for this layer
2025-11-12 09:25:21,423 - Scraping log - scraper.py > get_service_info(): Line 308 - WARNING - SC_ZentrumBrueckenangebote: GetMap request is blocked for this layer
2025-11-12 09:25:31,530 - Scraping log - scraper.py > get_service_info(): Line 308 - WARNING - SC_Gewerbeschule: GetMap request is blocked for this layer
2025-11-12 09:25:41,548 - Scraping log - scraper.py > get_service_info(): Line 308 - WARNING - SC_Spezialangebot: GetMap request is blocked for this layer
2025-11-12 09:25:51,562 - Scraping log - scraper.py > get_service_info(): Line 308 - WARNING - Um 1860: GetMap request is blocked for this layer
2025-11-12 09:26:03,262 - Scraping log - scraper.py > get_service_info(): Line 308 - WARNING - SE_1875bis1925: GetMap request is blocked for this layer
2025-11-12 09:26:17,637 - Scraping log - scraper.py > get_service_info(): Line 308 - WARNING - SE_1975bis2003: GetMap request is blocked for this layer
2025-11-12 09:26:31,269 - Scraping log - scraper.py > get_service_info(): Line 308 - WARNING - SG_Pissoir: GetMap request is blocked for this layer
2025-11-12 09:26:41,291 - Scraping log - scraper.py > get_service_info(): Line 308 - WARNING - SG_WCAnlage: GetMap request is blocked for this layer
2025-11-12 09:26:54,244 - Scraping log - scraper.py > get_service_info(): Line 308 - WARNING - SL_LaermarmerBelag: GetMap request is blocked for this layer
2025-11-12 09:27:04,259 - Scraping log - scraper.py > get_service_info(): Line 308 - WARNING - SL_KombinierteMassnahme: GetMap request is blocked for this layer
2025-11-12 09:27:14,274 - Scraping log - scraper.py > get_service_info(): Line 308 - WARNING - SN_Strassennamen: GetMap request is blocked for this layer
2025-11-12 09:27:24,290 - Scraping log - scraper.py > get_service_info(): Line 308 - WARNING - SO_BezeichnungStandort_Tagesstruktur: GetMap request is blocked for this layer
2025-11-12 09:27:34,400 - Scraping log - scraper.py > get_service_info(): Line 308 - WARNING - SO_BezeichnungStandort_Kindergarten: GetMap request is blocked for this layer
2025-11-12 09:27:44,416 - Scraping log - scraper.py > get_service_info(): Line 308 - WARNING - SO_BezeichnungStandort_Primarschule: GetMap request is blocked for this layer
2025-11-12 09:27:54,432 - Scraping log - scraper.py > get_service_info(): Line 308 - WARNING - SO_Tagesstruktur: GetMap request is blocked for this layer
2025-11-12 09:28:04,537 - Scraping log - scraper.py > get_service_info(): Line 308 - WARNING - SO_Kindergarten: GetMap request is blocked for this layer
2025-11-12 09:28:14,650 - Scraping log - scraper.py > get_service_info(): Line 308 - WARNING - SO_Primarschule: GetMap request is blocked for this layer
2025-11-12 09:28:24,664 - Scraping log - scraper.py > get_service_info(): Line 308 - WARNING - 1946 - 1998: GetMap request is blocked for this layer
2025-11-12 09:28:34,686 - Scraping log - scraper.py > get_service_info(): Line 308 - WARNING - 2002 - 2010: GetMap request is blocked for this layer
2025-11-12 09:28:51,568 - Scraping log - scraper.py > get_service_info(): Line 308 - WARNING - 2021 - 2024: GetMap request is blocked for this layer
2025-11-12 09:29:03,741 - Scraping log - scraper.py > get_service_info(): Line 308 - WARNING - SP_Stadtplan_2025_grau: GetMap request is blocked for this layer
2025-11-12 09:29:15,527 - Scraping log - scraper.py > get_service_info(): Line 308 - WARNING - SQ_Stromversorgungsgebiete_Netzebene3: GetMap request is blocked for this layer
2025-11-12 09:29:25,639 - Scraping log - scraper.py > get_service_info(): Line 308 - WARNING - SQ_Stromversorgungsgebiete_Netzebene5: GetMap request is blocked for this layer
2025-11-12 09:29:36,915 - Scraping log - scraper.py > get_service_info(): Line 308 - WARNING - ST_StockwerkeigentumVerkaufspreise_QuadratmeterpreisAltbau: GetMap request is blocked for this layer
2025-11-12 09:29:46,929 - Scraping log - scraper.py > get_service_info(): Line 308 - WARNING - ST_StockwerkeigentumVerkaufspreise_QuadratmeterpreisNeubau: GetMap request is blocked for this layer
2025-11-12 09:29:57,043 - Scraping log - scraper.py > get_service_info(): Line 308 - WARNING - SW_Jugendlichenanteil: GetMap request is blocked for this layer
2025-11-12 09:30:07,058 - Scraping log - scraper.py > get_service_info(): Line 308 - WARNING - SW_Seniorenanteil: GetMap request is blocked for this layer
2025-11-12 09:30:17,072 - Scraping log - scraper.py > get_service_info(): Line 308 - WARNING - SW_Auslaenderanteil: GetMap request is blocked for this layer
2025-11-12 09:30:27,180 - Scraping log - scraper.py > get_service_info(): Line 308 - WARNING - SW_Sesshaftigkeit: GetMap request is blocked for this layer
2025-11-12 09:30:37,192 - Scraping log - scraper.py > get_service_info(): Line 308 - WARNING - SW_Arbeitsstaetten: GetMap request is blocked for this layer
2025-11-12 09:30:47,207 - Scraping log - scraper.py > get_service_info(): Line 308 - WARNING - SW_Beschaeftigte: GetMap request is blocked for this layer
2025-11-12 09:30:57,222 - Scraping log - scraper.py > get_service_info(): Line 308 - WARNING - SW_Vollzeitaequivalente: GetMap request is blocked for this layer
2025-11-12 09:31:07,333 - Scraping log - scraper.py > get_service_info(): Line 308 - WARNING - SW_Sozialhilfe: GetMap request is blocked for this layer
2025-11-12 09:31:17,356 - Scraping log - scraper.py > get_service_info(): Line 308 - WARNING - SW_MedianDesReineinkommens: GetMap request is blocked for this layer
2025-11-12 09:31:27,371 - Scraping log - scraper.py > get_service_info(): Line 308 - WARNING - SW_MedianDesReinvermoegens: GetMap request is blocked for this layer
2025-11-12 09:31:37,384 - Scraping log - scraper.py > get_service_info(): Line 308 - WARNING - Solarpotenzial Photovoltaik: GetMap request is blocked for this layer
2025-11-12 09:31:47,497 - Scraping log - scraper.py > get_service_info(): Line 308 - WARNING - Solarpotenzial Solarthermie: GetMap request is blocked for this layer
2025-11-12 09:31:57,609 - Scraping log - scraper.py > get_service_info(): Line 308 - WARNING - Informativer Planinhalt (Fusswegnetz Riehen Bettingen): GetMap request is blocked for this layer
2025-11-12 09:32:07,721 - Scraping log - scraper.py > get_service_info(): Line 308 - WARNING - TF_InformativerPlaninhalt_Geplant_ohneAnschluss: GetMap request is blocked for this layer
2025-11-12 09:32:17,834 - Scraping log - scraper.py > get_service_info(): Line 308 - WARNING - TF_InformativerPlaninhalt_Geplant_mitAnschluss: GetMap request is blocked for this layer
2025-11-12 09:32:27,966 - Scraping log - scraper.py > get_service_info(): Line 311 - ERROR - Wanderwegnetz Kanton Basel-Stadt: HTTPSConnectionPool(host='wms.geo.bs.ch', port=443): Read timed out. (read timeout=10)
2025-11-12 09:32:51,456 - Scraping log - scraper.py > get_service_info(): Line 308 - WARNING - TF_Fusswegnetz_Basel_Zwischenergebnis_mitAnschluss: GetMap request is blocked for this layer
2025-11-12 09:33:04,396 - Scraping log - scraper.py > get_service_info(): Line 308 - WARNING - TF_Fusswegnetz_Basel_Bestand_ohneAnschluss: GetMap request is blocked for this layer
2025-11-12 09:33:14,502 - Scraping log - scraper.py > get_service_info(): Line 308 - WARNING - TF_Fusswegnetz_Basel_Bestand_mitAnschluss: GetMap request is blocked for this layer
2025-11-12 09:33:24,730 - Scraping log - scraper.py > get_service_info(): Line 308 - WARNING - Fusswegnetz Kanton Basel-Stadt: GetMap request is blocked for this layer
2025-11-12 09:33:34,843 - Scraping log - scraper.py > get_service_info(): Line 308 - WARNING - TF_Fusswegnetz_KantonBS_Vororientierung_ohneAnschluss: GetMap request is blocked for this layer
2025-11-12 09:33:44,859 - Scraping log - scraper.py > get_service_info(): Line 308 - WARNING - TF_Fusswegnetz_KantonBS_Vororientierung_mitAnschluss: GetMap request is blocked for this layer
2025-11-12 09:33:54,972 - Scraping log - scraper.py > get_service_info(): Line 308 - WARNING - TF_Fusswegnetz_KantonBS_Zwischenergebnis_ohneAnschluss: GetMap request is blocked for this layer
2025-11-12 09:34:04,986 - Scraping log - scraper.py > get_service_info(): Line 308 - WARNING - TF_Fusswegnetz_KantonBS_Zwischenergebnis_mitAnschluss: GetMap request is blocked for this layer
2025-11-12 09:34:15,001 - Scraping log - scraper.py > get_service_info(): Line 308 - WARNING - TF_Fusswegnetz_KantonBS_Festsetzung_ohneAnschluss: GetMap request is blocked for this layer
2025-11-12 09:34:25,112 - Scraping log - scraper.py > get_service_info(): Line 308 - WARNING - TF_Fusswegnetz_KantonBS_Festsetzung_mitAnschluss: GetMap request is blocked for this layer
2025-11-12 09:34:35,126 - Scraping log - scraper.py > get_service_info(): Line 308 - WARNING - TF_Fusswegnetz_KantonBS_Bestand_ohneAnschluss: GetMap request is blocked for this layer
2025-11-12 09:34:45,133 - Scraping log - scraper.py > get_service_info(): Line 308 - WARNING - TF_Fusswegnetz_KantonBS_Bestand_mitAnschluss: GetMap request is blocked for this layer
2025-11-12 09:34:55,138 - Scraping log - scraper.py > get_service_info(): Line 308 - WARNING - TI_Tigermuecke_Bekaempfung: GetMap request is blocked for this layer
2025-11-12 09:35:05,252 - Scraping log - scraper.py > get_service_info(): Line 308 - WARNING - TK_TagesheimKita: GetMap request is blocked for this layer
2025-11-12 09:35:15,368 - Scraping log - scraper.py > get_service_info(): Line 308 - WARNING - genehmigt: GetMap request is blocked for this layer
2025-11-12 09:35:25,384 - Scraping log - scraper.py > get_service_info(): Line 308 - WARNING - in Erarbeitung: GetMap request is blocked for this layer
2025-11-12 09:35:35,496 - Scraping log - scraper.py > get_service_info(): Line 308 - WARNING - kommunale Richtpläne: GetMap request is blocked for this layer
2025-11-12 09:35:48,177 - Scraping log - scraper.py > get_service_info(): Line 308 - WARNING - TR_Teilrichtplaene_KommunaleRichtplaene_Bettingen_abfrage: GetMap request is blocked for this layer
2025-11-12 09:35:58,191 - Scraping log - scraper.py > get_service_info(): Line 308 - WARNING - TR_Teilrichtplaene_KommunaleRichtplaene_Bettingen_anzeige: GetMap request is blocked for this layer
2025-11-12 09:36:10,706 - Scraping log - scraper.py > get_service_info(): Line 308 - WARNING - VB_Veloabstellplaetze_Cargovelos: GetMap request is blocked for this layer
2025-11-12 09:36:20,721 - Scraping log - scraper.py > get_service_info(): Line 308 - WARNING - VB_Veloabstellplaetze_gedeckt: GetMap request is blocked for this layer
2025-11-12 09:36:30,829 - Scraping log - scraper.py > get_service_info(): Line 308 - WARNING - VB_Veloabstellplaetze_ungedeckt: GetMap request is blocked for this layer
2025-11-12 09:36:40,934 - Scraping log - scraper.py > get_service_info(): Line 308 - WARNING - Velostadtplan: GetMap request is blocked for this layer
2025-11-12 09:36:50,951 - Scraping log - scraper.py > get_service_info(): Line 308 - WARNING - VO_Gefahr: GetMap request is blocked for this layer
2025-11-12 09:37:00,967 - Scraping log - scraper.py > get_service_info(): Line 308 - WARNING - VO_Gefahr_Abfrage: GetMap request is blocked for this layer
2025-11-12 09:37:11,110 - Scraping log - scraper.py > get_service_info(): Line 308 - WARNING - VO_Einbahn: GetMap request is blocked for this layer
2025-11-12 09:37:21,223 - Scraping log - scraper.py > get_service_info(): Line 308 - WARNING - VO_Einbahn_Abfrage: GetMap request is blocked for this layer
2025-11-12 09:37:31,332 - Scraping log - scraper.py > get_service_info(): Line 308 - WARNING - VO_Steigung: GetMap request is blocked for this layer
2025-11-12 09:37:41,349 - Scraping log - scraper.py > get_service_info(): Line 308 - WARNING - VO_Steigung_Abfrage: GetMap request is blocked for this layer
2025-11-12 09:37:51,363 - Scraping log - scraper.py > get_service_info(): Line 308 - WARNING - VO_Velostrasse: GetMap request is blocked for this layer
2025-11-12 09:38:01,579 - Scraping log - scraper.py > get_service_info(): Line 308 - WARNING - VO_Velostrasse_Abfrage: GetMap request is blocked for this layer
2025-11-12 09:38:11,896 - Scraping log - scraper.py > get_service_info(): Line 308 - WARNING - VO_Eignung_gutBefahrbaresVelonetz: GetMap request is blocked for this layer
2025-11-12 09:38:21,999 - Scraping log - scraper.py > get_service_info(): Line 308 - WARNING - VO_Eignung_gutBefahrbaresVelonetz_Abfrage: GetMap request is blocked for this layer
2025-11-12 09:38:32,019 - Scraping log - scraper.py > get_service_info(): Line 308 - WARNING - VO_Eignung_sonstigeFuerVelosGeeigneteStrassen: GetMap request is blocked for this layer
2025-11-12 09:38:43,250 - Scraping log - scraper.py > get_service_info(): Line 308 - WARNING - VO_Schiebestrecke: GetMap request is blocked for this layer
2025-11-12 09:38:54,551 - Scraping log - scraper.py > get_service_info(): Line 311 - ERROR - VO_Fussgaengerzone: HTTPSConnectionPool(host='wms.geo.bs.ch', port=443): Read timed out. (read timeout=10)
2025-11-12 09:39:06,488 - Scraping log - scraper.py > get_service_info(): Line 311 - ERROR - Touristische Velorouten: HTTPSConnectionPool(host='wms.geo.bs.ch', port=443): Read timed out. (read timeout=10)
2025-11-12 09:39:16,619 - Scraping log - scraper.py > get_service_info(): Line 308 - WARNING - VO_TouristischeVelorouten_EuroVelo5Line: GetMap request is blocked for this layer
2025-11-12 09:39:29,468 - Scraping log - scraper.py > get_service_info(): Line 308 - WARNING - VO_TouristischeVelorouten_EuroVelo6Sym: GetMap request is blocked for this layer
2025-11-12 09:39:42,677 - Scraping log - scraper.py > get_service_info(): Line 308 - WARNING - VO_TouristischeVelorouten_SchweizMobil2Line: GetMap request is blocked for this layer
2025-11-12 09:39:55,585 - Scraping log - scraper.py > get_service_info(): Line 308 - WARNING - VO_TouristischeVelorouten_SchweizMobil3Sym: GetMap request is blocked for this layer
2025-11-12 09:40:05,592 - Scraping log - scraper.py > get_service_info(): Line 308 - WARNING - VO_TouristischeVelorouten_SchweizMobil7Line: GetMap request is blocked for this layer
2025-11-12 09:40:15,606 - Scraping log - scraper.py > get_service_info(): Line 308 - WARNING - VO_TouristischeVelorouten_SchweizMobil7Sym: GetMap request is blocked for this layer
2025-11-12 09:40:25,716 - Scraping log - scraper.py > get_service_info(): Line 308 - WARNING - VO_TouristischeVelorouten_SchweizMobil23Line: GetMap request is blocked for this layer
2025-11-12 09:40:35,728 - Scraping log - scraper.py > get_service_info(): Line 308 - WARNING - VO_TouristischeVelorouten_SchweizMobil23Sym: GetMap request is blocked for this layer
2025-11-12 09:40:46,223 - Scraping log - scraper.py > get_service_info(): Line 308 - WARNING - VO_TouristischeVelorouten_SchweizMobil97Line: GetMap request is blocked for this layer
2025-11-12 09:40:56,239 - Scraping log - scraper.py > get_service_info(): Line 308 - WARNING - VO_TouristischeVelorouten_SchweizMobil97Sym: GetMap request is blocked for this layer
2025-11-12 09:41:06,254 - Scraping log - scraper.py > get_service_info(): Line 308 - WARNING - VO_TouristischeVelorouten_SchweizMobil979Line: GetMap request is blocked for this layer
2025-11-12 09:41:16,270 - Scraping log - scraper.py > get_service_info(): Line 308 - WARNING - VO_TouristischeVelorouten_SchweizMobil979Sym: GetMap request is blocked for this layer
2025-11-12 09:41:26,593 - Scraping log - scraper.py > get_service_info(): Line 308 - WARNING - VO_TouristischeVelorouten_SchweizMobilBike3Line: GetMap request is blocked for this layer
2025-11-12 09:41:36,613 - Scraping log - scraper.py > get_service_info(): Line 308 - WARNING - VO_TouristischeVelorouten_SchweizMobilBike3Sym: GetMap request is blocked for this layer
2025-11-12 09:41:46,629 - Scraping log - scraper.py > get_service_info(): Line 308 - WARNING - VO_TouristischeVelorouten_SuedschwarzwaldRadwegLine: GetMap request is blocked for this layer
2025-11-12 09:42:00,464 - Scraping log - scraper.py > get_service_info(): Line 308 - WARNING - VO_Alltagsvelorouten: GetMap request is blocked for this layer
2025-11-12 09:42:10,478 - Scraping log - scraper.py > get_service_info(): Line 308 - WARNING - VP_Handpumpe: GetMap request is blocked for this layer
2025-11-12 09:42:20,488 - Scraping log - scraper.py > get_service_info(): Line 308 - WARNING - VP_Kompressor: GetMap request is blocked for this layer
2025-11-12 09:42:30,502 - Scraping log - scraper.py > get_service_info(): Line 308 - WARNING - VP_Unbekannt: GetMap request is blocked for this layer
2025-11-12 09:42:40,616 - Scraping log - scraper.py > get_service_info(): Line 308 - WARNING - VR_Begegnungszone: GetMap request is blocked for this layer
2025-11-12 09:42:50,630 - Scraping log - scraper.py > get_service_info(): Line 308 - WARNING - VR_Fussgaengerzone: GetMap request is blocked for this layer
2025-11-12 09:43:03,000 - Scraping log - scraper.py > get_service_info(): Line 308 - WARNING - VS_Vektorstadtplan_farbig: GetMap request is blocked for this layer
2025-11-12 09:43:13,014 - Scraping log - scraper.py > get_service_info(): Line 308 - WARNING - VS_Vektorstadtplan_farbig_ohneSchrift: GetMap request is blocked for this layer
2025-11-12 09:43:23,120 - Scraping log - scraper.py > get_service_info(): Line 308 - WARNING - VS_Vektorstadtplan_grau: GetMap request is blocked for this layer
2025-11-12 09:43:33,228 - Scraping log - scraper.py > get_service_info(): Line 308 - WARNING - VS_Vektorstadtplan_grau_ohneSchrift: GetMap request is blocked for this layer
2025-11-12 09:43:43,344 - Scraping log - scraper.py > get_service_info(): Line 308 - WARNING - VS_Vektorstadtplan_sw: GetMap request is blocked for this layer
2025-11-12 09:43:53,366 - Scraping log - scraper.py > get_service_info(): Line 308 - WARNING - VS_Vektorstadtplan_sw_ohneSchrift: GetMap request is blocked for this layer
2025-11-12 09:44:03,477 - Scraping log - scraper.py > get_service_info(): Line 308 - WARNING - VU_SchleuderunfallSelbstunfall: GetMap request is blocked for this layer
2025-11-12 09:44:13,588 - Scraping log - scraper.py > get_service_info(): Line 308 - WARNING - VU_UeberholunfallFahrstreifenwechsel: GetMap request is blocked for this layer
2025-11-12 09:44:23,600 - Scraping log - scraper.py > get_service_info(): Line 308 - WARNING - VU_Auffahrunfall: GetMap request is blocked for this layer
2025-11-12 09:44:33,615 - Scraping log - scraper.py > get_service_info(): Line 308 - WARNING - VU_Abbiegeunfall: GetMap request is blocked for this layer
2025-11-12 09:44:43,624 - Scraping log - scraper.py > get_service_info(): Line 308 - WARNING - VU_Einbiegeunfall: GetMap request is blocked for this layer
2025-11-12 09:44:53,638 - Scraping log - scraper.py > get_service_info(): Line 308 - WARNING - VU_UeberquerenDerFahrbahn: GetMap request is blocked for this layer
2025-11-12 09:45:08,380 - Scraping log - scraper.py > get_service_info(): Line 308 - WARNING - VU_Fussgaengerunfall: GetMap request is blocked for this layer
2025-11-12 09:45:18,394 - Scraping log - scraper.py > get_service_info(): Line 308 - WARNING - VU_Tierunfall: GetMap request is blocked for this layer
2025-11-12 09:45:31,352 - Scraping log - scraper.py > get_service_info(): Line 308 - WARNING - Velo-Zählstellen: GetMap request is blocked for this layer
2025-11-12 09:45:44,649 - Scraping log - scraper.py > get_service_info(): Line 308 - WARNING - WA_Wohnanteilplan_AG1: GetMap request is blocked for this layer
2025-11-12 09:45:57,555 - Scraping log - scraper.py > get_service_info(): Line 308 - WARNING - WA_Wohnanteilplan_AG4: GetMap request is blocked for this layer
2025-11-12 09:46:07,568 - Scraping log - scraper.py > get_service_info(): Line 308 - WARNING - WA_Wohnanteilplan_allesAG: GetMap request is blocked for this layer
2025-11-12 09:46:17,584 - Scraping log - scraper.py > get_service_info(): Line 308 - WARNING - WA_Wohnanteilplan_keineAussage: GetMap request is blocked for this layer
2025-11-12 09:46:27,690 - Scraping log - scraper.py > get_service_info(): Line 308 - WARNING - WA_Wohnanteilplan_Innenstadt: GetMap request is blocked for this layer
2025-11-12 09:46:37,704 - Scraping log - scraper.py > get_service_info(): Line 308 - WARNING - WA_Wohnanteilplan_Bebauungsplan: GetMap request is blocked for this layer
2025-11-12 09:46:47,718 - Scraping log - scraper.py > get_service_info(): Line 308 - WARNING - WA_Wohnanteilplan_Rekurs: GetMap request is blocked for this layer
2025-11-12 09:46:57,735 - Scraping log - scraper.py > get_service_info(): Line 308 - WARNING - WE_Wohnviertel: GetMap request is blocked for this layer
2025-11-12 09:47:07,749 - Scraping log - scraper.py > get_service_info(): Line 308 - WARNING - WE_Bezirk: GetMap request is blocked for this layer
2025-11-12 09:47:17,885 - Scraping log - scraper.py > get_service_info(): Line 308 - WARNING - WE_Block: GetMap request is blocked for this layer
2025-11-12 09:47:27,902 - Scraping log - scraper.py > get_service_info(): Line 308 - WARNING - WE_Blockseite: GetMap request is blocked for this layer
2025-11-12 09:47:37,919 - Scraping log - scraper.py > get_service_info(): Line 308 - WARNING - WG_Waldgrenze: GetMap request is blocked for this layer
2025-11-12 09:47:47,935 - Scraping log - scraper.py > get_service_info(): Line 308 - WARNING - Informativer Planinhalt: GetMap request is blocked for this layer
2025-11-12 09:48:00,224 - Scraping log - scraper.py > get_service_info(): Line 311 - ERROR - TV_InformativerPlaninhalt_BestandVerbindung_ohneAnschluss: HTTPSConnectionPool(host='wms.geo.bs.ch', port=443): Read timed out. (read timeout=10)
2025-11-12 09:48:10,624 - Scraping log - scraper.py > get_service_info(): Line 308 - WARNING - TV_InformativerPlaninhalt_BestandVerbindung_mitAnschluss: GetMap request is blocked for this layer
2025-11-12 09:48:23,088 - Scraping log - scraper.py > get_service_info(): Line 308 - WARNING - Bike und Ride Anlagen: GetMap request is blocked for this layer
2025-11-12 09:48:35,330 - Scraping log - scraper.py > get_service_info(): Line 308 - WARNING - AN_ArchaeologischeInformationsstellen: GetMap request is blocked for this layer
2025-11-12 09:48:55,283 - Scraping log - scraper.py > get_service_info(): Line 308 - WARNING - PB_Erschliessungsqualitaet: GetMap request is blocked for this layer
2025-11-12 09:49:05,389 - Scraping log - scraper.py > get_service_info(): Line 308 - WARNING - PB_Parkplatzauslastung: GetMap request is blocked for this layer
2025-11-12 09:49:15,503 - Scraping log - scraper.py > get_service_info(): Line 308 - WARNING - US_UnterBeobachtung: GetMap request is blocked for this layer
2025-11-12 09:49:25,610 - Scraping log - scraper.py > get_service_info(): Line 308 - WARNING - US_BestehendeMassnahmenplanung: GetMap request is blocked for this layer
2025-11-12 09:49:35,626 - Scraping log - scraper.py > get_service_info(): Line 308 - WARNING - US_BereitsGetroffeneMassnahmen: GetMap request is blocked for this layer
2025-11-12 09:49:45,646 - Scraping log - scraper.py > get_service_info(): Line 308 - WARNING - US_Saniert: GetMap request is blocked for this layer
2025-11-12 09:49:55,660 - Scraping log - scraper.py > get_service_info(): Line 308 - WARNING - GX_Messstellen: GetMap request is blocked for this layer
2025-11-12 09:50:06,056 - Scraping log - scraper.py > get_service_info(): Line 308 - WARNING - GX_Temperatur: GetMap request is blocked for this layer
2025-11-12 09:50:16,072 - Scraping log - scraper.py > get_service_info(): Line 308 - WARNING - GX_Wasserstand: GetMap request is blocked for this layer
2025-11-12 09:50:26,088 - Scraping log - scraper.py > get_service_info(): Line 308 - WARNING - Allmendverwaltung: GetMap request is blocked for this layer
2025-11-12 09:50:36,105 - Scraping log - scraper.py > get_service_info(): Line 308 - WARNING - Infrastruktur: GetMap request is blocked for this layer
2025-11-12 09:50:46,122 - Scraping log - scraper.py > get_service_info(): Line 308 - WARNING - AH_AbfuhrzoneGemeindenRiehenBettingen: GetMap request is blocked for this layer
2025-11-12 09:50:56,136 - Scraping log - scraper.py > get_service_info(): Line 308 - WARNING - FD_Spielgruppe: GetMap request is blocked for this layer
2025-11-12 09:51:06,151 - Scraping log - scraper.py > get_service_info(): Line 308 - WARNING - SY_SmileyGeschwindigkeitsanzeigen_ausserBetrieb: GetMap request is blocked for this layer
2025-11-12 09:51:16,166 - Scraping log - scraper.py > get_service_info(): Line 308 - WARNING - SY_SmileyGeschwindigkeitsanzeigen_inBetrieb: GetMap request is blocked for this layer
2025-11-12 09:51:26,407 - Scraping log - scraper.py > get_service_info(): Line 308 - WARNING - ZS_Block: GetMap request is blocked for this layer
2025-11-12 09:51:36,519 - Scraping log - scraper.py > get_service_info(): Line 308 - WARNING - ZS_Quartier: GetMap request is blocked for this layer
2025-11-12 09:51:46,665 - Scraping log - scraper.py > get_service_info(): Line 311 - ERROR - ZS_Sektor: HTTPSConnectionPool(host='wms.geo.bs.ch', port=443): Read timed out. (read timeout=10)
2025-11-12 09:52:04,925 - Scraping log - scraper.py > get_service_info(): Line 308 - WARNING - WR_Waldreservate_Nutzungsverzicht: GetMap request is blocked for this layer
2025-11-12 09:52:17,517 - Scraping log - scraper.py > get_service_info(): Line 308 - WARNING - WK_Anlage: GetMap request is blocked for this layer
2025-11-12 09:52:29,902 - Scraping log - scraper.py > get_service_info(): Line 308 - WARNING - Strassenlinien Basel-Stadt: GetMap request is blocked for this layer
2025-11-12 09:52:41,157 - Scraping log - scraper.py > get_service_info(): Line 308 - WARNING - Baulinien Riehen: GetMap request is blocked for this layer
2025-11-12 09:52:51,172 - Scraping log - scraper.py > get_service_info(): Line 308 - WARNING - Strassenlinien Riehen: GetMap request is blocked for this layer
2025-11-12 09:53:01,188 - Scraping log - scraper.py > get_service_info(): Line 308 - WARNING - BM_BSWL_Riehen_Label: GetMap request is blocked for this layer
2025-11-12 09:53:11,309 - Scraping log - scraper.py > get_service_info(): Line 308 - WARNING - Baulinien Bettingen: GetMap request is blocked for this layer
2025-11-12 09:53:21,325 - Scraping log - scraper.py > get_service_info(): Line 308 - WARNING - Strassenlinien Bettingen: GetMap request is blocked for this layer
2025-11-12 09:53:31,434 - Scraping log - scraper.py > get_service_info(): Line 308 - WARNING - BO_BSWL_Bettingen_Label: GetMap request is blocked for this layer
2025-11-12 09:53:41,451 - Scraping log - scraper.py > get_service_info(): Line 308 - WARNING - SJ_Sharingzone: GetMap request is blocked for this layer
2025-11-12 09:53:51,557 - Scraping log - scraper.py > get_service_info(): Line 308 - WARNING - VM_Sperrzone: GetMap request is blocked for this layer
2025-11-12 09:54:01,571 - Scraping log - scraper.py > get_service_info(): Line 308 - WARNING - VM_Parkverbotszone: GetMap request is blocked for this layer
2025-11-12 09:54:11,586 - Scraping log - scraper.py > get_service_info(): Line 308 - WARNING - GY_Entnahme: GetMap request is blocked for this layer
2025-11-12 09:54:22,906 - Scraping log - scraper.py > get_service_info(): Line 308 - WARNING - VT_Gebietsverantwortliche: GetMap request is blocked for this layer
2025-11-12 09:54:34,592 - Scraping log - scraper.py > get_service_info(): Line 308 - WARNING - Aktuelle Verfügbarkeit: GetMap request is blocked for this layer
2025-11-12 09:54:46,596 - Scraping log - scraper.py > get_service_info(): Line 308 - WARNING - XS_2emCars: GetMap request is blocked for this layer
2025-11-12 09:54:56,704 - Scraping log - scraper.py > get_service_info(): Line 308 - WARNING - EN_GebietseinteilungEnergiefachstellen: GetMap request is blocked for this layer
2025-11-12 09:55:06,832 - Scraping log - scraper.py > get_service_info(): Line 311 - ERROR - XG_Gartenbad: HTTPSConnectionPool(host='wms.geo.bs.ch', port=443): Read timed out. (read timeout=10)
2025-11-12 09:55:16,943 - Scraping log - scraper.py > get_service_info(): Line 308 - WARNING - Partizipation: GetMap request is blocked for this layer
2025-11-12 09:55:26,959 - Scraping log - scraper.py > get_service_info(): Line 308 - WARNING - Information: GetMap request is blocked for this layer
2025-11-12 09:55:36,975 - Scraping log - scraper.py > get_service_info(): Line 308 - WARNING - LG_Lichtsignalanlage: GetMap request is blocked for this layer
2025-11-12 09:55:50,064 - Scraping log - scraper.py > get_service_info(): Line 308 - WARNING - HD_UntersuchteDachflaeche: GetMap request is blocked for this layer
2025-11-12 09:56:00,078 - Scraping log - scraper.py > get_service_info(): Line 308 - WARNING - HD_HistorischerOrtskern: GetMap request is blocked for this layer
2025-11-12 09:56:10,093 - Scraping log - scraper.py > get_service_info(): Line 308 - WARNING - VG_Mauersegler_belegt: GetMap request is blocked for this layer
2025-11-12 09:56:20,108 - Scraping log - scraper.py > get_service_info(): Line 308 - WARNING - VG_Mauersegler_verlassen: GetMap request is blocked for this layer
2025-11-12 09:56:30,229 - Scraping log - scraper.py > get_service_info(): Line 308 - WARNING - VG_Mauersegler_kuenstlich: GetMap request is blocked for this layer
2025-11-12 09:56:40,255 - Scraping log - scraper.py > get_service_info(): Line 308 - WARNING - VG_Mauersegler_vermutet: GetMap request is blocked for this layer
2025-11-12 09:56:50,361 - Scraping log - scraper.py > get_service_info(): Line 308 - WARNING - VG_Alpensegler_belegt: GetMap request is blocked for this layer
2025-11-12 09:57:00,372 - Scraping log - scraper.py > get_service_info(): Line 308 - WARNING - VG_Alpensegler_verlassen: GetMap request is blocked for this layer
2025-11-12 09:57:10,485 - Scraping log - scraper.py > get_service_info(): Line 308 - WARNING - VG_Alpensegler_kuenstlich: GetMap request is blocked for this layer
2025-11-12 09:57:20,599 - Scraping log - scraper.py > get_service_info(): Line 308 - WARNING - VG_Alpensegler_vermutet: GetMap request is blocked for this layer
2025-11-12 09:57:30,614 - Scraping log - scraper.py > get_service_info(): Line 308 - WARNING - VG_Rauchschwalbe_belegt: GetMap request is blocked for this layer
2025-11-12 09:57:40,722 - Scraping log - scraper.py > get_service_info(): Line 308 - WARNING - VG_Rauchschwalbe_verlassen: GetMap request is blocked for this layer
2025-11-12 09:57:52,797 - Scraping log - scraper.py > get_service_info(): Line 308 - WARNING - VG_Mehlschwalbe_belegt: GetMap request is blocked for this layer
2025-11-12 09:58:02,811 - Scraping log - scraper.py > get_service_info(): Line 308 - WARNING - VG_Mehlschwalbe_verlassen: GetMap request is blocked for this layer
2025-11-12 09:58:15,175 - Scraping log - scraper.py > get_service_info(): Line 308 - WARNING - NO_Notfalltreffpunkt: GetMap request is blocked for this layer
2025-11-12 09:58:26,348 - Scraping log - scraper.py > get_service_info(): Line 308 - WARNING - GT_DichtesGebiet: GetMap request is blocked for this layer
2025-11-12 09:58:36,364 - Scraping log - scraper.py > get_service_info(): Line 308 - WARNING - GT_Eingedolt: GetMap request is blocked for this layer
2025-11-12 09:58:47,774 - Scraping log - scraper.py > get_service_info(): Line 311 - ERROR - schuetzenswerte_ortsbilder_nach_isos_isos.einzelelement: HTTPSConnectionPool(host='wms.geo.bs.ch', port=443): Read timed out. (read timeout=10)
2025-11-12 09:58:57,793 - Scraping log - scraper.py > get_service_info(): Line 308 - WARNING - Baugruppe: GetMap request is blocked for this layer
2025-11-12 09:59:12,293 - Scraping log - scraper.py > get_service_info(): Line 308 - WARNING - Umgebungsrichtung: GetMap request is blocked for this layer
2025-11-12 09:59:29,152 - Scraping log - scraper.py > get_service_info(): Line 311 - ERROR - KLIMAPHK_GRFL60_VW_13829: HTTPSConnectionPool(host='www.geoservice.apps.be.ch', port=443): Read timed out. (read timeout=10)
2025-11-12 09:59:39,478 - Scraping log - scraper.py > get_service_info(): Line 311 - ERROR - KLIMAPHK_GRFL20_VW_15365: HTTPSConnectionPool(host='www.geoservice.apps.be.ch', port=443): Read timed out. (read timeout=10)
2025-11-12 09:59:49,708 - Scraping log - scraper.py > get_service_info(): Line 311 - ERROR - KLIMAPHK_VERK60_VW_16007: HTTPSConnectionPool(host='www.geoservice.apps.be.ch', port=443): Read timed out. (read timeout=10)
2025-11-12 09:59:59,938 - Scraping log - scraper.py > get_service_info(): Line 311 - ERROR - KLIMAPHK_VERK20_VW_15302: HTTPSConnectionPool(host='www.geoservice.apps.be.ch', port=443): Read timed out. (read timeout=10)
2025-11-12 10:00:33,578 - Scraping log - scraper.py > get_service_info(): Line 311 - ERROR - KLIMAPHK_GRFL60_VW_13880: HTTPSConnectionPool(host='www.geoservice.apps.be.ch', port=443): Read timed out. (read timeout=10)
2025-11-12 10:00:44,201 - Scraping log - scraper.py > get_service_info(): Line 311 - ERROR - KLIMAPHK_GRFL20_VW_13786: HTTPSConnectionPool(host='www.geoservice.apps.be.ch', port=443): Read timed out. (read timeout=10)
2025-11-12 10:00:54,969 - Scraping log - scraper.py > get_service_info(): Line 311 - ERROR - KLIMAPHK_VERK60_VW_15458: HTTPSConnectionPool(host='www.geoservice.apps.be.ch', port=443): Read timed out. (read timeout=10)
2025-11-12 10:01:05,197 - Scraping log - scraper.py > get_service_info(): Line 311 - ERROR - KLIMAPHK_VERK20_VW_15459: HTTPSConnectionPool(host='www.geoservice.apps.be.ch', port=443): Read timed out. (read timeout=10)
2025-11-12 10:01:15,554 - Scraping log - scraper.py > get_service_info(): Line 311 - ERROR - KLIMAPHK_SIED60_VW_13876: HTTPSConnectionPool(host='www.geoservice.apps.be.ch', port=443): Read timed out. (read timeout=10)
2025-11-12 10:03:18,450 - Scraping log - scraper.py > get_service_info(): Line 311 - ERROR - BAUINV_GRUPPEN_VW_13691: HTTPSConnectionPool(host='www.geoservice.apps.be.ch', port=443): Read timed out. (read timeout=10)
2025-11-12 10:03:41,191 - Scraping log - scraper.py > get_service_info(): Line 311 - ERROR - NGKAT_PROZESSR_VW_24423: HTTPSConnectionPool(host='www.geoservice.apps.be.ch', port=443): Read timed out. (read timeout=10)
2025-11-12 10:10:46,726 - Scraping log - scraper.py > get_service_info(): Line 311 - ERROR - KULTLAND_KULTLAND_VW_21020: HTTPSConnectionPool(host='www.geoservice.apps.be.ch', port=443): Read timed out. (read timeout=10)
2025-11-12 10:12:42,261 - Scraping log - scraper.py > get_service_info(): Line 311 - ERROR - OEREBSTA_THEMEN_VW_36423: HTTPSConnectionPool(host='www.geoservice.apps.be.ch', port=443): Read timed out. (read timeout=10)
2025-11-12 10:17:34,736 - Scraping log - scraper.py > get_service_info(): Line 311 - ERROR - wmspublic: 'NoneType' object has no attribute 'text'
2025-11-12 10:17:45,751 - Scraping log - scraper.py > get_service_info(): Line 311 - ERROR - grundbuchplan_bbflaechen-sw-gebaeude: HTTPSConnectionPool(host='map.geo.gl.ch', port=443): Read timed out. (read timeout=10)
2025-11-12 10:18:30,537 - Scraping log - scraper.py >      get_version(): Line 104 - WARNING - https://wms.geo.gr.ch/regionen?service=WMS&request=GetCapabilities: Version attribute not found
2025-11-12 10:18:30,549 - Scraping log - scraper.py > get_service_info(): Line 370 - ERROR - KT_GR > https://wms.geo.gr.ch/regionen?service=WMS&request=GetCapabilities: expected string or bytes-like object
2025-11-12 10:18:32,394 - Scraping log - scraper.py > get_service_info(): Line 311 - ERROR - WMS_Basisinfo: msWMSLoadGetMapParams(): WMS server error. Invalid CRS given : CRS must be valid for all requested layers.
2025-11-12 10:18:32,832 - Scraping log - scraper.py > get_service_info(): Line 311 - ERROR - Fluesse_3: msWMSLoadGetMapParams(): WMS server error. Invalid CRS given : CRS must be valid for all requested layers.
2025-11-12 10:18:33,266 - Scraping log - scraper.py > get_service_info(): Line 311 - ERROR - Fluesse_2: msWMSLoadGetMapParams(): WMS server error. Invalid CRS given : CRS must be valid for all requested layers.
2025-11-12 10:18:33,702 - Scraping log - scraper.py > get_service_info(): Line 311 - ERROR - Fluesse_1: msWMSLoadGetMapParams(): WMS server error. Invalid CRS given : CRS must be valid for all requested layers.
2025-11-12 10:18:34,134 - Scraping log - scraper.py > get_service_info(): Line 311 - ERROR - Fluesse_alle: msWMSLoadGetMapParams(): WMS server error. Invalid CRS given : CRS must be valid for all requested layers.
2025-11-12 10:18:34,566 - Scraping log - scraper.py > get_service_info(): Line 311 - ERROR - Seen_3: msWMSLoadGetMapParams(): WMS server error. Invalid CRS given : CRS must be valid for all requested layers.
2025-11-12 10:18:35,004 - Scraping log - scraper.py > get_service_info(): Line 311 - ERROR - Seen_2: msWMSLoadGetMapParams(): WMS server error. Invalid CRS given : CRS must be valid for all requested layers.
2025-11-12 10:18:35,440 - Scraping log - scraper.py > get_service_info(): Line 311 - ERROR - Seen_1: msWMSLoadGetMapParams(): WMS server error. Invalid CRS given : CRS must be valid for all requested layers.
2025-11-12 10:18:35,884 - Scraping log - scraper.py > get_service_info(): Line 311 - ERROR - Seen_alle: msWMSLoadGetMapParams(): WMS server error. Invalid CRS given : CRS must be valid for all requested layers.
2025-11-12 10:18:36,321 - Scraping log - scraper.py > get_service_info(): Line 311 - ERROR - Ortschaften_3: msWMSLoadGetMapParams(): WMS server error. Invalid CRS given : CRS must be valid for all requested layers.
2025-11-12 10:18:36,755 - Scraping log - scraper.py > get_service_info(): Line 311 - ERROR - Ortschaften_2: msWMSLoadGetMapParams(): WMS server error. Invalid CRS given : CRS must be valid for all requested layers.
2025-11-12 10:18:37,190 - Scraping log - scraper.py > get_service_info(): Line 311 - ERROR - Ortschaften_1: msWMSLoadGetMapParams(): WMS server error. Invalid CRS given : CRS must be valid for all requested layers.
2025-11-12 10:18:37,633 - Scraping log - scraper.py > get_service_info(): Line 311 - ERROR - Ortschaften_alle: msWMSLoadGetMapParams(): WMS server error. Invalid CRS given : CRS must be valid for all requested layers.
2025-11-12 10:18:38,080 - Scraping log - scraper.py > get_service_info(): Line 311 - ERROR - Flurnamen: msWMSLoadGetMapParams(): WMS server error. Invalid CRS given : CRS must be valid for all requested layers.
2025-11-12 10:18:38,519 - Scraping log - scraper.py > get_service_info(): Line 311 - ERROR - Geografische_Namen: msWMSLoadGetMapParams(): WMS server error. Invalid CRS given : CRS must be valid for all requested layers.
2025-11-12 10:18:38,954 - Scraping log - scraper.py > get_service_info(): Line 311 - ERROR - Liegenschaften: msWMSLoadGetMapParams(): WMS server error. Invalid CRS given : CRS must be valid for all requested layers.
2025-11-12 10:18:39,388 - Scraping log - scraper.py > get_service_info(): Line 311 - ERROR - Grundstuecksnummer: msWMSLoadGetMapParams(): WMS server error. Invalid CRS given : CRS must be valid for all requested layers.
2025-11-12 10:18:43,619 - Scraping log - scraper.py >         <module>(): Line 744 - WARNING - Scraping KT_GR > https://wms.geo.gr.ch/bienenseuchen?service=WMS&request=GetCapabilities aborted
2025-11-12 10:29:06,820 - Scraping log - scraper.py >      get_version(): Line 104 - WARNING - https://wms.geo.gr.ch/regionen?service=WMS&request=GetCapabilities: Version attribute not found
2025-11-12 10:29:06,821 - Scraping log - scraper.py > get_service_info(): Line 370 - ERROR - KT_GR > https://wms.geo.gr.ch/regionen?service=WMS&request=GetCapabilities: expected string or bytes-like object
2025-11-12 10:29:28,101 - Scraping log - scraper.py >         <module>(): Line 744 - WARNING - Scraping KT_GR > https://wms.geo.gr.ch/amtlichevermessung?service=WMS&request=GetCapabilities aborted
2025-11-12 10:30:25,884 - Scraping log - scraper.py >         <module>(): Line 744 - WARNING - Scraping KT_GR > https://wms.geo.gr.ch/uebersichtsplan?service=WMS&request=GetCapabilities aborted
2025-11-12 10:30:28,683 - Scraping log - scraper.py >         <module>(): Line 744 - WARNING - Scraping KT_GR > https://wfs.geo.gr.ch/amtlichevermessung?service=WFS&request=GetCapabilities aborted
2025-11-12 10:31:26,084 - Scraping log - scraper.py > get_service_info(): Line 308 - WARNING - Geoportail Jura: GetMap request is blocked for this layer
2025-11-12 10:31:26,803 - Scraping log - scraper.py > get_service_info(): Line 308 - WARNING - swisstopo_11_02_cn10: GetMap request is blocked for this layer
2025-11-12 10:31:30,225 - Scraping log - scraper.py > get_service_info(): Line 308 - WARNING - swisstopo_11_02_cn10_gris: GetMap request is blocked for this layer
2025-11-12 10:31:33,480 - Scraping log - scraper.py > get_service_info(): Line 308 - WARNING - sdt_17_01_points_interets_administration_interrogation: GetMap request is blocked for this layer
2025-11-12 10:31:34,276 - Scraping log - scraper.py > get_service_info(): Line 308 - WARNING - sdt_17_01_points_interets_administration_cantonal_cluster: GetMap request is blocked for this layer
2025-11-12 10:31:35,216 - Scraping log - scraper.py > get_service_info(): Line 308 - WARNING - sdt_17_01_points_interets_administration_communale_cluster: GetMap request is blocked for this layer
2025-11-12 10:31:35,843 - Scraping log - scraper.py > get_service_info(): Line 308 - WARNING - sdt_17_01_points_interets_administration_point: GetMap request is blocked for this layer
2025-11-12 10:31:36,450 - Scraping log - scraper.py > get_service_info(): Line 308 - WARNING - sdt_17_01_points_interets_ecoles_interrogation: GetMap request is blocked for this layer
2025-11-12 10:31:37,090 - Scraping log - scraper.py > get_service_info(): Line 308 - WARNING - sdt_17_01_points_interets_ecoles_primaire_cluster: GetMap request is blocked for this layer
2025-11-12 10:31:37,702 - Scraping log - scraper.py > get_service_info(): Line 308 - WARNING - sdt_17_01_points_interets_ecoles_secondaire_cluster: GetMap request is blocked for this layer
2025-11-12 10:31:38,326 - Scraping log - scraper.py > get_service_info(): Line 308 - WARNING - sdt_17_01_points_interets_autre_ecoles_cluster: GetMap request is blocked for this layer
2025-11-12 10:31:38,944 - Scraping log - scraper.py > get_service_info(): Line 308 - WARNING - sdt_17_01_points_interets_ecoles_point: GetMap request is blocked for this layer
2025-11-12 10:31:39,563 - Scraping log - scraper.py > get_service_info(): Line 308 - WARNING - ssa_19_04_centre_hospitalier_interrogation: GetMap request is blocked for this layer
2025-11-12 10:31:40,184 - Scraping log - scraper.py > get_service_info(): Line 308 - WARNING - ssa_19_04_centre_hospitalier_maison_naissance_cluster: GetMap request is blocked for this layer
2025-11-12 10:31:40,820 - Scraping log - scraper.py > get_service_info(): Line 308 - WARNING - ssa_19_04_centre_hospitalier_centre_rencontre_cluster: GetMap request is blocked for this layer
2025-11-12 10:31:41,456 - Scraping log - scraper.py > get_service_info(): Line 308 - WARNING - ssa_19_04_centre_hospitalier_appartements_proteges_cluster: GetMap request is blocked for this layer
2025-11-12 10:31:42,089 - Scraping log - scraper.py > get_service_info(): Line 308 - WARNING - ssa_19_04_centre_hospitalier_centre_medico_psychologique_cluster: GetMap request is blocked for this layer
2025-11-12 10:31:42,710 - Scraping log - scraper.py > get_service_info(): Line 308 - WARNING - ssa_19_04_centre_hospitalier_home_cluster: GetMap request is blocked for this layer
2025-11-12 10:31:43,346 - Scraping log - scraper.py > get_service_info(): Line 308 - WARNING - ssa_19_04_centre_hospitalier_hopital_cluster: GetMap request is blocked for this layer
2025-11-12 10:31:44,070 - Scraping log - scraper.py > get_service_info(): Line 308 - WARNING - ssa_19_04_centre_hospitalier_point: GetMap request is blocked for this layer
2025-11-12 10:31:44,694 - Scraping log - scraper.py > get_service_info(): Line 308 - WARNING - sdt_17_01_points_interets_service_urgence_interrogation: GetMap request is blocked for this layer
2025-11-12 10:31:45,316 - Scraping log - scraper.py > get_service_info(): Line 308 - WARNING - sdt_17_01_points_interets_service_urgence_police_cluster: GetMap request is blocked for this layer
2025-11-12 10:31:46,126 - Scraping log - scraper.py > get_service_info(): Line 308 - WARNING - sdt_17_01_points_interets_service_urgence_point: GetMap request is blocked for this layer
2025-11-12 10:31:46,734 - Scraping log - scraper.py > get_service_info(): Line 308 - WARNING - rea_19_03_defibrillateurs_interrogation: GetMap request is blocked for this layer
2025-11-12 10:31:47,345 - Scraping log - scraper.py > get_service_info(): Line 308 - WARNING - rea_19_03_defibrillateurs_cluster: GetMap request is blocked for this layer
2025-11-12 10:31:47,961 - Scraping log - scraper.py > get_service_info(): Line 308 - WARNING - sdt_17_01_points_interets_acces_handicap_stationnement_interrogation: GetMap request is blocked for this layer
2025-11-12 10:31:48,595 - Scraping log - scraper.py > get_service_info(): Line 308 - WARNING - sdt_17_01_points_interets_acces_handicap_stationnement_cluster: GetMap request is blocked for this layer
2025-11-12 10:31:49,246 - Scraping log - scraper.py > get_service_info(): Line 308 - WARNING - sdt_17_01_points_interets_acces_handicap_stationnement_point: GetMap request is blocked for this layer
2025-11-12 10:31:49,911 - Scraping log - scraper.py > get_service_info(): Line 308 - WARNING - sdt_17_01_points_interets_acces_handicap_wc_accessible_interrogation: GetMap request is blocked for this layer
2025-11-12 10:31:50,644 - Scraping log - scraper.py > get_service_info(): Line 308 - WARNING - sdt_17_01_points_interets_acces_handicap_wc_accessible_cluster: GetMap request is blocked for this layer
2025-11-12 10:31:51,250 - Scraping log - scraper.py > get_service_info(): Line 308 - WARNING - sdt_17_01_points_interets_acces_handicap_wc_accessible_point: GetMap request is blocked for this layer
2025-11-12 10:31:51,845 - Scraping log - scraper.py > get_service_info(): Line 308 - WARNING - sdt_17_01_points_interets_acces_handicap_wc_accessible_partiellement_interrogation: GetMap request is blocked for this layer
2025-11-12 10:31:52,458 - Scraping log - scraper.py > get_service_info(): Line 308 - WARNING - sdt_17_01_points_interets_acces_handicap_wc_accessible_partiellement_cluster: GetMap request is blocked for this layer
2025-11-12 10:31:53,080 - Scraping log - scraper.py > get_service_info(): Line 308 - WARNING - sdt_17_01_points_interets_acces_handicap_wc_accessible_partiellement_point: GetMap request is blocked for this layer
2025-11-12 10:31:54,834 - Scraping log - scraper.py > get_service_info(): Line 308 - WARNING - sdt_17_01_points_interets_acces_handicap_wc_non_accessible_interrogation: GetMap request is blocked for this layer
2025-11-12 10:31:55,510 - Scraping log - scraper.py > get_service_info(): Line 308 - WARNING - sdt_17_01_points_interets_acces_handicap_wc_non_accessible_cluster: GetMap request is blocked for this layer
2025-11-12 10:31:56,150 - Scraping log - scraper.py > get_service_info(): Line 308 - WARNING - sdt_17_01_points_interets_acces_handicap_wc_non_accessible_point: GetMap request is blocked for this layer
2025-11-12 10:31:57,800 - Scraping log - scraper.py > get_service_info(): Line 308 - WARNING - sdt_17_01_points_interets_acces_handicap_boucle_magnetique_interrogation: GetMap request is blocked for this layer
2025-11-12 10:31:58,409 - Scraping log - scraper.py > get_service_info(): Line 308 - WARNING - sdt_17_01_points_interets_acces_handicap_boucle_magnetique_cluster: GetMap request is blocked for this layer
2025-11-12 10:31:59,024 - Scraping log - scraper.py > get_service_info(): Line 308 - WARNING - sdt_17_01_points_interets_acces_handicap_boucle_magnetique_point: GetMap request is blocked for this layer
2025-11-12 10:31:59,835 - Scraping log - scraper.py > get_service_info(): Line 308 - WARNING - sdt_17_01_points_interets_acces_handicap_langues_signes_interrogation: GetMap request is blocked for this layer
2025-11-12 10:32:00,464 - Scraping log - scraper.py > get_service_info(): Line 308 - WARNING - sdt_17_01_points_interets_acces_handicap_langues_signes_cluster: GetMap request is blocked for this layer
2025-11-12 10:32:01,248 - Scraping log - scraper.py > get_service_info(): Line 308 - WARNING - sdt_17_01_points_interets_acces_handicap_langues_signes_point: GetMap request is blocked for this layer
2025-11-12 10:32:01,880 - Scraping log - scraper.py > get_service_info(): Line 308 - WARNING - sdt_17_01_points_interets_acces_handicap_accessible_interrogation: GetMap request is blocked for this layer
2025-11-12 10:32:02,519 - Scraping log - scraper.py > get_service_info(): Line 308 - WARNING - sdt_17_01_points_interets_acces_handicap_accessible_cluster: GetMap request is blocked for this layer
2025-11-12 10:32:03,123 - Scraping log - scraper.py > get_service_info(): Line 308 - WARNING - sdt_17_01_points_interets_acces_handicap_accessible_point: GetMap request is blocked for this layer
2025-11-12 10:32:03,743 - Scraping log - scraper.py > get_service_info(): Line 308 - WARNING - sdt_17_01_points_interets_acces_handicap_accessible_partiellement_interrogation: GetMap request is blocked for this layer
2025-11-12 10:32:04,355 - Scraping log - scraper.py > get_service_info(): Line 308 - WARNING - sdt_17_01_points_interets_acces_handicap_accessible_partiellement_cluster: GetMap request is blocked for this layer
2025-11-12 10:32:04,950 - Scraping log - scraper.py > get_service_info(): Line 308 - WARNING - sdt_17_01_points_interets_acces_handicap_accessible_partiellement_point: GetMap request is blocked for this layer
2025-11-12 10:32:05,675 - Scraping log - scraper.py > get_service_info(): Line 308 - WARNING - sdt_17_01_points_interets_acces_handicap_non_accessible_interrogation: GetMap request is blocked for this layer
2025-11-12 10:32:06,338 - Scraping log - scraper.py > get_service_info(): Line 308 - WARNING - sdt_17_01_points_interets_acces_handicap_non_accessible_cluster: GetMap request is blocked for this layer
2025-11-12 10:32:06,961 - Scraping log - scraper.py > get_service_info(): Line 308 - WARNING - sdt_17_01_points_interets_acces_handicap_non_accessible_point: GetMap request is blocked for this layer
2025-11-12 10:32:07,590 - Scraping log - scraper.py > get_service_info(): Line 308 - WARNING - sdt_10_11_mnt_2022_courbes_niveaux_100_4: GetMap request is blocked for this layer
2025-11-12 10:32:08,231 - Scraping log - scraper.py > get_service_info(): Line 308 - WARNING - sdt_10_11_mnt_2022_courbes_niveaux_100_3: GetMap request is blocked for this layer
2025-11-12 10:32:08,875 - Scraping log - scraper.py > get_service_info(): Line 308 - WARNING - sdt_10_11_mnt_2022_courbes_niveaux_100_2: GetMap request is blocked for this layer
2025-11-12 10:32:09,492 - Scraping log - scraper.py > get_service_info(): Line 308 - WARNING - sdt_10_11_mnt_2022_courbes_niveaux_100_1: GetMap request is blocked for this layer
2025-11-12 10:32:10,113 - Scraping log - scraper.py > get_service_info(): Line 308 - WARNING - sdt_10_11_mnt_2022_courbes_niveaux_100_0: GetMap request is blocked for this layer
2025-11-12 10:32:10,729 - Scraping log - scraper.py > get_service_info(): Line 308 - WARNING - sdt_10_11_mnt_2022_courbes_niveaux_10_3: GetMap request is blocked for this layer
2025-11-12 10:32:11,352 - Scraping log - scraper.py > get_service_info(): Line 308 - WARNING - sdt_10_11_mnt_2022_courbes_niveaux_10_2: GetMap request is blocked for this layer
2025-11-12 10:32:11,997 - Scraping log - scraper.py > get_service_info(): Line 308 - WARNING - sdt_10_11_mnt_2022_courbes_niveaux_10_1: GetMap request is blocked for this layer
2025-11-12 10:32:12,605 - Scraping log - scraper.py > get_service_info(): Line 308 - WARNING - sdt_10_11_mnt_2022_courbes_niveaux_10_0: GetMap request is blocked for this layer
2025-11-12 10:32:13,228 - Scraping log - scraper.py > get_service_info(): Line 308 - WARNING - sdt_10_11_mnt_2022_courbes_niveaux_5_2: GetMap request is blocked for this layer
2025-11-12 10:32:13,848 - Scraping log - scraper.py > get_service_info(): Line 308 - WARNING - sdt_10_11_mnt_2022_courbes_niveaux_5_1: GetMap request is blocked for this layer
2025-11-12 10:32:14,473 - Scraping log - scraper.py > get_service_info(): Line 308 - WARNING - sdt_10_11_mnt_2022_courbes_niveaux_5_0: GetMap request is blocked for this layer
2025-11-12 10:32:15,101 - Scraping log - scraper.py > get_service_info(): Line 308 - WARNING - sdt_10_11_mnt_2022_courbes_niveaux_1_1: GetMap request is blocked for this layer
2025-11-12 10:32:15,736 - Scraping log - scraper.py > get_service_info(): Line 308 - WARNING - sdt_10_11_mnt_2022_courbes_niveaux_1_0: GetMap request is blocked for this layer
2025-11-12 10:32:18,498 - Scraping log - scraper.py > get_service_info(): Line 308 - WARNING - rayonnement_solaire_050: GetMap request is blocked for this layer
2025-11-12 10:32:19,108 - Scraping log - scraper.py > get_service_info(): Line 308 - WARNING - rayonnement_solaire_cache: GetMap request is blocked for this layer
2025-11-12 10:32:19,735 - Scraping log - scraper.py > get_service_info(): Line 308 - WARNING - sdt_10_15_relief_terrain_mnt_ameliore_2022_025: GetMap request is blocked for this layer
2025-11-12 10:32:25,846 - Scraping log - scraper.py > get_service_info(): Line 308 - WARNING - sdt_10_15_relief_surface_mns_2022_025: GetMap request is blocked for this layer
2025-11-12 10:32:31,123 - Scraping log - scraper.py > get_service_info(): Line 308 - WARNING - sdt_10_15_relief_terrain_mnt_2022_025: GetMap request is blocked for this layer
2025-11-12 10:32:40,741 - Scraping log - scraper.py > get_service_info(): Line 308 - WARNING - sdt_02_01_zones_geometrie_normal_recours: GetMap request is blocked for this layer
2025-11-12 10:32:41,512 - Scraping log - scraper.py > get_service_info(): Line 308 - WARNING - sdt_02_01_zones_geometrie_simplifier_1_recours: GetMap request is blocked for this layer
2025-11-12 10:32:42,855 - Scraping log - scraper.py > get_service_info(): Line 308 - WARNING - sdt_02_01_zones_geometrie_simplifier_2_recours: GetMap request is blocked for this layer
2025-11-12 10:32:43,688 - Scraping log - scraper.py > get_service_info(): Line 308 - WARNING - sdt_02_01_zones_geometrie_normal: GetMap request is blocked for this layer
2025-11-12 10:32:44,312 - Scraping log - scraper.py > get_service_info(): Line 308 - WARNING - sdt_02_01_zones_geometrie_simplifier_1: GetMap request is blocked for this layer
2025-11-12 10:32:44,923 - Scraping log - scraper.py > get_service_info(): Line 308 - WARNING - sdt_02_01_zones_geometrie_simplifier_2: GetMap request is blocked for this layer
2025-11-12 10:32:45,552 - Scraping log - scraper.py > get_service_info(): Line 308 - WARNING - sdt_02_01_lien_rcc: GetMap request is blocked for this layer
2025-11-12 10:32:46,172 - Scraping log - scraper.py > get_service_info(): Line 308 - WARNING - sdt_02_01_plans_speciaux_surface_normal: GetMap request is blocked for this layer
2025-11-12 10:32:46,806 - Scraping log - scraper.py > get_service_info(): Line 308 - WARNING - sdt_02_01_plans_speciaux_surface_simplifier: GetMap request is blocked for this layer
2025-11-12 10:32:47,418 - Scraping log - scraper.py > get_service_info(): Line 308 - WARNING - sdt_06_05_perimetre_reserve_aux_eaux: GetMap request is blocked for this layer
2025-11-12 10:32:48,038 - Scraping log - scraper.py > get_service_info(): Line 308 - WARNING - sdt_06_05_perimetre_reserve_aux_eaux_simplifier: GetMap request is blocked for this layer
2025-11-12 10:32:48,645 - Scraping log - scraper.py > get_service_info(): Line 308 - WARNING - sdt_02_01_perimetres_particuliers_interrogation: GetMap request is blocked for this layer
2025-11-12 10:32:49,268 - Scraping log - scraper.py > get_service_info(): Line 308 - WARNING - sdt_02_01_perimetres_particuliers_interrogation_simplifier: GetMap request is blocked for this layer
2025-11-12 10:32:49,878 - Scraping log - scraper.py > get_service_info(): Line 308 - WARNING - sdt_02_01_perimetres_particuliers_pdn_label: GetMap request is blocked for this layer
2025-11-12 10:32:50,491 - Scraping log - scraper.py > get_service_info(): Line 308 - WARNING - sdt_02_01_perimetres_particuliers_pdn_1_01: GetMap request is blocked for this layer
2025-11-12 10:32:51,093 - Scraping log - scraper.py > get_service_info(): Line 308 - WARNING - sdt_02_01_perimetres_particuliers_pdn_2_01: GetMap request is blocked for this layer
2025-11-12 10:32:51,692 - Scraping log - scraper.py > get_service_info(): Line 308 - WARNING - sdt_02_01_perimetres_particuliers_ph: GetMap request is blocked for this layer
2025-11-12 10:32:52,314 - Scraping log - scraper.py > get_service_info(): Line 308 - WARNING - sdt_02_01_perimetres_particuliers_ph_simplifier: GetMap request is blocked for this layer
2025-11-12 10:32:52,940 - Scraping log - scraper.py > get_service_info(): Line 308 - WARNING - sdt_02_01_perimetres_particuliers_pnn: GetMap request is blocked for this layer
2025-11-12 10:32:53,581 - Scraping log - scraper.py > get_service_info(): Line 308 - WARNING - sdt_02_01_perimetres_particuliers_pnn_simplifier: GetMap request is blocked for this layer
2025-11-12 10:32:54,195 - Scraping log - scraper.py > get_service_info(): Line 308 - WARNING - sdt_02_01_perimetres_particuliers_pn: GetMap request is blocked for this layer
2025-11-12 10:32:54,810 - Scraping log - scraper.py > get_service_info(): Line 308 - WARNING - sdt_02_01_perimetres_particuliers_pn_simplifier: GetMap request is blocked for this layer
2025-11-12 10:32:55,447 - Scraping log - scraper.py > get_service_info(): Line 308 - WARNING - sdt_02_01_perimetres_particuliers_pp: GetMap request is blocked for this layer
2025-11-12 10:32:56,067 - Scraping log - scraper.py > get_service_info(): Line 308 - WARNING - sdt_02_01_perimetres_particuliers_pp_simplifier: GetMap request is blocked for this layer
2025-11-12 10:32:56,701 - Scraping log - scraper.py > get_service_info(): Line 308 - WARNING - sdt_02_01_perimetres_particuliers_pv: GetMap request is blocked for this layer
2025-11-12 10:32:57,309 - Scraping log - scraper.py > get_service_info(): Line 308 - WARNING - sdt_02_01_perimetres_particuliers_pv_simplifier: GetMap request is blocked for this layer
2025-11-12 10:32:57,921 - Scraping log - scraper.py > get_service_info(): Line 308 - WARNING - sdt_02_01_perimetres_particuliers_pa_label: GetMap request is blocked for this layer
2025-11-12 10:32:58,544 - Scraping log - scraper.py > get_service_info(): Line 308 - WARNING - sdt_02_01_perimetres_particuliers_pa_1: GetMap request is blocked for this layer
2025-11-12 10:32:59,162 - Scraping log - scraper.py > get_service_info(): Line 308 - WARNING - sdt_02_01_perimetres_particuliers_pa_2: GetMap request is blocked for this layer
2025-11-12 10:32:59,774 - Scraping log - scraper.py > get_service_info(): Line 308 - WARNING - sdt_02_01_patrimoine_bati_ligne_interrogation: GetMap request is blocked for this layer
2025-11-12 10:33:00,424 - Scraping log - scraper.py > get_service_info(): Line 308 - WARNING - sdt_02_01_patrimoine_bati_ligne_1: GetMap request is blocked for this layer
2025-11-12 10:33:01,047 - Scraping log - scraper.py > get_service_info(): Line 308 - WARNING - sdt_02_01_patrimoine_bati_point_interrogation: GetMap request is blocked for this layer
2025-11-12 10:33:01,688 - Scraping log - scraper.py > get_service_info(): Line 308 - WARNING - sdt_02_01_patrimoine_bati_point_1: GetMap request is blocked for this layer
2025-11-12 10:33:02,304 - Scraping log - scraper.py > get_service_info(): Line 308 - WARNING - sdt_02_01_patrimoine_naturel_ligne_interrogation: GetMap request is blocked for this layer
2025-11-12 10:33:02,916 - Scraping log - scraper.py > get_service_info(): Line 308 - WARNING - sdt_02_01_patrimoine_naturel_ligne_1: GetMap request is blocked for this layer
2025-11-12 10:33:03,546 - Scraping log - scraper.py > get_service_info(): Line 308 - WARNING - sdt_02_01_patrimoine_naturel_ligne_2: GetMap request is blocked for this layer
2025-11-12 10:33:04,177 - Scraping log - scraper.py > get_service_info(): Line 308 - WARNING - sdt_02_01_patrimoine_naturel_ligne_3: GetMap request is blocked for this layer
2025-11-12 10:33:04,817 - Scraping log - scraper.py > get_service_info(): Line 308 - WARNING - sdt_02_01_patrimoine_naturel_point_interrogation: GetMap request is blocked for this layer
2025-11-12 10:33:05,455 - Scraping log - scraper.py > get_service_info(): Line 308 - WARNING - sdt_02_01_patrimoine_naturel_point_1: GetMap request is blocked for this layer
2025-11-12 10:33:06,081 - Scraping log - scraper.py > get_service_info(): Line 308 - WARNING - sdt_02_01_patrimoine_naturel_point_2: GetMap request is blocked for this layer
2025-11-12 10:33:06,689 - Scraping log - scraper.py > get_service_info(): Line 308 - WARNING - sdt_02_01_patrimoine_naturel_surface_interrogation: GetMap request is blocked for this layer
2025-11-12 10:33:07,301 - Scraping log - scraper.py > get_service_info(): Line 308 - WARNING - sdt_02_01_patrimoine_naturel_surface: GetMap request is blocked for this layer
2025-11-12 10:33:07,969 - Scraping log - scraper.py > get_service_info(): Line 308 - WARNING - sdt_02_01_patrimoine_naturel_surface_doline_1: GetMap request is blocked for this layer
2025-11-12 10:33:08,590 - Scraping log - scraper.py > get_service_info(): Line 308 - WARNING - sdt_02_01_patrimoine_naturel_surface_doline_2: GetMap request is blocked for this layer
2025-11-12 10:33:09,217 - Scraping log - scraper.py > get_service_info(): Line 308 - WARNING - sdt_02_01_patrimoine_naturel_surface_doline_3: GetMap request is blocked for this layer
2025-11-12 10:33:09,846 - Scraping log - scraper.py > get_service_info(): Line 308 - WARNING - sdt_02_01_patrimoine_naturel_surface_doline_4: GetMap request is blocked for this layer
2025-11-12 10:33:10,471 - Scraping log - scraper.py > get_service_info(): Line 308 - WARNING - sdt_02_01_hors_legende_type_surface: GetMap request is blocked for this layer
2025-11-12 10:33:11,089 - Scraping log - scraper.py > get_service_info(): Line 308 - WARNING - sdt_02_01_hors_legende_type_ligne: GetMap request is blocked for this layer
2025-11-12 10:33:11,743 - Scraping log - scraper.py > get_service_info(): Line 308 - WARNING - sdt_02_01_hors_legende_type_point: GetMap request is blocked for this layer
2025-11-12 10:33:12,359 - Scraping log - scraper.py > get_service_info(): Line 308 - WARNING - sdt_02_01_infos_indicatives_foret: GetMap request is blocked for this layer
2025-11-12 10:33:13,004 - Scraping log - scraper.py > get_service_info(): Line 308 - WARNING - sdt_02_01_infos_indicatives_foret_simplifier: GetMap request is blocked for this layer
2025-11-12 10:33:13,788 - Scraping log - scraper.py > get_service_info(): Line 308 - WARNING - sdt_02_01_infos_indicatives_paturage_boise: GetMap request is blocked for this layer
2025-11-12 10:33:14,447 - Scraping log - scraper.py > get_service_info(): Line 308 - WARNING - sdt_02_01_infos_indicatives_paturage_boise_simplifier: GetMap request is blocked for this layer
2025-11-12 10:33:15,185 - Scraping log - scraper.py > get_service_info(): Line 308 - WARNING - sdt_02_01_infos_indicatives_infra_militaire: GetMap request is blocked for this layer
2025-11-12 10:33:15,804 - Scraping log - scraper.py > get_service_info(): Line 308 - WARNING - crdppf_r108_plan_zone_securite_aeroport_pal: GetMap request is blocked for this layer
2025-11-12 10:33:16,438 - Scraping log - scraper.py > get_service_info(): Line 308 - WARNING - sdt_02_01_infos_indicatives_perimetre_exploitation_ferroviaire: GetMap request is blocked for this layer
2025-11-12 10:33:17,077 - Scraping log - scraper.py > get_service_info(): Line 308 - WARNING - ofev_04_06_if_paysage_pal: GetMap request is blocked for this layer
2025-11-12 10:33:17,694 - Scraping log - scraper.py > get_service_info(): Line 308 - WARNING - sdt_02_01_infos_indicatives_perimetre_protection_eaux_interrogation: GetMap request is blocked for this layer
2025-11-12 10:33:18,327 - Scraping log - scraper.py > get_service_info(): Line 308 - WARNING - sdt_02_01_infos_indicatives_perimetre_protection_eaux_1: GetMap request is blocked for this layer
2025-11-12 10:33:18,949 - Scraping log - scraper.py > get_service_info(): Line 308 - WARNING - sdt_02_01_infos_indicatives_perimetre_protection_eaux_2: GetMap request is blocked for this layer
2025-11-12 10:33:19,557 - Scraping log - scraper.py > get_service_info(): Line 308 - WARNING - sdt_02_01_infos_indicatives_sites_archeo_paleonto_interrogation: GetMap request is blocked for this layer
2025-11-12 10:33:20,162 - Scraping log - scraper.py > get_service_info(): Line 308 - WARNING - sdt_02_01_infos_indicatives_sites_archeo_paleonto_1: GetMap request is blocked for this layer
2025-11-12 10:33:20,773 - Scraping log - scraper.py > get_service_info(): Line 308 - WARNING - sdt_02_01_infos_indicatives_sites_archeo_paleonto_2: GetMap request is blocked for this layer
2025-11-12 10:33:21,385 - Scraping log - scraper.py > get_service_info(): Line 308 - WARNING - sdt_02_01_infos_indicatives_reserves_naturelle_interrogation: GetMap request is blocked for this layer
2025-11-12 10:33:21,998 - Scraping log - scraper.py > get_service_info(): Line 308 - WARNING - sdt_02_01_infos_indicatives_reserves_naturelle_1: GetMap request is blocked for this layer
2025-11-12 10:33:22,617 - Scraping log - scraper.py > get_service_info(): Line 308 - WARNING - sdt_02_01_infos_indicatives_reserves_naturelle_2: GetMap request is blocked for this layer
2025-11-12 10:33:23,239 - Scraping log - scraper.py > get_service_info(): Line 308 - WARNING - sdt_02_01_infos_illustratives_point_de_vue: GetMap request is blocked for this layer
2025-11-12 10:33:25,553 - Scraping log - scraper.py > get_service_info(): Line 308 - WARNING - sdt_02_01_infos_illustratives_chemin_pietons: GetMap request is blocked for this layer
2025-11-12 10:33:26,157 - Scraping log - scraper.py > get_service_info(): Line 308 - WARNING - sdt_02_01_infos_illustratives_ligne_haute_tension: GetMap request is blocked for this layer
2025-11-12 10:33:26,753 - Scraping log - scraper.py > get_service_info(): Line 308 - WARNING - sdt_02_01_secteurs_dangers_naturels_interrogation: GetMap request is blocked for this layer
2025-11-12 10:33:27,397 - Scraping log - scraper.py > get_service_info(): Line 308 - WARNING - sdt_02_01_secteurs_dangers_naturels_interrogation_simplifier: GetMap request is blocked for this layer
2025-11-12 10:33:28,015 - Scraping log - scraper.py > get_service_info(): Line 308 - WARNING - sdt_02_01_secteurs_dangers_naturels_secteur_indication_danger: GetMap request is blocked for this layer
2025-11-12 10:33:28,629 - Scraping log - scraper.py > get_service_info(): Line 308 - WARNING - sdt_02_01_secteurs_dangers_naturels_secteur_indication_danger_simplifier: GetMap request is blocked for this layer
2025-11-12 10:33:29,246 - Scraping log - scraper.py > get_service_info(): Line 308 - WARNING - sdt_02_01_secteurs_dangers_naturels_niveau_danger_residuel: GetMap request is blocked for this layer
2025-11-12 10:33:29,856 - Scraping log - scraper.py > get_service_info(): Line 308 - WARNING - sdt_02_01_secteurs_dangers_naturels_niveau_danger_residuel_simplifier: GetMap request is blocked for this layer
2025-11-12 10:33:30,475 - Scraping log - scraper.py > get_service_info(): Line 308 - WARNING - sdt_02_01_secteurs_dangers_naturels_niveau_danger_faible: GetMap request is blocked for this layer
2025-11-12 10:33:31,098 - Scraping log - scraper.py > get_service_info(): Line 308 - WARNING - sdt_02_01_secteurs_dangers_naturels_niveau_danger_faible_simplifier: GetMap request is blocked for this layer
2025-11-12 10:33:31,708 - Scraping log - scraper.py > get_service_info(): Line 308 - WARNING - sdt_02_01_secteurs_dangers_naturels_niveau_danger_moyen: GetMap request is blocked for this layer
2025-11-12 10:33:32,341 - Scraping log - scraper.py > get_service_info(): Line 308 - WARNING - sdt_02_01_secteurs_dangers_naturels_niveau_danger_moyen_simplifier: GetMap request is blocked for this layer
2025-11-12 10:33:32,962 - Scraping log - scraper.py > get_service_info(): Line 308 - WARNING - sdt_02_01_secteurs_dangers_naturels_niveau_danger_eleve: GetMap request is blocked for this layer
2025-11-12 10:33:33,580 - Scraping log - scraper.py > get_service_info(): Line 308 - WARNING - sdt_02_01_secteurs_dangers_naturels_niveau_danger_eleve_simplifier: GetMap request is blocked for this layer
2025-11-12 10:33:34,194 - Scraping log - scraper.py > get_service_info(): Line 308 - WARNING - sdt_02_01_secteurs_dangers_naturels_danger_effondrement: GetMap request is blocked for this layer
2025-11-12 10:33:34,828 - Scraping log - scraper.py > get_service_info(): Line 308 - WARNING - sdt_02_01_secteurs_dangers_naturels_danger_effondrement_simplifier: GetMap request is blocked for this layer
2025-11-12 10:33:35,454 - Scraping log - scraper.py > get_service_info(): Line 308 - WARNING - sdt_02_01_secteurs_dangers_naturels_limite_echelle_1000: GetMap request is blocked for this layer
2025-11-12 10:33:36,068 - Scraping log - scraper.py > get_service_info(): Line 308 - WARNING - sdt_02_01_pal_plan_dangers_naturel_localites_approuvees: GetMap request is blocked for this layer
2025-11-12 10:33:36,681 - Scraping log - scraper.py > get_service_info(): Line 308 - WARNING - sdt_02_01_perimetres_particuliers_pdn_masque: GetMap request is blocked for this layer
2025-11-12 10:33:37,290 - Scraping log - scraper.py > get_service_info(): Line 308 - WARNING - sdt_02_01_perimetres_particuliers_pdn_interrogation: GetMap request is blocked for this layer
2025-11-12 10:33:37,959 - Scraping log - scraper.py > get_service_info(): Line 308 - WARNING - sdt_02_01_perimetres_particuliers_pdn_1_02: GetMap request is blocked for this layer
2025-11-12 10:33:38,556 - Scraping log - scraper.py > get_service_info(): Line 308 - WARNING - sdt_02_01_perimetres_particuliers_pdn_2_02: GetMap request is blocked for this layer
2025-11-12 10:33:39,160 - Scraping log - scraper.py > get_service_info(): Line 308 - WARNING - sdt_02_01_perimetres_particuliers_pdn_3: GetMap request is blocked for this layer
2025-11-12 10:33:39,770 - Scraping log - scraper.py > get_service_info(): Line 308 - WARNING - fond_plan_blanc_plan_cadastral: GetMap request is blocked for this layer
2025-11-12 10:33:40,400 - Scraping log - scraper.py > get_service_info(): Line 308 - WARNING - sdt_01_04_md_sit_bf_interrogation: GetMap request is blocked for this layer
2025-11-12 10:33:41,021 - Scraping log - scraper.py > get_service_info(): Line 308 - WARNING - sdt_01_04_md_sit_objets_divers_polygones_1: GetMap request is blocked for this layer
2025-11-12 10:33:41,631 - Scraping log - scraper.py > get_service_info(): Line 308 - WARNING - sdt_01_04_md_sit_cs_surface_nb: GetMap request is blocked for this layer
2025-11-12 10:33:42,256 - Scraping log - scraper.py > get_service_info(): Line 308 - WARNING - sdt_01_04_md_sit_cs_surface_proj: GetMap request is blocked for this layer
2025-11-12 10:33:42,854 - Scraping log - scraper.py > get_service_info(): Line 308 - WARNING - sdt_01_04_md_sit_adr_entree_batiment_01: GetMap request is blocked for this layer
2025-11-12 10:33:43,477 - Scraping log - scraper.py > get_service_info(): Line 308 - WARNING - sdt_01_04_md_sit_cs_numero_batiment_proj: GetMap request is blocked for this layer
2025-11-12 10:33:44,080 - Scraping log - scraper.py > get_service_info(): Line 308 - WARNING - sdt_01_04_md_sit_objets_divers_postext: GetMap request is blocked for this layer
2025-11-12 10:33:44,707 - Scraping log - scraper.py > get_service_info(): Line 308 - WARNING - sdt_01_04_md_sit_adr_entree_batiment_02: GetMap request is blocked for this layer
2025-11-12 10:33:45,308 - Scraping log - scraper.py > get_service_info(): Line 308 - WARNING - sdt_01_04_md_sit_objets_divers_lignes: GetMap request is blocked for this layer
2025-11-12 10:33:45,907 - Scraping log - scraper.py > get_service_info(): Line 308 - WARNING - sdt_01_04_md_sit_objets_divers_polygones: GetMap request is blocked for this layer
2025-11-12 10:33:46,515 - Scraping log - scraper.py > get_service_info(): Line 308 - WARNING - sdt_01_04_md_sit_bf_bien_fonds: GetMap request is blocked for this layer
2025-11-12 10:33:47,129 - Scraping log - scraper.py > get_service_info(): Line 308 - WARNING - sdt_01_04_md_sit_bf_bien_fonds_proj: GetMap request is blocked for this layer
2025-11-12 10:33:47,750 - Scraping log - scraper.py > get_service_info(): Line 308 - WARNING - sdt_01_04_md_sit_bf_ddp: GetMap request is blocked for this layer
2025-11-12 10:33:48,373 - Scraping log - scraper.py > get_service_info(): Line 308 - WARNING - sdt_01_04_md_sit_bf_ddp_proj: GetMap request is blocked for this layer
2025-11-12 10:33:48,977 - Scraping log - scraper.py > get_service_info(): Line 308 - WARNING - sdt_01_04_md_sit_bf_posimmeuble_ligne_auxiliaire: GetMap request is blocked for this layer
2025-11-12 10:33:49,614 - Scraping log - scraper.py > get_service_info(): Line 308 - WARNING - sdt_01_04_md_sit_bf_posimmeuble_proj_ligne_aux: GetMap request is blocked for this layer
2025-11-12 10:33:50,235 - Scraping log - scraper.py > get_service_info(): Line 308 - WARNING - sdt_01_04_md_sit_bf_posimmeuble_1: GetMap request is blocked for this layer
2025-11-12 10:33:50,868 - Scraping log - scraper.py > get_service_info(): Line 308 - WARNING - sdt_01_04_md_sit_bf_posimmeuble_2: GetMap request is blocked for this layer
2025-11-12 10:33:51,475 - Scraping log - scraper.py > get_service_info(): Line 308 - WARNING - sdt_01_04_md_sit_bf_posimmeuble_proj_1: GetMap request is blocked for this layer
2025-11-12 10:33:52,081 - Scraping log - scraper.py > get_service_info(): Line 308 - WARNING - sdt_01_04_md_sit_bf_posimmeuble_proj_2: GetMap request is blocked for this layer
2025-11-12 10:33:52,690 - Scraping log - scraper.py > get_service_info(): Line 308 - WARNING - sdt_01_04_md_sit_objets_divers_ponctuel: GetMap request is blocked for this layer
2025-11-12 10:33:53,320 - Scraping log - scraper.py > get_service_info(): Line 308 - WARNING - sdt_01_04_md_sit_bf_points_limites: GetMap request is blocked for this layer
2025-11-12 10:33:53,946 - Scraping log - scraper.py > get_service_info(): Line 308 - WARNING - sdt_01_04_md_sit_nomenclature_noms_posnom_1: GetMap request is blocked for this layer
2025-11-12 10:33:54,587 - Scraping log - scraper.py > get_service_info(): Line 308 - WARNING - sdt_01_04_md_sit_adr_troncon_rue_gr_sdt_01_04: GetMap request is blocked for this layer
2025-11-12 10:33:55,277 - Scraping log - scraper.py > get_service_info(): Line 308 - WARNING - sdt_01_04_md_sit_nomenclature_noms_posnom_2: GetMap request is blocked for this layer
2025-11-12 10:33:55,918 - Scraping log - scraper.py > get_service_info(): Line 308 - WARNING - sdt_01_04_md_sit_nomenclature_noms_posnom: GetMap request is blocked for this layer
2025-11-12 10:33:58,778 - Scraping log - scraper.py > get_service_info(): Line 308 - WARNING - sdt_01_04_md_sit_cs_surface_batiment_seul: GetMap request is blocked for this layer
2025-11-12 10:33:59,440 - Scraping log - scraper.py > get_service_info(): Line 308 - WARNING - sdt_01_04_md_sit_adr_entree_batiment_seul: GetMap request is blocked for this layer
2025-11-12 10:34:00,048 - Scraping log - scraper.py > get_service_info(): Line 308 - WARNING - sdt_01_04_md_sit_cs_surface_batiments_proj_seul: GetMap request is blocked for this layer
2025-11-12 10:34:01,858 - Scraping log - scraper.py > get_service_info(): Line 308 - WARNING - sdt_01_04_md_sit_cs_numero_batiment_proj_seul: GetMap request is blocked for this layer
2025-11-12 10:34:02,465 - Scraping log - scraper.py > get_service_info(): Line 308 - WARNING - sdt_01_04_md_sit_adr_troncon_rue_1: GetMap request is blocked for this layer
2025-11-12 10:34:03,123 - Scraping log - scraper.py > get_service_info(): Line 308 - WARNING - sdt_01_04_md_sit_adr_troncon_rue_2: GetMap request is blocked for this layer
2025-11-12 10:34:03,740 - Scraping log - scraper.py > get_service_info(): Line 308 - WARNING - sdt_01_04_md_sit_as_element_lineaire: GetMap request is blocked for this layer
2025-11-12 10:34:04,451 - Scraping log - scraper.py > get_service_info(): Line 308 - WARNING - sdt_01_04_md_sit_as_element_surfacique: GetMap request is blocked for this layer
2025-11-12 10:34:05,064 - Scraping log - scraper.py > get_service_info(): Line 308 - WARNING - sdt_01_04_md_sit_bf_interrogation_accrochage: GetMap request is blocked for this layer
2025-11-12 10:34:05,684 - Scraping log - scraper.py > get_service_info(): Line 308 - WARNING - sdt_01_04_md_sit_bf_bien_fonds_accrochage: GetMap request is blocked for this layer
2025-11-12 10:34:06,312 - Scraping log - scraper.py > get_service_info(): Line 308 - WARNING - sdt_01_04_md_sit_bf_bien_fonds_proj_accrochage: GetMap request is blocked for this layer
2025-11-12 10:34:06,933 - Scraping log - scraper.py > get_service_info(): Line 308 - WARNING - sdt_01_04_md_sit_bf_ddp_accrochage: GetMap request is blocked for this layer
2025-11-12 10:34:07,553 - Scraping log - scraper.py > get_service_info(): Line 308 - WARNING - sdt_01_04_md_sit_bf_ddp_proj_accrochage: GetMap request is blocked for this layer
2025-11-12 10:34:08,186 - Scraping log - scraper.py > get_service_info(): Line 308 - WARNING - sdt_01_04_md_sit_objets_divers_polygones_accrochage_1: GetMap request is blocked for this layer
2025-11-12 10:34:08,796 - Scraping log - scraper.py > get_service_info(): Line 308 - WARNING - sdt_01_04_md_sit_objets_divers_lignes_accrochage: GetMap request is blocked for this layer
2025-11-12 10:34:09,417 - Scraping log - scraper.py > get_service_info(): Line 308 - WARNING - sdt_01_04_md_sit_objets_divers_polygones_accrochage_2: GetMap request is blocked for this layer
2025-11-12 10:34:10,040 - Scraping log - scraper.py > get_service_info(): Line 308 - WARNING - cad_cond_21_08_disponibilite_electricite_interrogation: GetMap request is blocked for this layer
2025-11-12 10:34:10,662 - Scraping log - scraper.py > get_service_info(): Line 308 - WARNING - cad_cond_21_08_disponibilite_electricite_Swissgrid: GetMap request is blocked for this layer
2025-11-12 10:34:11,281 - Scraping log - scraper.py > get_service_info(): Line 308 - WARNING - cad_cond_21_08_disponibilite_electricite_Soulce: GetMap request is blocked for this layer
2025-11-12 10:34:11,891 - Scraping log - scraper.py > get_service_info(): Line 308 - WARNING - cad_cond_21_08_disponibilite_electricite_Delemont: GetMap request is blocked for this layer
2025-11-12 10:34:12,499 - Scraping log - scraper.py > get_service_info(): Line 308 - WARNING - cad_cond_21_08_disponibilite_electricite_La_Goule: GetMap request is blocked for this layer
2025-11-12 10:34:13,126 - Scraping log - scraper.py > get_service_info(): Line 308 - WARNING - cad_cond_21_08_disponibilite_electricite_Develier: GetMap request is blocked for this layer
2025-11-12 10:34:13,765 - Scraping log - scraper.py > get_service_info(): Line 308 - WARNING - cad_cond_21_08_disponibilite_electricite_Courchapoix: GetMap request is blocked for this layer
2025-11-12 10:34:14,407 - Scraping log - scraper.py > get_service_info(): Line 308 - WARNING - cad_cond_21_08_disponibilite_electricite_BKW: GetMap request is blocked for this layer
2025-11-12 10:34:15,041 - Scraping log - scraper.py > get_service_info(): Line 308 - WARNING - swisstopo_11_01_siegfried_1945_raster: GetMap request is blocked for this layer
2025-11-12 10:34:15,670 - Scraping log - scraper.py > get_service_info(): Line 308 - WARNING - swisstopo_11_01_siegfried_1945_pas_data: GetMap request is blocked for this layer
2025-11-12 10:34:23,517 - Scraping log - scraper.py > get_service_info(): Line 308 - WARNING - swisstopo_11_02_cn10_2019: GetMap request is blocked for this layer
2025-11-12 10:34:26,544 - Scraping log - scraper.py > get_service_info(): Line 308 - WARNING - swisstopo_11_02_cn10_2023: GetMap request is blocked for this layer
2025-11-12 10:34:37,881 - Scraping log - scraper.py > get_service_info(): Line 308 - WARNING - occ_01_16_perimetres_plans_cadastraux_1800_1829_fusion: GetMap request is blocked for this layer
2025-11-12 10:34:39,040 - Scraping log - scraper.py > get_service_info(): Line 308 - WARNING - occ_01_16_perimetres_plans_cadastraux_1830_1859_fusion: GetMap request is blocked for this layer
2025-11-12 10:34:40,156 - Scraping log - scraper.py > get_service_info(): Line 308 - WARNING - occ_01_16_perimetres_plans_cadastraux_1860_1879_fusion: GetMap request is blocked for this layer
2025-11-12 10:34:42,588 - Scraping log - scraper.py > get_service_info(): Line 308 - WARNING - occ_01_16_perimetres_plans_cadastraux_1880_1899_fusion: GetMap request is blocked for this layer
2025-11-12 10:34:44,741 - Scraping log - scraper.py > get_service_info(): Line 308 - WARNING - occ_01_16_perimetres_plans_cadastraux_1900_1939_fusion: GetMap request is blocked for this layer
2025-11-12 10:34:45,354 - Scraping log - scraper.py > get_service_info(): Line 308 - WARNING - sdt_01_04_h_fond_blanc: GetMap request is blocked for this layer
2025-11-12 10:34:45,959 - Scraping log - scraper.py > get_service_info(): Line 308 - WARNING - sdt_01_04_h_bf_bien_fonds: GetMap request is blocked for this layer
2025-11-12 10:34:46,561 - Scraping log - scraper.py > get_service_info(): Line 308 - WARNING - sdt_01_04_h_bf_ddp: GetMap request is blocked for this layer
2025-11-12 10:34:47,169 - Scraping log - scraper.py > get_service_info(): Line 308 - WARNING - sdt_01_04_h_cs_surface: GetMap request is blocked for this layer
2025-11-12 10:34:47,793 - Scraping log - scraper.py > get_service_info(): Line 308 - WARNING - sdt_01_04_h_objets_divers_polygones_1: GetMap request is blocked for this layer
2025-11-12 10:34:48,409 - Scraping log - scraper.py > get_service_info(): Line 308 - WARNING - sdt_01_04_h_objets_divers_lignes: GetMap request is blocked for this layer
2025-11-12 10:34:49,019 - Scraping log - scraper.py > get_service_info(): Line 308 - WARNING - sdt_01_04_h_objets_divers_polygones_2: GetMap request is blocked for this layer
2025-11-12 10:34:49,614 - Scraping log - scraper.py > get_service_info(): Line 308 - WARNING - sdt_01_04_h_objets_divers_ponctuel: GetMap request is blocked for this layer
2025-11-12 10:34:50,229 - Scraping log - scraper.py > get_service_info(): Line 308 - WARNING - sdt_01_04_h_cs_surface_batiment: GetMap request is blocked for this layer
2025-11-12 10:34:50,869 - Scraping log - scraper.py > get_service_info(): Line 308 - WARNING - sdt_01_04_h_bf_points_limites: GetMap request is blocked for this layer
2025-11-12 10:34:51,489 - Scraping log - scraper.py > get_service_info(): Line 308 - WARNING - env_08_04_carte_indicative_dangers_effondrement_normal: GetMap request is blocked for this layer
2025-11-12 10:34:52,112 - Scraping log - scraper.py > get_service_info(): Line 308 - WARNING - env_08_04_carte_indicative_dangers_effondrement_simplifier: GetMap request is blocked for this layer
2025-11-12 10:34:52,725 - Scraping log - scraper.py > get_service_info(): Line 308 - WARNING - env_08_04_carte_indicative_dangers_effondrement_masque: GetMap request is blocked for this layer
2025-11-12 10:34:53,333 - Scraping log - scraper.py > get_service_info(): Line 308 - WARNING - env_08_07_cd_synthese_danger_interrogation: GetMap request is blocked for this layer
2025-11-12 10:34:53,943 - Scraping log - scraper.py > get_service_info(): Line 308 - WARNING - env_08_07_cd_synthese_danger_interrogation_simplifier: GetMap request is blocked for this layer
2025-11-12 10:34:54,556 - Scraping log - scraper.py > get_service_info(): Line 308 - WARNING - env_08_07_cd_synthese_danger_secteur_indication_dangers: GetMap request is blocked for this layer
2025-11-12 10:34:55,200 - Scraping log - scraper.py > get_service_info(): Line 308 - WARNING - env_08_07_cd_synthese_danger_secteur_indication_dangers_simplifier: GetMap request is blocked for this layer
2025-11-12 10:34:55,813 - Scraping log - scraper.py > get_service_info(): Line 308 - WARNING - env_08_07_cd_synthese_danger_residuel: GetMap request is blocked for this layer
2025-11-12 10:34:56,462 - Scraping log - scraper.py > get_service_info(): Line 308 - WARNING - env_08_07_cd_synthese_danger_residuel_simplifier: GetMap request is blocked for this layer
2025-11-12 10:34:57,114 - Scraping log - scraper.py > get_service_info(): Line 308 - WARNING - env_08_07_cd_synthese_danger_faible: GetMap request is blocked for this layer
2025-11-12 10:34:57,754 - Scraping log - scraper.py > get_service_info(): Line 308 - WARNING - env_08_07_cd_synthese_danger_faible_simplifier: GetMap request is blocked for this layer
2025-11-12 10:34:58,364 - Scraping log - scraper.py > get_service_info(): Line 308 - WARNING - env_08_07_cd_synthese_danger_moyen: GetMap request is blocked for this layer
2025-11-12 10:34:58,994 - Scraping log - scraper.py > get_service_info(): Line 308 - WARNING - env_08_07_cd_synthese_danger_moyen_simplifier: GetMap request is blocked for this layer
2025-11-12 10:34:59,594 - Scraping log - scraper.py > get_service_info(): Line 308 - WARNING - Cenv_08_07_cd_synthese_danger_eleve: GetMap request is blocked for this layer
2025-11-12 10:35:00,207 - Scraping log - scraper.py > get_service_info(): Line 308 - WARNING - env_08_07_cd_synthese_danger_eleve_simplifier: GetMap request is blocked for this layer
2025-11-12 10:35:00,824 - Scraping log - scraper.py > get_service_info(): Line 308 - WARNING - env_08_07_cd_synthese_danger_masque: GetMap request is blocked for this layer
2025-11-12 10:35:01,446 - Scraping log - scraper.py > get_service_info(): Line 308 - WARNING - env_08_02_cd_f_danger_chp_interrogation: GetMap request is blocked for this layer
2025-11-12 10:35:04,320 - Scraping log - scraper.py > get_service_info(): Line 308 - WARNING - env_08_02_cd_f_danger_chp_interrogation_simplifier: GetMap request is blocked for this layer
2025-11-12 10:35:07,958 - Scraping log - scraper.py > get_service_info(): Line 308 - WARNING - env_08_02_cd_f_danger_chp_indicative: GetMap request is blocked for this layer
2025-11-12 10:35:08,582 - Scraping log - scraper.py > get_service_info(): Line 308 - WARNING - env_08_02_cd_f_danger_chp_indicative_simplifier: GetMap request is blocked for this layer
2025-11-12 10:35:09,194 - Scraping log - scraper.py > get_service_info(): Line 308 - WARNING - env_08_02_cd_f_danger_chp_residuel: GetMap request is blocked for this layer
2025-11-12 10:35:09,844 - Scraping log - scraper.py > get_service_info(): Line 308 - WARNING - env_08_02_cd_f_danger_chp_residuel_simplifier: GetMap request is blocked for this layer
2025-11-12 10:35:10,502 - Scraping log - scraper.py > get_service_info(): Line 308 - WARNING - env_08_02_cd_f_danger_chp_faible: GetMap request is blocked for this layer
2025-11-12 10:35:11,118 - Scraping log - scraper.py > get_service_info(): Line 308 - WARNING - env_08_02_cd_f_danger_chp_faible_simplifier: GetMap request is blocked for this layer
2025-11-12 10:35:12,766 - Scraping log - scraper.py > get_service_info(): Line 308 - WARNING - env_08_02_cd_f_danger_chp_moyen: GetMap request is blocked for this layer
2025-11-12 10:35:13,412 - Scraping log - scraper.py > get_service_info(): Line 308 - WARNING - env_08_02_cd_f_danger_chp_moyen_simplifier: GetMap request is blocked for this layer
2025-11-12 10:35:14,025 - Scraping log - scraper.py > get_service_info(): Line 308 - WARNING - env_08_02_cd_f_danger_chp_eleve: GetMap request is blocked for this layer
2025-11-12 10:35:14,635 - Scraping log - scraper.py > get_service_info(): Line 308 - WARNING - env_08_02_cd_f_danger_chp_eleve_simplifier: GetMap request is blocked for this layer
2025-11-12 10:35:15,251 - Scraping log - scraper.py > get_service_info(): Line 308 - WARNING - env_08_02_cd_f_danger_chp_masque: GetMap request is blocked for this layer
2025-11-12 10:35:15,856 - Scraping log - scraper.py > get_service_info(): Line 308 - WARNING - env_08_02_cd_f_danger_ero_interrogation: GetMap request is blocked for this layer
2025-11-12 10:35:16,478 - Scraping log - scraper.py > get_service_info(): Line 308 - WARNING - env_08_02_cd_f_danger_ero_interrogation_simplifier: GetMap request is blocked for this layer
2025-11-12 10:35:17,113 - Scraping log - scraper.py > get_service_info(): Line 308 - WARNING - env_08_02_cd_f_danger_ero_indicative: GetMap request is blocked for this layer
2025-11-12 10:35:17,721 - Scraping log - scraper.py > get_service_info(): Line 308 - WARNING - env_08_02_cd_f_danger_ero_indicative_simplifier: GetMap request is blocked for this layer
2025-11-12 10:35:18,334 - Scraping log - scraper.py > get_service_info(): Line 308 - WARNING - env_08_02_cd_f_danger_ero_residuel: GetMap request is blocked for this layer
2025-11-12 10:35:20,097 - Scraping log - scraper.py > get_service_info(): Line 308 - WARNING - env_08_02_cd_f_danger_ero_residuel_simplifier: GetMap request is blocked for this layer
2025-11-12 10:35:23,182 - Scraping log - scraper.py > get_service_info(): Line 308 - WARNING - env_08_02_cd_f_danger_ero_faible: GetMap request is blocked for this layer
2025-11-12 10:35:23,800 - Scraping log - scraper.py > get_service_info(): Line 308 - WARNING - env_08_02_cd_f_danger_ero_faible_simplifier: GetMap request is blocked for this layer
2025-11-12 10:35:24,426 - Scraping log - scraper.py > get_service_info(): Line 308 - WARNING - env_08_02_cd_f_danger_ero_moyen: GetMap request is blocked for this layer
2025-11-12 10:35:25,038 - Scraping log - scraper.py > get_service_info(): Line 308 - WARNING - env_08_02_cd_f_danger_ero_moyen_simplifier: GetMap request is blocked for this layer
2025-11-12 10:35:25,636 - Scraping log - scraper.py > get_service_info(): Line 308 - WARNING - env_08_02_cd_f_danger_ero_eleve: GetMap request is blocked for this layer
2025-11-12 10:35:26,302 - Scraping log - scraper.py > get_service_info(): Line 308 - WARNING - env_08_02_cd_f_danger_ero_eleve_simplifier: GetMap request is blocked for this layer
2025-11-12 10:35:26,941 - Scraping log - scraper.py > get_service_info(): Line 308 - WARNING - env_08_02_cd_f_danger_ero_masque: GetMap request is blocked for this layer
2025-11-12 10:35:27,546 - Scraping log - scraper.py > get_service_info(): Line 308 - WARNING - env_08_02_cd_f_danger_glp_interrogation: GetMap request is blocked for this layer
2025-11-12 10:35:28,164 - Scraping log - scraper.py > get_service_info(): Line 308 - WARNING - env_08_02_cd_f_danger_glp_interrogation_simplifier: GetMap request is blocked for this layer
2025-11-12 10:35:28,770 - Scraping log - scraper.py > get_service_info(): Line 308 - WARNING - env_08_02_cd_f_danger_glp_indicative: GetMap request is blocked for this layer
2025-11-12 10:35:29,401 - Scraping log - scraper.py > get_service_info(): Line 308 - WARNING - env_08_02_cd_f_danger_glp_indicative_simplifier: GetMap request is blocked for this layer
2025-11-12 10:35:30,036 - Scraping log - scraper.py > get_service_info(): Line 308 - WARNING - env_08_02_cd_f_danger_glp_residuel: GetMap request is blocked for this layer
2025-11-12 10:35:30,650 - Scraping log - scraper.py > get_service_info(): Line 308 - WARNING - env_08_02_cd_f_danger_glp_residuel_simplifier: GetMap request is blocked for this layer
2025-11-12 10:35:31,282 - Scraping log - scraper.py > get_service_info(): Line 308 - WARNING - env_08_02_cd_f_danger_glp_faible: GetMap request is blocked for this layer
2025-11-12 10:35:33,900 - Scraping log - scraper.py > get_service_info(): Line 308 - WARNING - env_08_02_cd_f_danger_glp_faible_simplifier: GetMap request is blocked for this layer
2025-11-12 10:35:34,516 - Scraping log - scraper.py > get_service_info(): Line 308 - WARNING - env_08_02_cd_f_danger_glp_moyen: GetMap request is blocked for this layer
2025-11-12 10:35:36,422 - Scraping log - scraper.py > get_service_info(): Line 308 - WARNING - env_08_02_cd_f_danger_glp_moyen_simplifier: GetMap request is blocked for this layer
2025-11-12 10:35:40,179 - Scraping log - scraper.py > get_service_info(): Line 308 - WARNING - env_08_02_cd_f_danger_glp_eleve: GetMap request is blocked for this layer
2025-11-12 10:35:40,989 - Scraping log - scraper.py > get_service_info(): Line 308 - WARNING - env_08_02_cd_f_danger_glp_eleve_simplifier: GetMap request is blocked for this layer
2025-11-12 10:35:41,722 - Scraping log - scraper.py > get_service_info(): Line 308 - WARNING - env_08_02_cd_f_danger_glp_masque: GetMap request is blocked for this layer
2025-11-12 10:35:42,443 - Scraping log - scraper.py > get_service_info(): Line 308 - WARNING - env_08_02_cd_f_danger_gls_interrogation: GetMap request is blocked for this layer
2025-11-12 10:35:43,107 - Scraping log - scraper.py > get_service_info(): Line 308 - WARNING - env_08_02_cd_f_danger_gls_interrogation_simplifier: GetMap request is blocked for this layer
2025-11-12 10:35:52,795 - Scraping log - scraper.py > get_service_info(): Line 308 - WARNING - Cenv_08_02_cd_f_danger_gls_indicative: GetMap request is blocked for this layer
2025-11-12 10:35:53,454 - Scraping log - scraper.py > get_service_info(): Line 308 - WARNING - Cenv_08_02_cd_f_danger_gls_indicative_simplifier: GetMap request is blocked for this layer
2025-11-12 10:35:54,064 - Scraping log - scraper.py > get_service_info(): Line 308 - WARNING - env_08_02_cd_f_danger_gls_residuel: GetMap request is blocked for this layer
2025-11-12 10:35:54,678 - Scraping log - scraper.py > get_service_info(): Line 308 - WARNING - env_08_02_cd_f_danger_gls_residuel_simplifier: GetMap request is blocked for this layer
2025-11-12 10:35:55,361 - Scraping log - scraper.py > get_service_info(): Line 308 - WARNING - env_08_02_cd_f_danger_gls_faible: GetMap request is blocked for this layer
2025-11-12 10:35:55,989 - Scraping log - scraper.py > get_service_info(): Line 308 - WARNING - env_08_02_cd_f_danger_gls_faible_simplifier: GetMap request is blocked for this layer
2025-11-12 10:35:56,606 - Scraping log - scraper.py > get_service_info(): Line 308 - WARNING - env_08_02_cd_f_danger_gls_moyen: GetMap request is blocked for this layer
2025-11-12 10:35:57,235 - Scraping log - scraper.py > get_service_info(): Line 308 - WARNING - env_08_02_cd_f_danger_gls_moyen_simplifier: GetMap request is blocked for this layer
2025-11-12 10:35:57,845 - Scraping log - scraper.py > get_service_info(): Line 308 - WARNING - env_08_02_cd_f_danger_gls_eleve: GetMap request is blocked for this layer
2025-11-12 10:35:58,444 - Scraping log - scraper.py > get_service_info(): Line 308 - WARNING - Cenv_08_02_cd_f_danger_gls_eleve_simplifier: GetMap request is blocked for this layer
2025-11-12 10:35:59,087 - Scraping log - scraper.py > get_service_info(): Line 308 - WARNING - env_08_02_cd_f_danger_gls_masque: GetMap request is blocked for this layer
2025-11-12 10:35:59,786 - Scraping log - scraper.py > get_service_info(): Line 308 - WARNING - env_08_02_cd_f_danger_ino_interrogation: GetMap request is blocked for this layer
2025-11-12 10:36:00,395 - Scraping log - scraper.py > get_service_info(): Line 308 - WARNING - env_08_02_cd_f_danger_ino_interrogation_simplifier: GetMap request is blocked for this layer
2025-11-12 10:36:01,003 - Scraping log - scraper.py > get_service_info(): Line 308 - WARNING - env_08_02_cd_f_danger_ino_indicative: GetMap request is blocked for this layer
2025-11-12 10:36:01,616 - Scraping log - scraper.py > get_service_info(): Line 308 - WARNING - env_08_02_cd_f_danger_ino_indicative_simplifier: GetMap request is blocked for this layer
2025-11-12 10:36:02,420 - Scraping log - scraper.py > get_service_info(): Line 308 - WARNING - env_08_02_cd_f_danger_ino_residuel: GetMap request is blocked for this layer
2025-11-12 10:36:03,069 - Scraping log - scraper.py > get_service_info(): Line 308 - WARNING - env_08_02_cd_f_danger_ino_residuel_simplifier: GetMap request is blocked for this layer
2025-11-12 10:36:03,676 - Scraping log - scraper.py > get_service_info(): Line 308 - WARNING - env_08_02_cd_f_danger_ino_faible: GetMap request is blocked for this layer
2025-11-12 10:36:05,367 - Scraping log - scraper.py > get_service_info(): Line 308 - WARNING - env_08_02_cd_f_danger_ino_faible_simplifier: GetMap request is blocked for this layer
2025-11-12 10:36:05,973 - Scraping log - scraper.py > get_service_info(): Line 308 - WARNING - env_08_02_cd_f_danger_ino_moyen: GetMap request is blocked for this layer
2025-11-12 10:36:07,715 - Scraping log - scraper.py > get_service_info(): Line 308 - WARNING - env_08_02_cd_f_danger_ino_moyen_simplifier: GetMap request is blocked for this layer
2025-11-12 10:36:08,338 - Scraping log - scraper.py > get_service_info(): Line 308 - WARNING - env_08_02_cd_f_danger_ino_eleve: GetMap request is blocked for this layer
2025-11-12 10:36:08,953 - Scraping log - scraper.py > get_service_info(): Line 308 - WARNING - env_08_02_cd_f_danger_ino_eleve_simplifier: GetMap request is blocked for this layer
2025-11-12 10:36:09,668 - Scraping log - scraper.py > get_service_info(): Line 308 - WARNING - env_08_02_cd_f_danger_ino_masque: GetMap request is blocked for this layer
2025-11-12 10:36:10,298 - Scraping log - scraper.py > get_service_info(): Line 308 - WARNING - ofev_08_08_carte_alea_ruissellement_normal: GetMap request is blocked for this layer
2025-11-12 10:36:11,075 - Scraping log - scraper.py > get_service_info(): Line 308 - WARNING - ofev_08_08_carte_alea_ruissellement_simplifier: GetMap request is blocked for this layer
2025-11-12 10:36:11,696 - Scraping log - scraper.py > get_service_info(): Line 308 - WARNING - ofev_08_08_carte_alea_ruissellement_masque: GetMap request is blocked for this layer
2025-11-12 10:36:12,343 - Scraping log - scraper.py > get_service_info(): Line 308 - WARNING - env_21_17_cad_ouvrages_routiers_protection_dn_poly: GetMap request is blocked for this layer
2025-11-12 10:36:12,972 - Scraping log - scraper.py > get_service_info(): Line 308 - WARNING - env_21_17_cad_ouvrages_routiers_protection_dn_ligne: GetMap request is blocked for this layer
2025-11-12 10:36:13,564 - Scraping log - scraper.py > get_service_info(): Line 308 - WARNING - env_21_17_cad_ouvrages_routiers_protection_dn_point: GetMap request is blocked for this layer
2025-11-12 10:36:14,162 - Scraping log - scraper.py > get_service_info(): Line 308 - WARNING - env_15_12_strategie_hydroelectrique_ju: GetMap request is blocked for this layer
2025-11-12 10:36:14,880 - Scraping log - scraper.py > get_service_info(): Line 308 - WARNING - env_15_12_points_en_exploitation: GetMap request is blocked for this layer
2025-11-12 10:36:15,485 - Scraping log - scraper.py > get_service_info(): Line 308 - WARNING - sdt_15_06_sites_eoliens_potentiels_interrogation: GetMap request is blocked for this layer
2025-11-12 10:36:16,197 - Scraping log - scraper.py > get_service_info(): Line 308 - WARNING - sdt_15_06_sites_eoliens_potentiels_coordination: GetMap request is blocked for this layer
2025-11-12 10:36:16,907 - Scraping log - scraper.py > get_service_info(): Line 308 - WARNING - sdt_15_06_sites_eoliens_potentiels_projet_modele: GetMap request is blocked for this layer
2025-11-12 10:36:17,643 - Scraping log - scraper.py > get_service_info(): Line 308 - WARNING - env_03_05_nature_forestiere_indicative_geom_normal: GetMap request is blocked for this layer
2025-11-12 10:36:18,247 - Scraping log - scraper.py > get_service_info(): Line 308 - WARNING - env_03_05_nature_forestiere_indicative_geom_simplifier: GetMap request is blocked for this layer
2025-11-12 10:36:18,863 - Scraping log - scraper.py > get_service_info(): Line 308 - WARNING - env_03_29_prediction_etat_sante_hetre_2022_1: GetMap request is blocked for this layer
2025-11-12 10:36:19,583 - Scraping log - scraper.py > get_service_info(): Line 308 - WARNING - env_03_29_prediction_etat_sante_hetre_2022_2: GetMap request is blocked for this layer
2025-11-12 10:36:20,184 - Scraping log - scraper.py > get_service_info(): Line 308 - WARNING - swisstopo_18_04_cartes_geologiques_metainfos: GetMap request is blocked for this layer
2025-11-12 10:36:28,059 - Scraping log - scraper.py > get_service_info(): Line 308 - WARNING - env_18_03_geothermie_limitation_forages_sondes_geothermiques_original: GetMap request is blocked for this layer
2025-11-12 10:36:28,667 - Scraping log - scraper.py > get_service_info(): Line 308 - WARNING - env_18_03_geothermie_limitation_forages_sondes_geothermiques_1: GetMap request is blocked for this layer
2025-11-12 10:36:29,271 - Scraping log - scraper.py > get_service_info(): Line 308 - WARNING - env_18_03_geothermie_limitation_forages_sondes_geothermiques_2: GetMap request is blocked for this layer
2025-11-12 10:36:29,878 - Scraping log - scraper.py > get_service_info(): Line 308 - WARNING - env_18_01_geotopes_geomorphologiques_polygone_interrogation: GetMap request is blocked for this layer
2025-11-12 10:36:30,488 - Scraping log - scraper.py > get_service_info(): Line 308 - WARNING - env_18_01_geotopes_geomorphologiques_polygone_combe_anticlinal_1: GetMap request is blocked for this layer
2025-11-12 10:36:31,103 - Scraping log - scraper.py > get_service_info(): Line 308 - WARNING - env_18_01_geotopes_geomorphologiques_polygone_combe_anticlinal_2: GetMap request is blocked for this layer
2025-11-12 10:36:33,285 - Scraping log - scraper.py > get_service_info(): Line 308 - WARNING - env_18_01_geotopes_geomorphologiques_polygone_polje: GetMap request is blocked for this layer
2025-11-12 10:36:34,248 - Scraping log - scraper.py > get_service_info(): Line 308 - WARNING - env_18_01_geotopes_geomorphologiques_polygone_alignement_doline: GetMap request is blocked for this layer
2025-11-12 10:36:34,922 - Scraping log - scraper.py > get_service_info(): Line 308 - WARNING - env_18_01_geotopes_geomorphologiques_polygone_glissement_terrain: GetMap request is blocked for this layer
2025-11-12 10:36:35,544 - Scraping log - scraper.py > get_service_info(): Line 308 - WARNING - env_18_01_geotopes_geomorphologiques_polygone_tourbiere: GetMap request is blocked for this layer
2025-11-12 10:36:36,159 - Scraping log - scraper.py > get_service_info(): Line 308 - WARNING - env_18_01_geotopes_geomorphologiques_polygone_vallee: GetMap request is blocked for this layer
2025-11-12 10:36:36,795 - Scraping log - scraper.py > get_service_info(): Line 308 - WARNING - env_18_01_geotopes_geomorphologiques_polygone_zone_alluviale: GetMap request is blocked for this layer
2025-11-12 10:36:37,399 - Scraping log - scraper.py > get_service_info(): Line 308 - WARNING - env_18_01_geotopes_geomorphologiques_polygone_zone_humide: GetMap request is blocked for this layer
2025-11-12 10:36:38,016 - Scraping log - scraper.py > get_service_info(): Line 308 - WARNING - env_18_01_geotopes_geomorphologiques_polygone_anticlinal_1: GetMap request is blocked for this layer
2025-11-12 10:36:38,622 - Scraping log - scraper.py > get_service_info(): Line 308 - WARNING - env_18_01_geotopes_geomorphologiques_polygone_anticlinal_2: GetMap request is blocked for this layer
2025-11-12 10:36:39,336 - Scraping log - scraper.py > get_service_info(): Line 308 - WARNING - env_18_01_geotopes_geomorphologiques_polygone_butte_temoin_1: GetMap request is blocked for this layer
2025-11-12 10:36:39,952 - Scraping log - scraper.py > get_service_info(): Line 308 - WARNING - env_18_01_geotopes_geomorphologiques_polygone_butte_temoin_2: GetMap request is blocked for this layer
2025-11-12 10:36:40,547 - Scraping log - scraper.py > get_service_info(): Line 308 - WARNING - env_18_01_geotopes_geomorphologiques_polygone_cluse_1: GetMap request is blocked for this layer
2025-11-12 10:36:41,294 - Scraping log - scraper.py > get_service_info(): Line 308 - WARNING - env_18_01_geotopes_geomorphologiques_polygone_cluse_2: GetMap request is blocked for this layer
2025-11-12 10:36:41,921 - Scraping log - scraper.py > get_service_info(): Line 308 - WARNING - env_18_01_geotopes_geomorphologiques_polygone_combe_lateral: GetMap request is blocked for this layer
2025-11-12 10:36:42,532 - Scraping log - scraper.py > get_service_info(): Line 308 - WARNING - env_18_01_geotopes_geomorphologiques_polygone_cone_dejection: GetMap request is blocked for this layer
2025-11-12 10:36:43,294 - Scraping log - scraper.py > get_service_info(): Line 308 - WARNING - env_18_01_geotopes_geomorphologiques_polygone_cret: GetMap request is blocked for this layer
2025-11-12 10:36:43,933 - Scraping log - scraper.py > get_service_info(): Line 308 - WARNING - env_18_01_geotopes_geomorphologiques_polygone_decoiffement_1: GetMap request is blocked for this layer
2025-11-12 10:36:44,521 - Scraping log - scraper.py > get_service_info(): Line 308 - WARNING - env_18_01_geotopes_geomorphologiques_polygone_decoiffement_2: GetMap request is blocked for this layer
2025-11-12 10:36:45,240 - Scraping log - scraper.py > get_service_info(): Line 308 - WARNING - env_18_01_geotopes_geomorphologiques_polygone_mont_derive: GetMap request is blocked for this layer
2025-11-12 10:36:47,877 - Scraping log - scraper.py > get_service_info(): Line 308 - WARNING - env_18_01_geotopes_geomorphologiques_polygone_ouvala_1: GetMap request is blocked for this layer
2025-11-12 10:36:49,498 - Scraping log - scraper.py > get_service_info(): Line 308 - WARNING - env_18_01_geotopes_geomorphologiques_polygone_ouvala_2: GetMap request is blocked for this layer
2025-11-12 10:36:50,120 - Scraping log - scraper.py > get_service_info(): Line 308 - WARNING - env_18_01_geotopes_geomorphologiques_polygone_synclinal_perche_1: GetMap request is blocked for this layer
2025-11-12 10:36:50,721 - Scraping log - scraper.py > get_service_info(): Line 308 - WARNING - env_18_01_geotopes_geomorphologiques_polygone_synclinal_perche_2: GetMap request is blocked for this layer
2025-11-12 10:36:51,432 - Scraping log - scraper.py > get_service_info(): Line 308 - WARNING - env_18_01_geotopes_geomorphologiques_polygone_vallee_seche_1: GetMap request is blocked for this layer
2025-11-12 10:36:54,152 - Scraping log - scraper.py > get_service_info(): Line 308 - WARNING - env_18_01_geotopes_geomorphologiques_polygone_vallee_seche_2: GetMap request is blocked for this layer
2025-11-12 10:36:55,636 - Scraping log - scraper.py > get_service_info(): Line 308 - WARNING - env_18_01_geotopes_geomorphologiques_polygone_versant_monoclinal_1: GetMap request is blocked for this layer
2025-11-12 10:36:56,357 - Scraping log - scraper.py > get_service_info(): Line 308 - WARNING - env_18_01_geotopes_geomorphologiques_polygone_versant_monoclinal_2: GetMap request is blocked for this layer
2025-11-12 10:36:57,065 - Scraping log - scraper.py > get_service_info(): Line 308 - WARNING - env_04_01_reserves_naturelles_zones_protection_paysagere_Interrogation: GetMap request is blocked for this layer
2025-11-12 10:36:57,750 - Scraping log - scraper.py > get_service_info(): Line 308 - WARNING - env_04_01_reserves_naturelles_en_vigeur: GetMap request is blocked for this layer
2025-11-12 10:36:58,934 - Scraping log - scraper.py > get_service_info(): Line 308 - WARNING - env_04_01_zone_protection_paysagere_en_vigeur: GetMap request is blocked for this layer
2025-11-12 10:36:59,542 - Scraping log - scraper.py > get_service_info(): Line 308 - WARNING - env_04_01_reserves_naturelles_modification_avec_effet_juridique: GetMap request is blocked for this layer
2025-11-12 10:37:00,220 - Scraping log - scraper.py > get_service_info(): Line 308 - WARNING - env_04_01_zones_protection_paysagere_modification_sans_effet_juridique: GetMap request is blocked for this layer
2025-11-12 10:37:00,842 - Scraping log - scraper.py > get_service_info(): Line 308 - WARNING - env_04_01_reserves_naturelles_modification_sans_effet_juridique: GetMap request is blocked for this layer
2025-11-12 10:37:01,557 - Scraping log - scraper.py > get_service_info(): Line 308 - WARNING - env_04_01_zones_protection_paysagere_modification_avec_effet_juridique: GetMap request is blocked for this layer
2025-11-12 10:37:02,172 - Scraping log - scraper.py > get_service_info(): Line 308 - WARNING - env_04_27_neophytes_point_ambroisie_interrogation: GetMap request is blocked for this layer
2025-11-12 10:37:02,775 - Scraping log - scraper.py > get_service_info(): Line 308 - WARNING - env_04_27_neophytes_ambroisie_point: GetMap request is blocked for this layer
2025-11-12 10:37:03,491 - Scraping log - scraper.py > get_service_info(): Line 308 - WARNING - env_04_27_neophytes_poly_ambroisie: GetMap request is blocked for this layer
2025-11-12 10:37:06,235 - Scraping log - scraper.py > get_service_info(): Line 308 - WARNING - env_04_27_neophytes_ailante_interrogation: GetMap request is blocked for this layer
2025-11-12 10:37:06,864 - Scraping log - scraper.py > get_service_info(): Line 308 - WARNING - env_04_27_neophytes_ailante_ailante_point: GetMap request is blocked for this layer
2025-11-12 10:37:07,618 - Scraping log - scraper.py > get_service_info(): Line 308 - WARNING - env_04_27_neophytes_ailante_poly: GetMap request is blocked for this layer
2025-11-12 10:37:08,400 - Scraping log - scraper.py > get_service_info(): Line 308 - WARNING - env_04_27_neophytes_berce_caucase_interrogation: GetMap request is blocked for this layer
2025-11-12 10:37:10,018 - Scraping log - scraper.py > get_service_info(): Line 308 - WARNING - env_04_27_neophytes_berce_caucase_point: GetMap request is blocked for this layer
2025-11-12 10:37:10,754 - Scraping log - scraper.py > get_service_info(): Line 308 - WARNING - env_04_27_neophytes_berce_caucase_poly: GetMap request is blocked for this layer
2025-11-12 10:37:11,358 - Scraping log - scraper.py > get_service_info(): Line 308 - WARNING - env_04_27_neophytes_impatiente_glanduleuse_interrogation: GetMap request is blocked for this layer
2025-11-12 10:37:11,976 - Scraping log - scraper.py > get_service_info(): Line 308 - WARNING - env_04_27_neophytes_impatiente_glanduleuse_point: GetMap request is blocked for this layer
2025-11-12 10:37:12,744 - Scraping log - scraper.py > get_service_info(): Line 308 - WARNING - env_04_27_neophytes_impatiente_glanduleuse_poly: GetMap request is blocked for this layer
2025-11-12 10:37:13,353 - Scraping log - scraper.py > get_service_info(): Line 308 - WARNING - env_04_27_neophyte_renouee_exotique_interrogation: GetMap request is blocked for this layer
2025-11-12 10:37:13,978 - Scraping log - scraper.py > get_service_info(): Line 308 - WARNING - env_04_27_neophyte_renouee_exotique_point: GetMap request is blocked for this layer
2025-11-12 10:37:14,690 - Scraping log - scraper.py > get_service_info(): Line 308 - WARNING - env_04_27_neophyte_renouee_exotique_poly: GetMap request is blocked for this layer
2025-11-12 10:37:15,413 - Scraping log - scraper.py > get_service_info(): Line 308 - WARNING - env_04_27_neophytes_solidage_canada_interrogation: GetMap request is blocked for this layer
2025-11-12 10:37:17,270 - Scraping log - scraper.py > get_service_info(): Line 308 - WARNING - env_04_27_neophytes_solidage_canada_point: GetMap request is blocked for this layer
2025-11-12 10:37:17,989 - Scraping log - scraper.py > get_service_info(): Line 308 - WARNING - env_04_27_neophytes_solidage_canada_poly: GetMap request is blocked for this layer
2025-11-12 10:37:18,706 - Scraping log - scraper.py > get_service_info(): Line 308 - WARNING - env_06_02_ecomorphologie_troncon_1: GetMap request is blocked for this layer
2025-11-12 10:37:19,321 - Scraping log - scraper.py > get_service_info(): Line 308 - WARNING - env_06_02_ecomorphologie_troncon_2: GetMap request is blocked for this layer
2025-11-12 10:37:19,934 - Scraping log - scraper.py > get_service_info(): Line 308 - WARNING - env_06_02_ecomorphologie_photos_interrogation: GetMap request is blocked for this layer
2025-11-12 10:37:20,795 - Scraping log - scraper.py > get_service_info(): Line 308 - WARNING - env_06_02_ecomorphologie_photos_points: GetMap request is blocked for this layer
2025-11-12 10:37:21,415 - Scraping log - scraper.py > get_service_info(): Line 308 - WARNING - sdt_04_21_inventaire_arbres_sur_tiges_interrogation: GetMap request is blocked for this layer
2025-11-12 10:37:22,044 - Scraping log - scraper.py > get_service_info(): Line 308 - WARNING - sdt_04_21_inventaire_arbres_sur_tiges_points: GetMap request is blocked for this layer
2025-11-12 10:37:22,684 - Scraping log - scraper.py > get_service_info(): Line 308 - WARNING - env_04_32_40ans_40_chenes_interrogation: GetMap request is blocked for this layer
2025-11-12 10:37:23,344 - Scraping log - scraper.py > get_service_info(): Line 308 - WARNING - env_04_32_40ans_40_chenes_point: GetMap request is blocked for this layer
2025-11-12 10:37:23,966 - Scraping log - scraper.py > get_service_info(): Line 308 - WARNING - sdt_10_14_thalweg_2022_normal: GetMap request is blocked for this layer
2025-11-12 10:37:24,577 - Scraping log - scraper.py > get_service_info(): Line 308 - WARNING - sdt_10_14_thalweg_2022_simplifier_1: GetMap request is blocked for this layer
2025-11-12 10:37:25,177 - Scraping log - scraper.py > get_service_info(): Line 308 - WARNING - sdt_10_14_thalweg_2022_simplifier_2: GetMap request is blocked for this layer
2025-11-12 10:37:25,833 - Scraping log - scraper.py > get_service_info(): Line 308 - WARNING - env_04_43_arbres_haies_bosquets_forets_1: GetMap request is blocked for this layer
2025-11-12 10:37:26,436 - Scraping log - scraper.py > get_service_info(): Line 308 - WARNING - env_04_43_arbres_haies_bosquets_forets_2: GetMap request is blocked for this layer
2025-11-12 10:37:28,068 - Scraping log - scraper.py > get_service_info(): Line 308 - WARNING - sdt_02_15_isos_poly: GetMap request is blocked for this layer
2025-11-12 10:37:28,678 - Scraping log - scraper.py > get_service_info(): Line 308 - WARNING - sdt_02_15_isos_masque_limite_echelle: GetMap request is blocked for this layer
2025-11-12 10:37:29,298 - Scraping log - scraper.py > get_service_info(): Line 308 - WARNING - occ_21_11_icomos_recensement_parcs_jardins_historiques_interrogation: GetMap request is blocked for this layer
2025-11-12 10:37:29,923 - Scraping log - scraper.py > get_service_info(): Line 308 - WARNING - occ_21_11_icomos_recensement_parcs_jardins_historiques_cluster: GetMap request is blocked for this layer
2025-11-12 10:37:30,520 - Scraping log - scraper.py > get_service_info(): Line 308 - WARNING - occ_02_14_rbc_interrogation: GetMap request is blocked for this layer
2025-11-12 10:37:31,177 - Scraping log - scraper.py > get_service_info(): Line 308 - WARNING - occ_02_14_rbc_cluster: GetMap request is blocked for this layer
2025-11-12 10:37:31,796 - Scraping log - scraper.py > get_service_info(): Line 308 - WARNING - occ_02_14_rbc_point: GetMap request is blocked for this layer
2025-11-12 10:37:32,400 - Scraping log - scraper.py > get_service_info(): Line 308 - WARNING - occ_02_27_petit_patrimoine_ligne: GetMap request is blocked for this layer
2025-11-12 10:37:38,066 - Scraping log - scraper.py > get_service_info(): Line 308 - WARNING - occ_02_27_petit_patrimoine_point: GetMap request is blocked for this layer
2025-11-12 10:37:49,449 - Scraping log - scraper.py > get_service_info(): Line 308 - WARNING - sdt_11_07_ortho_2018_01_23_st_ursanne_copyright: GetMap request is blocked for this layer
2025-11-12 10:38:08,586 - Scraping log - scraper.py > get_service_info(): Line 308 - WARNING - sdt_09_05_gares_1: GetMap request is blocked for this layer
2025-11-12 10:38:09,190 - Scraping log - scraper.py > get_service_info(): Line 308 - WARNING - sdt_09_05_gares_2: GetMap request is blocked for this layer
2025-11-12 10:38:09,803 - Scraping log - scraper.py > get_service_info(): Line 308 - WARNING - sdt_09_07_arrets_de_bus_interrogation: GetMap request is blocked for this layer
2025-11-12 10:38:10,417 - Scraping log - scraper.py > get_service_info(): Line 308 - WARNING - sdt_09_07_arrets_de_bus_1: GetMap request is blocked for this layer
2025-11-12 10:38:11,016 - Scraping log - scraper.py > get_service_info(): Line 308 - WARNING - sdt_09_07_arrets_de_bus_2: GetMap request is blocked for this layer
2025-11-12 10:38:11,620 - Scraping log - scraper.py > get_service_info(): Line 308 - WARNING - sdt_09_07_arrets_de_bus_interrogation_nocturne: GetMap request is blocked for this layer
2025-11-12 10:38:12,240 - Scraping log - scraper.py > get_service_info(): Line 308 - WARNING - sdt_09_07_arrets_de_bus_1_nocturne: GetMap request is blocked for this layer
2025-11-12 10:38:12,848 - Scraping log - scraper.py > get_service_info(): Line 308 - WARNING - sdt_09_07_arrets_de_bus_2_nocturne: GetMap request is blocked for this layer
2025-11-12 10:38:13,451 - Scraping log - scraper.py > get_service_info(): Line 308 - WARNING - sdt_09_13_aires_covoiturage_1: GetMap request is blocked for this layer
2025-11-12 10:38:14,091 - Scraping log - scraper.py > get_service_info(): Line 308 - WARNING - sdt_09_13_aires_covoiturage_2: GetMap request is blocked for this layer
2025-11-12 10:38:14,712 - Scraping log - scraper.py > get_service_info(): Line 308 - WARNING - sdt_09_24_aerodrome_1: GetMap request is blocked for this layer
2025-11-12 10:38:15,360 - Scraping log - scraper.py > get_service_info(): Line 308 - WARNING - sdt_09_24_aerodrome_2: GetMap request is blocked for this layer
2025-11-12 10:38:15,990 - Scraping log - scraper.py > get_service_info(): Line 308 - WARNING - sdt_09_03_itineraires_vtt_interrogation: GetMap request is blocked for this layer
2025-11-12 10:38:17,609 - Scraping log - scraper.py > get_service_info(): Line 308 - WARNING - sdt_09_03_itineraires_vtt_liaison: GetMap request is blocked for this layer
2025-11-12 10:38:18,227 - Scraping log - scraper.py > get_service_info(): Line 308 - WARNING - sdt_09_03_itineraires_vtt_facile: GetMap request is blocked for this layer
2025-11-12 10:38:18,861 - Scraping log - scraper.py > get_service_info(): Line 308 - WARNING - sdt_09_03_itineraires_vtt_moyen: GetMap request is blocked for this layer
2025-11-12 10:38:19,490 - Scraping log - scraper.py > get_service_info(): Line 308 - WARNING - sdt_09_03_itineraires_vtt_difficile: GetMap request is blocked for this layer
2025-11-12 10:38:20,127 - Scraping log - scraper.py > get_service_info(): Line 308 - WARNING - sdt_09_03_numero_itineraires_vtt: GetMap request is blocked for this layer
2025-11-12 10:38:20,735 - Scraping log - scraper.py > get_service_info(): Line 308 - WARNING - sdt_09_03_itineraires_vtt_sens: GetMap request is blocked for this layer
2025-11-12 10:38:21,372 - Scraping log - scraper.py > get_service_info(): Line 308 - WARNING - sdt_09_21_panneaux_information_vtt_1: GetMap request is blocked for this layer
2025-11-12 10:38:22,010 - Scraping log - scraper.py > get_service_info(): Line 308 - WARNING - sdt_09_21_panneaux_information_vtt_2: GetMap request is blocked for this layer
2025-11-12 10:38:22,893 - Scraping log - scraper.py > get_service_info(): Line 308 - WARNING - sdt_17_07_places_pique_nique_interrogation: GetMap request is blocked for this layer
2025-11-12 10:38:23,639 - Scraping log - scraper.py > get_service_info(): Line 308 - WARNING - sdt_17_07_places_pique_nique_cluster: GetMap request is blocked for this layer
2025-11-12 10:38:24,238 - Scraping log - scraper.py > get_service_info(): Line 308 - WARNING - sdt_17_06_cabanes_forestieres_interrogation: GetMap request is blocked for this layer
2025-11-12 10:38:24,890 - Scraping log - scraper.py > get_service_info(): Line 308 - WARNING - sdt_17_06_cabanes_forestieres_cluster: GetMap request is blocked for this layer
2025-11-12 10:38:25,530 - Scraping log - scraper.py > get_service_info(): Line 308 - WARNING - sdt_17_12_camping_interrogation: GetMap request is blocked for this layer
2025-11-12 10:38:26,150 - Scraping log - scraper.py > get_service_info(): Line 308 - WARNING - sdt_17_12_camping_cluster: GetMap request is blocked for this layer
2025-11-12 10:38:26,790 - Scraping log - scraper.py > get_service_info(): Line 308 - WARNING - sdt_17_13_cabanes_an_cas_interrogation: GetMap request is blocked for this layer
2025-11-12 10:38:27,393 - Scraping log - scraper.py > get_service_info(): Line 308 - WARNING - sdt_17_13_cabanes_an_cas_cluster: GetMap request is blocked for this layer
2025-11-12 10:38:28,031 - Scraping log - scraper.py > get_service_info(): Line 308 - WARNING - sdt_09_14_chemins_randonnee_pedestre_poteaux_balisage: GetMap request is blocked for this layer
2025-11-12 10:38:28,655 - Scraping log - scraper.py > get_service_info(): Line 308 - WARNING - sdt_09_14_chemins_randonnee_pedestre_temps_de_marche_texte: GetMap request is blocked for this layer
2025-11-12 10:38:29,274 - Scraping log - scraper.py > get_service_info(): Line 308 - WARNING - sdt_09_14_chemins_randonnee_pedestre_fleches: GetMap request is blocked for this layer
2025-11-12 10:38:29,927 - Scraping log - scraper.py > get_service_info(): Line 308 - WARNING - sdt_09_08_fermeture_provisoire_polygone: GetMap request is blocked for this layer
2025-11-12 10:38:30,551 - Scraping log - scraper.py > get_service_info(): Line 308 - WARNING - sdt_09_08_fermeture_provisoire_point: GetMap request is blocked for this layer
2025-11-12 10:38:31,176 - Scraping log - scraper.py > get_service_info(): Line 308 - WARNING - sdt_17_11_pistes_pour_cavaliers_itineraires: GetMap request is blocked for this layer
2025-11-12 10:38:31,790 - Scraping log - scraper.py > get_service_info(): Line 308 - WARNING - sdt_17_11_pistes_pour_cavaliers_numero_itineraire: GetMap request is blocked for this layer
2025-11-12 10:38:33,457 - Scraping log - scraper.py > get_service_info(): Line 308 - WARNING - env_03_13_arbres_remarquables_points_interrogation: GetMap request is blocked for this layer
2025-11-12 10:38:34,835 - Scraping log - scraper.py > get_service_info(): Line 308 - WARNING - env_03_13_arbres_remarquables_points_publier: GetMap request is blocked for this layer
2025-11-12 10:38:35,464 - Scraping log - scraper.py > get_service_info(): Line 308 - WARNING - env_03_13_arbres_remarquables_points_validation: GetMap request is blocked for this layer
2025-11-12 10:38:36,095 - Scraping log - scraper.py > get_service_info(): Line 308 - WARNING - sdt_17_11_pistes_equesteres_chemins_pedestres_hivernaux_reseaux: GetMap request is blocked for this layer
2025-11-12 10:38:36,708 - Scraping log - scraper.py > get_service_info(): Line 308 - WARNING - sdt_17_11_pistes_equesteres_chemins_pedestres_hivernaux_parc: GetMap request is blocked for this layer
2025-11-12 10:38:37,330 - Scraping log - scraper.py > get_service_info(): Line 308 - WARNING - sdt_17_11_parcours_vita_itineraires: GetMap request is blocked for this layer
2025-11-12 10:38:37,967 - Scraping log - scraper.py > get_service_info(): Line 308 - WARNING - sdt_17_11_parcours_vita_depart: GetMap request is blocked for this layer
2025-11-12 10:38:38,657 - Scraping log - scraper.py > get_service_info(): Line 308 - WARNING - osm_ombrage_1m: GetMap request is blocked for this layer
2025-11-12 10:38:39,807 - Scraping log - scraper.py > get_service_info(): Line 308 - WARNING - osm_perimetre_zone_batir: GetMap request is blocked for this layer
2025-11-12 10:38:40,448 - Scraping log - scraper.py > get_service_info(): Line 308 - WARNING - osm_roadsclose_1: GetMap request is blocked for this layer
2025-11-12 10:38:41,077 - Scraping log - scraper.py > get_service_info(): Line 308 - WARNING - osm_roadsclose_2: GetMap request is blocked for this layer
2025-11-12 10:38:41,685 - Scraping log - scraper.py > get_service_info(): Line 308 - WARNING - osm_roadsclose_3: GetMap request is blocked for this layer
2025-11-12 10:38:42,304 - Scraping log - scraper.py > get_service_info(): Line 308 - WARNING - osm_roadsclose_4: GetMap request is blocked for this layer
2025-11-12 10:38:43,008 - Scraping log - scraper.py > get_service_info(): Line 308 - WARNING - osm_railways_1: GetMap request is blocked for this layer
2025-11-12 10:38:43,758 - Scraping log - scraper.py > get_service_info(): Line 308 - WARNING - osm_railways_2: GetMap request is blocked for this layer
2025-11-12 10:38:44,370 - Scraping log - scraper.py > get_service_info(): Line 308 - WARNING - fond_plan_blanc_fond_plan_cadastral_complement: GetMap request is blocked for this layer
2025-11-12 10:38:46,722 - Scraping log - scraper.py > get_service_info(): Line 308 - WARNING - cadastre_cache_ombrage: GetMap request is blocked for this layer
2025-11-12 10:38:47,339 - Scraping log - scraper.py > get_service_info(): Line 308 - WARNING - cadastre_osm_perimetre_zone_batir: GetMap request is blocked for this layer
2025-11-12 10:38:47,939 - Scraping log - scraper.py > get_service_info(): Line 308 - WARNING - cadastre_osm_perimetre_zone_batir_moutier: GetMap request is blocked for this layer
2025-11-12 10:38:48,591 - Scraping log - scraper.py > get_service_info(): Line 308 - WARNING - cadastre_osm_forets: GetMap request is blocked for this layer
2025-11-12 10:38:49,210 - Scraping log - scraper.py > get_service_info(): Line 308 - WARNING - cadastre_osm_forets_moutier: GetMap request is blocked for this layer
2025-11-12 10:38:49,824 - Scraping log - scraper.py > get_service_info(): Line 308 - WARNING - cadastre_osm_lacs_ch: GetMap request is blocked for this layer
2025-11-12 10:38:50,426 - Scraping log - scraper.py > get_service_info(): Line 308 - WARNING - cadastre_osm_roadsclose_1: GetMap request is blocked for this layer
2025-11-12 10:38:51,044 - Scraping log - scraper.py > get_service_info(): Line 308 - WARNING - cadastre_osm_roadsclose_2: GetMap request is blocked for this layer
2025-11-12 10:38:51,650 - Scraping log - scraper.py > get_service_info(): Line 308 - WARNING - cadastre_osm_roadsclose_3: GetMap request is blocked for this layer
2025-11-12 10:38:52,255 - Scraping log - scraper.py > get_service_info(): Line 308 - WARNING - cadastre_osm_roadsclose_4: GetMap request is blocked for this layer
2025-11-12 10:38:52,873 - Scraping log - scraper.py > get_service_info(): Line 308 - WARNING - cadastre_osm_railways_1: GetMap request is blocked for this layer
2025-11-12 10:38:53,474 - Scraping log - scraper.py > get_service_info(): Line 308 - WARNING - cadastre_osm_railways_2: GetMap request is blocked for this layer
2025-11-12 10:38:54,077 - Scraping log - scraper.py > get_service_info(): Line 308 - WARNING - cadastre_osm_alsace_roadsclose_1: GetMap request is blocked for this layer
2025-11-12 10:38:54,694 - Scraping log - scraper.py > get_service_info(): Line 308 - WARNING - cadastre_osm_alsace_roadsclose_2: GetMap request is blocked for this layer
2025-11-12 10:38:55,306 - Scraping log - scraper.py > get_service_info(): Line 308 - WARNING - cadastre_osm_alsace_roadsclose_3: GetMap request is blocked for this layer
2025-11-12 10:38:55,925 - Scraping log - scraper.py > get_service_info(): Line 308 - WARNING - cadastre_osm_alsace_roadsclose_4: GetMap request is blocked for this layer
2025-11-12 10:38:56,528 - Scraping log - scraper.py > get_service_info(): Line 308 - WARNING - cadastre_osm_alsace_railways_1: GetMap request is blocked for this layer
2025-11-12 10:38:57,140 - Scraping log - scraper.py > get_service_info(): Line 308 - WARNING - cadastre_osm_alsace_railways_2: GetMap request is blocked for this layer
2025-11-12 10:38:57,748 - Scraping log - scraper.py > get_service_info(): Line 308 - WARNING - cadastre_osm_franche-comte_roadsclose_1: GetMap request is blocked for this layer
2025-11-12 10:38:58,352 - Scraping log - scraper.py > get_service_info(): Line 308 - WARNING - cadastre_osm_franche-comte_roadsclose_2: GetMap request is blocked for this layer
2025-11-12 10:38:58,957 - Scraping log - scraper.py > get_service_info(): Line 308 - WARNING - cadastre_osm_franche-comte_roadsclose_3: GetMap request is blocked for this layer
2025-11-12 10:39:00,654 - Scraping log - scraper.py > get_service_info(): Line 308 - WARNING - cadastre_osm_franche-comte_roadsclose_4: GetMap request is blocked for this layer
2025-11-12 10:39:01,266 - Scraping log - scraper.py > get_service_info(): Line 308 - WARNING - cadastre_osm_franche-comte_railways_1: GetMap request is blocked for this layer
2025-11-12 10:39:01,908 - Scraping log - scraper.py > get_service_info(): Line 308 - WARNING - cadastre_osm_franche-comte_railways_2: GetMap request is blocked for this layer
2025-11-12 10:39:02,507 - Scraping log - scraper.py > get_service_info(): Line 308 - WARNING - cadastre_osm_baden_wurttemberg_roadsclose_1: GetMap request is blocked for this layer
2025-11-12 10:39:03,139 - Scraping log - scraper.py > get_service_info(): Line 308 - WARNING - cadastre_osm_baden_wurttemberg_roadsclose_2: GetMap request is blocked for this layer
2025-11-12 10:39:03,749 - Scraping log - scraper.py > get_service_info(): Line 308 - WARNING - cadastre_osm_baden_wurttemberg_roadsclose_3: GetMap request is blocked for this layer
2025-11-12 10:39:04,351 - Scraping log - scraper.py > get_service_info(): Line 308 - WARNING - cadastre_osm_baden_wurttemberg_roadsclose_4: GetMap request is blocked for this layer
2025-11-12 10:39:04,948 - Scraping log - scraper.py > get_service_info(): Line 308 - WARNING - cadastre_osm_baden_wurttemberg_railways_1: GetMap request is blocked for this layer
2025-11-12 10:39:05,567 - Scraping log - scraper.py > get_service_info(): Line 308 - WARNING - cadastre_osm_baden_wurttemberg_railways_2: GetMap request is blocked for this layer
2025-11-12 10:39:06,181 - Scraping log - scraper.py > get_service_info(): Line 308 - WARNING - cadastre_osm_canton_ju: GetMap request is blocked for this layer
2025-11-12 10:39:06,790 - Scraping log - scraper.py > get_service_info(): Line 308 - WARNING - cadastre_osm_districts_ju: GetMap request is blocked for this layer
2025-11-12 10:39:07,428 - Scraping log - scraper.py > get_service_info(): Line 308 - WARNING - cadastre_osm_communes_ju_moutier: GetMap request is blocked for this layer
2025-11-12 10:39:08,045 - Scraping log - scraper.py > get_service_info(): Line 308 - WARNING - cadastre_osm_communes_ju: GetMap request is blocked for this layer
2025-11-12 10:39:08,657 - Scraping log - scraper.py > get_service_info(): Line 308 - WARNING - cadastre_osm_localites_ju: GetMap request is blocked for this layer
2025-11-12 10:39:09,300 - Scraping log - scraper.py > get_service_info(): Line 308 - WARNING - cadastre_osm_canton_ch: GetMap request is blocked for this layer
2025-11-12 10:39:09,932 - Scraping log - scraper.py > get_service_info(): Line 308 - WARNING - Noms_Cantons_Villes: GetMap request is blocked for this layer
2025-11-12 10:39:10,568 - Scraping log - scraper.py > get_service_info(): Line 308 - WARNING - crdppf_sdt_01_04_md_sit_cs_surface: GetMap request is blocked for this layer
2025-11-12 10:39:11,312 - Scraping log - scraper.py > get_service_info(): Line 308 - WARNING - crdppf_sdt_01_04_md_sit_cs_surface_batiment: GetMap request is blocked for this layer
2025-11-12 10:39:12,075 - Scraping log - scraper.py > get_service_info(): Line 308 - WARNING - crdppf_sdt_01_04_md_sit_cs_surface_batiments_proj: GetMap request is blocked for this layer
2025-11-12 10:39:13,723 - Scraping log - scraper.py > get_service_info(): Line 308 - WARNING - crdppf_sdt_01_04_md_sit_adr_entree_batiment: GetMap request is blocked for this layer
2025-11-12 10:39:14,325 - Scraping log - scraper.py > get_service_info(): Line 308 - WARNING - crdppf_sdt_01_04_md_sit_cs_numero_batiment_proj: GetMap request is blocked for this layer
2025-11-12 10:39:14,927 - Scraping log - scraper.py > get_service_info(): Line 308 - WARNING - crdppf_sdt_01_04_md_sit_objets_divers_postext: GetMap request is blocked for this layer
2025-11-12 10:39:15,602 - Scraping log - scraper.py > get_service_info(): Line 308 - WARNING - crdppf_sdt_01_04_md_sit_adr_entree_batiment_od: GetMap request is blocked for this layer
2025-11-12 10:39:16,218 - Scraping log - scraper.py > get_service_info(): Line 308 - WARNING - crdppf_sdt_01_04_md_sit_objets_divers_lignes: GetMap request is blocked for this layer
2025-11-12 10:39:16,833 - Scraping log - scraper.py > get_service_info(): Line 308 - WARNING - crdppf_sdt_01_04_md_sit_objets_divers_polygones: GetMap request is blocked for this layer
2025-11-12 10:39:17,436 - Scraping log - scraper.py > get_service_info(): Line 308 - WARNING - crdppf_real_estate_wms: GetMap request is blocked for this layer
2025-11-12 10:39:18,051 - Scraping log - scraper.py > get_service_info(): Line 308 - WARNING - crdppf_sdt_01_04_md_sit_bf_bien_fonds_proj: GetMap request is blocked for this layer
2025-11-12 10:39:18,676 - Scraping log - scraper.py > get_service_info(): Line 308 - WARNING - crdppf_real_estate_wms_ddp: GetMap request is blocked for this layer
2025-11-12 10:39:19,275 - Scraping log - scraper.py > get_service_info(): Line 308 - WARNING - crdppf_sdt_01_04_md_sit_bf_ddp_proj: GetMap request is blocked for this layer
2025-11-12 10:39:19,897 - Scraping log - scraper.py > get_service_info(): Line 308 - WARNING - crdppfsdt_01_04_md_sit_bf_posimmeuble_ligne_auxiliaire: GetMap request is blocked for this layer
2025-11-12 10:39:20,564 - Scraping log - scraper.py > get_service_info(): Line 308 - WARNING - crdppf_sdt_01_04_md_sit_bf_posimmeuble_proj_ligne_aux: GetMap request is blocked for this layer
2025-11-12 10:39:21,209 - Scraping log - scraper.py > get_service_info(): Line 308 - WARNING - crdppf_sdt_01_04_md_sit_bf_posimmeuble_1: GetMap request is blocked for this layer
2025-11-12 10:39:21,819 - Scraping log - scraper.py > get_service_info(): Line 308 - WARNING - crdppf_sdt_01_04_md_sit_bf_posimmeuble_2: GetMap request is blocked for this layer
2025-11-12 10:39:22,454 - Scraping log - scraper.py > get_service_info(): Line 308 - WARNING - crdppf_sdt_01_04_md_sit_bf_posimmeuble_3: GetMap request is blocked for this layer
2025-11-12 10:39:23,114 - Scraping log - scraper.py > get_service_info(): Line 308 - WARNING - crdppf_sdt_01_04_md_sit_bf_posimmeuble_proj_1: GetMap request is blocked for this layer
2025-11-12 10:39:23,742 - Scraping log - scraper.py > get_service_info(): Line 308 - WARNING - crdppf_sdt_01_04_md_sit_bf_posimmeuble_proj_2: GetMap request is blocked for this layer
2025-11-12 10:39:24,429 - Scraping log - scraper.py > get_service_info(): Line 308 - WARNING - crdppf_sdt_01_04_md_sit_bf_posimmeuble_proj_3: GetMap request is blocked for this layer
2025-11-12 10:39:25,030 - Scraping log - scraper.py > get_service_info(): Line 308 - WARNING - crdppf_sdt_01_04_md_sit_objets_divers_ponctuel: GetMap request is blocked for this layer
2025-11-12 10:39:25,635 - Scraping log - scraper.py > get_service_info(): Line 308 - WARNING - crdppf_sdt_01_04_md_sit_bf_points_limites: GetMap request is blocked for this layer
2025-11-12 10:39:26,264 - Scraping log - scraper.py > get_service_info(): Line 308 - WARNING - crdppf_sdt_01_04_md_sit_nomenclature_noms_posnom_nom_local: GetMap request is blocked for this layer
2025-11-12 10:39:26,968 - Scraping log - scraper.py > get_service_info(): Line 308 - WARNING - crdppf_sdt_01_04_md_sit_adr_troncon_rue: GetMap request is blocked for this layer
2025-11-12 10:39:27,620 - Scraping log - scraper.py > get_service_info(): Line 308 - WARNING - sdt_01_04_md_sit_nomenclature_noms_posnom_lieu_dit: GetMap request is blocked for this layer
2025-11-12 10:39:28,236 - Scraping log - scraper.py > get_service_info(): Line 308 - WARNING - crdppf_sdt_01_04_md_sit_nomenclature_noms_posnom_nom_de_lieu: GetMap request is blocked for this layer
2025-11-12 10:39:28,845 - Scraping log - scraper.py > get_service_info(): Line 308 - WARNING - crdppf_page_garde_sdt_01_04_md_sit_cs_surface_nb: GetMap request is blocked for this layer
2025-11-12 10:39:29,468 - Scraping log - scraper.py > get_service_info(): Line 308 - WARNING - crdppf_page_garde_sdt_01_04_md_sit_cs_surface_batiment: GetMap request is blocked for this layer
2025-11-12 10:39:30,093 - Scraping log - scraper.py > get_service_info(): Line 308 - WARNING - crdppf_page_garde_sdt_01_04_md_sit_cs_surface_batiments_proj: GetMap request is blocked for this layer
2025-11-12 10:39:30,714 - Scraping log - scraper.py > get_service_info(): Line 308 - WARNING - crdppf_page_garde_sdt_01_04_md_sit_adr_entree_batiment: GetMap request is blocked for this layer
2025-11-12 10:39:31,337 - Scraping log - scraper.py > get_service_info(): Line 308 - WARNING - crdppf_page_garde_sdt_01_04_md_sit_cs_numero_batiment_proj: GetMap request is blocked for this layer
2025-11-12 10:39:31,946 - Scraping log - scraper.py > get_service_info(): Line 308 - WARNING - crdppf_page_garde_sdt_01_04_md_sit_objets_divers_postext: GetMap request is blocked for this layer
2025-11-12 10:39:32,574 - Scraping log - scraper.py > get_service_info(): Line 308 - WARNING - crdppf_page_garde_sdt_01_04_md_sit_adr_entree_batiment_od: GetMap request is blocked for this layer
2025-11-12 10:39:33,186 - Scraping log - scraper.py > get_service_info(): Line 308 - WARNING - crdppf_page_garde_sdt_01_04_md_sit_objets_divers_lignes: GetMap request is blocked for this layer
2025-11-12 10:39:33,830 - Scraping log - scraper.py > get_service_info(): Line 308 - WARNING - crdppf_page_garde_sdt_01_04_md_sit_objets_divers_polygones: GetMap request is blocked for this layer
2025-11-12 10:39:34,450 - Scraping log - scraper.py > get_service_info(): Line 308 - WARNING - crdppf_page_garde_real_estate_wms: GetMap request is blocked for this layer
2025-11-12 10:39:35,050 - Scraping log - scraper.py > get_service_info(): Line 308 - WARNING - crdppf_page_garde_sdt_01_04_md_sit_bf_bien_fonds_proj: GetMap request is blocked for this layer
2025-11-12 10:39:35,691 - Scraping log - scraper.py > get_service_info(): Line 308 - WARNING - rdppf_page_garde_real_estate_wms_ddp: GetMap request is blocked for this layer
2025-11-12 10:39:36,288 - Scraping log - scraper.py > get_service_info(): Line 308 - WARNING - crdppf_page_garde_sdt_01_04_md_sit_bf_ddp_proj: GetMap request is blocked for this layer
2025-11-12 10:39:36,893 - Scraping log - scraper.py > get_service_info(): Line 308 - WARNING - crdppf_page_garde_sdt_01_04_md_sit_bf_posimmeuble_ligne_auxiliaire: GetMap request is blocked for this layer
2025-11-12 10:39:37,497 - Scraping log - scraper.py > get_service_info(): Line 308 - WARNING - crdppf_page_garde_sdt_01_04_md_sit_bf_posimmeuble_proj_ligne_aux: GetMap request is blocked for this layer
2025-11-12 10:39:38,117 - Scraping log - scraper.py > get_service_info(): Line 308 - WARNING - crdppf_page_garde_sdt_01_04_md_sit_bf_posimmeuble_1: GetMap request is blocked for this layer
2025-11-12 10:39:38,726 - Scraping log - scraper.py > get_service_info(): Line 308 - WARNING - crdppf_page_garde_sdt_01_04_md_sit_bf_posimmeuble_2: GetMap request is blocked for this layer
2025-11-12 10:39:39,341 - Scraping log - scraper.py > get_service_info(): Line 308 - WARNING - crdppf_page_garde_sdt_01_04_md_sit_bf_posimmeuble_3: GetMap request is blocked for this layer
2025-11-12 10:39:39,960 - Scraping log - scraper.py > get_service_info(): Line 308 - WARNING - crdppf_page_garde_sdt_01_04_md_sit_bf_posimmeuble_proj_1: GetMap request is blocked for this layer
2025-11-12 10:39:40,571 - Scraping log - scraper.py > get_service_info(): Line 308 - WARNING - crdppf_page_garde_sdt_01_04_md_sit_bf_posimmeuble_proj_2: GetMap request is blocked for this layer
2025-11-12 10:39:41,197 - Scraping log - scraper.py > get_service_info(): Line 308 - WARNING - crdppf_page_garde_sdt_01_04_md_sit_bf_posimmeuble_proj_3: GetMap request is blocked for this layer
2025-11-12 10:39:41,813 - Scraping log - scraper.py > get_service_info(): Line 308 - WARNING - crdppf_csdt_01_04_md_sit_objets_divers_ponctuel: GetMap request is blocked for this layer
2025-11-12 10:39:42,634 - Scraping log - scraper.py > get_service_info(): Line 308 - WARNING - crdppf_page_garde_sdt_01_04_md_sit_bf_points_limites: GetMap request is blocked for this layer
2025-11-12 10:39:43,250 - Scraping log - scraper.py > get_service_info(): Line 308 - WARNING - crdppf_page_garde_sdt_01_04_md_sit_nomenclature_noms_posnom_nom_local: GetMap request is blocked for this layer
2025-11-12 10:39:43,915 - Scraping log - scraper.py > get_service_info(): Line 308 - WARNING - crdppf_page_garde_sdt_01_04_md_sit_adr_troncon_rue: GetMap request is blocked for this layer
2025-11-12 10:39:45,567 - Scraping log - scraper.py > get_service_info(): Line 308 - WARNING - crdppf_page_garde_sdt_01_04_md_sit_nomenclature_noms_posnom_lieu_dit: GetMap request is blocked for this layer
2025-11-12 10:39:46,200 - Scraping log - scraper.py > get_service_info(): Line 308 - WARNING - crdppf_page_garde_sdt_01_04_md_sit_nomenclature_noms_posnom_nom_de_lieu: GetMap request is blocked for this layer
2025-11-12 10:39:46,822 - Scraping log - scraper.py > get_service_info(): Line 308 - WARNING - Commune_POI_administration_cantonale_interrogation: GetMap request is blocked for this layer
2025-11-12 10:39:47,469 - Scraping log - scraper.py > get_service_info(): Line 308 - WARNING - Commune_POI_administration_cantonale_cluster: GetMap request is blocked for this layer
2025-11-12 10:39:48,074 - Scraping log - scraper.py > get_service_info(): Line 308 - WARNING - Commune_POI_administration_cantonale_point: GetMap request is blocked for this layer
2025-11-12 10:39:48,666 - Scraping log - scraper.py > get_service_info(): Line 308 - WARNING - Commune_POI_administration_communale_interrogation: GetMap request is blocked for this layer
2025-11-12 10:39:49,430 - Scraping log - scraper.py > get_service_info(): Line 308 - WARNING - Commune_POI_administration_communale_cluster: GetMap request is blocked for this layer
2025-11-12 10:39:50,036 - Scraping log - scraper.py > get_service_info(): Line 308 - WARNING - Commune_POI_administration_communale_point: GetMap request is blocked for this layer
2025-11-12 10:39:50,641 - Scraping log - scraper.py > get_service_info(): Line 308 - WARNING - Commune_POI_autres_services_interrogation: GetMap request is blocked for this layer
2025-11-12 10:39:51,255 - Scraping log - scraper.py > get_service_info(): Line 308 - WARNING - Commune_POI_autres_services_cluster: GetMap request is blocked for this layer
2025-11-12 10:39:51,860 - Scraping log - scraper.py > get_service_info(): Line 308 - WARNING - Commune_POI_autres_services_point: GetMap request is blocked for this layer
2025-11-12 10:39:52,474 - Scraping log - scraper.py > get_service_info(): Line 308 - WARNING - Commune_POI_bureau_vote_interrogation: GetMap request is blocked for this layer
2025-11-12 10:39:53,097 - Scraping log - scraper.py > get_service_info(): Line 308 - WARNING - Commune_POI_bureau_vote_cluster: GetMap request is blocked for this layer
2025-11-12 10:39:53,916 - Scraping log - scraper.py > get_service_info(): Line 308 - WARNING - Commune_POI_bureau_vote_point: GetMap request is blocked for this layer
2025-11-12 10:39:54,656 - Scraping log - scraper.py > get_service_info(): Line 308 - WARNING - Commune_POI_ecoles_interrogation: GetMap request is blocked for this layer
2025-11-12 10:39:55,288 - Scraping log - scraper.py > get_service_info(): Line 308 - WARNING - Commune_POI_ecoles_cluster: GetMap request is blocked for this layer
2025-11-12 10:39:56,093 - Scraping log - scraper.py > get_service_info(): Line 308 - WARNING - Commune_POI_ecoles_point: GetMap request is blocked for this layer
2025-11-12 10:39:56,740 - Scraping log - scraper.py > get_service_info(): Line 308 - WARNING - Commune_POI_enfance_interrogation: GetMap request is blocked for this layer
2025-11-12 10:39:57,348 - Scraping log - scraper.py > get_service_info(): Line 308 - WARNING - Commune_POI_enfance_cluster: GetMap request is blocked for this layer
2025-11-12 10:39:57,947 - Scraping log - scraper.py > get_service_info(): Line 308 - WARNING - Commune_POI_enfance_point: GetMap request is blocked for this layer
2025-11-12 10:39:58,559 - Scraping log - scraper.py > get_service_info(): Line 308 - WARNING - Commune_POI_installations_sportives_interrogation: GetMap request is blocked for this layer
2025-11-12 10:39:59,163 - Scraping log - scraper.py > get_service_info(): Line 308 - WARNING - Commune_POI_installations_sportives_cluster: GetMap request is blocked for this layer
2025-11-12 10:39:59,784 - Scraping log - scraper.py > get_service_info(): Line 308 - WARNING - Commune_POI_installations_sportives_point: GetMap request is blocked for this layer
2025-11-12 10:40:00,448 - Scraping log - scraper.py > get_service_info(): Line 308 - WARNING - Commune_POI_salles_sites_loisirs_interrogation: GetMap request is blocked for this layer
2025-11-12 10:40:01,065 - Scraping log - scraper.py > get_service_info(): Line 308 - WARNING - Commune_POI_salles_sites_loisirs_cluster: GetMap request is blocked for this layer
2025-11-12 10:40:01,684 - Scraping log - scraper.py > get_service_info(): Line 308 - WARNING - Commune_POI_salles_sites_loisirs_point: GetMap request is blocked for this layer
2025-11-12 10:40:02,320 - Scraping log - scraper.py > get_service_info(): Line 308 - WARNING - Commune_POI_sante_interrogation: GetMap request is blocked for this layer
2025-11-12 10:40:02,939 - Scraping log - scraper.py > get_service_info(): Line 308 - WARNING - Commune_POI_sante_cluster: GetMap request is blocked for this layer
2025-11-12 10:40:03,600 - Scraping log - scraper.py > get_service_info(): Line 308 - WARNING - Commune_POI_sante_point: GetMap request is blocked for this layer
2025-11-12 10:40:04,251 - Scraping log - scraper.py > get_service_info(): Line 308 - WARNING - Commune_POI_wc_publics_interrogation: GetMap request is blocked for this layer
2025-11-12 10:40:04,871 - Scraping log - scraper.py > get_service_info(): Line 308 - WARNING - Commune_POI_wc_publics_cluster: GetMap request is blocked for this layer
2025-11-12 10:40:05,480 - Scraping log - scraper.py > get_service_info(): Line 308 - WARNING - Commune_POI_wc_publics_point: GetMap request is blocked for this layer
2025-11-12 10:40:06,108 - Scraping log - scraper.py > get_service_info(): Line 308 - WARNING - Commune_Places_de_jeuxs_interrogation: GetMap request is blocked for this layer
2025-11-12 10:40:06,702 - Scraping log - scraper.py > get_service_info(): Line 308 - WARNING - Commune_Places_de_jeux_cluster: GetMap request is blocked for this layer
2025-11-12 10:40:07,308 - Scraping log - scraper.py > get_service_info(): Line 308 - WARNING - Commune_Places_de_jeux_point: GetMap request is blocked for this layer
2025-11-12 10:40:07,912 - Scraping log - scraper.py > get_service_info(): Line 308 - WARNING - Commune_Hotel_interrogation: GetMap request is blocked for this layer
2025-11-12 10:40:08,619 - Scraping log - scraper.py > get_service_info(): Line 308 - WARNING - Commune_Hotels_cluster: GetMap request is blocked for this layer
2025-11-12 10:40:09,293 - Scraping log - scraper.py > get_service_info(): Line 308 - WARNING - Commune_Hotel_point: GetMap request is blocked for this layer
2025-11-12 10:40:09,954 - Scraping log - scraper.py > get_service_info(): Line 308 - WARNING - Commune_Restaurant_interrogation: GetMap request is blocked for this layer
2025-11-12 10:40:10,584 - Scraping log - scraper.py > get_service_info(): Line 308 - WARNING - Commune_Restaurant_cluster: GetMap request is blocked for this layer
2025-11-12 10:40:11,196 - Scraping log - scraper.py > get_service_info(): Line 308 - WARNING - Commune_Restaurant_point: GetMap request is blocked for this layer
2025-11-12 10:40:11,815 - Scraping log - scraper.py > get_service_info(): Line 308 - WARNING - Commune_Poubelles_interrogation: GetMap request is blocked for this layer
2025-11-12 10:40:12,441 - Scraping log - scraper.py > get_service_info(): Line 308 - WARNING - Commune_Poubelles_couvercle_cluster: GetMap request is blocked for this layer
2025-11-12 10:40:13,056 - Scraping log - scraper.py > get_service_info(): Line 308 - WARNING - Commune_Poubelles_sans_couvercle_cluster: GetMap request is blocked for this layer
2025-11-12 10:40:13,649 - Scraping log - scraper.py > get_service_info(): Line 308 - WARNING - Commune_Distributeurs_sachets_canins_interrogation: GetMap request is blocked for this layer
2025-11-12 10:40:14,251 - Scraping log - scraper.py > get_service_info(): Line 308 - WARNING - Commune_Distributeurs_sachets_canins_cluster: GetMap request is blocked for this layer
2025-11-12 10:40:14,847 - Scraping log - scraper.py > get_service_info(): Line 308 - WARNING - Commune_Bancs_publics_interrogation: GetMap request is blocked for this layer
2025-11-12 10:40:15,481 - Scraping log - scraper.py > get_service_info(): Line 308 - WARNING - Commune_Bancs_publics_cluster: GetMap request is blocked for this layer
2025-11-12 10:40:16,155 - Scraping log - scraper.py > get_service_info(): Line 308 - WARNING - Commune_Parcs_a_Velo_interrogation: GetMap request is blocked for this layer
2025-11-12 10:40:16,781 - Scraping log - scraper.py > get_service_info(): Line 308 - WARNING - Commune_Parcs_a_Velo_cluster: GetMap request is blocked for this layer
2025-11-12 10:40:17,400 - Scraping log - scraper.py > get_service_info(): Line 308 - WARNING - Commune_Parcs_a_Velo_point: GetMap request is blocked for this layer
2025-11-12 10:40:18,028 - Scraping log - scraper.py > get_service_info(): Line 308 - WARNING - Commune_Enseignes_Vieille_ville_interrogation: GetMap request is blocked for this layer
2025-11-12 10:40:18,633 - Scraping log - scraper.py > get_service_info(): Line 308 - WARNING - Commune_Enseignes_Vieille_ville_cluster: GetMap request is blocked for this layer
2025-11-12 10:40:19,245 - Scraping log - scraper.py > get_service_info(): Line 308 - WARNING - Commune_Enseignes_Vieille_ville_point: GetMap request is blocked for this layer
2025-11-12 10:40:19,885 - Scraping log - scraper.py > get_service_info(): Line 308 - WARNING - commune_cimetiere_agrandissement: GetMap request is blocked for this layer
2025-11-12 10:40:20,512 - Scraping log - scraper.py > get_service_info(): Line 308 - WARNING - commune_cimetiere_agrandissement_text: GetMap request is blocked for this layer
2025-11-12 10:40:21,126 - Scraping log - scraper.py > get_service_info(): Line 308 - WARNING - commune_cimetiere_agrandissement_fleche: GetMap request is blocked for this layer
2025-11-12 10:40:21,726 - Scraping log - scraper.py > get_service_info(): Line 308 - WARNING - commune_cimetiere_tombes: GetMap request is blocked for this layer
2025-11-12 10:40:22,349 - Scraping log - scraper.py > get_service_info(): Line 308 - WARNING - Commune_POI_handicap_WC_Accessible_interrogation: GetMap request is blocked for this layer
2025-11-12 10:40:22,986 - Scraping log - scraper.py > get_service_info(): Line 308 - WARNING - Commune_POI_handicap_WC_Accessible_cluster: GetMap request is blocked for this layer
2025-11-12 10:40:23,582 - Scraping log - scraper.py > get_service_info(): Line 308 - WARNING - Commune_POI_handicap_WC_Accessible_point: GetMap request is blocked for this layer
2025-11-12 10:40:24,201 - Scraping log - scraper.py > get_service_info(): Line 308 - WARNING - Commune_POI_handicap_WC_Accessible_partiellement_interrogation: GetMap request is blocked for this layer
2025-11-12 10:40:24,886 - Scraping log - scraper.py > get_service_info(): Line 308 - WARNING - Commune_POI_handicap_WC_Accessible_partiellement_cluster: GetMap request is blocked for this layer
2025-11-12 10:40:25,516 - Scraping log - scraper.py > get_service_info(): Line 308 - WARNING - Commune_POI_handicap_WC_Accessible_partiellement_point: GetMap request is blocked for this layer
2025-11-12 10:40:26,228 - Scraping log - scraper.py > get_service_info(): Line 308 - WARNING - Commune_POI_handicap_WC_non_Accessible_interrogation: GetMap request is blocked for this layer
2025-11-12 10:40:26,946 - Scraping log - scraper.py > get_service_info(): Line 308 - WARNING - Commune_POI_handicap_WC_non_Accessible_cluster: GetMap request is blocked for this layer
2025-11-12 10:40:27,567 - Scraping log - scraper.py > get_service_info(): Line 308 - WARNING - Commune_POI_handicap_WC_non_Accessible_point: GetMap request is blocked for this layer
2025-11-12 10:40:29,173 - Scraping log - scraper.py > get_service_info(): Line 308 - WARNING - Commune_POI_handicap_Stationnement_interrogation: GetMap request is blocked for this layer
2025-11-12 10:40:29,855 - Scraping log - scraper.py > get_service_info(): Line 308 - WARNING - Commune_POI_handicap_Stationnement_cluster: GetMap request is blocked for this layer
2025-11-12 10:40:30,491 - Scraping log - scraper.py > get_service_info(): Line 308 - WARNING - Commune_POI_handicap_Stationnement_point: GetMap request is blocked for this layer
2025-11-12 10:40:31,120 - Scraping log - scraper.py > get_service_info(): Line 308 - WARNING - Commune_POI_handicap_batiment_Accessible_interrogation: GetMap request is blocked for this layer
2025-11-12 10:40:31,749 - Scraping log - scraper.py > get_service_info(): Line 308 - WARNING - Commune_POI_handicap_batiment_Accessible_cluster: GetMap request is blocked for this layer
2025-11-12 10:40:32,362 - Scraping log - scraper.py > get_service_info(): Line 308 - WARNING - Commune_POI_handicap_batiment_Accessible_point: GetMap request is blocked for this layer
2025-11-12 10:40:32,973 - Scraping log - scraper.py > get_service_info(): Line 308 - WARNING - Commune_POI_handicap_batiment_Accessible_partiellement_interrogation: GetMap request is blocked for this layer
2025-11-12 10:40:33,589 - Scraping log - scraper.py > get_service_info(): Line 308 - WARNING - Commune_POI_handicap_batiment_Accessible_partiellement_cluster: GetMap request is blocked for this layer
2025-11-12 10:40:34,211 - Scraping log - scraper.py > get_service_info(): Line 308 - WARNING - Commune_POI_handicap_batiment_Accessible_partiellement_point: GetMap request is blocked for this layer
2025-11-12 10:40:34,831 - Scraping log - scraper.py > get_service_info(): Line 308 - WARNING - Commune_POI_handicap_batiment_non_Accessible_interrogation: GetMap request is blocked for this layer
2025-11-12 10:40:35,444 - Scraping log - scraper.py > get_service_info(): Line 308 - WARNING - Commune_POI_handicap_batiment_non_Accessible_cluster: GetMap request is blocked for this layer
2025-11-12 10:40:36,074 - Scraping log - scraper.py > get_service_info(): Line 308 - WARNING - Commune_POI_handicap_batiment_non_Accessible_point: GetMap request is blocked for this layer
2025-11-12 10:40:36,719 - Scraping log - scraper.py > get_service_info(): Line 308 - WARNING - Commune_POI_handicap_Boucle_magnetique_interrogation: GetMap request is blocked for this layer
2025-11-12 10:40:37,329 - Scraping log - scraper.py > get_service_info(): Line 308 - WARNING - Commune_POI_handicap_Boucle_magnetique_cluster: GetMap request is blocked for this layer
2025-11-12 10:40:37,940 - Scraping log - scraper.py > get_service_info(): Line 308 - WARNING - Commune_POI_handicap_Boucle_magnetique_point: GetMap request is blocked for this layer
2025-11-12 10:40:38,594 - Scraping log - scraper.py > get_service_info(): Line 308 - WARNING - Commune_POI_handicap_Langues_signes_interrogation: GetMap request is blocked for this layer
2025-11-12 10:40:39,220 - Scraping log - scraper.py > get_service_info(): Line 308 - WARNING - Commune_POI_handicap_Langues_signes_cluster: GetMap request is blocked for this layer
2025-11-12 10:40:39,843 - Scraping log - scraper.py > get_service_info(): Line 308 - WARNING - Commune_POI_handicap_Langues_signes_point: GetMap request is blocked for this layer
2025-11-12 10:40:41,485 - Scraping log - scraper.py > get_service_info(): Line 308 - WARNING - oereb_r14_ch_ju_nature_reserves_landscape_protection_areas_interrogation: GetMap request is blocked for this layer
2025-11-12 10:40:42,120 - Scraping log - scraper.py > get_service_info(): Line 308 - WARNING - oereb_r14_ch_ju_nature_reserves_landscape_protection_areas_prot_paysagere: GetMap request is blocked for this layer
2025-11-12 10:40:42,751 - Scraping log - scraper.py > get_service_info(): Line 308 - WARNING - oereb_r14_ch_ju_nature_reserves_landscape_protection_areas_reserv_naturel: GetMap request is blocked for this layer
2025-11-12 10:40:43,365 - Scraping log - scraper.py > get_service_info(): Line 308 - WARNING - oereb_r14_ch_ju_nature_reserves_landscape_protection_areas_proj_interrogation: GetMap request is blocked for this layer
2025-11-12 10:40:43,997 - Scraping log - scraper.py > get_service_info(): Line 308 - WARNING - oereb_r14_ch_ju_nature_reserves_landscape_protection_areas_prot_paysagere_sans_effet: GetMap request is blocked for this layer
2025-11-12 10:40:44,661 - Scraping log - scraper.py > get_service_info(): Line 308 - WARNING - oereb_r14_ch_ju_nature_reserves_landscape_protection_areas_proj_prot_paysagere_avec_effet: GetMap request is blocked for this layer
2025-11-12 10:40:45,303 - Scraping log - scraper.py > get_service_info(): Line 308 - WARNING - oereb_r14_ch_ju_nature_reserves_landscape_protection_areas_proj_reserv_naturel_sans_effet: GetMap request is blocked for this layer
2025-11-12 10:40:45,973 - Scraping log - scraper.py > get_service_info(): Line 308 - WARNING - oereb_r14_ch_ju_nature_reserves_landscape_protection_areas_proj_reserv_naturel_avec_effet: GetMap request is blocked for this layer
2025-11-12 10:40:46,590 - Scraping log - scraper.py > get_service_info(): Line 308 - WARNING - oereb_r15_ch_ju_natural_monuments_point: GetMap request is blocked for this layer
2025-11-12 10:40:47,203 - Scraping log - scraper.py > get_service_info(): Line 308 - WARNING - oereb_r15_ch_ju_natural_monuments_poly: GetMap request is blocked for this layer
2025-11-12 10:40:47,883 - Scraping log - scraper.py > get_service_info(): Line 308 - WARNING - oereb_r73_land_use_plans_perimetres_superpose_polygon: GetMap request is blocked for this layer
2025-11-12 10:40:48,524 - Scraping log - scraper.py > get_service_info(): Line 308 - WARNING - oereb_r73_land_use_plans_perimetres_superpose_ligne: GetMap request is blocked for this layer
2025-11-12 10:40:51,158 - Scraping log - scraper.py > get_service_info(): Line 308 - WARNING - oereb_r73_land_use_plans_zones_superpose_2: GetMap request is blocked for this layer
2025-11-12 10:40:51,774 - Scraping log - scraper.py > get_service_info(): Line 308 - WARNING - oereb_r73_land_use_plans_zones_superpose_1: GetMap request is blocked for this layer
2025-11-12 10:40:52,415 - Scraping log - scraper.py > get_service_info(): Line 308 - WARNING - oereb_r117_contaminated_military_sites_area_wms: GetMap request is blocked for this layer
2025-11-12 10:40:53,029 - Scraping log - scraper.py > get_service_info(): Line 308 - WARNING - oereb_r117_contaminated_military_sites_point_wms: GetMap request is blocked for this layer
2025-11-12 10:40:53,689 - Scraping log - scraper.py > get_service_info(): Line 308 - WARNING - oereb_r118_contaminated_civil_aviation_sites_area_wms: GetMap request is blocked for this layer
2025-11-12 10:40:54,309 - Scraping log - scraper.py > get_service_info(): Line 308 - WARNING - oereb_r118_contaminated_civil_aviation_sites_point_wms: GetMap request is blocked for this layer
2025-11-12 10:40:54,904 - Scraping log - scraper.py > get_service_info(): Line 308 - WARNING - Moutier_batiments_cantonaux_bernois_interrogation: GetMap request is blocked for this layer
2025-11-12 10:40:55,540 - Scraping log - scraper.py > get_service_info(): Line 308 - WARNING - POI_Administration_communale_cluster: GetMap request is blocked for this layer
2025-11-12 10:43:31,838 - Scraping log - scraper.py >         <module>(): Line 744 - WARNING - Scraping KT_SG > https://services.geo.sg.ch/wss/service/SG00008_WMS/guest?REQUEST=GetCapabilities aborted
2025-11-12 10:45:32,364 - Scraping log - scraper.py >         <module>(): Line 744 - WARNING - Scraping KT_SG > https://services.geo.sg.ch/wss/service/SG00038_WMS/guest?REQUEST=GetCapabilities aborted
2025-11-12 10:47:40,364 - Scraping log - scraper.py >         <module>(): Line 744 - WARNING - Scraping KT_SG > https://services.geo.sg.ch/wss/service/SG00019_WMS/guest?REQUEST=GetCapabilities aborted
2025-11-12 10:49:04,256 - Scraping log - scraper.py > get_service_info(): Line 311 - ERROR - wms: HTTPSConnectionPool(host='wms.geo.sh.ch', port=443): Read timed out. (read timeout=10)
2025-11-12 10:49:32,218 - Scraping log - scraper.py >write_service_info(): Line 435 - ERROR - KT_SO, ch.so.afu.erdwaerme.sonde: cannot convert float infinity to integer
2025-11-12 10:50:04,356 - Scraping log - scraper.py > get_service_info(): Line 311 - ERROR - somap: 'NoneType' object has no attribute 'text'
2025-11-12 10:50:04,360 - Scraping log - scraper.py >write_service_info(): Line 435 - ERROR - KT_SO, ch.so.afu.erdwaerme.sonde: cannot convert float infinity to integer
2025-11-12 10:50:04,372 - Scraping log - scraper.py >write_service_info(): Line 435 - ERROR - KT_SO, ch.so.afu.wasserbewirtschaftung: cannot convert float infinity to integer
2025-11-12 10:54:02,784 - Scraping log - scraper.py > get_service_info(): Line 311 - ERROR - ch.so.agi.av.gebaeudeadressen: HTTPSConnectionPool(host='geo.so.ch', port=443): Read timed out. (read timeout=10)
2025-11-12 10:56:52,883 - Scraping log - scraper.py > get_service_info(): Line 311 - ERROR - ch.so.agi.oereb: HTTPSConnectionPool(host='geo.so.ch', port=443): Read timed out. (read timeout=10)
2025-11-12 10:57:22,527 - Scraping log - scraper.py > get_service_info(): Line 311 - ERROR - Schwyz: HTTPSConnectionPool(host='map.geo.sz.ch', port=443): Read timed out. (read timeout=10)
2025-11-12 10:58:54,032 - Scraping log - scraper.py > get_service_info(): Line 308 - WARNING - ch.sz.a013a.planerischergewaesserschutz.gwszonen.gwsareal: GetMap request is blocked for this layer
2025-11-12 10:59:06,512 - Scraping log - scraper.py > get_service_info(): Line 311 - ERROR - ch.sz.a018a.amtliche_vermessung.ortsplan.farbig: HTTPSConnectionPool(host='map.geo.sz.ch', port=443): Read timed out. (read timeout=10)
2025-11-12 10:59:16,663 - Scraping log - scraper.py > get_service_info(): Line 311 - ERROR - ch.sz.a018a.amtliche_vermessung.ortsplan.schwarz-weiss: HTTPSConnectionPool(host='map.geo.sz.ch', port=443): Read timed out. (read timeout=10)
2025-11-12 10:59:26,783 - Scraping log - scraper.py > get_service_info(): Line 311 - ERROR - ch.sz.a018.amtliche_vermessung.bodenbedeckung.flaeche.farbig: HTTPSConnectionPool(host='map.geo.sz.ch', port=443): Read timed out. (read timeout=10)
2025-11-12 10:59:36,874 - Scraping log - scraper.py > get_service_info(): Line 311 - ERROR - ch.sz.a018.amtliche_vermessung.bodenbedeckung.flaeche.grau: HTTPSConnectionPool(host='map.geo.sz.ch', port=443): Read timed out. (read timeout=10)
2025-11-12 11:05:02,959 - Scraping log - scraper.py > get_service_info(): Line 308 - WARNING - ch.sz.a243a.gewaessernetz.technisch.mwert.karto: GetMap request is blocked for this layer
2025-11-12 11:05:48,107 - Scraping log - scraper.py > get_service_info(): Line 311 - ERROR - Landwirtschaft_Kulturflaechen: HTTPSConnectionPool(host='ows.geo.tg.ch', port=443): Read timed out. (read timeout=10)
2025-11-12 11:06:14,880 - Scraping log - scraper.py > get_service_info(): Line 311 - ERROR - Landwirtschaft_Kulturflaechen: HTTPSConnectionPool(host='ows.geo.tg.ch', port=443): Read timed out. (read timeout=10)
2025-11-12 11:06:32,461 - Scraping log - scraper.py >         <module>(): Line 744 - WARNING - Scraping KT_TG > https://ows.geo.tg.ch/geofy_access_proxy/waldreservate?service=WMS&version=1.3.0&request=GetCapabilities aborted
2025-11-12 11:06:33,142 - Scraping log - scraper.py >         <module>(): Line 744 - WARNING - Scraping KT_TG > https://ows.geo.tg.ch/geofy_access_proxy/waldreservate?service=WMS&version=1.3.0&request=GetCapabilities aborted
2025-11-12 11:07:03,930 - Scraping log - scraper.py > get_service_info(): Line 311 - ERROR - Landwirtschaft_Kulturflaechen: HTTPSConnectionPool(host='ows.geo.tg.ch', port=443): Read timed out. (read timeout=10)
2025-11-12 11:07:40,179 - Scraping log - scraper.py > get_service_info(): Line 311 - ERROR - Landwirtschaft_Kulturflaechen: HTTPSConnectionPool(host='ows.geo.tg.ch', port=443): Read timed out. (read timeout=10)
2025-11-12 11:08:11,073 - Scraping log - scraper.py >         <module>(): Line 744 - WARNING - Scraping KT_TG > https://ows.geo.tg.ch/geofy_access_proxy/hintergrundplan?Service=WMS&Version=1.3.0&Request=GetCapabilities aborted
2025-11-12 11:08:28,915 - Scraping log - scraper.py > get_service_info(): Line 311 - ERROR - Landwirtschaft_Kulturflaechen: HTTPSConnectionPool(host='ows.geo.tg.ch', port=443): Read timed out. (read timeout=10)
2025-11-12 11:09:00,878 - Scraping log - scraper.py >         <module>(): Line 744 - WARNING - Scraping KT_TG > https://ows.geo.tg.ch/geofy_access_proxy/revitalisierung_gewaesser?Service=WMS&Version=1.3.0&Request=GetCapabilities aborted
2025-11-12 11:09:18,161 - Scraping log - scraper.py > get_service_info(): Line 311 - ERROR - Landwirtschaft_Kulturflaechen: HTTPSConnectionPool(host='ows.geo.tg.ch', port=443): Read timed out. (read timeout=10)
2025-11-12 11:11:04,424 - Scraping log - scraper.py > get_service_info(): Line 311 - ERROR - ms:LCOBJ: 'WebFeatureService_2_0_0' object has no attribute 'getmap'
2025-11-12 11:11:04,424 - Scraping log - scraper.py > get_service_info(): Line 311 - ERROR - ms:LCSF: 'WebFeatureService_2_0_0' object has no attribute 'getmap'
2025-11-12 11:11:04,425 - Scraping log - scraper.py > get_service_info(): Line 311 - ERROR - ms:LCSFC: 'WebFeatureService_2_0_0' object has no attribute 'getmap'
2025-11-12 11:11:04,425 - Scraping log - scraper.py > get_service_info(): Line 311 - ERROR - ms:PLNA: 'WebFeatureService_2_0_0' object has no attribute 'getmap'
2025-11-12 11:11:04,425 - Scraping log - scraper.py > get_service_info(): Line 311 - ERROR - ms:PLSF: 'WebFeatureService_2_0_0' object has no attribute 'getmap'
2025-11-12 11:11:04,425 - Scraping log - scraper.py > get_service_info(): Line 311 - ERROR - ms:PLLI: 'WebFeatureService_2_0_0' object has no attribute 'getmap'
2025-11-12 11:11:04,425 - Scraping log - scraper.py > get_service_info(): Line 311 - ERROR - ms:SOSF: 'WebFeatureService_2_0_0' object has no attribute 'getmap'
2025-11-12 11:11:04,425 - Scraping log - scraper.py > get_service_info(): Line 311 - ERROR - ms:SOSFC: 'WebFeatureService_2_0_0' object has no attribute 'getmap'
2025-11-12 11:11:04,425 - Scraping log - scraper.py > get_service_info(): Line 311 - ERROR - ms:LCSF_GEB: 'WebFeatureService_2_0_0' object has no attribute 'getmap'
2025-11-12 11:11:04,425 - Scraping log - scraper.py > get_service_info(): Line 311 - ERROR - ms:LCSFC_GEB: 'WebFeatureService_2_0_0' object has no attribute 'getmap'
2025-11-12 11:11:04,425 - Scraping log - scraper.py > get_service_info(): Line 311 - ERROR - ms:LCSFPROJ: 'WebFeatureService_2_0_0' object has no attribute 'getmap'
2025-11-12 11:11:04,425 - Scraping log - scraper.py > get_service_info(): Line 311 - ERROR - ms:SOOBJ: 'WebFeatureService_2_0_0' object has no attribute 'getmap'
2025-11-12 11:11:04,425 - Scraping log - scraper.py > get_service_info(): Line 311 - ERROR - ms:SOLI: 'WebFeatureService_2_0_0' object has no attribute 'getmap'
2025-11-12 11:11:04,425 - Scraping log - scraper.py > get_service_info(): Line 311 - ERROR - ms:SOPT: 'WebFeatureService_2_0_0' object has no attribute 'getmap'
2025-11-12 11:11:04,425 - Scraping log - scraper.py > get_service_info(): Line 311 - ERROR - ms:LOCPOS: 'WebFeatureService_2_0_0' object has no attribute 'getmap'
2025-11-12 11:11:04,425 - Scraping log - scraper.py > get_service_info(): Line 311 - ERROR - ms:HADR: 'WebFeatureService_2_0_0' object has no attribute 'getmap'
2025-11-12 11:11:04,426 - Scraping log - scraper.py > get_service_info(): Line 311 - ERROR - ms:LNNA: 'WebFeatureService_2_0_0' object has no attribute 'getmap'
2025-11-12 11:11:04,426 - Scraping log - scraper.py > get_service_info(): Line 311 - ERROR - ms:OSNRPROJ: 'WebFeatureService_2_0_0' object has no attribute 'getmap'
2025-11-12 11:11:04,426 - Scraping log - scraper.py > get_service_info(): Line 311 - ERROR - ms:OSNR: 'WebFeatureService_2_0_0' object has no attribute 'getmap'
2025-11-12 11:11:04,426 - Scraping log - scraper.py > get_service_info(): Line 311 - ERROR - ms:DPRSFPROJ: 'WebFeatureService_2_0_0' object has no attribute 'getmap'
2025-11-12 11:11:04,426 - Scraping log - scraper.py > get_service_info(): Line 311 - ERROR - ms:RESFPROJ: 'WebFeatureService_2_0_0' object has no attribute 'getmap'
2025-11-12 11:11:04,426 - Scraping log - scraper.py > get_service_info(): Line 311 - ERROR - ms:DPRSF: 'WebFeatureService_2_0_0' object has no attribute 'getmap'
2025-11-12 11:11:04,426 - Scraping log - scraper.py > get_service_info(): Line 311 - ERROR - ms:RESF: 'WebFeatureService_2_0_0' object has no attribute 'getmap'
2025-11-12 11:11:04,426 - Scraping log - scraper.py > get_service_info(): Line 311 - ERROR - ms:RESF_h: 'WebFeatureService_2_0_0' object has no attribute 'getmap'
2025-11-12 11:11:04,426 - Scraping log - scraper.py > get_service_info(): Line 311 - ERROR - ms:MBSF: 'WebFeatureService_2_0_0' object has no attribute 'getmap'
2025-11-12 11:11:04,426 - Scraping log - scraper.py > get_service_info(): Line 311 - ERROR - ms:MBSF-LABEL: 'WebFeatureService_2_0_0' object has no attribute 'getmap'
2025-11-12 11:11:04,426 - Scraping log - scraper.py > get_service_info(): Line 311 - ERROR - ms:TBLI: 'WebFeatureService_2_0_0' object has no attribute 'getmap'
2025-11-12 11:11:04,426 - Scraping log - scraper.py > get_service_info(): Line 311 - ERROR - ms:OSBP: 'WebFeatureService_2_0_0' object has no attribute 'getmap'
2025-11-12 11:11:04,426 - Scraping log - scraper.py > get_service_info(): Line 311 - ERROR - ms:CPPT: 'WebFeatureService_2_0_0' object has no attribute 'getmap'
2025-11-12 11:11:04,426 - Scraping log - scraper.py > get_service_info(): Line 311 - ERROR - ms:TBBP: 'WebFeatureService_2_0_0' object has no attribute 'getmap'
2025-11-12 11:11:17,964 - Scraping log - scraper.py >         <module>(): Line 744 - WARNING - Scraping KT_TG > https://ows.geo.tg.ch/geofy_access_proxy/waldreservate?service=WFS&version=2.0.0&request=GetCapabilities aborted
2025-11-12 11:11:18,641 - Scraping log - scraper.py >         <module>(): Line 744 - WARNING - Scraping KT_TG > https://ows.geo.tg.ch/geofy_access_proxy/waldreservate?service=WFS&version=2.0.0&request=GetCapabilities aborted
2025-11-12 11:12:16,837 - Scraping log - scraper.py >         <module>(): Line 744 - WARNING - Scraping KT_TG > https://ows.geo.tg.ch/geofy_access_proxy/revitalisierung_gewaesser?Service=WFS&Version=2.0.0&Request=GetCapabilities aborted
2025-11-12 11:13:13,727 - Scraping log - scraper.py >         <module>(): Line 744 - WARNING - Scraping KT_TG > https://ows.geo.tg.ch/geofy_access_proxy/grundwassermodell_thurtal?Service=WMS&Version=1.3.0&Request=GetCapabilities aborted
2025-11-12 11:13:55,898 - Scraping log - scraper.py > get_service_info(): Line 311 - ERROR - geodati_base_federali: HTTPSConnectionPool(host='wms.geo.ti.ch', port=443): Read timed out. (read timeout=10)
2025-11-12 11:16:01,963 - Scraping log - scraper.py > get_service_info(): Line 311 - ERROR - geodati_base_cantonali: HTTPSConnectionPool(host='wms.geo.ti.ch', port=443): Read timed out. (read timeout=10)
2025-11-12 11:20:10,914 - Scraping log - scraper.py > get_service_info(): Line 311 - ERROR - geodati_amministrazione_cantonale: HTTPSConnectionPool(host='wms.geo.ti.ch', port=443): Read timed out. (read timeout=10)
2025-11-12 11:24:15,411 - Scraping log - scraper.py >        is_online(): Line 172 - INFO - KT_ZG https://services.geo.zg.ch/ows/Quartiergestaltungsplanung?SERVICE=WMS&REQUEST=GetCapabilities: HTTPSConnectionPool(host='services.geo.zg.ch', port=443): Max retries exceeded with url: /ows/Quartiergestaltungsplanung?SERVICE=WMS&REQUEST=GetCapabilities (Caused by SSLError(SSLZeroReturnError(6, 'TLS/SSL connection has been closed (EOF) (_ssl.c:1147)')))
2025-11-12 11:24:15,412 - Scraping log - scraper.py >         <module>(): Line 744 - WARNING - Scraping KT_ZG > https://services.geo.zg.ch/ows/Quartiergestaltungsplanung?SERVICE=WMS&REQUEST=GetCapabilities aborted
2025-11-12 11:24:15,653 - Scraping log - scraper.py >        is_online(): Line 172 - INFO - KT_ZG https://services.geo.zg.ch/ows/Abfallsammelstellen?SERVICE=WMS&REQUEST=GetCapabilities: HTTPSConnectionPool(host='services.geo.zg.ch', port=443): Max retries exceeded with url: /ows/Abfallsammelstellen?SERVICE=WMS&REQUEST=GetCapabilities (Caused by SSLError(SSLZeroReturnError(6, 'TLS/SSL connection has been closed (EOF) (_ssl.c:1147)')))
2025-11-12 11:24:15,653 - Scraping log - scraper.py >         <module>(): Line 744 - WARNING - Scraping KT_ZG > https://services.geo.zg.ch/ows/Abfallsammelstellen?SERVICE=WMS&REQUEST=GetCapabilities aborted
2025-11-12 11:24:15,885 - Scraping log - scraper.py >        is_online(): Line 172 - INFO - KT_ZG https://services.geo.zg.ch/ows/Abstandslinien?SERVICE=WMS&REQUEST=GetCapabilities: HTTPSConnectionPool(host='services.geo.zg.ch', port=443): Max retries exceeded with url: /ows/Abstandslinien?SERVICE=WMS&REQUEST=GetCapabilities (Caused by SSLError(SSLZeroReturnError(6, 'TLS/SSL connection has been closed (EOF) (_ssl.c:1147)')))
2025-11-12 11:24:15,885 - Scraping log - scraper.py >         <module>(): Line 744 - WARNING - Scraping KT_ZG > https://services.geo.zg.ch/ows/Abstandslinien?SERVICE=WMS&REQUEST=GetCapabilities aborted
2025-11-12 11:24:16,211 - Scraping log - scraper.py >        is_online(): Line 172 - INFO - KT_ZG https://services.geo.zg.ch/ows/Adressplan?SERVICE=WMS&REQUEST=GetCapabilities: HTTPSConnectionPool(host='services.geo.zg.ch', port=443): Max retries exceeded with url: /ows/Adressplan?SERVICE=WMS&REQUEST=GetCapabilities (Caused by SSLError(SSLZeroReturnError(6, 'TLS/SSL connection has been closed (EOF) (_ssl.c:1147)')))
2025-11-12 11:24:16,211 - Scraping log - scraper.py >         <module>(): Line 744 - WARNING - Scraping KT_ZG > https://services.geo.zg.ch/ows/Adressplan?SERVICE=WMS&REQUEST=GetCapabilities aborted
2025-11-12 11:24:16,437 - Scraping log - scraper.py >        is_online(): Line 172 - INFO - KT_ZG https://services.geo.zg.ch/ows/Amphibienlaichgebiete?SERVICE=WMS&REQUEST=GetCapabilities: HTTPSConnectionPool(host='services.geo.zg.ch', port=443): Max retries exceeded with url: /ows/Amphibienlaichgebiete?SERVICE=WMS&REQUEST=GetCapabilities (Caused by SSLError(SSLZeroReturnError(6, 'TLS/SSL connection has been closed (EOF) (_ssl.c:1147)')))
2025-11-12 11:24:16,437 - Scraping log - scraper.py >         <module>(): Line 744 - WARNING - Scraping KT_ZG > https://services.geo.zg.ch/ows/Amphibienlaichgebiete?SERVICE=WMS&REQUEST=GetCapabilities aborted
2025-11-12 11:24:16,846 - Scraping log - scraper.py >        is_online(): Line 172 - INFO - KT_ZG https://services.geo.zg.ch/ows/Anselmierkarte?SERVICE=WMS&REQUEST=GetCapabilities: HTTPSConnectionPool(host='services.geo.zg.ch', port=443): Max retries exceeded with url: /ows/Anselmierkarte?SERVICE=WMS&REQUEST=GetCapabilities (Caused by SSLError(SSLZeroReturnError(6, 'TLS/SSL connection has been closed (EOF) (_ssl.c:1147)')))
2025-11-12 11:24:16,846 - Scraping log - scraper.py >         <module>(): Line 744 - WARNING - Scraping KT_ZG > https://services.geo.zg.ch/ows/Anselmierkarte?SERVICE=WMS&REQUEST=GetCapabilities aborted
2025-11-12 11:24:17,052 - Scraping log - scraper.py >        is_online(): Line 172 - INFO - KT_ZG https://services.geo.zg.ch/ows/BasisplanFarbe?SERVICE=WMS&REQUEST=GetCapabilities: HTTPSConnectionPool(host='services.geo.zg.ch', port=443): Max retries exceeded with url: /ows/BasisplanFarbe?SERVICE=WMS&REQUEST=GetCapabilities (Caused by SSLError(SSLZeroReturnError(6, 'TLS/SSL connection has been closed (EOF) (_ssl.c:1147)')))
2025-11-12 11:24:17,053 - Scraping log - scraper.py >         <module>(): Line 744 - WARNING - Scraping KT_ZG > https://services.geo.zg.ch/ows/BasisplanFarbe?SERVICE=WMS&REQUEST=GetCapabilities aborted
2025-11-12 11:24:17,280 - Scraping log - scraper.py >        is_online(): Line 172 - INFO - KT_ZG https://services.geo.zg.ch/ows/BasisplanSW?SERVICE=WMS&REQUEST=GetCapabilities: HTTPSConnectionPool(host='services.geo.zg.ch', port=443): Max retries exceeded with url: /ows/BasisplanSW?SERVICE=WMS&REQUEST=GetCapabilities (Caused by SSLError(SSLZeroReturnError(6, 'TLS/SSL connection has been closed (EOF) (_ssl.c:1147)')))
2025-11-12 11:24:17,280 - Scraping log - scraper.py >         <module>(): Line 744 - WARNING - Scraping KT_ZG > https://services.geo.zg.ch/ows/BasisplanSW?SERVICE=WMS&REQUEST=GetCapabilities aborted
2025-11-12 11:24:17,697 - Scraping log - scraper.py >        is_online(): Line 172 - INFO - KT_ZG https://services.geo.zg.ch/ows/Baumkataster?SERVICE=WMS&REQUEST=GetCapabilities: HTTPSConnectionPool(host='services.geo.zg.ch', port=443): Max retries exceeded with url: /ows/Baumkataster?SERVICE=WMS&REQUEST=GetCapabilities (Caused by SSLError(SSLZeroReturnError(6, 'TLS/SSL connection has been closed (EOF) (_ssl.c:1147)')))
2025-11-12 11:24:17,697 - Scraping log - scraper.py >         <module>(): Line 744 - WARNING - Scraping KT_ZG > https://services.geo.zg.ch/ows/Baumkataster?SERVICE=WMS&REQUEST=GetCapabilities aborted
2025-11-12 11:24:18,028 - Scraping log - scraper.py >        is_online(): Line 172 - INFO - KT_ZG https://services.geo.zg.ch/ows/Bebauungsplan?SERVICE=WMS&REQUEST=GetCapabilities: HTTPSConnectionPool(host='services.geo.zg.ch', port=443): Max retries exceeded with url: /ows/Bebauungsplan?SERVICE=WMS&REQUEST=GetCapabilities (Caused by SSLError(SSLZeroReturnError(6, 'TLS/SSL connection has been closed (EOF) (_ssl.c:1147)')))
2025-11-12 11:24:18,029 - Scraping log - scraper.py >         <module>(): Line 744 - WARNING - Scraping KT_ZG > https://services.geo.zg.ch/ows/Bebauungsplan?SERVICE=WMS&REQUEST=GetCapabilities aborted
2025-11-12 11:24:18,230 - Scraping log - scraper.py >        is_online(): Line 172 - INFO - KT_ZG https://services.geo.zg.ch/ows/Besondere_Waldlebensraeume?SERVICE=WMS&REQUEST=GetCapabilities: HTTPSConnectionPool(host='services.geo.zg.ch', port=443): Max retries exceeded with url: /ows/Besondere_Waldlebensraeume?SERVICE=WMS&REQUEST=GetCapabilities (Caused by SSLError(SSLZeroReturnError(6, 'TLS/SSL connection has been closed (EOF) (_ssl.c:1147)')))
2025-11-12 11:24:18,230 - Scraping log - scraper.py >         <module>(): Line 744 - WARNING - Scraping KT_ZG > https://services.geo.zg.ch/ows/Besondere_Waldlebensraeume?SERVICE=WMS&REQUEST=GetCapabilities aborted
2025-11-12 11:24:18,427 - Scraping log - scraper.py >        is_online(): Line 172 - INFO - KT_ZG https://services.geo.zg.ch/ows/Besondere_Waldlebensraeume?SERVICE=WMS&REQUEST=GetCapabilities: HTTPSConnectionPool(host='services.geo.zg.ch', port=443): Max retries exceeded with url: /ows/Besondere_Waldlebensraeume?SERVICE=WMS&REQUEST=GetCapabilities (Caused by SSLError(SSLZeroReturnError(6, 'TLS/SSL connection has been closed (EOF) (_ssl.c:1147)')))
2025-11-12 11:24:18,427 - Scraping log - scraper.py >         <module>(): Line 744 - WARNING - Scraping KT_ZG > https://services.geo.zg.ch/ows/Besondere_Waldlebensraeume?SERVICE=WMS&REQUEST=GetCapabilities aborted
2025-11-12 11:24:18,848 - Scraping log - scraper.py >        is_online(): Line 172 - INFO - KT_ZG https://services.geo.zg.ch/ows/Bodenkarte?SERVICE=WMS&REQUEST=GetCapabilities: HTTPSConnectionPool(host='services.geo.zg.ch', port=443): Max retries exceeded with url: /ows/Bodenkarte?SERVICE=WMS&REQUEST=GetCapabilities (Caused by SSLError(SSLZeroReturnError(6, 'TLS/SSL connection has been closed (EOF) (_ssl.c:1147)')))
2025-11-12 11:24:18,848 - Scraping log - scraper.py >         <module>(): Line 744 - WARNING - Scraping KT_ZG > https://services.geo.zg.ch/ows/Bodenkarte?SERVICE=WMS&REQUEST=GetCapabilities aborted
2025-11-12 11:24:19,173 - Scraping log - scraper.py >        is_online(): Line 172 - INFO - KT_ZG https://services.geo.zg.ch/ows/Buslinien?SERVICE=WMS&REQUEST=GetCapabilities: HTTPSConnectionPool(host='services.geo.zg.ch', port=443): Max retries exceeded with url: /ows/Buslinien?SERVICE=WMS&REQUEST=GetCapabilities (Caused by SSLError(SSLZeroReturnError(6, 'TLS/SSL connection has been closed (EOF) (_ssl.c:1147)')))
2025-11-12 11:24:19,173 - Scraping log - scraper.py >         <module>(): Line 744 - WARNING - Scraping KT_ZG > https://services.geo.zg.ch/ows/Buslinien?SERVICE=WMS&REQUEST=GetCapabilities aborted
2025-11-12 11:24:19,498 - Scraping log - scraper.py >        is_online(): Line 172 - INFO - KT_ZG https://services.geo.zg.ch/ows/Denkmaeler?SERVICE=WMS&REQUEST=GetCapabilities: HTTPSConnectionPool(host='services.geo.zg.ch', port=443): Max retries exceeded with url: /ows/Denkmaeler?SERVICE=WMS&REQUEST=GetCapabilities (Caused by SSLError(SSLZeroReturnError(6, 'TLS/SSL connection has been closed (EOF) (_ssl.c:1147)')))
2025-11-12 11:24:19,498 - Scraping log - scraper.py >         <module>(): Line 744 - WARNING - Scraping KT_ZG > https://services.geo.zg.ch/ows/Denkmaeler?SERVICE=WMS&REQUEST=GetCapabilities aborted
2025-11-12 11:24:19,825 - Scraping log - scraper.py >        is_online(): Line 172 - INFO - KT_ZG https://services.geo.zg.ch/ows/Einzelbaeume_K5?&SERVICE=WMS&REQUEST=GetCapabilities: HTTPSConnectionPool(host='services.geo.zg.ch', port=443): Max retries exceeded with url: /ows/Einzelbaeume_K5?&SERVICE=WMS&REQUEST=GetCapabilities (Caused by SSLError(SSLZeroReturnError(6, 'TLS/SSL connection has been closed (EOF) (_ssl.c:1147)')))
2025-11-12 11:24:19,827 - Scraping log - scraper.py >         <module>(): Line 744 - WARNING - Scraping KT_ZG > https://services.geo.zg.ch/ows/Einzelbaeume_K5?&SERVICE=WMS&REQUEST=GetCapabilities aborted
2025-11-12 11:24:20,020 - Scraping log - scraper.py >        is_online(): Line 172 - INFO - KT_ZG https://services.geo.zg.ch/ows/Erdwaermenutzung?SERVICE=WMS&REQUEST=GetCapabilities: HTTPSConnectionPool(host='services.geo.zg.ch', port=443): Max retries exceeded with url: /ows/Erdwaermenutzung?SERVICE=WMS&REQUEST=GetCapabilities (Caused by SSLError(SSLZeroReturnError(6, 'TLS/SSL connection has been closed (EOF) (_ssl.c:1147)')))
2025-11-12 11:24:20,020 - Scraping log - scraper.py >         <module>(): Line 744 - WARNING - Scraping KT_ZG > https://services.geo.zg.ch/ows/Erdwaermenutzung?SERVICE=WMS&REQUEST=GetCapabilities aborted
2025-11-12 11:24:20,224 - Scraping log - scraper.py >        is_online(): Line 172 - INFO - KT_ZG https://services.geo.zg.ch/ows/Erholungswald?SERVICE=WMS&REQUEST=GetCapabilities: HTTPSConnectionPool(host='services.geo.zg.ch', port=443): Max retries exceeded with url: /ows/Erholungswald?SERVICE=WMS&REQUEST=GetCapabilities (Caused by SSLError(SSLZeroReturnError(6, 'TLS/SSL connection has been closed (EOF) (_ssl.c:1147)')))
2025-11-12 11:24:20,224 - Scraping log - scraper.py >         <module>(): Line 744 - WARNING - Scraping KT_ZG > https://services.geo.zg.ch/ows/Erholungswald?SERVICE=WMS&REQUEST=GetCapabilities aborted
2025-11-12 11:24:20,540 - Scraping log - scraper.py >        is_online(): Line 172 - INFO - KT_ZG https://services.geo.zg.ch/ows/Fahrzeuglaengen_geplant?SERVICE=WMS&REQUEST=GetCapabilities: HTTPSConnectionPool(host='services.geo.zg.ch', port=443): Max retries exceeded with url: /ows/Fahrzeuglaengen_geplant?SERVICE=WMS&REQUEST=GetCapabilities (Caused by SSLError(SSLZeroReturnError(6, 'TLS/SSL connection has been closed (EOF) (_ssl.c:1147)')))
2025-11-12 11:24:20,541 - Scraping log - scraper.py >         <module>(): Line 744 - WARNING - Scraping KT_ZG > https://services.geo.zg.ch/ows/Fahrzeuglaengen_geplant?SERVICE=WMS&REQUEST=GetCapabilities aborted
2025-11-12 11:24:20,736 - Scraping log - scraper.py >        is_online(): Line 172 - INFO - KT_ZG https://services.geo.zg.ch/ows/Fledermaus-Quartiere?SERVICE=WMS&REQUEST=GetCapabilities: HTTPSConnectionPool(host='services.geo.zg.ch', port=443): Max retries exceeded with url: /ows/Fledermaus-Quartiere?SERVICE=WMS&REQUEST=GetCapabilities (Caused by SSLError(SSLZeroReturnError(6, 'TLS/SSL connection has been closed (EOF) (_ssl.c:1147)')))
2025-11-12 11:24:20,736 - Scraping log - scraper.py >         <module>(): Line 744 - WARNING - Scraping KT_ZG > https://services.geo.zg.ch/ows/Fledermaus-Quartiere?SERVICE=WMS&REQUEST=GetCapabilities aborted
2025-11-12 11:24:20,931 - Scraping log - scraper.py >        is_online(): Line 172 - INFO - KT_ZG https://services.geo.zg.ch/ows/Forstreviere?SERVICE=WMS&REQUEST=GetCapabilities: HTTPSConnectionPool(host='services.geo.zg.ch', port=443): Max retries exceeded with url: /ows/Forstreviere?SERVICE=WMS&REQUEST=GetCapabilities (Caused by SSLError(SSLZeroReturnError(6, 'TLS/SSL connection has been closed (EOF) (_ssl.c:1147)')))
2025-11-12 11:24:20,931 - Scraping log - scraper.py >         <module>(): Line 744 - WARNING - Scraping KT_ZG > https://services.geo.zg.ch/ows/Forstreviere?SERVICE=WMS&REQUEST=GetCapabilities aborted
2025-11-12 11:24:21,129 - Scraping log - scraper.py >        is_online(): Line 172 - INFO - KT_ZG https://services.geo.zg.ch/ows/Fussgaengerstreifen?SERVICE=WMS&REQUEST=GetCapabilities: HTTPSConnectionPool(host='services.geo.zg.ch', port=443): Max retries exceeded with url: /ows/Fussgaengerstreifen?SERVICE=WMS&REQUEST=GetCapabilities (Caused by SSLError(SSLZeroReturnError(6, 'TLS/SSL connection has been closed (EOF) (_ssl.c:1147)')))
2025-11-12 11:24:21,129 - Scraping log - scraper.py >         <module>(): Line 744 - WARNING - Scraping KT_ZG > https://services.geo.zg.ch/ows/Fussgaengerstreifen?SERVICE=WMS&REQUEST=GetCapabilities aborted
2025-11-12 11:24:21,451 - Scraping log - scraper.py >        is_online(): Line 172 - INFO - KT_ZG https://services.geo.zg.ch/ows/Gebaeudebrueter?SERVICE=WMS&REQUEST=GetCapabilities: HTTPSConnectionPool(host='services.geo.zg.ch', port=443): Max retries exceeded with url: /ows/Gebaeudebrueter?SERVICE=WMS&REQUEST=GetCapabilities (Caused by SSLError(SSLZeroReturnError(6, 'TLS/SSL connection has been closed (EOF) (_ssl.c:1147)')))
2025-11-12 11:24:21,451 - Scraping log - scraper.py >         <module>(): Line 744 - WARNING - Scraping KT_ZG > https://services.geo.zg.ch/ows/Gebaeudebrueter?SERVICE=WMS&REQUEST=GetCapabilities aborted
2025-11-12 11:24:21,657 - Scraping log - scraper.py >        is_online(): Line 172 - INFO - KT_ZG https://services.geo.zg.ch/ows/Geomorphologie?SERVICE=WMS&REQUEST=GetCapabilities: HTTPSConnectionPool(host='services.geo.zg.ch', port=443): Max retries exceeded with url: /ows/Geomorphologie?SERVICE=WMS&REQUEST=GetCapabilities (Caused by SSLError(SSLZeroReturnError(6, 'TLS/SSL connection has been closed (EOF) (_ssl.c:1147)')))
2025-11-12 11:24:21,657 - Scraping log - scraper.py >         <module>(): Line 744 - WARNING - Scraping KT_ZG > https://services.geo.zg.ch/ows/Geomorphologie?SERVICE=WMS&REQUEST=GetCapabilities aborted
2025-11-12 11:24:21,856 - Scraping log - scraper.py >        is_online(): Line 172 - INFO - KT_ZG https://services.geo.zg.ch/ows/Gewaessernetz?SERVICE=WMS&REQUEST=GetCapabilities: HTTPSConnectionPool(host='services.geo.zg.ch', port=443): Max retries exceeded with url: /ows/Gewaessernetz?SERVICE=WMS&REQUEST=GetCapabilities (Caused by SSLError(SSLZeroReturnError(6, 'TLS/SSL connection has been closed (EOF) (_ssl.c:1147)')))
2025-11-12 11:24:21,856 - Scraping log - scraper.py >         <module>(): Line 744 - WARNING - Scraping KT_ZG > https://services.geo.zg.ch/ows/Gewaessernetz?SERVICE=WMS&REQUEST=GetCapabilities aborted
2025-11-12 11:24:22,052 - Scraping log - scraper.py >        is_online(): Line 172 - INFO - KT_ZG https://services.geo.zg.ch/ows/Gewaesserschutzkarte?SERVICE=WMS&REQUEST=GetCapabilities: HTTPSConnectionPool(host='services.geo.zg.ch', port=443): Max retries exceeded with url: /ows/Gewaesserschutzkarte?SERVICE=WMS&REQUEST=GetCapabilities (Caused by SSLError(SSLZeroReturnError(6, 'TLS/SSL connection has been closed (EOF) (_ssl.c:1147)')))
2025-11-12 11:24:22,053 - Scraping log - scraper.py >         <module>(): Line 744 - WARNING - Scraping KT_ZG > https://services.geo.zg.ch/ows/Gewaesserschutzkarte?SERVICE=WMS&REQUEST=GetCapabilities aborted
2025-11-12 11:24:22,387 - Scraping log - scraper.py >        is_online(): Line 172 - INFO - KT_ZG https://services.geo.zg.ch/ows/Grundbuchplan?SERVICE=WMS&REQUEST=GetCapabilities: HTTPSConnectionPool(host='services.geo.zg.ch', port=443): Max retries exceeded with url: /ows/Grundbuchplan?SERVICE=WMS&REQUEST=GetCapabilities (Caused by SSLError(SSLZeroReturnError(6, 'TLS/SSL connection has been closed (EOF) (_ssl.c:1147)')))
2025-11-12 11:24:22,388 - Scraping log - scraper.py >         <module>(): Line 744 - WARNING - Scraping KT_ZG > https://services.geo.zg.ch/ows/Grundbuchplan?SERVICE=WMS&REQUEST=GetCapabilities aborted
2025-11-12 11:24:22,585 - Scraping log - scraper.py >        is_online(): Line 172 - INFO - KT_ZG https://services.geo.zg.ch/ows/Hecken_Feldgehoelze?SERVICE=WMS&REQUEST=GetCapabilities: HTTPSConnectionPool(host='services.geo.zg.ch', port=443): Max retries exceeded with url: /ows/Hecken_Feldgehoelze?SERVICE=WMS&REQUEST=GetCapabilities (Caused by SSLError(SSLZeroReturnError(6, 'TLS/SSL connection has been closed (EOF) (_ssl.c:1147)')))
2025-11-12 11:24:22,585 - Scraping log - scraper.py >         <module>(): Line 744 - WARNING - Scraping KT_ZG > https://services.geo.zg.ch/ows/Hecken_Feldgehoelze?SERVICE=WMS&REQUEST=GetCapabilities aborted
2025-11-12 11:24:22,778 - Scraping log - scraper.py >        is_online(): Line 172 - INFO - KT_ZG https://services.geo.zg.ch/ows/Hist_Gewaesser?SERVICE=WMS&REQUEST=GetCapabilities: HTTPSConnectionPool(host='services.geo.zg.ch', port=443): Max retries exceeded with url: /ows/Hist_Gewaesser?SERVICE=WMS&REQUEST=GetCapabilities (Caused by SSLError(SSLZeroReturnError(6, 'TLS/SSL connection has been closed (EOF) (_ssl.c:1147)')))
2025-11-12 11:24:22,778 - Scraping log - scraper.py >         <module>(): Line 744 - WARNING - Scraping KT_ZG > https://services.geo.zg.ch/ows/Hist_Gewaesser?SERVICE=WMS&REQUEST=GetCapabilities aborted
2025-11-12 11:24:22,986 - Scraping log - scraper.py >        is_online(): Line 172 - INFO - KT_ZG https://services.geo.zg.ch/ows/Hoehenkurven_Isobathen?SERVICE=WMS&REQUEST=GetCapabilities: HTTPSConnectionPool(host='services.geo.zg.ch', port=443): Max retries exceeded with url: /ows/Hoehenkurven_Isobathen?SERVICE=WMS&REQUEST=GetCapabilities (Caused by SSLError(SSLZeroReturnError(6, 'TLS/SSL connection has been closed (EOF) (_ssl.c:1147)')))
2025-11-12 11:24:22,986 - Scraping log - scraper.py >         <module>(): Line 744 - WARNING - Scraping KT_ZG > https://services.geo.zg.ch/ows/Hoehenkurven_Isobathen?SERVICE=WMS&REQUEST=GetCapabilities aborted
2025-11-12 11:24:23,304 - Scraping log - scraper.py >        is_online(): Line 172 - INFO - KT_ZG https://services.geo.zg.ch/ows/Jagdbezirke?SERVICE=WMS&REQUEST=GetCapabilities: HTTPSConnectionPool(host='services.geo.zg.ch', port=443): Max retries exceeded with url: /ows/Jagdbezirke?SERVICE=WMS&REQUEST=GetCapabilities (Caused by SSLError(SSLZeroReturnError(6, 'TLS/SSL connection has been closed (EOF) (_ssl.c:1147)')))
2025-11-12 11:24:23,304 - Scraping log - scraper.py >         <module>(): Line 744 - WARNING - Scraping KT_ZG > https://services.geo.zg.ch/ows/Jagdbezirke?SERVICE=WMS&REQUEST=GetCapabilities aborted
2025-11-12 11:24:23,495 - Scraping log - scraper.py >        is_online(): Line 172 - INFO - KT_ZG https://services.geo.zg.ch/ows/Kinderbetreuung?SERVICE=WMS&REQUEST=GetCapabilities: HTTPSConnectionPool(host='services.geo.zg.ch', port=443): Max retries exceeded with url: /ows/Kinderbetreuung?SERVICE=WMS&REQUEST=GetCapabilities (Caused by SSLError(SSLZeroReturnError(6, 'TLS/SSL connection has been closed (EOF) (_ssl.c:1147)')))
2025-11-12 11:24:23,495 - Scraping log - scraper.py >         <module>(): Line 744 - WARNING - Scraping KT_ZG > https://services.geo.zg.ch/ows/Kinderbetreuung?SERVICE=WMS&REQUEST=GetCapabilities aborted
2025-11-12 11:24:23,690 - Scraping log - scraper.py >        is_online(): Line 172 - INFO - KT_ZG https://services.geo.zg.ch/ows/Kunstbauten?SERVICE=WMS&REQUEST=GetCapabilities: HTTPSConnectionPool(host='services.geo.zg.ch', port=443): Max retries exceeded with url: /ows/Kunstbauten?SERVICE=WMS&REQUEST=GetCapabilities (Caused by SSLError(SSLZeroReturnError(6, 'TLS/SSL connection has been closed (EOF) (_ssl.c:1147)')))
2025-11-12 11:24:23,691 - Scraping log - scraper.py >         <module>(): Line 744 - WARNING - Scraping KT_ZG > https://services.geo.zg.ch/ows/Kunstbauten?SERVICE=WMS&REQUEST=GetCapabilities aborted
2025-11-12 11:24:23,897 - Scraping log - scraper.py >        is_online(): Line 172 - INFO - KT_ZG https://services.geo.zg.ch/ows/Landwertzonen_Steuern?SERVICE=WMS&REQUEST=GetCapabilities: HTTPSConnectionPool(host='services.geo.zg.ch', port=443): Max retries exceeded with url: /ows/Landwertzonen_Steuern?SERVICE=WMS&REQUEST=GetCapabilities (Caused by SSLError(SSLZeroReturnError(6, 'TLS/SSL connection has been closed (EOF) (_ssl.c:1147)')))
2025-11-12 11:24:23,897 - Scraping log - scraper.py >         <module>(): Line 744 - WARNING - Scraping KT_ZG > https://services.geo.zg.ch/ows/Landwertzonen_Steuern?SERVICE=WMS&REQUEST=GetCapabilities aborted
2025-11-12 11:24:24,094 - Scraping log - scraper.py >        is_online(): Line 172 - INFO - KT_ZG https://services.geo.zg.ch/ows/Landwirtschaft?SERVICE=WMS&REQUEST=GetCapabilities: HTTPSConnectionPool(host='services.geo.zg.ch', port=443): Max retries exceeded with url: /ows/Landwirtschaft?SERVICE=WMS&REQUEST=GetCapabilities (Caused by SSLError(SSLZeroReturnError(6, 'TLS/SSL connection has been closed (EOF) (_ssl.c:1147)')))
2025-11-12 11:24:24,094 - Scraping log - scraper.py >         <module>(): Line 744 - WARNING - Scraping KT_ZG > https://services.geo.zg.ch/ows/Landwirtschaft?SERVICE=WMS&REQUEST=GetCapabilities aborted
2025-11-12 11:24:24,291 - Scraping log - scraper.py >        is_online(): Line 172 - INFO - KT_ZG https://services.geo.zg.ch/ows/Messstellen_an_Gewaessern?SERVICE=WMS&REQUEST=GetCapabilities: HTTPSConnectionPool(host='services.geo.zg.ch', port=443): Max retries exceeded with url: /ows/Messstellen_an_Gewaessern?SERVICE=WMS&REQUEST=GetCapabilities (Caused by SSLError(SSLZeroReturnError(6, 'TLS/SSL connection has been closed (EOF) (_ssl.c:1147)')))
2025-11-12 11:24:24,291 - Scraping log - scraper.py >         <module>(): Line 744 - WARNING - Scraping KT_ZG > https://services.geo.zg.ch/ows/Messstellen_an_Gewaessern?SERVICE=WMS&REQUEST=GetCapabilities aborted
2025-11-12 11:24:24,483 - Scraping log - scraper.py >        is_online(): Line 172 - INFO - KT_ZG https://services.geo.zg.ch/ows/Moorlandschaften?SERVICE=WMS&REQUEST=GetCapabilities: HTTPSConnectionPool(host='services.geo.zg.ch', port=443): Max retries exceeded with url: /ows/Moorlandschaften?SERVICE=WMS&REQUEST=GetCapabilities (Caused by SSLError(SSLZeroReturnError(6, 'TLS/SSL connection has been closed (EOF) (_ssl.c:1147)')))
2025-11-12 11:24:24,483 - Scraping log - scraper.py >         <module>(): Line 744 - WARNING - Scraping KT_ZG > https://services.geo.zg.ch/ows/Moorlandschaften?SERVICE=WMS&REQUEST=GetCapabilities aborted
2025-11-12 11:24:24,689 - Scraping log - scraper.py >        is_online(): Line 172 - INFO - KT_ZG https://services.geo.zg.ch/ows/NGHK_Phaenomene?SERVICE=WMS&REQUEST=GetCapabilities: HTTPSConnectionPool(host='services.geo.zg.ch', port=443): Max retries exceeded with url: /ows/NGHK_Phaenomene?SERVICE=WMS&REQUEST=GetCapabilities (Caused by SSLError(SSLZeroReturnError(6, 'TLS/SSL connection has been closed (EOF) (_ssl.c:1147)')))
2025-11-12 11:24:24,689 - Scraping log - scraper.py >         <module>(): Line 744 - WARNING - Scraping KT_ZG > https://services.geo.zg.ch/ows/NGHK_Phaenomene?SERVICE=WMS&REQUEST=GetCapabilities aborted
2025-11-12 11:24:24,893 - Scraping log - scraper.py >        is_online(): Line 172 - INFO - KT_ZG https://services.geo.zg.ch/ows/NGHK_Prozesse?SERVICE=WMS&REQUEST=GetCapabilities: HTTPSConnectionPool(host='services.geo.zg.ch', port=443): Max retries exceeded with url: /ows/NGHK_Prozesse?SERVICE=WMS&REQUEST=GetCapabilities (Caused by SSLError(SSLZeroReturnError(6, 'TLS/SSL connection has been closed (EOF) (_ssl.c:1147)')))
2025-11-12 11:24:24,893 - Scraping log - scraper.py >         <module>(): Line 744 - WARNING - Scraping KT_ZG > https://services.geo.zg.ch/ows/NGHK_Prozesse?SERVICE=WMS&REQUEST=GetCapabilities aborted
2025-11-12 11:24:25,087 - Scraping log - scraper.py >        is_online(): Line 172 - INFO - KT_ZG https://services.geo.zg.ch/ows/Naturobjekte?SERVICE=WMS&REQUEST=GetCapabilities: HTTPSConnectionPool(host='services.geo.zg.ch', port=443): Max retries exceeded with url: /ows/Naturobjekte?SERVICE=WMS&REQUEST=GetCapabilities (Caused by SSLError(SSLZeroReturnError(6, 'TLS/SSL connection has been closed (EOF) (_ssl.c:1147)')))
2025-11-12 11:24:25,087 - Scraping log - scraper.py >         <module>(): Line 744 - WARNING - Scraping KT_ZG > https://services.geo.zg.ch/ows/Naturobjekte?SERVICE=WMS&REQUEST=GetCapabilities aborted
2025-11-12 11:24:25,299 - Scraping log - scraper.py >        is_online(): Line 172 - INFO - KT_ZG https://services.geo.zg.ch/ows/Naturschutz?SERVICE=WMS&REQUEST=GetCapabilities: HTTPSConnectionPool(host='services.geo.zg.ch', port=443): Max retries exceeded with url: /ows/Naturschutz?SERVICE=WMS&REQUEST=GetCapabilities (Caused by SSLError(SSLZeroReturnError(6, 'TLS/SSL connection has been closed (EOF) (_ssl.c:1147)')))
2025-11-12 11:24:25,299 - Scraping log - scraper.py >         <module>(): Line 744 - WARNING - Scraping KT_ZG > https://services.geo.zg.ch/ows/Naturschutz?SERVICE=WMS&REQUEST=GetCapabilities aborted
2025-11-12 11:24:25,624 - Scraping log - scraper.py >        is_online(): Line 172 - INFO - KT_ZG https://services.geo.zg.ch/ows/Neophyten?SERVICE=WMS&REQUEST=GetCapabilities: HTTPSConnectionPool(host='services.geo.zg.ch', port=443): Max retries exceeded with url: /ows/Neophyten?SERVICE=WMS&REQUEST=GetCapabilities (Caused by SSLError(SSLZeroReturnError(6, 'TLS/SSL connection has been closed (EOF) (_ssl.c:1147)')))
2025-11-12 11:24:25,624 - Scraping log - scraper.py >         <module>(): Line 744 - WARNING - Scraping KT_ZG > https://services.geo.zg.ch/ows/Neophyten?SERVICE=WMS&REQUEST=GetCapabilities aborted
2025-11-12 11:24:25,856 - Scraping log - scraper.py >        is_online(): Line 172 - INFO - KT_ZG https://services.geo.zg.ch/ows/Orthofotos?SERVICE=WMS&REQUEST=GetCapabilities: HTTPSConnectionPool(host='services.geo.zg.ch', port=443): Max retries exceeded with url: /ows/Orthofotos?SERVICE=WMS&REQUEST=GetCapabilities (Caused by SSLError(SSLZeroReturnError(6, 'TLS/SSL connection has been closed (EOF) (_ssl.c:1147)')))
2025-11-12 11:24:25,856 - Scraping log - scraper.py >         <module>(): Line 744 - WARNING - Scraping KT_ZG > https://services.geo.zg.ch/ows/Orthofotos?SERVICE=WMS&REQUEST=GetCapabilities aborted
2025-11-12 11:24:26,049 - Scraping log - scraper.py >        is_online(): Line 172 - INFO - KT_ZG https://services.geo.zg.ch/ows/Ortsbildschutz?SERVICE=WMS&REQUEST=GetCapabilities: HTTPSConnectionPool(host='services.geo.zg.ch', port=443): Max retries exceeded with url: /ows/Ortsbildschutz?SERVICE=WMS&REQUEST=GetCapabilities (Caused by SSLError(SSLZeroReturnError(6, 'TLS/SSL connection has been closed (EOF) (_ssl.c:1147)')))
2025-11-12 11:24:26,049 - Scraping log - scraper.py >         <module>(): Line 744 - WARNING - Scraping KT_ZG > https://services.geo.zg.ch/ows/Ortsbildschutz?SERVICE=WMS&REQUEST=GetCapabilities aborted
2025-11-12 11:24:26,380 - Scraping log - scraper.py >        is_online(): Line 172 - INFO - KT_ZG https://services.geo.zg.ch/ows/Parkplaetze?SERVICE=WMS&REQUEST=GetCapabilities: HTTPSConnectionPool(host='services.geo.zg.ch', port=443): Max retries exceeded with url: /ows/Parkplaetze?SERVICE=WMS&REQUEST=GetCapabilities (Caused by SSLError(SSLZeroReturnError(6, 'TLS/SSL connection has been closed (EOF) (_ssl.c:1147)')))
2025-11-12 11:24:26,381 - Scraping log - scraper.py >         <module>(): Line 744 - WARNING - Scraping KT_ZG > https://services.geo.zg.ch/ows/Parkplaetze?SERVICE=WMS&REQUEST=GetCapabilities aborted
2025-11-12 11:24:26,580 - Scraping log - scraper.py >        is_online(): Line 172 - INFO - KT_ZG https://services.geo.zg.ch/ows/Points_of_Interest?SERVICE=WMS&REQUEST=GetCapabilities: HTTPSConnectionPool(host='services.geo.zg.ch', port=443): Max retries exceeded with url: /ows/Points_of_Interest?SERVICE=WMS&REQUEST=GetCapabilities (Caused by SSLError(SSLZeroReturnError(6, 'TLS/SSL connection has been closed (EOF) (_ssl.c:1147)')))
2025-11-12 11:24:26,580 - Scraping log - scraper.py >         <module>(): Line 744 - WARNING - Scraping KT_ZG > https://services.geo.zg.ch/ows/Points_of_Interest?SERVICE=WMS&REQUEST=GetCapabilities aborted
2025-11-12 11:24:26,776 - Scraping log - scraper.py >        is_online(): Line 172 - INFO - KT_ZG https://services.geo.zg.ch/ows/Radwege?SERVICE=WMS&REQUEST=GetCapabilities: HTTPSConnectionPool(host='services.geo.zg.ch', port=443): Max retries exceeded with url: /ows/Radwege?SERVICE=WMS&REQUEST=GetCapabilities (Caused by SSLError(SSLZeroReturnError(6, 'TLS/SSL connection has been closed (EOF) (_ssl.c:1147)')))
2025-11-12 11:24:26,776 - Scraping log - scraper.py >         <module>(): Line 744 - WARNING - Scraping KT_ZG > https://services.geo.zg.ch/ows/Radwege?SERVICE=WMS&REQUEST=GetCapabilities aborted
2025-11-12 11:24:26,971 - Scraping log - scraper.py >        is_online(): Line 172 - INFO - KT_ZG https://services.geo.zg.ch/ows/Richtplan?SERVICE=WMS&REQUEST=GetCapabilities: HTTPSConnectionPool(host='services.geo.zg.ch', port=443): Max retries exceeded with url: /ows/Richtplan?SERVICE=WMS&REQUEST=GetCapabilities (Caused by SSLError(SSLZeroReturnError(6, 'TLS/SSL connection has been closed (EOF) (_ssl.c:1147)')))
2025-11-12 11:24:26,971 - Scraping log - scraper.py >         <module>(): Line 744 - WARNING - Scraping KT_ZG > https://services.geo.zg.ch/ows/Richtplan?SERVICE=WMS&REQUEST=GetCapabilities aborted
2025-11-12 11:24:27,164 - Scraping log - scraper.py >        is_online(): Line 172 - INFO - KT_ZG https://services.geo.zg.ch/ows/Schulhaeuser_Kindergaerten?SERVICE=WMS&REQUEST=GetCapabilities: HTTPSConnectionPool(host='services.geo.zg.ch', port=443): Max retries exceeded with url: /ows/Schulhaeuser_Kindergaerten?SERVICE=WMS&REQUEST=GetCapabilities (Caused by SSLError(SSLZeroReturnError(6, 'TLS/SSL connection has been closed (EOF) (_ssl.c:1147)')))
2025-11-12 11:24:27,165 - Scraping log - scraper.py >         <module>(): Line 744 - WARNING - Scraping KT_ZG > https://services.geo.zg.ch/ows/Schulhaeuser_Kindergaerten?SERVICE=WMS&REQUEST=GetCapabilities aborted
2025-11-12 11:24:27,363 - Scraping log - scraper.py >        is_online(): Line 172 - INFO - KT_ZG https://services.geo.zg.ch/ows/Schutzraumbau?SERVICE=WMS&REQUEST=GetCapabilities: HTTPSConnectionPool(host='services.geo.zg.ch', port=443): Max retries exceeded with url: /ows/Schutzraumbau?SERVICE=WMS&REQUEST=GetCapabilities (Caused by SSLError(SSLZeroReturnError(6, 'TLS/SSL connection has been closed (EOF) (_ssl.c:1147)')))
2025-11-12 11:24:27,363 - Scraping log - scraper.py >         <module>(): Line 744 - WARNING - Scraping KT_ZG > https://services.geo.zg.ch/ows/Schutzraumbau?SERVICE=WMS&REQUEST=GetCapabilities aborted
2025-11-12 11:24:27,566 - Scraping log - scraper.py >        is_online(): Line 172 - INFO - KT_ZG https://services.geo.zg.ch/ows/Schutzwald?SERVICE=WMS&REQUEST=GetCapabilities: HTTPSConnectionPool(host='services.geo.zg.ch', port=443): Max retries exceeded with url: /ows/Schutzwald?SERVICE=WMS&REQUEST=GetCapabilities (Caused by SSLError(SSLZeroReturnError(6, 'TLS/SSL connection has been closed (EOF) (_ssl.c:1147)')))
2025-11-12 11:24:27,566 - Scraping log - scraper.py >         <module>(): Line 744 - WARNING - Scraping KT_ZG > https://services.geo.zg.ch/ows/Schutzwald?SERVICE=WMS&REQUEST=GetCapabilities aborted
2025-11-12 11:24:27,888 - Scraping log - scraper.py >        is_online(): Line 172 - INFO - KT_ZG https://services.geo.zg.ch/ows/Standorte_Wahlplakate?SERVICE=WMS&REQUEST=GetCapabilities: HTTPSConnectionPool(host='services.geo.zg.ch', port=443): Max retries exceeded with url: /ows/Standorte_Wahlplakate?SERVICE=WMS&REQUEST=GetCapabilities (Caused by SSLError(SSLZeroReturnError(6, 'TLS/SSL connection has been closed (EOF) (_ssl.c:1147)')))
2025-11-12 11:24:27,888 - Scraping log - scraper.py >         <module>(): Line 744 - WARNING - Scraping KT_ZG > https://services.geo.zg.ch/ows/Standorte_Wahlplakate?SERVICE=WMS&REQUEST=GetCapabilities aborted
2025-11-12 11:24:28,086 - Scraping log - scraper.py >        is_online(): Line 172 - INFO - KT_ZG https://services.geo.zg.ch/ows/Statische_Waldgrenzen?SERVICE=WMS&REQUEST=GetCapabilities: HTTPSConnectionPool(host='services.geo.zg.ch', port=443): Max retries exceeded with url: /ows/Statische_Waldgrenzen?SERVICE=WMS&REQUEST=GetCapabilities (Caused by SSLError(SSLZeroReturnError(6, 'TLS/SSL connection has been closed (EOF) (_ssl.c:1147)')))
2025-11-12 11:24:28,086 - Scraping log - scraper.py >         <module>(): Line 744 - WARNING - Scraping KT_ZG > https://services.geo.zg.ch/ows/Statische_Waldgrenzen?SERVICE=WMS&REQUEST=GetCapabilities aborted
2025-11-12 11:24:28,283 - Scraping log - scraper.py >        is_online(): Line 172 - INFO - KT_ZG https://services.geo.zg.ch/ows/Strassenlaermkataster_Gemeindestrassen?SERVICE=WMS&REQUEST=GetCapabilities: HTTPSConnectionPool(host='services.geo.zg.ch', port=443): Max retries exceeded with url: /ows/Strassenlaermkataster_Gemeindestrassen?SERVICE=WMS&REQUEST=GetCapabilities (Caused by SSLError(SSLZeroReturnError(6, 'TLS/SSL connection has been closed (EOF) (_ssl.c:1147)')))
2025-11-12 11:24:28,283 - Scraping log - scraper.py >         <module>(): Line 744 - WARNING - Scraping KT_ZG > https://services.geo.zg.ch/ows/Strassenlaermkataster_Gemeindestrassen?SERVICE=WMS&REQUEST=GetCapabilities aborted
2025-11-12 11:24:28,479 - Scraping log - scraper.py >        is_online(): Line 172 - INFO - KT_ZG https://services.geo.zg.ch/ows/Strassenlaermkataster_Kantonsstrassen?SERVICE=WMS&REQUEST=GetCapabilities: HTTPSConnectionPool(host='services.geo.zg.ch', port=443): Max retries exceeded with url: /ows/Strassenlaermkataster_Kantonsstrassen?SERVICE=WMS&REQUEST=GetCapabilities (Caused by SSLError(SSLZeroReturnError(6, 'TLS/SSL connection has been closed (EOF) (_ssl.c:1147)')))
2025-11-12 11:24:28,479 - Scraping log - scraper.py >         <module>(): Line 744 - WARNING - Scraping KT_ZG > https://services.geo.zg.ch/ows/Strassenlaermkataster_Kantonsstrassen?SERVICE=WMS&REQUEST=GetCapabilities aborted
2025-11-12 11:24:28,680 - Scraping log - scraper.py >        is_online(): Line 172 - INFO - KT_ZG https://services.geo.zg.ch/ows/Treffpunkte_RDZ?SERVICE=WMS&REQUEST=GetCapabilities: HTTPSConnectionPool(host='services.geo.zg.ch', port=443): Max retries exceeded with url: /ows/Treffpunkte_RDZ?SERVICE=WMS&REQUEST=GetCapabilities (Caused by SSLError(SSLZeroReturnError(6, 'TLS/SSL connection has been closed (EOF) (_ssl.c:1147)')))
2025-11-12 11:24:28,681 - Scraping log - scraper.py >         <module>(): Line 744 - WARNING - Scraping KT_ZG > https://services.geo.zg.ch/ows/Treffpunkte_RDZ?SERVICE=WMS&REQUEST=GetCapabilities aborted
2025-11-12 11:24:28,887 - Scraping log - scraper.py >        is_online(): Line 172 - INFO - KT_ZG https://services.geo.zg.ch/ows/Verkehrszaehlung?SERVICE=WMS&REQUEST=GetCapabilities: HTTPSConnectionPool(host='services.geo.zg.ch', port=443): Max retries exceeded with url: /ows/Verkehrszaehlung?SERVICE=WMS&REQUEST=GetCapabilities (Caused by SSLError(SSLZeroReturnError(6, 'TLS/SSL connection has been closed (EOF) (_ssl.c:1147)')))
2025-11-12 11:24:28,887 - Scraping log - scraper.py >         <module>(): Line 744 - WARNING - Scraping KT_ZG > https://services.geo.zg.ch/ows/Verkehrszaehlung?SERVICE=WMS&REQUEST=GetCapabilities aborted
2025-11-12 11:24:29,093 - Scraping log - scraper.py >        is_online(): Line 172 - INFO - KT_ZG https://services.geo.zg.ch/ows/Zonenplan?SERVICE=WMS&REQUEST=GetCapabilities: HTTPSConnectionPool(host='services.geo.zg.ch', port=443): Max retries exceeded with url: /ows/Zonenplan?SERVICE=WMS&REQUEST=GetCapabilities (Caused by SSLError(SSLZeroReturnError(6, 'TLS/SSL connection has been closed (EOF) (_ssl.c:1147)')))
2025-11-12 11:24:29,094 - Scraping log - scraper.py >         <module>(): Line 744 - WARNING - Scraping KT_ZG > https://services.geo.zg.ch/ows/Zonenplan?SERVICE=WMS&REQUEST=GetCapabilities aborted
2025-11-12 11:24:29,288 - Scraping log - scraper.py >        is_online(): Line 172 - INFO - KT_ZG https://services.geo.zg.ch/ows/defibrillatoren?SERVICE=WMS&REQUEST=GetCapabilities: HTTPSConnectionPool(host='services.geo.zg.ch', port=443): Max retries exceeded with url: /ows/defibrillatoren?SERVICE=WMS&REQUEST=GetCapabilities (Caused by SSLError(SSLZeroReturnError(6, 'TLS/SSL connection has been closed (EOF) (_ssl.c:1147)')))
2025-11-12 11:24:29,288 - Scraping log - scraper.py >         <module>(): Line 744 - WARNING - Scraping KT_ZG > https://services.geo.zg.ch/ows/defibrillatoren?SERVICE=WMS&REQUEST=GetCapabilities aborted
2025-11-12 11:24:29,482 - Scraping log - scraper.py >        is_online(): Line 172 - INFO - KT_ZG https://services.geo.zg.ch/ows/geologisches_aufschlussarchiv?SERVICE=WMS&REQUEST=GetCapabilities: HTTPSConnectionPool(host='services.geo.zg.ch', port=443): Max retries exceeded with url: /ows/geologisches_aufschlussarchiv?SERVICE=WMS&REQUEST=GetCapabilities (Caused by SSLError(SSLZeroReturnError(6, 'TLS/SSL connection has been closed (EOF) (_ssl.c:1147)')))
2025-11-12 11:24:29,482 - Scraping log - scraper.py >         <module>(): Line 744 - WARNING - Scraping KT_ZG > https://services.geo.zg.ch/ows/geologisches_aufschlussarchiv?SERVICE=WMS&REQUEST=GetCapabilities aborted
2025-11-12 11:24:29,694 - Scraping log - scraper.py >        is_online(): Line 172 - INFO - KT_ZG https://services.geo.zg.ch/ows/kbs?SERVICE=WMS&REQUEST=GetCapabilities: HTTPSConnectionPool(host='services.geo.zg.ch', port=443): Max retries exceeded with url: /ows/kbs?SERVICE=WMS&REQUEST=GetCapabilities (Caused by SSLError(SSLZeroReturnError(6, 'TLS/SSL connection has been closed (EOF) (_ssl.c:1147)')))
2025-11-12 11:24:29,695 - Scraping log - scraper.py >         <module>(): Line 744 - WARNING - Scraping KT_ZG > https://services.geo.zg.ch/ows/kbs?SERVICE=WMS&REQUEST=GetCapabilities aborted
2025-11-12 11:24:29,892 - Scraping log - scraper.py >        is_online(): Line 172 - INFO - KT_ZG https://services.geo.zg.ch/ows/pbv?SERVICE=WMS&REQUEST=GetCapabilities: HTTPSConnectionPool(host='services.geo.zg.ch', port=443): Max retries exceeded with url: /ows/pbv?SERVICE=WMS&REQUEST=GetCapabilities (Caused by SSLError(SSLZeroReturnError(6, 'TLS/SSL connection has been closed (EOF) (_ssl.c:1147)')))
2025-11-12 11:24:29,892 - Scraping log - scraper.py >         <module>(): Line 744 - WARNING - Scraping KT_ZG > https://services.geo.zg.ch/ows/pbv?SERVICE=WMS&REQUEST=GetCapabilities aborted
2025-11-12 11:24:30,083 - Scraping log - scraper.py >        is_online(): Line 172 - INFO - KT_ZG https://services.geo.zg.ch/ows/stand_der_erschliessung?SERVICE=WMS&REQUEST=GetCapabilities: HTTPSConnectionPool(host='services.geo.zg.ch', port=443): Max retries exceeded with url: /ows/stand_der_erschliessung?SERVICE=WMS&REQUEST=GetCapabilities (Caused by SSLError(SSLZeroReturnError(6, 'TLS/SSL connection has been closed (EOF) (_ssl.c:1147)')))
2025-11-12 11:24:30,083 - Scraping log - scraper.py >         <module>(): Line 744 - WARNING - Scraping KT_ZG > https://services.geo.zg.ch/ows/stand_der_erschliessung?SERVICE=WMS&REQUEST=GetCapabilities aborted
2025-11-12 11:24:30,280 - Scraping log - scraper.py >        is_online(): Line 172 - INFO - KT_ZG https://services.geo.zg.ch/ows/Abfallsammelstellen?SERVICE=WFS&REQUEST=GetCapabilities: HTTPSConnectionPool(host='services.geo.zg.ch', port=443): Max retries exceeded with url: /ows/Abfallsammelstellen?SERVICE=WFS&REQUEST=GetCapabilities (Caused by SSLError(SSLZeroReturnError(6, 'TLS/SSL connection has been closed (EOF) (_ssl.c:1147)')))
2025-11-12 11:24:30,280 - Scraping log - scraper.py >         <module>(): Line 744 - WARNING - Scraping KT_ZG > https://services.geo.zg.ch/ows/Abfallsammelstellen?SERVICE=WFS&REQUEST=GetCapabilities aborted
2025-11-12 11:24:30,489 - Scraping log - scraper.py >        is_online(): Line 172 - INFO - KT_ZG https://services.geo.zg.ch/ows/Abstandslinien?SERVICE=WFS&REQUEST=GetCapabilities: HTTPSConnectionPool(host='services.geo.zg.ch', port=443): Max retries exceeded with url: /ows/Abstandslinien?SERVICE=WFS&REQUEST=GetCapabilities (Caused by SSLError(SSLZeroReturnError(6, 'TLS/SSL connection has been closed (EOF) (_ssl.c:1147)')))
2025-11-12 11:24:30,490 - Scraping log - scraper.py >         <module>(): Line 744 - WARNING - Scraping KT_ZG > https://services.geo.zg.ch/ows/Abstandslinien?SERVICE=WFS&REQUEST=GetCapabilities aborted
2025-11-12 11:24:30,683 - Scraping log - scraper.py >        is_online(): Line 172 - INFO - KT_ZG https://services.geo.zg.ch/ows/Amphibienlaichgebiete?SERVICE=WFS&REQUEST=GetCapabilities: HTTPSConnectionPool(host='services.geo.zg.ch', port=443): Max retries exceeded with url: /ows/Amphibienlaichgebiete?SERVICE=WFS&REQUEST=GetCapabilities (Caused by SSLError(SSLZeroReturnError(6, 'TLS/SSL connection has been closed (EOF) (_ssl.c:1147)')))
2025-11-12 11:24:30,683 - Scraping log - scraper.py >         <module>(): Line 744 - WARNING - Scraping KT_ZG > https://services.geo.zg.ch/ows/Amphibienlaichgebiete?SERVICE=WFS&REQUEST=GetCapabilities aborted
2025-11-12 11:24:31,020 - Scraping log - scraper.py >        is_online(): Line 172 - INFO - KT_ZG https://services.geo.zg.ch/ows/Baumkataster?SERVICE=WFS&REQUEST=GetCapabilities: HTTPSConnectionPool(host='services.geo.zg.ch', port=443): Max retries exceeded with url: /ows/Baumkataster?SERVICE=WFS&REQUEST=GetCapabilities (Caused by SSLError(SSLZeroReturnError(6, 'TLS/SSL connection has been closed (EOF) (_ssl.c:1147)')))
2025-11-12 11:24:31,021 - Scraping log - scraper.py >         <module>(): Line 744 - WARNING - Scraping KT_ZG > https://services.geo.zg.ch/ows/Baumkataster?SERVICE=WFS&REQUEST=GetCapabilities aborted
2025-11-12 11:24:31,222 - Scraping log - scraper.py >        is_online(): Line 172 - INFO - KT_ZG https://services.geo.zg.ch/ows/Bebauungsplan?SERVICE=WFS&REQUEST=GetCapabilities: HTTPSConnectionPool(host='services.geo.zg.ch', port=443): Max retries exceeded with url: /ows/Bebauungsplan?SERVICE=WFS&REQUEST=GetCapabilities (Caused by SSLError(SSLZeroReturnError(6, 'TLS/SSL connection has been closed (EOF) (_ssl.c:1147)')))
2025-11-12 11:24:31,222 - Scraping log - scraper.py >         <module>(): Line 744 - WARNING - Scraping KT_ZG > https://services.geo.zg.ch/ows/Bebauungsplan?SERVICE=WFS&REQUEST=GetCapabilities aborted
2025-11-12 11:24:31,423 - Scraping log - scraper.py >        is_online(): Line 172 - INFO - KT_ZG https://services.geo.zg.ch/ows/Besondere_Waldlebensraeume?SERVICE=WFS&REQUEST=GetCapabilities: HTTPSConnectionPool(host='services.geo.zg.ch', port=443): Max retries exceeded with url: /ows/Besondere_Waldlebensraeume?SERVICE=WFS&REQUEST=GetCapabilities (Caused by SSLError(SSLZeroReturnError(6, 'TLS/SSL connection has been closed (EOF) (_ssl.c:1147)')))
2025-11-12 11:24:31,423 - Scraping log - scraper.py >         <module>(): Line 744 - WARNING - Scraping KT_ZG > https://services.geo.zg.ch/ows/Besondere_Waldlebensraeume?SERVICE=WFS&REQUEST=GetCapabilities aborted
2025-11-12 11:24:31,635 - Scraping log - scraper.py >        is_online(): Line 172 - INFO - KT_ZG https://services.geo.zg.ch/ows/Bodenkarte?SERVICE=WFS&REQUEST=GetCapabilities: HTTPSConnectionPool(host='services.geo.zg.ch', port=443): Max retries exceeded with url: /ows/Bodenkarte?SERVICE=WFS&REQUEST=GetCapabilities (Caused by SSLError(SSLZeroReturnError(6, 'TLS/SSL connection has been closed (EOF) (_ssl.c:1147)')))
2025-11-12 11:24:31,636 - Scraping log - scraper.py >         <module>(): Line 744 - WARNING - Scraping KT_ZG > https://services.geo.zg.ch/ows/Bodenkarte?SERVICE=WFS&REQUEST=GetCapabilities aborted
2025-11-12 11:24:31,836 - Scraping log - scraper.py >        is_online(): Line 172 - INFO - KT_ZG https://services.geo.zg.ch/ows/Buslinien?SERVICE=WFS&REQUEST=GetCapabilities: HTTPSConnectionPool(host='services.geo.zg.ch', port=443): Max retries exceeded with url: /ows/Buslinien?SERVICE=WFS&REQUEST=GetCapabilities (Caused by SSLError(SSLZeroReturnError(6, 'TLS/SSL connection has been closed (EOF) (_ssl.c:1147)')))
2025-11-12 11:24:31,836 - Scraping log - scraper.py >         <module>(): Line 744 - WARNING - Scraping KT_ZG > https://services.geo.zg.ch/ows/Buslinien?SERVICE=WFS&REQUEST=GetCapabilities aborted
2025-11-12 11:24:32,029 - Scraping log - scraper.py >        is_online(): Line 172 - INFO - KT_ZG https://services.geo.zg.ch/ows/Denkmaeler?SERVICE=WFS&REQUEST=GetCapabilities: HTTPSConnectionPool(host='services.geo.zg.ch', port=443): Max retries exceeded with url: /ows/Denkmaeler?SERVICE=WFS&REQUEST=GetCapabilities (Caused by SSLError(SSLZeroReturnError(6, 'TLS/SSL connection has been closed (EOF) (_ssl.c:1147)')))
2025-11-12 11:24:32,029 - Scraping log - scraper.py >         <module>(): Line 744 - WARNING - Scraping KT_ZG > https://services.geo.zg.ch/ows/Denkmaeler?SERVICE=WFS&REQUEST=GetCapabilities aborted
2025-11-12 11:24:32,240 - Scraping log - scraper.py >        is_online(): Line 172 - INFO - KT_ZG https://services.geo.zg.ch/ows/Einzelbaeume_K5?SERVICE=WFS&REQUEST=GetCapabilities: HTTPSConnectionPool(host='services.geo.zg.ch', port=443): Max retries exceeded with url: /ows/Einzelbaeume_K5?SERVICE=WFS&REQUEST=GetCapabilities (Caused by SSLError(SSLZeroReturnError(6, 'TLS/SSL connection has been closed (EOF) (_ssl.c:1147)')))
2025-11-12 11:24:32,240 - Scraping log - scraper.py >         <module>(): Line 744 - WARNING - Scraping KT_ZG > https://services.geo.zg.ch/ows/Einzelbaeume_K5?SERVICE=WFS&REQUEST=GetCapabilities aborted
2025-11-12 11:24:32,433 - Scraping log - scraper.py >        is_online(): Line 172 - INFO - KT_ZG https://services.geo.zg.ch/ows/Erdwaermenutzung?SERVICE=WFS&REQUEST=GetCapabilities: HTTPSConnectionPool(host='services.geo.zg.ch', port=443): Max retries exceeded with url: /ows/Erdwaermenutzung?SERVICE=WFS&REQUEST=GetCapabilities (Caused by SSLError(SSLZeroReturnError(6, 'TLS/SSL connection has been closed (EOF) (_ssl.c:1147)')))
2025-11-12 11:24:32,433 - Scraping log - scraper.py >         <module>(): Line 744 - WARNING - Scraping KT_ZG > https://services.geo.zg.ch/ows/Erdwaermenutzung?SERVICE=WFS&REQUEST=GetCapabilities aborted
2025-11-12 11:24:32,629 - Scraping log - scraper.py >        is_online(): Line 172 - INFO - KT_ZG https://services.geo.zg.ch/ows/Erholungswald?SERVICE=WFS&REQUEST=GetCapabilities: HTTPSConnectionPool(host='services.geo.zg.ch', port=443): Max retries exceeded with url: /ows/Erholungswald?SERVICE=WFS&REQUEST=GetCapabilities (Caused by SSLError(SSLZeroReturnError(6, 'TLS/SSL connection has been closed (EOF) (_ssl.c:1147)')))
2025-11-12 11:24:32,629 - Scraping log - scraper.py >         <module>(): Line 744 - WARNING - Scraping KT_ZG > https://services.geo.zg.ch/ows/Erholungswald?SERVICE=WFS&REQUEST=GetCapabilities aborted
2025-11-12 11:24:32,825 - Scraping log - scraper.py >        is_online(): Line 172 - INFO - KT_ZG https://services.geo.zg.ch/ows/Fahrzeuglaengen_geplant?SERVICE=WFS&REQUEST=GetCapabilities: HTTPSConnectionPool(host='services.geo.zg.ch', port=443): Max retries exceeded with url: /ows/Fahrzeuglaengen_geplant?SERVICE=WFS&REQUEST=GetCapabilities (Caused by SSLError(SSLZeroReturnError(6, 'TLS/SSL connection has been closed (EOF) (_ssl.c:1147)')))
2025-11-12 11:24:32,825 - Scraping log - scraper.py >         <module>(): Line 744 - WARNING - Scraping KT_ZG > https://services.geo.zg.ch/ows/Fahrzeuglaengen_geplant?SERVICE=WFS&REQUEST=GetCapabilities aborted
2025-11-12 11:24:33,147 - Scraping log - scraper.py >        is_online(): Line 172 - INFO - KT_ZG https://services.geo.zg.ch/ows/Fledermaus-Quartiere?SERVICE=WFS&REQUEST=GetCapabilities: HTTPSConnectionPool(host='services.geo.zg.ch', port=443): Max retries exceeded with url: /ows/Fledermaus-Quartiere?SERVICE=WFS&REQUEST=GetCapabilities (Caused by SSLError(SSLZeroReturnError(6, 'TLS/SSL connection has been closed (EOF) (_ssl.c:1147)')))
2025-11-12 11:24:33,147 - Scraping log - scraper.py >         <module>(): Line 744 - WARNING - Scraping KT_ZG > https://services.geo.zg.ch/ows/Fledermaus-Quartiere?SERVICE=WFS&REQUEST=GetCapabilities aborted
2025-11-12 11:24:33,343 - Scraping log - scraper.py >        is_online(): Line 172 - INFO - KT_ZG https://services.geo.zg.ch/ows/Forstreviere?SERVICE=WFS&REQUEST=GetCapabilities: HTTPSConnectionPool(host='services.geo.zg.ch', port=443): Max retries exceeded with url: /ows/Forstreviere?SERVICE=WFS&REQUEST=GetCapabilities (Caused by SSLError(SSLZeroReturnError(6, 'TLS/SSL connection has been closed (EOF) (_ssl.c:1147)')))
2025-11-12 11:24:33,343 - Scraping log - scraper.py >         <module>(): Line 744 - WARNING - Scraping KT_ZG > https://services.geo.zg.ch/ows/Forstreviere?SERVICE=WFS&REQUEST=GetCapabilities aborted
2025-11-12 11:24:33,556 - Scraping log - scraper.py >        is_online(): Line 172 - INFO - KT_ZG https://services.geo.zg.ch/ows/Fussgaengerstreifen?SERVICE=WFS&REQUEST=GetCapabilities: HTTPSConnectionPool(host='services.geo.zg.ch', port=443): Max retries exceeded with url: /ows/Fussgaengerstreifen?SERVICE=WFS&REQUEST=GetCapabilities (Caused by SSLError(SSLZeroReturnError(6, 'TLS/SSL connection has been closed (EOF) (_ssl.c:1147)')))
2025-11-12 11:24:33,556 - Scraping log - scraper.py >         <module>(): Line 744 - WARNING - Scraping KT_ZG > https://services.geo.zg.ch/ows/Fussgaengerstreifen?SERVICE=WFS&REQUEST=GetCapabilities aborted
2025-11-12 11:24:33,759 - Scraping log - scraper.py >        is_online(): Line 172 - INFO - KT_ZG https://services.geo.zg.ch/ows/Gebaeudebrueter?SERVICE=WFS&REQUEST=GetCapabilities: HTTPSConnectionPool(host='services.geo.zg.ch', port=443): Max retries exceeded with url: /ows/Gebaeudebrueter?SERVICE=WFS&REQUEST=GetCapabilities (Caused by SSLError(SSLZeroReturnError(6, 'TLS/SSL connection has been closed (EOF) (_ssl.c:1147)')))
2025-11-12 11:24:33,760 - Scraping log - scraper.py >         <module>(): Line 744 - WARNING - Scraping KT_ZG > https://services.geo.zg.ch/ows/Gebaeudebrueter?SERVICE=WFS&REQUEST=GetCapabilities aborted
2025-11-12 11:24:33,956 - Scraping log - scraper.py >        is_online(): Line 172 - INFO - KT_ZG https://services.geo.zg.ch/ows/Geomorphologie?SERVICE=WFS&REQUEST=GetCapabilities: HTTPSConnectionPool(host='services.geo.zg.ch', port=443): Max retries exceeded with url: /ows/Geomorphologie?SERVICE=WFS&REQUEST=GetCapabilities (Caused by SSLError(SSLZeroReturnError(6, 'TLS/SSL connection has been closed (EOF) (_ssl.c:1147)')))
2025-11-12 11:24:33,956 - Scraping log - scraper.py >         <module>(): Line 744 - WARNING - Scraping KT_ZG > https://services.geo.zg.ch/ows/Geomorphologie?SERVICE=WFS&REQUEST=GetCapabilities aborted
2025-11-12 11:24:34,155 - Scraping log - scraper.py >        is_online(): Line 172 - INFO - KT_ZG https://services.geo.zg.ch/ows/Gewaessernetz?SERVICE=WFS&REQUEST=GetCapabilities: HTTPSConnectionPool(host='services.geo.zg.ch', port=443): Max retries exceeded with url: /ows/Gewaessernetz?SERVICE=WFS&REQUEST=GetCapabilities (Caused by SSLError(SSLZeroReturnError(6, 'TLS/SSL connection has been closed (EOF) (_ssl.c:1147)')))
2025-11-12 11:24:34,155 - Scraping log - scraper.py >         <module>(): Line 744 - WARNING - Scraping KT_ZG > https://services.geo.zg.ch/ows/Gewaessernetz?SERVICE=WFS&REQUEST=GetCapabilities aborted
2025-11-12 11:24:34,352 - Scraping log - scraper.py >        is_online(): Line 172 - INFO - KT_ZG https://services.geo.zg.ch/ows/Gewaesserschutzkarte?SERVICE=WFS&REQUEST=GetCapabilities: HTTPSConnectionPool(host='services.geo.zg.ch', port=443): Max retries exceeded with url: /ows/Gewaesserschutzkarte?SERVICE=WFS&REQUEST=GetCapabilities (Caused by SSLError(SSLZeroReturnError(6, 'TLS/SSL connection has been closed (EOF) (_ssl.c:1147)')))
2025-11-12 11:24:34,352 - Scraping log - scraper.py >         <module>(): Line 744 - WARNING - Scraping KT_ZG > https://services.geo.zg.ch/ows/Gewaesserschutzkarte?SERVICE=WFS&REQUEST=GetCapabilities aborted
2025-11-12 11:24:34,549 - Scraping log - scraper.py >        is_online(): Line 172 - INFO - KT_ZG https://services.geo.zg.ch/ows/Hecken_Feldgehoelze?SERVICE=WFS&REQUEST=GetCapabilities: HTTPSConnectionPool(host='services.geo.zg.ch', port=443): Max retries exceeded with url: /ows/Hecken_Feldgehoelze?SERVICE=WFS&REQUEST=GetCapabilities (Caused by SSLError(SSLZeroReturnError(6, 'TLS/SSL connection has been closed (EOF) (_ssl.c:1147)')))
2025-11-12 11:24:34,551 - Scraping log - scraper.py >         <module>(): Line 744 - WARNING - Scraping KT_ZG > https://services.geo.zg.ch/ows/Hecken_Feldgehoelze?SERVICE=WFS&REQUEST=GetCapabilities aborted
2025-11-12 11:24:34,757 - Scraping log - scraper.py >        is_online(): Line 172 - INFO - KT_ZG https://services.geo.zg.ch/ows/Hist_Gewaesser?SERVICE=WFS&REQUEST=GetCapabilities: HTTPSConnectionPool(host='services.geo.zg.ch', port=443): Max retries exceeded with url: /ows/Hist_Gewaesser?SERVICE=WFS&REQUEST=GetCapabilities (Caused by SSLError(SSLZeroReturnError(6, 'TLS/SSL connection has been closed (EOF) (_ssl.c:1147)')))
2025-11-12 11:24:34,757 - Scraping log - scraper.py >         <module>(): Line 744 - WARNING - Scraping KT_ZG > https://services.geo.zg.ch/ows/Hist_Gewaesser?SERVICE=WFS&REQUEST=GetCapabilities aborted
2025-11-12 11:24:34,954 - Scraping log - scraper.py >        is_online(): Line 172 - INFO - KT_ZG https://services.geo.zg.ch/ows/Hoehenkurven_Isobathen?SERVICE=WFS&REQUEST=GetCapabilities: HTTPSConnectionPool(host='services.geo.zg.ch', port=443): Max retries exceeded with url: /ows/Hoehenkurven_Isobathen?SERVICE=WFS&REQUEST=GetCapabilities (Caused by SSLError(SSLZeroReturnError(6, 'TLS/SSL connection has been closed (EOF) (_ssl.c:1147)')))
2025-11-12 11:24:34,955 - Scraping log - scraper.py >         <module>(): Line 744 - WARNING - Scraping KT_ZG > https://services.geo.zg.ch/ows/Hoehenkurven_Isobathen?SERVICE=WFS&REQUEST=GetCapabilities aborted
2025-11-12 11:24:35,149 - Scraping log - scraper.py >        is_online(): Line 172 - INFO - KT_ZG https://services.geo.zg.ch/ows/Jagdbezirke?SERVICE=WFS&REQUEST=GetCapabilities&VERSION=1.1.0: HTTPSConnectionPool(host='services.geo.zg.ch', port=443): Max retries exceeded with url: /ows/Jagdbezirke?SERVICE=WFS&REQUEST=GetCapabilities&VERSION=1.1.0 (Caused by SSLError(SSLZeroReturnError(6, 'TLS/SSL connection has been closed (EOF) (_ssl.c:1147)')))
2025-11-12 11:24:35,150 - Scraping log - scraper.py >         <module>(): Line 744 - WARNING - Scraping KT_ZG > https://services.geo.zg.ch/ows/Jagdbezirke?SERVICE=WFS&REQUEST=GetCapabilities&VERSION=1.1.0 aborted
2025-11-12 11:24:35,353 - Scraping log - scraper.py >        is_online(): Line 172 - INFO - KT_ZG https://services.geo.zg.ch/ows/Kinderbetreuung?SERVICE=WFS&REQUEST=GetCapabilities: HTTPSConnectionPool(host='services.geo.zg.ch', port=443): Max retries exceeded with url: /ows/Kinderbetreuung?SERVICE=WFS&REQUEST=GetCapabilities (Caused by SSLError(SSLZeroReturnError(6, 'TLS/SSL connection has been closed (EOF) (_ssl.c:1147)')))
2025-11-12 11:24:35,353 - Scraping log - scraper.py >         <module>(): Line 744 - WARNING - Scraping KT_ZG > https://services.geo.zg.ch/ows/Kinderbetreuung?SERVICE=WFS&REQUEST=GetCapabilities aborted
2025-11-12 11:24:35,560 - Scraping log - scraper.py >        is_online(): Line 172 - INFO - KT_ZG https://services.geo.zg.ch/ows/Kunstbauten?SERVICE=WFS&REQUEST=GetCapabilities: HTTPSConnectionPool(host='services.geo.zg.ch', port=443): Max retries exceeded with url: /ows/Kunstbauten?SERVICE=WFS&REQUEST=GetCapabilities (Caused by SSLError(SSLZeroReturnError(6, 'TLS/SSL connection has been closed (EOF) (_ssl.c:1147)')))
2025-11-12 11:24:35,560 - Scraping log - scraper.py >         <module>(): Line 744 - WARNING - Scraping KT_ZG > https://services.geo.zg.ch/ows/Kunstbauten?SERVICE=WFS&REQUEST=GetCapabilities aborted
2025-11-12 11:24:35,764 - Scraping log - scraper.py >        is_online(): Line 172 - INFO - KT_ZG https://services.geo.zg.ch/ows/Landwertzonen_Steuern?SERVICE=WFS&REQUEST=GetCapabilities: HTTPSConnectionPool(host='services.geo.zg.ch', port=443): Max retries exceeded with url: /ows/Landwertzonen_Steuern?SERVICE=WFS&REQUEST=GetCapabilities (Caused by SSLError(SSLZeroReturnError(6, 'TLS/SSL connection has been closed (EOF) (_ssl.c:1147)')))
2025-11-12 11:24:35,764 - Scraping log - scraper.py >         <module>(): Line 744 - WARNING - Scraping KT_ZG > https://services.geo.zg.ch/ows/Landwertzonen_Steuern?SERVICE=WFS&REQUEST=GetCapabilities aborted
2025-11-12 11:24:35,956 - Scraping log - scraper.py >        is_online(): Line 172 - INFO - KT_ZG https://services.geo.zg.ch/ows/Landwirtschaft?SERVICE=WFS&REQUEST=GetCapabilities: HTTPSConnectionPool(host='services.geo.zg.ch', port=443): Max retries exceeded with url: /ows/Landwirtschaft?SERVICE=WFS&REQUEST=GetCapabilities (Caused by SSLError(SSLZeroReturnError(6, 'TLS/SSL connection has been closed (EOF) (_ssl.c:1147)')))
2025-11-12 11:24:35,956 - Scraping log - scraper.py >         <module>(): Line 744 - WARNING - Scraping KT_ZG > https://services.geo.zg.ch/ows/Landwirtschaft?SERVICE=WFS&REQUEST=GetCapabilities aborted
2025-11-12 11:24:36,154 - Scraping log - scraper.py >        is_online(): Line 172 - INFO - KT_ZG https://services.geo.zg.ch/ows/Messstellen_an_Gewaessern?SERVICE=WFS&REQUEST=GetCapabilities: HTTPSConnectionPool(host='services.geo.zg.ch', port=443): Max retries exceeded with url: /ows/Messstellen_an_Gewaessern?SERVICE=WFS&REQUEST=GetCapabilities (Caused by SSLError(SSLZeroReturnError(6, 'TLS/SSL connection has been closed (EOF) (_ssl.c:1147)')))
2025-11-12 11:24:36,154 - Scraping log - scraper.py >         <module>(): Line 744 - WARNING - Scraping KT_ZG > https://services.geo.zg.ch/ows/Messstellen_an_Gewaessern?SERVICE=WFS&REQUEST=GetCapabilities aborted
2025-11-12 11:24:36,361 - Scraping log - scraper.py >        is_online(): Line 172 - INFO - KT_ZG https://services.geo.zg.ch/ows/Moorlandschaften?SERVICE=WFS&REQUEST=GetCapabilities: HTTPSConnectionPool(host='services.geo.zg.ch', port=443): Max retries exceeded with url: /ows/Moorlandschaften?SERVICE=WFS&REQUEST=GetCapabilities (Caused by SSLError(SSLZeroReturnError(6, 'TLS/SSL connection has been closed (EOF) (_ssl.c:1147)')))
2025-11-12 11:24:36,361 - Scraping log - scraper.py >         <module>(): Line 744 - WARNING - Scraping KT_ZG > https://services.geo.zg.ch/ows/Moorlandschaften?SERVICE=WFS&REQUEST=GetCapabilities aborted
2025-11-12 11:24:36,568 - Scraping log - scraper.py >        is_online(): Line 172 - INFO - KT_ZG https://services.geo.zg.ch/ows/NGHK_Phaenomene?SERVICE=WFS&REQUEST=GetCapabilities: HTTPSConnectionPool(host='services.geo.zg.ch', port=443): Max retries exceeded with url: /ows/NGHK_Phaenomene?SERVICE=WFS&REQUEST=GetCapabilities (Caused by SSLError(SSLZeroReturnError(6, 'TLS/SSL connection has been closed (EOF) (_ssl.c:1147)')))
2025-11-12 11:24:36,568 - Scraping log - scraper.py >         <module>(): Line 744 - WARNING - Scraping KT_ZG > https://services.geo.zg.ch/ows/NGHK_Phaenomene?SERVICE=WFS&REQUEST=GetCapabilities aborted
2025-11-12 11:24:36,760 - Scraping log - scraper.py >        is_online(): Line 172 - INFO - KT_ZG https://services.geo.zg.ch/ows/NGHK_Prozesse?SERVICE=WFS&REQUEST=GetCapabilities: HTTPSConnectionPool(host='services.geo.zg.ch', port=443): Max retries exceeded with url: /ows/NGHK_Prozesse?SERVICE=WFS&REQUEST=GetCapabilities (Caused by SSLError(SSLZeroReturnError(6, 'TLS/SSL connection has been closed (EOF) (_ssl.c:1147)')))
2025-11-12 11:24:36,760 - Scraping log - scraper.py >         <module>(): Line 744 - WARNING - Scraping KT_ZG > https://services.geo.zg.ch/ows/NGHK_Prozesse?SERVICE=WFS&REQUEST=GetCapabilities aborted
2025-11-12 11:24:36,959 - Scraping log - scraper.py >        is_online(): Line 172 - INFO - KT_ZG https://services.geo.zg.ch/ows/Naturobjekte?SERVICE=WFS&REQUEST=GetCapabilities: HTTPSConnectionPool(host='services.geo.zg.ch', port=443): Max retries exceeded with url: /ows/Naturobjekte?SERVICE=WFS&REQUEST=GetCapabilities (Caused by SSLError(SSLZeroReturnError(6, 'TLS/SSL connection has been closed (EOF) (_ssl.c:1147)')))
2025-11-12 11:24:36,959 - Scraping log - scraper.py >         <module>(): Line 744 - WARNING - Scraping KT_ZG > https://services.geo.zg.ch/ows/Naturobjekte?SERVICE=WFS&REQUEST=GetCapabilities aborted
2025-11-12 11:24:37,154 - Scraping log - scraper.py >        is_online(): Line 172 - INFO - KT_ZG https://services.geo.zg.ch/ows/Naturschutz?SERVICE=WFS&REQUEST=GetCapabilities: HTTPSConnectionPool(host='services.geo.zg.ch', port=443): Max retries exceeded with url: /ows/Naturschutz?SERVICE=WFS&REQUEST=GetCapabilities (Caused by SSLError(SSLZeroReturnError(6, 'TLS/SSL connection has been closed (EOF) (_ssl.c:1147)')))
2025-11-12 11:24:37,154 - Scraping log - scraper.py >         <module>(): Line 744 - WARNING - Scraping KT_ZG > https://services.geo.zg.ch/ows/Naturschutz?SERVICE=WFS&REQUEST=GetCapabilities aborted
2025-11-12 11:24:37,351 - Scraping log - scraper.py >        is_online(): Line 172 - INFO - KT_ZG https://services.geo.zg.ch/ows/Neophyten?SERVICE=WFS&REQUEST=GetCapabilities: HTTPSConnectionPool(host='services.geo.zg.ch', port=443): Max retries exceeded with url: /ows/Neophyten?SERVICE=WFS&REQUEST=GetCapabilities (Caused by SSLError(SSLZeroReturnError(6, 'TLS/SSL connection has been closed (EOF) (_ssl.c:1147)')))
2025-11-12 11:24:37,351 - Scraping log - scraper.py >         <module>(): Line 744 - WARNING - Scraping KT_ZG > https://services.geo.zg.ch/ows/Neophyten?SERVICE=WFS&REQUEST=GetCapabilities aborted
2025-11-12 11:24:37,552 - Scraping log - scraper.py >        is_online(): Line 172 - INFO - KT_ZG https://services.geo.zg.ch/ows/Ortsbildschutz?SERVICE=WFS&REQUEST=GetCapabilities: HTTPSConnectionPool(host='services.geo.zg.ch', port=443): Max retries exceeded with url: /ows/Ortsbildschutz?SERVICE=WFS&REQUEST=GetCapabilities (Caused by SSLError(SSLZeroReturnError(6, 'TLS/SSL connection has been closed (EOF) (_ssl.c:1147)')))
2025-11-12 11:24:37,552 - Scraping log - scraper.py >         <module>(): Line 744 - WARNING - Scraping KT_ZG > https://services.geo.zg.ch/ows/Ortsbildschutz?SERVICE=WFS&REQUEST=GetCapabilities aborted
2025-11-12 11:24:37,752 - Scraping log - scraper.py >        is_online(): Line 172 - INFO - KT_ZG https://services.geo.zg.ch/ows/Parkplaetze?SERVICE=WFS&REQUEST=GetCapabilities: HTTPSConnectionPool(host='services.geo.zg.ch', port=443): Max retries exceeded with url: /ows/Parkplaetze?SERVICE=WFS&REQUEST=GetCapabilities (Caused by SSLError(SSLZeroReturnError(6, 'TLS/SSL connection has been closed (EOF) (_ssl.c:1147)')))
2025-11-12 11:24:37,752 - Scraping log - scraper.py >         <module>(): Line 744 - WARNING - Scraping KT_ZG > https://services.geo.zg.ch/ows/Parkplaetze?SERVICE=WFS&REQUEST=GetCapabilities aborted
2025-11-12 11:24:37,945 - Scraping log - scraper.py >        is_online(): Line 172 - INFO - KT_ZG https://services.geo.zg.ch/ows/Parkplaetze?SERVICE=WMS&REQUEST=GetCapabilities: HTTPSConnectionPool(host='services.geo.zg.ch', port=443): Max retries exceeded with url: /ows/Parkplaetze?SERVICE=WMS&REQUEST=GetCapabilities (Caused by SSLError(SSLZeroReturnError(6, 'TLS/SSL connection has been closed (EOF) (_ssl.c:1147)')))
2025-11-12 11:24:37,945 - Scraping log - scraper.py >         <module>(): Line 744 - WARNING - Scraping KT_ZG > https://services.geo.zg.ch/ows/Parkplaetze?SERVICE=WMS&REQUEST=GetCapabilities aborted
2025-11-12 11:24:38,155 - Scraping log - scraper.py >        is_online(): Line 172 - INFO - KT_ZG https://services.geo.zg.ch/ows/Points_of_Interest?SERVICE=WFS&REQUEST=GetCapabilities: HTTPSConnectionPool(host='services.geo.zg.ch', port=443): Max retries exceeded with url: /ows/Points_of_Interest?SERVICE=WFS&REQUEST=GetCapabilities (Caused by SSLError(SSLZeroReturnError(6, 'TLS/SSL connection has been closed (EOF) (_ssl.c:1147)')))
2025-11-12 11:24:38,155 - Scraping log - scraper.py >         <module>(): Line 744 - WARNING - Scraping KT_ZG > https://services.geo.zg.ch/ows/Points_of_Interest?SERVICE=WFS&REQUEST=GetCapabilities aborted
2025-11-12 11:24:38,350 - Scraping log - scraper.py >        is_online(): Line 172 - INFO - KT_ZG https://services.geo.zg.ch/ows/Quartiergestaltungsplanung?SERVICE=WFS&REQUEST=GetCapabilities: HTTPSConnectionPool(host='services.geo.zg.ch', port=443): Max retries exceeded with url: /ows/Quartiergestaltungsplanung?SERVICE=WFS&REQUEST=GetCapabilities (Caused by SSLError(SSLZeroReturnError(6, 'TLS/SSL connection has been closed (EOF) (_ssl.c:1147)')))
2025-11-12 11:24:38,350 - Scraping log - scraper.py >         <module>(): Line 744 - WARNING - Scraping KT_ZG > https://services.geo.zg.ch/ows/Quartiergestaltungsplanung?SERVICE=WFS&REQUEST=GetCapabilities aborted
2025-11-12 11:24:38,545 - Scraping log - scraper.py >        is_online(): Line 172 - INFO - KT_ZG https://services.geo.zg.ch/ows/Radwege?SERVICE=WFS&REQUEST=GetCapabilities: HTTPSConnectionPool(host='services.geo.zg.ch', port=443): Max retries exceeded with url: /ows/Radwege?SERVICE=WFS&REQUEST=GetCapabilities (Caused by SSLError(SSLZeroReturnError(6, 'TLS/SSL connection has been closed (EOF) (_ssl.c:1147)')))
2025-11-12 11:24:38,545 - Scraping log - scraper.py >         <module>(): Line 744 - WARNING - Scraping KT_ZG > https://services.geo.zg.ch/ows/Radwege?SERVICE=WFS&REQUEST=GetCapabilities aborted
2025-11-12 11:24:38,743 - Scraping log - scraper.py >        is_online(): Line 172 - INFO - KT_ZG https://services.geo.zg.ch/ows/Richtplan?SERVICE=WFS&REQUEST=GetCapabilities: HTTPSConnectionPool(host='services.geo.zg.ch', port=443): Max retries exceeded with url: /ows/Richtplan?SERVICE=WFS&REQUEST=GetCapabilities (Caused by SSLError(SSLZeroReturnError(6, 'TLS/SSL connection has been closed (EOF) (_ssl.c:1147)')))
2025-11-12 11:24:38,743 - Scraping log - scraper.py >         <module>(): Line 744 - WARNING - Scraping KT_ZG > https://services.geo.zg.ch/ows/Richtplan?SERVICE=WFS&REQUEST=GetCapabilities aborted
2025-11-12 11:24:38,963 - Scraping log - scraper.py >        is_online(): Line 172 - INFO - KT_ZG https://services.geo.zg.ch/ows/Schulhaeuser_Kindergaerten?SERVICE=WFS&REQUEST=GetCapabilities: HTTPSConnectionPool(host='services.geo.zg.ch', port=443): Max retries exceeded with url: /ows/Schulhaeuser_Kindergaerten?SERVICE=WFS&REQUEST=GetCapabilities (Caused by SSLError(SSLZeroReturnError(6, 'TLS/SSL connection has been closed (EOF) (_ssl.c:1147)')))
2025-11-12 11:24:38,964 - Scraping log - scraper.py >         <module>(): Line 744 - WARNING - Scraping KT_ZG > https://services.geo.zg.ch/ows/Schulhaeuser_Kindergaerten?SERVICE=WFS&REQUEST=GetCapabilities aborted
2025-11-12 11:24:39,157 - Scraping log - scraper.py >        is_online(): Line 172 - INFO - KT_ZG https://services.geo.zg.ch/ows/Schutzraumbau?SERVICE=WFS&REQUEST=GetCapabilities: HTTPSConnectionPool(host='services.geo.zg.ch', port=443): Max retries exceeded with url: /ows/Schutzraumbau?SERVICE=WFS&REQUEST=GetCapabilities (Caused by SSLError(SSLZeroReturnError(6, 'TLS/SSL connection has been closed (EOF) (_ssl.c:1147)')))
2025-11-12 11:24:39,157 - Scraping log - scraper.py >         <module>(): Line 744 - WARNING - Scraping KT_ZG > https://services.geo.zg.ch/ows/Schutzraumbau?SERVICE=WFS&REQUEST=GetCapabilities aborted
2025-11-12 11:24:39,351 - Scraping log - scraper.py >        is_online(): Line 172 - INFO - KT_ZG https://services.geo.zg.ch/ows/Schutzwald?SERVICE=WFS&REQUEST=GetCapabilities: HTTPSConnectionPool(host='services.geo.zg.ch', port=443): Max retries exceeded with url: /ows/Schutzwald?SERVICE=WFS&REQUEST=GetCapabilities (Caused by SSLError(SSLZeroReturnError(6, 'TLS/SSL connection has been closed (EOF) (_ssl.c:1147)')))
2025-11-12 11:24:39,351 - Scraping log - scraper.py >         <module>(): Line 744 - WARNING - Scraping KT_ZG > https://services.geo.zg.ch/ows/Schutzwald?SERVICE=WFS&REQUEST=GetCapabilities aborted
2025-11-12 11:24:39,555 - Scraping log - scraper.py >        is_online(): Line 172 - INFO - KT_ZG https://services.geo.zg.ch/ows/Standorte_Wahlplakate?SERVICE=WFS&REQUEST=GetCapabilities: HTTPSConnectionPool(host='services.geo.zg.ch', port=443): Max retries exceeded with url: /ows/Standorte_Wahlplakate?SERVICE=WFS&REQUEST=GetCapabilities (Caused by SSLError(SSLZeroReturnError(6, 'TLS/SSL connection has been closed (EOF) (_ssl.c:1147)')))
2025-11-12 11:24:39,556 - Scraping log - scraper.py >         <module>(): Line 744 - WARNING - Scraping KT_ZG > https://services.geo.zg.ch/ows/Standorte_Wahlplakate?SERVICE=WFS&REQUEST=GetCapabilities aborted
2025-11-12 11:24:39,762 - Scraping log - scraper.py >        is_online(): Line 172 - INFO - KT_ZG https://services.geo.zg.ch/ows/Statische_Waldgrenzen?SERVICE=WFS&REQUEST=GetCapabilities: HTTPSConnectionPool(host='services.geo.zg.ch', port=443): Max retries exceeded with url: /ows/Statische_Waldgrenzen?SERVICE=WFS&REQUEST=GetCapabilities (Caused by SSLError(SSLZeroReturnError(6, 'TLS/SSL connection has been closed (EOF) (_ssl.c:1147)')))
2025-11-12 11:24:39,762 - Scraping log - scraper.py >         <module>(): Line 744 - WARNING - Scraping KT_ZG > https://services.geo.zg.ch/ows/Statische_Waldgrenzen?SERVICE=WFS&REQUEST=GetCapabilities aborted
2025-11-12 11:24:39,960 - Scraping log - scraper.py >        is_online(): Line 172 - INFO - KT_ZG https://services.geo.zg.ch/ows/Strassenlaermkataster_Gemeindestrassen?SERVICE=WFS&REQUEST=GetCapabilities: HTTPSConnectionPool(host='services.geo.zg.ch', port=443): Max retries exceeded with url: /ows/Strassenlaermkataster_Gemeindestrassen?SERVICE=WFS&REQUEST=GetCapabilities (Caused by SSLError(SSLZeroReturnError(6, 'TLS/SSL connection has been closed (EOF) (_ssl.c:1147)')))
2025-11-12 11:24:39,960 - Scraping log - scraper.py >         <module>(): Line 744 - WARNING - Scraping KT_ZG > https://services.geo.zg.ch/ows/Strassenlaermkataster_Gemeindestrassen?SERVICE=WFS&REQUEST=GetCapabilities aborted
2025-11-12 11:24:40,159 - Scraping log - scraper.py >        is_online(): Line 172 - INFO - KT_ZG https://services.geo.zg.ch/ows/Strassenlaermkataster_Kantonsstrassen?SERVICE=WFS&REQUEST=GetCapabilities: HTTPSConnectionPool(host='services.geo.zg.ch', port=443): Max retries exceeded with url: /ows/Strassenlaermkataster_Kantonsstrassen?SERVICE=WFS&REQUEST=GetCapabilities (Caused by SSLError(SSLZeroReturnError(6, 'TLS/SSL connection has been closed (EOF) (_ssl.c:1147)')))
2025-11-12 11:24:40,160 - Scraping log - scraper.py >         <module>(): Line 744 - WARNING - Scraping KT_ZG > https://services.geo.zg.ch/ows/Strassenlaermkataster_Kantonsstrassen?SERVICE=WFS&REQUEST=GetCapabilities aborted
2025-11-12 11:24:40,363 - Scraping log - scraper.py >        is_online(): Line 172 - INFO - KT_ZG https://services.geo.zg.ch/ows/Treffpunkte_RDZ?SERVICE=WFS&REQUEST=GetCapabilities: HTTPSConnectionPool(host='services.geo.zg.ch', port=443): Max retries exceeded with url: /ows/Treffpunkte_RDZ?SERVICE=WFS&REQUEST=GetCapabilities (Caused by SSLError(SSLZeroReturnError(6, 'TLS/SSL connection has been closed (EOF) (_ssl.c:1147)')))
2025-11-12 11:24:40,363 - Scraping log - scraper.py >         <module>(): Line 744 - WARNING - Scraping KT_ZG > https://services.geo.zg.ch/ows/Treffpunkte_RDZ?SERVICE=WFS&REQUEST=GetCapabilities aborted
2025-11-12 11:24:40,556 - Scraping log - scraper.py >        is_online(): Line 172 - INFO - KT_ZG https://services.geo.zg.ch/ows/Verkehrszaehlung?SERVICE=WFS&REQUEST=GetCapabilities: HTTPSConnectionPool(host='services.geo.zg.ch', port=443): Max retries exceeded with url: /ows/Verkehrszaehlung?SERVICE=WFS&REQUEST=GetCapabilities (Caused by SSLError(SSLZeroReturnError(6, 'TLS/SSL connection has been closed (EOF) (_ssl.c:1147)')))
2025-11-12 11:24:40,556 - Scraping log - scraper.py >         <module>(): Line 744 - WARNING - Scraping KT_ZG > https://services.geo.zg.ch/ows/Verkehrszaehlung?SERVICE=WFS&REQUEST=GetCapabilities aborted
2025-11-12 11:24:40,763 - Scraping log - scraper.py >        is_online(): Line 172 - INFO - KT_ZG https://services.geo.zg.ch/ows/Zonenplan?SERVICE=WFS&REQUEST=GetCapabilities: HTTPSConnectionPool(host='services.geo.zg.ch', port=443): Max retries exceeded with url: /ows/Zonenplan?SERVICE=WFS&REQUEST=GetCapabilities (Caused by SSLError(SSLZeroReturnError(6, 'TLS/SSL connection has been closed (EOF) (_ssl.c:1147)')))
2025-11-12 11:24:40,763 - Scraping log - scraper.py >         <module>(): Line 744 - WARNING - Scraping KT_ZG > https://services.geo.zg.ch/ows/Zonenplan?SERVICE=WFS&REQUEST=GetCapabilities aborted
2025-11-12 11:24:40,958 - Scraping log - scraper.py >        is_online(): Line 172 - INFO - KT_ZG https://services.geo.zg.ch/ows/defibrillatoren?SERVICE=WFS&REQUEST=GetCapabilities: HTTPSConnectionPool(host='services.geo.zg.ch', port=443): Max retries exceeded with url: /ows/defibrillatoren?SERVICE=WFS&REQUEST=GetCapabilities (Caused by SSLError(SSLZeroReturnError(6, 'TLS/SSL connection has been closed (EOF) (_ssl.c:1147)')))
2025-11-12 11:24:40,958 - Scraping log - scraper.py >         <module>(): Line 744 - WARNING - Scraping KT_ZG > https://services.geo.zg.ch/ows/defibrillatoren?SERVICE=WFS&REQUEST=GetCapabilities aborted
2025-11-12 11:24:41,155 - Scraping log - scraper.py >        is_online(): Line 172 - INFO - KT_ZG https://services.geo.zg.ch/ows/geologisches_aufschlussarchiv?SERVICE=WFS&REQUEST=GetCapabilities: HTTPSConnectionPool(host='services.geo.zg.ch', port=443): Max retries exceeded with url: /ows/geologisches_aufschlussarchiv?SERVICE=WFS&REQUEST=GetCapabilities (Caused by SSLError(SSLZeroReturnError(6, 'TLS/SSL connection has been closed (EOF) (_ssl.c:1147)')))
2025-11-12 11:24:41,155 - Scraping log - scraper.py >         <module>(): Line 744 - WARNING - Scraping KT_ZG > https://services.geo.zg.ch/ows/geologisches_aufschlussarchiv?SERVICE=WFS&REQUEST=GetCapabilities aborted
2025-11-12 11:24:41,362 - Scraping log - scraper.py >        is_online(): Line 172 - INFO - KT_ZG https://services.geo.zg.ch/ows/kbs?SERVICE=WFS&REQUEST=GetCapabilities: HTTPSConnectionPool(host='services.geo.zg.ch', port=443): Max retries exceeded with url: /ows/kbs?SERVICE=WFS&REQUEST=GetCapabilities (Caused by SSLError(SSLZeroReturnError(6, 'TLS/SSL connection has been closed (EOF) (_ssl.c:1147)')))
2025-11-12 11:24:41,362 - Scraping log - scraper.py >         <module>(): Line 744 - WARNING - Scraping KT_ZG > https://services.geo.zg.ch/ows/kbs?SERVICE=WFS&REQUEST=GetCapabilities aborted
2025-11-12 11:24:41,565 - Scraping log - scraper.py >        is_online(): Line 172 - INFO - KT_ZG https://services.geo.zg.ch/ows/pbv?SERVICE=WFS&REQUEST=GetCapabilities: HTTPSConnectionPool(host='services.geo.zg.ch', port=443): Max retries exceeded with url: /ows/pbv?SERVICE=WFS&REQUEST=GetCapabilities (Caused by SSLError(SSLZeroReturnError(6, 'TLS/SSL connection has been closed (EOF) (_ssl.c:1147)')))
2025-11-12 11:24:41,565 - Scraping log - scraper.py >         <module>(): Line 744 - WARNING - Scraping KT_ZG > https://services.geo.zg.ch/ows/pbv?SERVICE=WFS&REQUEST=GetCapabilities aborted
2025-11-12 11:24:41,762 - Scraping log - scraper.py >        is_online(): Line 172 - INFO - KT_ZG https://services.geo.zg.ch/ows/stand_der_erschliessung?SERVICE=WFS&REQUEST=GetCapabilities: HTTPSConnectionPool(host='services.geo.zg.ch', port=443): Max retries exceeded with url: /ows/stand_der_erschliessung?SERVICE=WFS&REQUEST=GetCapabilities (Caused by SSLError(SSLZeroReturnError(6, 'TLS/SSL connection has been closed (EOF) (_ssl.c:1147)')))
2025-11-12 11:24:41,762 - Scraping log - scraper.py >         <module>(): Line 744 - WARNING - Scraping KT_ZG > https://services.geo.zg.ch/ows/stand_der_erschliessung?SERVICE=WFS&REQUEST=GetCapabilities aborted
2025-11-12 11:24:41,954 - Scraping log - scraper.py >        is_online(): Line 172 - INFO - KT_ZG https://services.geo.zg.ch/tc/wmts/1.0.0/WMTSCapabilities.xml: HTTPSConnectionPool(host='services.geo.zg.ch', port=443): Max retries exceeded with url: /tc/wmts/1.0.0/WMTSCapabilities.xml (Caused by SSLError(SSLZeroReturnError(6, 'TLS/SSL connection has been closed (EOF) (_ssl.c:1147)')))
2025-11-12 11:24:41,954 - Scraping log - scraper.py >         <module>(): Line 744 - WARNING - Scraping KT_ZG > https://services.geo.zg.ch/tc/wmts/1.0.0/WMTSCapabilities.xml aborted
2025-11-12 11:25:23,051 - Scraping log - scraper.py >      get_version(): Line 104 - WARNING - https://wms.zh.ch/VeloparkieranlagenZHWMS?service=WMS&request=GetCapabilities: Version attribute not found
2025-11-12 11:25:23,051 - Scraping log - scraper.py > get_service_info(): Line 370 - ERROR - KT_ZH > https://wms.zh.ch/VeloparkieranlagenZHWMS?service=WMS&request=GetCapabilities: expected string or bytes-like object
2025-11-12 11:25:42,173 - Scraping log - scraper.py >      get_version(): Line 104 - WARNING - https://wms.zh.ch/FnsSVOZHWMS?service=WMS&request=GetCapabilities: Version attribute not found
2025-11-12 11:25:42,173 - Scraping log - scraper.py > get_service_info(): Line 370 - ERROR - KT_ZH > https://wms.zh.ch/FnsSVOZHWMS?service=WMS&request=GetCapabilities: expected string or bytes-like object
2025-11-12 11:25:45,528 - Scraping log - scraper.py >      get_version(): Line 104 - WARNING - https://wms.zh.ch/kkgeo_gws_zh?service=WMS&request=GetCapabilities: Version attribute not found
2025-11-12 11:25:45,528 - Scraping log - scraper.py > get_service_info(): Line 370 - ERROR - KT_ZH > https://wms.zh.ch/kkgeo_gws_zh?service=WMS&request=GetCapabilities: expected string or bytes-like object
2025-11-12 11:25:46,431 - Scraping log - scraper.py >      get_version(): Line 104 - WARNING - https://wms.zh.ch/OGDFuJ2ZH?service=WMS&request=GetCapabilities: Version attribute not found
2025-11-12 11:25:46,431 - Scraping log - scraper.py > get_service_info(): Line 370 - ERROR - KT_ZH > https://wms.zh.ch/OGDFuJ2ZH?service=WMS&request=GetCapabilities: expected string or bytes-like object
2025-11-12 11:26:23,378 - Scraping log - scraper.py >         <module>(): Line 744 - WARNING - Scraping KT_ZH > https://wms.zh.ch/AwelWBhauptZHWMS?service=WMS&request=GetCapabilities aborted
2025-11-12 11:27:15,645 - Scraping log - scraper.py >      get_version(): Line 104 - WARNING - https://wms.zh.ch/AwelWindpotenzialZHWMS?service=WMS&request=GetCapabilities: Version attribute not found
2025-11-12 11:27:15,646 - Scraping log - scraper.py > get_service_info(): Line 370 - ERROR - KT_ZH > https://wms.zh.ch/AwelWindpotenzialZHWMS?service=WMS&request=GetCapabilities: expected string or bytes-like object
2025-11-12 11:27:35,843 - Scraping log - scraper.py > get_service_info(): Line 311 - ERROR - OGDAwelLHKlimaPlanhinweisZH: HTTPSConnectionPool(host='wms.zh.ch', port=443): Read timed out. (read timeout=10)
2025-11-12 11:27:44,959 - Scraping log - scraper.py >      get_version(): Line 104 - WARNING - https://wms.zh.ch/OGDAwelLHKlimaanalyseZH?service=WMS&request=GetCapabilities: Version attribute not found
2025-11-12 11:27:44,959 - Scraping log - scraper.py > get_service_info(): Line 370 - ERROR - KT_ZH > https://wms.zh.ch/OGDAwelLHKlimaanalyseZH?service=WMS&request=GetCapabilities: expected string or bytes-like object
2025-11-12 11:28:27,040 - Scraping log - scraper.py > get_service_info(): Line 311 - ERROR - OGDLidarZH: HTTPSConnectionPool(host='wms.zh.ch', port=443): Read timed out. (read timeout=10)
2025-11-12 11:30:36,509 - Scraping log - scraper.py >      get_version(): Line 104 - WARNING - https://maps.zh.ch/wfs/AwelWbAbflussZHWFS?service=WFS&request=GetCapabilities: Version attribute not found
2025-11-12 11:30:36,510 - Scraping log - scraper.py > get_service_info(): Line 370 - ERROR - KT_ZH > https://maps.zh.ch/wfs/AwelWbAbflussZHWFS?service=WFS&request=GetCapabilities: expected string or bytes-like object
2025-11-12 11:30:47,154 - Scraping log - scraper.py >      get_version(): Line 104 - WARNING - https://maps.zh.ch/wfs/VeloparkieranlagenZHWFS?service=WFS&request=GetCapabilities: Version attribute not found
2025-11-12 11:30:47,154 - Scraping log - scraper.py > get_service_info(): Line 370 - ERROR - KT_ZH > https://maps.zh.ch/wfs/VeloparkieranlagenZHWFS?service=WFS&request=GetCapabilities: expected string or bytes-like object
2025-11-12 11:30:49,907 - Scraping log - scraper.py >         <module>(): Line 744 - WARNING - Scraping KT_ZH > https://maps.zh.ch/wfs/ALNWaldarealZHWFS?service=WFS&request=GetCapabilities aborted
2025-11-12 11:37:43,438 - Scraping log - scraper.py > get_service_info(): Line 311 - ERROR - vd.perimetre_plan_legalise: HTTPSConnectionPool(host='www.ogc.vd.ch', port=443): Read timed out. (read timeout=10)
2025-11-12 11:39:47,290 - Scraping log - scraper.py >         <module>(): Line 744 - WARNING - Scraping KT_FR > https://geo.fr.ch/ags/services/OpenData/Bas_marais/MapServer/WFSServer?request=GetCapabilities&service=WFS aborted
2025-11-12 11:39:47,807 - Scraping log - scraper.py >         <module>(): Line 744 - WARNING - Scraping KT_FR > https://geo.fr.ch/ags/services/OpenData/Batiments_exposes_aux_dangers_naturels_gravitaires___par_processus/MapServer/WFSServer?request=GetCapabilities&service=WFS aborted
2025-11-12 11:39:54,476 - Scraping log - scraper.py >         <module>(): Line 744 - WARNING - Scraping KT_FR > https://geo.fr.ch/ags/services/OpenData/Batraciens_et_trafic_routier/MapServer/WFSServer?request=GetCapabilities&service=WFS aborted
2025-11-12 11:40:20,290 - Scraping log - scraper.py >         <module>(): Line 744 - WARNING - Scraping KT_FR > https://geo.fr.ch/ags/services/OpenData/Cadastre_des_evenements_StorMe/MapServer/WFSServer?request=GetCapabilities&service=WFS aborted
2025-11-12 11:40:33,804 - Scraping log - scraper.py >         <module>(): Line 744 - WARNING - Scraping KT_FR > https://geo.fr.ch/ags/services/OpenData/Carte_de_danger___Chutes_de_pierres__blocs/MapServer/WFSServer?request=GetCapabilities&service=WFS aborted
2025-11-12 11:40:40,184 - Scraping log - scraper.py >         <module>(): Line 744 - WARNING - Scraping KT_FR > https://geo.fr.ch/ags/services/OpenData/Carte_de_danger___Glissements_de_terrain/MapServer/WFSServer?request=GetCapabilities&service=WFS aborted
2025-11-12 11:41:22,262 - Scraping log - scraper.py >         <module>(): Line 744 - WARNING - Scraping KT_FR > https://geo.fr.ch/ags/services/OpenData/Chalets_d_alpage_recenses/MapServer/WFSServer?request=GetCapabilities&service=WFS aborted
2025-11-12 11:42:24,177 - Scraping log - scraper.py >         <module>(): Line 744 - WARNING - Scraping KT_FR > https://geo.fr.ch/ags/services/OpenData/Cultures/MapServer/WFSServer?request=GetCapabilities&service=WFS aborted
2025-11-12 11:42:44,286 - Scraping log - scraper.py >         <module>(): Line 744 - WARNING - Scraping KT_FR > https://geo.fr.ch/ags/services/OpenData/Disponibilite_cadastre_RDPPF_par_commune/MapServer/WFSServer?request=GetCapabilities&service=WFS aborted
2025-11-12 11:42:47,966 - Scraping log - scraper.py >         <module>(): Line 744 - WARNING - Scraping KT_FR > https://geo.fr.ch/ags/services/OpenData/Distances_par_rapport_a_la_foret/MapServer/WFSServer?request=GetCapabilities&service=WFS aborted
2025-11-12 11:43:32,836 - Scraping log - scraper.py >         <module>(): Line 744 - WARNING - Scraping KT_FR > https://geo.fr.ch/ags/services/OpenData/Equipes_d_arrondissement_routes_cantonales/MapServer/WFSServer?request=GetCapabilities&service=WFS aborted
2025-11-12 11:44:00,081 - Scraping log - scraper.py >         <module>(): Line 744 - WARNING - Scraping KT_FR > https://geo.fr.ch/ags/services/OpenData/Foret_en_zones_S_de_protection_des_eaux_souterraines/MapServer/WFSServer?request=GetCapabilities&service=WFS aborted
2025-11-12 11:44:06,863 - Scraping log - scraper.py >         <module>(): Line 744 - WARNING - Scraping KT_FR > https://geo.fr.ch/ags/services/OpenData/Geotopes/MapServer/WFSServer?request=GetCapabilities&service=WFS aborted
2025-11-12 11:44:36,445 - Scraping log - scraper.py >         <module>(): Line 744 - WARNING - Scraping KT_FR > https://geo.fr.ch/ags/services/OpenData/Instabilites_de_terrain_morphologie/MapServer/WFSServer?request=GetCapabilities&service=WFS aborted
2025-11-12 11:44:36,866 - Scraping log - scraper.py >         <module>(): Line 744 - WARNING - Scraping KT_FR > https://geo.fr.ch/ags/services/OpenData/Instabilites_de_terrain_typologie/MapServer/WFSServer?request=GetCapabilities&service=WFS aborted
2025-11-12 11:45:51,522 - Scraping log - scraper.py >         <module>(): Line 744 - WARNING - Scraping KT_FR > https://geo.fr.ch/ags/services/OpenData/Limites_forestieres_statiques/MapServer/WFSServer?request=GetCapabilities&service=WFS aborted
2025-11-12 11:47:27,305 - Scraping log - scraper.py >         <module>(): Line 744 - WARNING - Scraping KT_FR > https://geo.fr.ch/ags/services/OpenData/Parcs_naturels/MapServer/WFSServer?request=GetCapabilities&service=WFS aborted
2025-11-12 11:47:34,027 - Scraping log - scraper.py >         <module>(): Line 744 - WARNING - Scraping KT_FR > https://geo.fr.ch/ags/services/OpenData/Paysages_IFP/MapServer/WFSServer?request=GetCapabilities&service=WFS aborted
2025-11-12 11:48:29,889 - Scraping log - scraper.py >         <module>(): Line 744 - WARNING - Scraping KT_FR > https://geo.fr.ch/ags/services/OpenData/Prairies_et_paturages_secs_d_importance_cantonale/MapServer/WFSServer?request=GetCapabilities&service=WFS aborted
2025-11-12 11:48:30,308 - Scraping log - scraper.py >         <module>(): Line 744 - WARNING - Scraping KT_FR > https://geo.fr.ch/ags/services/OpenData/Prairies_et_paturages_secs_d_importance_nationale/MapServer/WFSServer?request=GetCapabilities&service=WFS aborted
2025-11-12 11:48:43,380 - Scraping log - scraper.py >         <module>(): Line 744 - WARNING - Scraping KT_FR > https://geo.fr.ch/ags/services/OpenData/Projets_VALTRALOC/MapServer/WFSServer?request=GetCapabilities&service=WFS aborted
2025-11-12 11:49:32,173 - Scraping log - scraper.py >         <module>(): Line 744 - WARNING - Scraping KT_FR > https://geo.fr.ch/ags/services/OpenData/Reserves_forestieres_cantonales/MapServer/WFSServer?request=GetCapabilities&service=WFS aborted
2025-11-12 11:50:18,573 - Scraping log - scraper.py >         <module>(): Line 744 - WARNING - Scraping KT_FR > https://geo.fr.ch/ags/services/OpenData/Salamandre_tachetee/MapServer/WFSServer?request=GetCapabilities&service=WFS aborted
2025-11-12 11:50:51,678 - Scraping log - scraper.py >         <module>(): Line 744 - WARNING - Scraping KT_FR > https://geo.fr.ch/ags/services/OpenData/Sites_a_batraciens_annexe_1/MapServer/WFSServer?request=GetCapabilities&service=WFS aborted
2025-11-12 11:50:52,097 - Scraping log - scraper.py >         <module>(): Line 744 - WARNING - Scraping KT_FR > https://geo.fr.ch/ags/services/OpenData/Sites_a_batraciens_annexe_2/MapServer/WFSServer?request=GetCapabilities&service=WFS aborted
2025-11-12 11:50:52,617 - Scraping log - scraper.py >         <module>(): Line 744 - WARNING - Scraping KT_FR > https://geo.fr.ch/ags/services/OpenData/Sites_a_batraciens_annexe_3/MapServer/WFSServer?request=GetCapabilities&service=WFS aborted
2025-11-12 11:50:53,039 - Scraping log - scraper.py >         <module>(): Line 744 - WARNING - Scraping KT_FR > https://geo.fr.ch/ags/services/OpenData/Sites_a_batraciens_objets_fixes/MapServer/WFSServer?request=GetCapabilities&service=WFS aborted
2025-11-12 11:50:53,463 - Scraping log - scraper.py >         <module>(): Line 744 - WARNING - Scraping KT_FR > https://geo.fr.ch/ags/services/OpenData/Sites_a_batraciens_objets_itinerants/MapServer/WFSServer?request=GetCapabilities&service=WFS aborted
2025-11-12 11:51:20,022 - Scraping log - scraper.py >         <module>(): Line 744 - WARNING - Scraping KT_FR > https://geo.fr.ch/ags/services/OpenData/Stations_meteo_degres_jours_et_temperatures_moyennes/MapServer/WFSServer?request=GetCapabilities&service=WFS aborted
2025-11-12 11:51:36,488 - Scraping log - scraper.py >         <module>(): Line 744 - WARNING - Scraping KT_FR > https://geo.fr.ch/ags/services/OpenData/Surface_agricole_utile/MapServer/WFSServer?request=GetCapabilities&service=WFS aborted
2025-11-12 11:52:56,459 - Scraping log - scraper.py >         <module>(): Line 744 - WARNING - Scraping KT_FR > https://geo.fr.ch/ags/services/OpenData/Zones_a_batir_et_perimetre_d_habitat_a_maintenir_amenagement_local_PAZ/MapServer/WFSServer?request=GetCapabilities&service=WFS aborted
2025-11-12 11:53:02,987 - Scraping log - scraper.py >         <module>(): Line 744 - WARNING - Scraping KT_FR > https://geo.fr.ch/ags/services/OpenData/Zones_alluviales/MapServer/WFSServer?request=GetCapabilities&service=WFS aborted
2025-11-12 11:53:32,960 - Scraping log - scraper.py >         <module>(): Line 744 - WARNING - Scraping KT_FR > https://geo.fr.ch/ags/services/OpenData/Zones_et_reserves_de_peche_cours_d_eau/MapServer/WFSServer?request=GetCapabilities&service=WFS aborted
2025-11-12 11:53:33,380 - Scraping log - scraper.py >         <module>(): Line 744 - WARNING - Scraping KT_FR > https://geo.fr.ch/ags/services/OpenData/Zones_et_reserves_de_peche_lacs/MapServer/WFSServer?request=GetCapabilities&service=WFS aborted
2025-11-12 11:53:47,371 - Scraping log - scraper.py >         <module>(): Line 744 - WARNING - Scraping KT_FR > https://geo.fr.ch/ags/services/OpenData/Zones_superposees_de_protection_de_la_nature_et_du_paysage/MapServer/WFSServer?request=GetCapabilities&service=WFS aborted
2025-11-12 11:55:00,241 - Scraping log - scraper.py >         <module>(): Line 744 - WARNING - Scraping KT_FR > https://geo.fr.ch/ags/services/OpenData/Bas_marais/MapServer/WMSServer?request=GetCapabilities&service=WMS aborted
2025-11-12 11:55:00,757 - Scraping log - scraper.py >         <module>(): Line 744 - WARNING - Scraping KT_FR > https://geo.fr.ch/ags/services/OpenData/Batiments_exposes_aux_dangers_naturels_gravitaires___par_processus/MapServer/WMSServer?request=GetCapabilities&service=WMS aborted
2025-11-12 11:55:05,244 - Scraping log - scraper.py >         <module>(): Line 744 - WARNING - Scraping KT_FR > https://geo.fr.ch/ags/services/OpenData/Batraciens_et_trafic_routier/MapServer/WMSServer?request=GetCapabilities&service=WMS aborted
2025-11-12 11:55:24,944 - Scraping log - scraper.py >         <module>(): Line 744 - WARNING - Scraping KT_FR > https://geo.fr.ch/ags/services/OpenData/Cadastre_des_evenements_StorMe/MapServer/WMSServer?request=GetCapabilities&service=WMS aborted
2025-11-12 11:55:37,424 - Scraping log - scraper.py >         <module>(): Line 744 - WARNING - Scraping KT_FR > https://geo.fr.ch/ags/services/OpenData/Carte_de_danger___Chutes_de_pierres___blocs/MapServer/WMSServer?request=GetCapabilities&service=WMS aborted
2025-11-12 11:55:37,845 - Scraping log - scraper.py >         <module>(): Line 744 - WARNING - Scraping KT_FR > https://geo.fr.ch/ags/services/OpenData/Carte_de_danger___Chutes_de_pierres__blocs/MapServer/WMSServer?request=GetCapabilities&service=WMS aborted
2025-11-12 11:55:43,522 - Scraping log - scraper.py >         <module>(): Line 744 - WARNING - Scraping KT_FR > https://geo.fr.ch/ags/services/OpenData/Carte_de_danger___Glissements_de_terrain/MapServer/WMSServer?request=GetCapabilities&service=WMS aborted
2025-11-12 11:56:14,808 - Scraping log - scraper.py >         <module>(): Line 744 - WARNING - Scraping KT_FR > https://geo.fr.ch/ags/services/OpenData/Chalets_d_alpage_recenses/MapServer/WMSServer?request=GetCapabilities&service=WMS aborted
2025-11-12 11:56:42,020 - Scraping log - scraper.py > get_service_info(): Line 311 - ERROR - 0: HTTPSConnectionPool(host='geo.fr.ch', port=443): Read timed out. (read timeout=10)
2025-11-12 11:57:30,421 - Scraping log - scraper.py >         <module>(): Line 744 - WARNING - Scraping KT_FR > https://geo.fr.ch/ags/services/OpenData/Cultures/MapServer/WMSServer?request=GetCapabilities&service=WMS aborted
2025-11-12 11:57:44,773 - Scraping log - scraper.py >         <module>(): Line 744 - WARNING - Scraping KT_FR > https://geo.fr.ch/ags/services/OpenData/Disponibilite_cadastre_RDPPF_par_commune/MapServer/WMSServer?request=GetCapabilities&service=WMS aborted
2025-11-12 11:57:47,318 - Scraping log - scraper.py >         <module>(): Line 744 - WARNING - Scraping KT_FR > https://geo.fr.ch/ags/services/OpenData/Distances_par_rapport_a_la_foret/MapServer/WMSServer?request=GetCapabilities&service=WMS aborted
2025-11-12 11:58:20,182 - Scraping log - scraper.py >         <module>(): Line 744 - WARNING - Scraping KT_FR > https://geo.fr.ch/ags/services/OpenData/Equipes_d_arrondissement_routes_cantonales/MapServer/WMSServer?request=GetCapabilities&service=WMS aborted
2025-11-12 11:58:45,523 - Scraping log - scraper.py >         <module>(): Line 744 - WARNING - Scraping KT_FR > https://geo.fr.ch/ags/services/OpenData/Foret_en_zones_S_de_protection_des_eaux_souterraines/MapServer/WMSServer?request=GetCapabilities&service=WMS aborted
2025-11-12 11:58:50,513 - Scraping log - scraper.py >         <module>(): Line 744 - WARNING - Scraping KT_FR > https://geo.fr.ch/ags/services/OpenData/Geotopes/MapServer/WMSServer?request=GetCapabilities&service=WMS aborted
2025-11-12 11:59:12,858 - Scraping log - scraper.py >         <module>(): Line 744 - WARNING - Scraping KT_FR > https://geo.fr.ch/ags/services/OpenData/Instabilites_de_terrain_morphologie/MapServer/WMSServer?request=GetCapabilities&service=WMS aborted
2025-11-12 11:59:13,372 - Scraping log - scraper.py >         <module>(): Line 744 - WARNING - Scraping KT_FR > https://geo.fr.ch/ags/services/OpenData/Instabilites_de_terrain_typologie/MapServer/WMSServer?request=GetCapabilities&service=WMS aborted
2025-11-12 12:00:09,949 - Scraping log - scraper.py >         <module>(): Line 744 - WARNING - Scraping KT_FR > https://geo.fr.ch/ags/services/OpenData/Limites_forestieres_statiques/MapServer/WMSServer?request=GetCapabilities&service=WMS aborted
2025-11-12 12:01:25,974 - Scraping log - scraper.py >         <module>(): Line 744 - WARNING - Scraping KT_FR > https://geo.fr.ch/ags/services/OpenData/Parcs_naturels/MapServer/WMSServer?request=GetCapabilities&service=WMS aborted
2025-11-12 12:01:30,953 - Scraping log - scraper.py >         <module>(): Line 744 - WARNING - Scraping KT_FR > https://geo.fr.ch/ags/services/OpenData/Paysages_IFP/MapServer/WMSServer?request=GetCapabilities&service=WMS aborted
2025-11-12 12:02:10,522 - Scraping log - scraper.py >         <module>(): Line 744 - WARNING - Scraping KT_FR > https://geo.fr.ch/ags/services/OpenData/Prairies_et_paturages_secs_d_importance_cantonale/MapServer/WMSServer?request=GetCapabilities&service=WMS aborted
2025-11-12 12:02:10,942 - Scraping log - scraper.py >         <module>(): Line 744 - WARNING - Scraping KT_FR > https://geo.fr.ch/ags/services/OpenData/Prairies_et_paturages_secs_d_importance_nationale/MapServer/WMSServer?request=GetCapabilities&service=WMS aborted
2025-11-12 12:02:20,832 - Scraping log - scraper.py >         <module>(): Line 744 - WARNING - Scraping KT_FR > https://geo.fr.ch/ags/services/OpenData/Projets_VALTRALOC/MapServer/WMSServer?request=GetCapabilities&service=WMS aborted
2025-11-12 12:02:56,077 - Scraping log - scraper.py >         <module>(): Line 744 - WARNING - Scraping KT_FR > https://geo.fr.ch/ags/services/OpenData/Reserves_forestieres_cantonales/MapServer/WMSServer?request=GetCapabilities&service=WMS aborted
2025-11-12 12:03:17,677 - Scraping log - scraper.py >         <module>(): Line 744 - WARNING - Scraping KT_FR > https://geo.fr.ch/ags/services/OpenData/Routes_Cantonales_LR/MapServer/WMSServer?request=GetCapabilities&service=WMS aborted
2025-11-12 12:03:33,995 - Scraping log - scraper.py >         <module>(): Line 744 - WARNING - Scraping KT_FR > https://geo.fr.ch/ags/services/OpenData/Salamandre_tachetee/MapServer/WMSServer?request=GetCapabilities&service=WMS aborted
2025-11-12 12:03:58,947 - Scraping log - scraper.py >         <module>(): Line 744 - WARNING - Scraping KT_FR > https://geo.fr.ch/ags/services/OpenData/Sites_a_batraciens_annexe_1/MapServer/WMSServer?request=GetCapabilities&service=WMS aborted
2025-11-12 12:03:59,379 - Scraping log - scraper.py >         <module>(): Line 744 - WARNING - Scraping KT_FR > https://geo.fr.ch/ags/services/OpenData/Sites_a_batraciens_annexe_2/MapServer/WMSServer?request=GetCapabilities&service=WMS aborted
2025-11-12 12:03:59,804 - Scraping log - scraper.py >         <module>(): Line 744 - WARNING - Scraping KT_FR > https://geo.fr.ch/ags/services/OpenData/Sites_a_batraciens_annexe_3/MapServer/WMSServer?request=GetCapabilities&service=WMS aborted
2025-11-12 12:04:00,320 - Scraping log - scraper.py >         <module>(): Line 744 - WARNING - Scraping KT_FR > https://geo.fr.ch/ags/services/OpenData/Sites_a_batraciens_objets_fixes/MapServer/WMSServer?request=GetCapabilities&service=WMS aborted
2025-11-12 12:04:00,737 - Scraping log - scraper.py >         <module>(): Line 744 - WARNING - Scraping KT_FR > https://geo.fr.ch/ags/services/OpenData/Sites_a_batraciens_objets_itinerants/MapServer/WMSServer?request=GetCapabilities&service=WMS aborted
2025-11-12 12:04:18,978 - Scraping log - scraper.py >         <module>(): Line 744 - WARNING - Scraping KT_FR > https://geo.fr.ch/ags/services/OpenData/Stations_meteo_degres_jours_et_temperatures_moyennes/MapServer/WMSServer?request=GetCapabilities&service=WMS aborted
2025-11-12 12:04:31,843 - Scraping log - scraper.py >         <module>(): Line 744 - WARNING - Scraping KT_FR > https://geo.fr.ch/ags/services/OpenData/Surface_agricole_utile/MapServer/WMSServer?request=GetCapabilities&service=WMS aborted
2025-11-12 12:05:31,312 - Scraping log - scraper.py >         <module>(): Line 744 - WARNING - Scraping KT_FR > https://geo.fr.ch/ags/services/OpenData/Zones_a_batir_et_perimetre_d_habitat_a_maintenir_amenagement_local_PAZ/MapServer/WMSServer?request=GetCapabilities&service=WMS aborted
2025-11-12 12:05:36,093 - Scraping log - scraper.py >         <module>(): Line 744 - WARNING - Scraping KT_FR > https://geo.fr.ch/ags/services/OpenData/Zones_alluviales/MapServer/WMSServer?request=GetCapabilities&service=WMS aborted
2025-11-12 12:05:58,081 - Scraping log - scraper.py >         <module>(): Line 744 - WARNING - Scraping KT_FR > https://geo.fr.ch/ags/services/OpenData/Zones_et_reserves_de_peche_cours_d_eau/MapServer/WMSServer?request=GetCapabilities&service=WMS aborted
2025-11-12 12:05:58,515 - Scraping log - scraper.py >         <module>(): Line 744 - WARNING - Scraping KT_FR > https://geo.fr.ch/ags/services/OpenData/Zones_et_reserves_de_peche_lacs/MapServer/WMSServer?request=GetCapabilities&service=WMS aborted
2025-11-12 12:06:08,792 - Scraping log - scraper.py >         <module>(): Line 744 - WARNING - Scraping KT_FR > https://geo.fr.ch/ags/services/OpenData/Zones_reservees_routes_cantonales/MapServer/WMSServer?request=GetCapabilities&service=WMS aborted
2025-11-12 12:06:09,210 - Scraping log - scraper.py >         <module>(): Line 744 - WARNING - Scraping KT_FR > https://geo.fr.ch/ags/services/OpenData/Zones_superposees_de_protection_de_la_nature_et_du_paysage/MapServer/WMSServer?request=GetCapabilities&service=WMS aborted
2025-11-12 12:06:09,625 - Scraping log - scraper.py >         <module>(): Line 744 - WARNING - Scraping KT_FR > https://geo.fr.ch/ags/services/OpenData_Raster/Altitude_du_toit_du_rocher__msm_/MapServer/WMSServer?request=GetCapabilities&service=WMS aborted
2025-11-12 12:06:12,155 - Scraping log - scraper.py >         <module>(): Line 744 - WARNING - Scraping KT_FR > https://geo.fr.ch/ags/services/OpenData_Raster/Carte_de_l_alea_ruissellement/MapServer/WMSServer?request=GetCapabilities&service=WMS aborted
2025-11-12 12:07:41,035 - Scraping log - scraper.py >         <module>(): Line 744 - WARNING - Scraping KT_FR > https://geo.fr.ch/ags/services/OpenData_Raster/Isobathes_2012_2016/MapServer/WMSServer?request=GetCapabilities&service=WMS aborted
2025-11-12 12:08:10,154 - Scraping log - scraper.py >         <module>(): Line 744 - WARNING - Scraping KT_FR > https://geo.fr.ch/ags/services/OpenData_Raster/PB_MO_couleur_1_2500/MapServer/WMSServer?request=GetCapabilities&service=WMS aborted
2025-11-12 12:08:10,672 - Scraping log - scraper.py >         <module>(): Line 744 - WARNING - Scraping KT_FR > https://geo.fr.ch/ags/services/OpenData_Raster/PB_MO_NB_1_2500_fond_transparent/MapServer/WMSServer?request=GetCapabilities&service=WMS aborted
2025-11-12 12:08:11,193 - Scraping log - scraper.py >         <module>(): Line 744 - WARNING - Scraping KT_FR > https://geo.fr.ch/ags/services/OpenData_Raster/PB_MO_NB_1_2500/MapServer/WMSServer?request=GetCapabilities&service=WMS aborted
2025-11-12 12:09:10,519 - Scraping log - scraper.py > get_service_info(): Line 311 - ERROR - WMSLI: HTTPSConnectionPool(host='service.geo.llv.li', port=443): Read timed out. (read timeout=10)
2025-11-12 12:11:32,953 - Scraping log - scraper.py >         <module>(): Line 744 - WARNING - Scraping Geodienste > https://geodienste.ch/db/planungszonen_v1_0_0/deu?SERVICE=WMS&REQUEST=GetCapabilities aborted
2025-11-12 12:12:25,360 - Scraping log - scraper.py >         <module>(): Line 744 - WARNING - Scraping Geodienste > https://geodienste.ch/db/planungszonen_v1_0_0/deu?SERVICE=WFS&REQUEST=GetCapabilities aborted
2025-11-12 12:17:34,800 - Scraping log - scraper.py > get_service_info(): Line 311 - ERROR - ch.swisstopo.swisstne-base: HTTPSConnectionPool(host='wms.geo.admin.ch', port=443): Read timed out. (read timeout=10)
2025-11-12 12:18:04,170 - Scraping log - scraper.py > get_service_info(): Line 311 - ERROR - ch.swisstopo.vec25-gebaeude: HTTPSConnectionPool(host='wms.geo.admin.ch', port=443): Read timed out. (read timeout=10)
2025-11-12 12:19:22,467 - Scraping log - scraper.py > get_service_info(): Line 311 - ERROR - ch.blw.landwirtschaftliche-nutzungsflaechen: HTTPSConnectionPool(host='wms.geo.admin.ch', port=443): Read timed out. (read timeout=10)
2025-11-12 12:19:34,322 - Scraping log - scraper.py > get_service_info(): Line 311 - ERROR - ch.blw.steil_terrassenlagen_rebbau: HTTPSConnectionPool(host='wms.geo.admin.ch', port=443): Read timed out. (read timeout=10)
2025-11-12 12:19:46,908 - Scraping log - scraper.py > get_service_info(): Line 311 - ERROR - ch.blw.hang_steillagen: HTTPSConnectionPool(host='wms.geo.admin.ch', port=443): Read timed out. (read timeout=10)
2025-11-12 12:20:01,968 - Scraping log - scraper.py > get_service_info(): Line 311 - ERROR - ch.bfs.gebaeude_wohnungs_register_waermequelle_heizung: HTTPSConnectionPool(host='wms.geo.admin.ch', port=443): Read timed out. (read timeout=10)
2025-11-12 12:22:09,866 - Scraping log - scraper.py > get_service_info(): Line 311 - ERROR - ch.bafu.gefaehrdungskarte-oberflaechenabfluss: HTTPSConnectionPool(host='wms.geo.admin.ch', port=443): Read timed out. (read timeout=10)
2025-11-12 12:22:53,817 - Scraping log - scraper.py > get_service_info(): Line 311 - ERROR - ch.bafu.klima-co2_ausstoss_gebaeude: HTTPSConnectionPool(host='wms.geo.admin.ch', port=443): Read timed out. (read timeout=10)
2025-11-12 12:23:19,357 - Scraping log - scraper.py > get_service_info(): Line 308 - WARNING - ch.bafu.neophyten-carolina_nachtschatten: GetMap request is blocked for this layer
2025-11-12 12:23:29,714 - Scraping log - scraper.py > get_service_info(): Line 308 - WARNING - ch.bafu.neophyten-portulak_heusenkraut: GetMap request is blocked for this layer
2025-11-12 12:24:36,952 - Scraping log - scraper.py > get_service_info(): Line 311 - ERROR - ch.bafu.wasser-teileinzugsgebiete_2: HTTPSConnectionPool(host='wms.geo.admin.ch', port=443): Read timed out. (read timeout=10)
2025-11-12 12:25:46,799 - Scraping log - scraper.py > get_service_info(): Line 311 - ERROR - ch.are.solaranlagen-pruefenswerte_gebiete_vektor: HTTPSConnectionPool(host='wms.geo.admin.ch', port=443): Read timed out. (read timeout=10)
2025-11-12 12:26:12,294 - Scraping log - scraper.py > get_service_info(): Line 311 - ERROR - ch.agroscope.amphibien-bedeutung_parzellen: HTTPSConnectionPool(host='wms.geo.admin.ch', port=443): Read timed out. (read timeout=10)
2025-11-12 12:26:32,779 - Scraping log - scraper.py >         <module>(): Line 751 - INFO - Scraping took: 281 mins
2025-11-12 12:29:41,506 - Scraping log - scraper.py >         <module>(): Line 762 - INFO - Keeping 2331 datasets from old database
2025-11-12 12:45:27,108 - Scraping log - scraper.py >         <module>(): Line 767 - INFO - Found 2331 for processing
2025-11-12 12:45:27,939 - Scraping log - scraper.py >         <module>(): Line 777 - INFO - Job took: 300 mins
