2026-01-25 01:52:28,461 - Scraping log - scraper.py >         <module>(): Line 706 - INFO - Running scraper with a limit of 
2026-01-25 01:52:28,466 - Scraping log - scraper.py >         <module>(): Line 737 - INFO - Startup time until scraping: 0 mins
2026-01-25 01:52:28,466 - Scraping log - scraper.py >         <module>(): Line 751 - INFO - Running default scraper on KT_AI > https://www.geoportal.ch/services/wms/ktai?SERVICE=WMS&REQUEST=GetCapabilities (source 1/1467)
2026-01-25 01:52:33,974 - Scraping log - scraper.py > get_service_info(): Line 319 - ERROR - ch.geoportal.ktai: 500 Server Error: Internal Server Error for url: https://www.geoportal.ch/services/wms/ktai?service=WMS&version=1.3.0&request=GetMap&layers=ch.geoportal.ktai&styles=&width=256&height=256&crs=EPSG%3A4326&bbox=47.225%2C9.297%2C47.453%2C9.632&format=image%2Fpng&transparent=TRUE&exceptions=XML&bgcolor=0xFFFFFF
2026-01-25 01:52:34,836 - Scraping log - scraper.py >         <module>(): Line 751 - INFO - Running default scraper on KT_AR > https://www.geoportal.ch/services/wms/ktar?SERVICE=WMS&REQUEST=GetCapabilities (source 2/1467)
2026-01-25 01:52:40,607 - Scraping log - scraper.py > get_service_info(): Line 319 - ERROR - ch.geoportal.ktar: 500 Server Error: Internal Server Error for url: https://www.geoportal.ch/services/wms/ktar?service=WMS&version=1.3.0&request=GetMap&layers=ch.geoportal.ktar&styles=&width=256&height=256&crs=EPSG%3A4326&bbox=47.238%2C9.178%2C47.478%2C9.644&format=image%2Fpng&transparent=TRUE&exceptions=XML&bgcolor=0xFFFFFF
2026-01-25 01:52:43,085 - Scraping log - scraper.py >         <module>(): Line 751 - INFO - Running default scraper on KT_AG > https://wms.geo.ag.ch/public/ows?SERVICE=WMS (source 3/1467)
2026-01-25 01:56:15,048 - Scraping log - scraper.py > get_service_info(): Line 319 - ERROR - ch_ag_geo_aw_wbep: HTTPSConnectionPool(host='wms.geo.ag.ch', port=443): Read timed out. (read timeout=10)
2026-01-25 01:56:25,941 - Scraping log - scraper.py > get_service_info(): Line 319 - ERROR - ch_ag_geo_aw_wbsp: HTTPSConnectionPool(host='wms.geo.ag.ch', port=443): Read timed out. (read timeout=10)
2026-01-25 01:57:00,126 - Scraping log - scraper.py >         <module>(): Line 751 - INFO - Running default scraper on KT_BL > https://tile.geoview.bl.ch/1.0.0/WMTSCapabilities.xml (source 4/1467)
2026-01-25 01:57:02,868 - Scraping log - scraper.py >         <module>(): Line 751 - INFO - Running default scraper on KT_BL > http://geowms.bl.ch/?SERVICE=WMS&VERSION=1.3.0&REQUEST=GetCapabilities (source 5/1467)
2026-01-25 01:57:12,691 - Scraping log - scraper.py > get_service_info(): Line 319 - ERROR - OpenWMS_BL: msWMSApplyTime: WMS server error. No Time value was given, and the default time value 2023 is invalid or outside the time extent defined 2011/2022/P1Y msStyleSetGeomTransform(): General error message. unknown transform expression
2026-01-25 02:04:06,424 - Scraping log - scraper.py >         <module>(): Line 751 - INFO - Running default scraper on KT_BS > https://wfs.geo.bs.ch/?SERVICE=WFS&REQUEST=GetCapabilities (source 6/1467)
2026-01-25 02:04:41,611 - Scraping log - scraper.py >         <module>(): Line 751 - INFO - Running default scraper on KT_BS > https://wmts.geo.bs.ch/EPSG/3857/1.0.0/WMTSCapabilities.xml (source 7/1467)
2026-01-25 02:04:50,328 - Scraping log - scraper.py >         <module>(): Line 751 - INFO - Running default scraper on KT_BS > https://wms.geo.bs.ch/?SERVICE=WMS&REQUEST=GetCapabilities (source 8/1467)
2026-01-25 02:05:10,548 - Scraping log - scraper.py > get_service_info(): Line 319 - ERROR - WMS_BS: HTTPSConnectionPool(host='wms.geo.bs.ch', port=443): Read timed out. (read timeout=10)
2026-01-25 02:05:46,181 - Scraping log - scraper.py > get_service_info(): Line 316 - WARNING - Parzellenplan_Bodenbedeckung_sw: GetMap request is blocked for this layer
2026-01-25 02:05:58,486 - Scraping log - scraper.py > get_service_info(): Line 316 - WARNING - AF_AbfuhrzoneGemeindeBasel: GetMap request is blocked for this layer
2026-01-25 02:06:11,268 - Scraping log - scraper.py > get_service_info(): Line 316 - WARNING - AQ_AnsprechpartnerImQuartier: GetMap request is blocked for this layer
2026-01-25 02:06:23,205 - Scraping log - scraper.py > get_service_info(): Line 316 - WARNING - AVBS_3000_farbig: GetMap request is blocked for this layer
2026-01-25 02:06:35,619 - Scraping log - scraper.py > get_service_info(): Line 316 - WARNING - AZ_ArchaeologischeZonen: GetMap request is blocked for this layer
2026-01-25 02:06:45,633 - Scraping log - scraper.py > get_service_info(): Line 316 - WARNING - AZ_UebrigeBereiche: GetMap request is blocked for this layer
2026-01-25 02:06:55,648 - Scraping log - scraper.py > get_service_info(): Line 316 - WARNING - BA_Baeume: GetMap request is blocked for this layer
2026-01-25 02:07:05,667 - Scraping log - scraper.py > get_service_info(): Line 316 - WARNING - BA_FaellUndBaumersatzliste: GetMap request is blocked for this layer
2026-01-25 02:07:15,682 - Scraping log - scraper.py > get_service_info(): Line 316 - WARNING - Bodenkarten: GetMap request is blocked for this layer
2026-01-25 02:07:26,179 - Scraping log - scraper.py > get_service_info(): Line 316 - WARNING - Nutzungseignungskarte: GetMap request is blocked for this layer
2026-01-25 02:07:36,541 - Scraping log - scraper.py > get_service_info(): Line 316 - WARNING - Risikostufe: GetMap request is blocked for this layer
2026-01-25 02:07:46,718 - Scraping log - scraper.py > get_service_info(): Line 316 - WARNING - ch.bs.bienenstaende_bnsa: GetMap request is blocked for this layer
2026-01-25 02:07:56,733 - Scraping log - scraper.py > get_service_info(): Line 316 - WARNING - BI_FreizeitSport: GetMap request is blocked for this layer
2026-01-25 02:08:06,748 - Scraping log - scraper.py > get_service_info(): Line 316 - WARNING - BI_GesundheitSoziales: GetMap request is blocked for this layer
2026-01-25 02:08:16,763 - Scraping log - scraper.py > get_service_info(): Line 316 - WARNING - BI_KirchenReligion: GetMap request is blocked for this layer
2026-01-25 02:08:26,778 - Scraping log - scraper.py > get_service_info(): Line 316 - WARNING - BI_KulturUnterhaltung: GetMap request is blocked for this layer
2026-01-25 02:08:38,594 - Scraping log - scraper.py > get_service_info(): Line 316 - WARNING - BI_OeffentlicheEinrichtungen_Rest: GetMap request is blocked for this layer
2026-01-25 02:08:48,610 - Scraping log - scraper.py > get_service_info(): Line 316 - WARNING - BI_OeffentlicheEinrichtungen_WC: GetMap request is blocked for this layer
2026-01-25 02:08:58,627 - Scraping log - scraper.py > get_service_info(): Line 316 - WARNING - BI_Sehenswuerdigkeiten: GetMap request is blocked for this layer
2026-01-25 02:09:08,642 - Scraping log - scraper.py > get_service_info(): Line 316 - WARNING - BI_UnterkuenfteTagung: GetMap request is blocked for this layer
2026-01-25 02:09:18,653 - Scraping log - scraper.py > get_service_info(): Line 316 - WARNING - BI_Verkehr: GetMap request is blocked for this layer
2026-01-25 02:09:28,674 - Scraping log - scraper.py > get_service_info(): Line 316 - WARNING - BI_Hintergrund: GetMap request is blocked for this layer
2026-01-25 02:09:45,105 - Scraping log - scraper.py > get_service_info(): Line 319 - ERROR - BI_Strassen: HTTPSConnectionPool(host='wms.geo.bs.ch', port=443): Read timed out. (read timeout=10)
2026-01-25 02:09:55,229 - Scraping log - scraper.py > get_service_info(): Line 316 - WARNING - BI_Autobahn: GetMap request is blocked for this layer
2026-01-25 02:10:05,365 - Scraping log - scraper.py > get_service_info(): Line 319 - ERROR - BI_Gruenflaechen: HTTPSConnectionPool(host='wms.geo.bs.ch', port=443): Read timed out. (read timeout=10)
2026-01-25 02:10:15,380 - Scraping log - scraper.py > get_service_info(): Line 316 - WARNING - BI_Bebauung: GetMap request is blocked for this layer
2026-01-25 02:10:27,743 - Scraping log - scraper.py > get_service_info(): Line 316 - WARNING - BI_Konturen: GetMap request is blocked for this layer
2026-01-25 02:10:40,164 - Scraping log - scraper.py > get_service_info(): Line 316 - WARNING - BI_OEV: GetMap request is blocked for this layer
2026-01-25 02:10:53,482 - Scraping log - scraper.py > get_service_info(): Line 316 - WARNING - Bohrungen verrohrt: GetMap request is blocked for this layer
2026-01-25 02:11:03,732 - Scraping log - scraper.py > get_service_info(): Line 316 - WARNING - BK_BohrungenVerrohrt_DurchmesserKleiner200mm_A: GetMap request is blocked for this layer
2026-01-25 02:11:13,746 - Scraping log - scraper.py > get_service_info(): Line 316 - WARNING - BK_BohrungenVerrohrt_DurchmesserGroesserGleich200mm_A: GetMap request is blocked for this layer
2026-01-25 02:11:23,762 - Scraping log - scraper.py > get_service_info(): Line 316 - WARNING - BK_BohrungenVerrohrt_Kassiert_A: GetMap request is blocked for this layer
2026-01-25 02:11:33,889 - Scraping log - scraper.py > get_service_info(): Line 316 - WARNING - BK_Erdwaermebohrung: GetMap request is blocked for this layer
2026-01-25 02:11:44,060 - Scraping log - scraper.py > get_service_info(): Line 316 - WARNING - BK_GeplanteBohrung: GetMap request is blocked for this layer
2026-01-25 02:11:54,253 - Scraping log - scraper.py > get_service_info(): Line 319 - ERROR - BK_Sondierbohrung: HTTPSConnectionPool(host='wms.geo.bs.ch', port=443): Read timed out. (read timeout=10)
2026-01-25 02:12:04,312 - Scraping log - scraper.py > get_service_info(): Line 316 - WARNING - BK_alleBohrungen: GetMap request is blocked for this layer
2026-01-25 02:12:14,367 - Scraping log - scraper.py > get_service_info(): Line 316 - WARNING - BP_Oeffnungszeiten: GetMap request is blocked for this layer
2026-01-25 02:12:24,388 - Scraping log - scraper.py > get_service_info(): Line 316 - WARNING - BP_PerimeterBoulevardplanInnenstadt: GetMap request is blocked for this layer
2026-01-25 02:12:34,404 - Scraping log - scraper.py > get_service_info(): Line 316 - WARNING - Projektierte Gebäude: GetMap request is blocked for this layer
2026-01-25 02:12:44,542 - Scraping log - scraper.py > get_service_info(): Line 316 - WARNING - BS_GebaeudeProjektiert_Hausnummer_200: GetMap request is blocked for this layer
2026-01-25 02:12:54,562 - Scraping log - scraper.py > get_service_info(): Line 316 - WARNING - BS_GebaeudeProjektiert_Hausnummer_500: GetMap request is blocked for this layer
2026-01-25 02:13:04,576 - Scraping log - scraper.py > get_service_info(): Line 316 - WARNING - BS_GebaeudeProjektiert_Hausnummer_1000: GetMap request is blocked for this layer
2026-01-25 02:13:14,590 - Scraping log - scraper.py > get_service_info(): Line 316 - WARNING - BS_GebaeudeProjektiert_Hausnummer_2000: GetMap request is blocked for this layer
2026-01-25 02:13:25,435 - Scraping log - scraper.py > get_service_info(): Line 316 - WARNING - BS_GebaeudeProjektiert_Gebaeudenummer_500: GetMap request is blocked for this layer
2026-01-25 02:13:35,458 - Scraping log - scraper.py > get_service_info(): Line 316 - WARNING - BS_GebaeudeProjektiert_Gebaeudenummer_1000: GetMap request is blocked for this layer
2026-01-25 02:13:46,549 - Scraping log - scraper.py > get_service_info(): Line 316 - WARNING - BS_Bodenbedeckungen_befestigt_Bahnareal: GetMap request is blocked for this layer
2026-01-25 02:14:04,614 - Scraping log - scraper.py > get_service_info(): Line 319 - ERROR - BS_Bodenbedeckungen_befestigt_Hafenareal: HTTPSConnectionPool(host='wms.geo.bs.ch', port=443): Read timed out. (read timeout=10)
2026-01-25 02:14:14,631 - Scraping log - scraper.py > get_service_info(): Line 316 - WARNING - BS_Bodenbedeckungen_befestigt_Sportanlage: GetMap request is blocked for this layer
2026-01-25 02:14:27,212 - Scraping log - scraper.py > get_service_info(): Line 316 - WARNING - BS_Bodenbedeckungen_befestigt_Verkehrsinsel: GetMap request is blocked for this layer
2026-01-25 02:14:40,014 - Scraping log - scraper.py > get_service_info(): Line 316 - WARNING - BS_Bodenbedeckungen_bestockt_uebrigeBestockte: GetMap request is blocked for this layer
2026-01-25 02:14:52,773 - Scraping log - scraper.py > get_service_info(): Line 316 - WARNING - BS_Bodenbedeckungen_Gewaesser_stehendes: GetMap request is blocked for this layer
2026-01-25 02:15:02,902 - Scraping log - scraper.py > get_service_info(): Line 316 - WARNING - BS_Bodenbedeckungen_humusiert_AckerWieseWeide: GetMap request is blocked for this layer
2026-01-25 02:15:13,029 - Scraping log - scraper.py > get_service_info(): Line 316 - WARNING - BS_Bodenbedeckungen_humusiert_Friedhof: GetMap request is blocked for this layer
2026-01-25 02:15:23,043 - Scraping log - scraper.py > get_service_info(): Line 316 - WARNING - BS_Bodenbedeckungen_humusiert_Gartenanlage: GetMap request is blocked for this layer
2026-01-25 02:15:33,057 - Scraping log - scraper.py > get_service_info(): Line 316 - WARNING - BS_Bodenbedeckungen_humusiert_ParkanlageSpielplatz: GetMap request is blocked for this layer
2026-01-25 02:15:43,072 - Scraping log - scraper.py > get_service_info(): Line 316 - WARNING - BS_Bodenbedeckungen_humusiert_Schrebergarten: GetMap request is blocked for this layer
2026-01-25 02:15:53,199 - Scraping log - scraper.py > get_service_info(): Line 316 - WARNING - BS_Bodenbedeckungen_humusiert_SportanlageHumusiert: GetMap request is blocked for this layer
2026-01-25 02:16:03,213 - Scraping log - scraper.py > get_service_info(): Line 316 - WARNING - BS_Bodenbedeckungen_humusiert_Tierpark: GetMap request is blocked for this layer
2026-01-25 02:16:13,229 - Scraping log - scraper.py > get_service_info(): Line 316 - WARNING - BS_Bodenbedeckungen_humusiert_Reben: GetMap request is blocked for this layer
2026-01-25 02:16:24,812 - Scraping log - scraper.py > get_service_info(): Line 316 - WARNING - BS_Bodenbedeckungen_humusiert_Gewaesservorland: GetMap request is blocked for this layer
2026-01-25 02:16:35,773 - Scraping log - scraper.py > get_service_info(): Line 316 - WARNING - Bogeninformation: GetMap request is blocked for this layer
2026-01-25 02:16:46,997 - Scraping log - scraper.py > get_service_info(): Line 316 - WARNING - BS_Bogeninformation_BoegenTheoretisch: GetMap request is blocked for this layer
2026-01-25 02:16:57,120 - Scraping log - scraper.py > get_service_info(): Line 316 - WARNING - Einzelobjekte: GetMap request is blocked for this layer
2026-01-25 02:17:11,633 - Scraping log - scraper.py > get_service_info(): Line 316 - WARNING - Liegenschaften: GetMap request is blocked for this layer
2026-01-25 02:17:22,549 - Scraping log - scraper.py > get_service_info(): Line 316 - WARNING - Grundstücke: GetMap request is blocked for this layer
2026-01-25 02:17:32,880 - Scraping log - scraper.py > get_service_info(): Line 316 - WARNING - BS_Liegenschaften_Liegenschaftsnummer: GetMap request is blocked for this layer
2026-01-25 02:17:42,893 - Scraping log - scraper.py > get_service_info(): Line 316 - WARNING - Grundstücke (projektiert): GetMap request is blocked for this layer
2026-01-25 02:17:53,275 - Scraping log - scraper.py > get_service_info(): Line 316 - WARNING - BS_Liegenschaften_GrundstueckeProjektiert_andereDienstbarkeit_Geometrie: GetMap request is blocked for this layer
2026-01-25 02:18:03,290 - Scraping log - scraper.py > get_service_info(): Line 316 - WARNING - BS_Liegenschaften_GrundstueckeProjektiert_andereDienstbarkeit_IndexUnter700: GetMap request is blocked for this layer
2026-01-25 02:18:14,118 - Scraping log - scraper.py > get_service_info(): Line 316 - WARNING - BS_Liegenschaften_GrundstueckeProjektiert_andereDienstbarkeit_Nummer700bis2000: GetMap request is blocked for this layer
2026-01-25 02:18:25,076 - Scraping log - scraper.py > get_service_info(): Line 316 - WARNING - BS_Liegenschaften_GrundstueckeProjektiert_Allmendparzelle: GetMap request is blocked for this layer
2026-01-25 02:18:36,240 - Scraping log - scraper.py > get_service_info(): Line 316 - WARNING - BS_Liegenschaften_GrundstueckeProjektiert_Unterbaurecht: GetMap request is blocked for this layer
2026-01-25 02:18:46,419 - Scraping log - scraper.py > get_service_info(): Line 316 - WARNING - Nomenklatur: GetMap request is blocked for this layer
2026-01-25 02:18:56,516 - Scraping log - scraper.py > get_service_info(): Line 316 - WARNING - BS_Nomenklatur_Flurname_Text: GetMap request is blocked for this layer
2026-01-25 02:19:06,521 - Scraping log - scraper.py > get_service_info(): Line 316 - WARNING - BS_Nomenklatur_Flurname_Flaeche: GetMap request is blocked for this layer
2026-01-25 02:19:16,536 - Scraping log - scraper.py > get_service_info(): Line 316 - WARNING - BS_Rohrleitungen_Rohrleitung: GetMap request is blocked for this layer
2026-01-25 02:19:26,547 - Scraping log - scraper.py > get_service_info(): Line 316 - WARNING - Servitute: GetMap request is blocked for this layer
2026-01-25 02:19:36,685 - Scraping log - scraper.py > get_service_info(): Line 316 - WARNING - BS_Servitute_Servitute_Servitutflaechenelement: GetMap request is blocked for this layer
2026-01-25 02:19:46,702 - Scraping log - scraper.py > get_service_info(): Line 316 - WARNING - BS_Servitute_Servitute_Servitutlinienelement: GetMap request is blocked for this layer
2026-01-25 02:19:56,844 - Scraping log - scraper.py > get_service_info(): Line 319 - ERROR - BS_Servitute_Servitute_Servitutkennzeichen: HTTPSConnectionPool(host='wms.geo.bs.ch', port=443): Read timed out. (read timeout=10)
2026-01-25 02:20:06,859 - Scraping log - scraper.py > get_service_info(): Line 316 - WARNING - BS_Servitute_ServituteProjektiert_Servitutflaechenelement: GetMap request is blocked for this layer
2026-01-25 02:20:19,152 - Scraping log - scraper.py > get_service_info(): Line 319 - ERROR - BS_Servitute_ServituteProjektiert_Servitutlinienelement: HTTPSConnectionPool(host='wms.geo.bs.ch', port=443): Read timed out. (read timeout=10)
2026-01-25 02:20:29,167 - Scraping log - scraper.py > get_service_info(): Line 316 - WARNING - BS_Servitute_ServituteProjektiert_Servitutkennzeichen: GetMap request is blocked for this layer
2026-01-25 02:20:46,386 - Scraping log - scraper.py > get_service_info(): Line 316 - WARNING - Vermessungseinteilungen: GetMap request is blocked for this layer
2026-01-25 02:20:58,499 - Scraping log - scraper.py > get_service_info(): Line 316 - WARNING - Vermessungspunkte: GetMap request is blocked for this layer
2026-01-25 02:21:10,571 - Scraping log - scraper.py > get_service_info(): Line 316 - WARNING - BS_Vermessungspunkte_Grenzpunkte_GrenzpunktBolzen: GetMap request is blocked for this layer
2026-01-25 02:21:20,672 - Scraping log - scraper.py > get_service_info(): Line 316 - WARNING - BS_Vermessungspunkte_Grenzpunkte_GrenzpunktKreuz: GetMap request is blocked for this layer
2026-01-25 02:21:30,769 - Scraping log - scraper.py > get_service_info(): Line 316 - WARNING - BS_Vermessungspunkte_Grenzpunkte_Grenzpunktunversichert: GetMap request is blocked for this layer
2026-01-25 02:21:40,864 - Scraping log - scraper.py > get_service_info(): Line 316 - WARNING - BS_Vermessungspunkte_Hoheitsgrenzpunkte_HoheitsgrenzpunktStein: GetMap request is blocked for this layer
2026-01-25 02:21:51,092 - Scraping log - scraper.py > get_service_info(): Line 319 - ERROR - BS_Vermessungspunkte_Hoheitsgrenzpunkte_HoheitsgrenzpunktBolzen: HTTPSConnectionPool(host='wms.geo.bs.ch', port=443): Read timed out. (read timeout=10)
2026-01-25 02:22:01,306 - Scraping log - scraper.py > get_service_info(): Line 316 - WARNING - BS_Vermessungspunkte_Hoheitsgrenzpunkte_HoheitsgrenzpunktUnversichert: GetMap request is blocked for this layer
2026-01-25 02:22:13,535 - Scraping log - scraper.py > get_service_info(): Line 316 - WARNING - BS_Vermessungspunkte_Hoehenfixpunkte_HFP3BolzenVertikal: GetMap request is blocked for this layer
2026-01-25 02:22:25,468 - Scraping log - scraper.py > get_service_info(): Line 316 - WARNING - BS_Vermessungspunkte_Lagefixpunkte_LFP2: GetMap request is blocked for this layer
2026-01-25 02:22:38,398 - Scraping log - scraper.py > get_service_info(): Line 316 - WARNING - BS_Vermessungspunkte_Lagefixpunkte_LFP3Hilfspunkte: GetMap request is blocked for this layer
2026-01-25 02:22:48,579 - Scraping log - scraper.py > get_service_info(): Line 316 - WARNING - BS_Vermessungspunkte_Servitutpunkte_ServitutPunkt: GetMap request is blocked for this layer
2026-01-25 02:22:58,671 - Scraping log - scraper.py > get_service_info(): Line 316 - WARNING - BS_Postleitzahlenkreis: GetMap request is blocked for this layer
2026-01-25 02:23:08,675 - Scraping log - scraper.py > get_service_info(): Line 316 - WARNING - BV_Baukontrolle: GetMap request is blocked for this layer
2026-01-25 02:23:18,691 - Scraping log - scraper.py > get_service_info(): Line 316 - WARNING - BW_Allmendbewilligungen_Bauinstallation: GetMap request is blocked for this layer
2026-01-25 02:23:28,705 - Scraping log - scraper.py > get_service_info(): Line 316 - WARNING - BW_Allmendbewilligungen_BoulevardVerkaufsflaeche: GetMap request is blocked for this layer
2026-01-25 02:23:38,721 - Scraping log - scraper.py > get_service_info(): Line 316 - WARNING - BW_Allmendbewilligungen_OeffentlicheBaustelle: GetMap request is blocked for this layer
2026-01-25 02:23:48,845 - Scraping log - scraper.py > get_service_info(): Line 316 - WARNING - BW_Allmendbewilligungen_Umleitung: GetMap request is blocked for this layer
2026-01-25 02:23:58,866 - Scraping log - scraper.py > get_service_info(): Line 316 - WARNING - BW_Allmendbewilligungen_Veranstaltung: GetMap request is blocked for this layer
2026-01-25 02:24:08,881 - Scraping log - scraper.py > get_service_info(): Line 316 - WARNING - BW_Allmendbewilligungen_Weitere: GetMap request is blocked for this layer
2026-01-25 02:24:19,033 - Scraping log - scraper.py > get_service_info(): Line 319 - ERROR - BW_Aufgrabungssperren_SperrungDurchErledigteAufgrabung: HTTPSConnectionPool(host='wms.geo.bs.ch', port=443): Read timed out. (read timeout=10)
2026-01-25 02:24:29,061 - Scraping log - scraper.py > get_service_info(): Line 316 - WARNING - BW_Aufgrabungssperren_SperrungFuerZukuenftigeAufgrabung: GetMap request is blocked for this layer
2026-01-25 02:24:39,098 - Scraping log - scraper.py > get_service_info(): Line 316 - WARNING - DF_Defibrillator: GetMap request is blocked for this layer
2026-01-25 02:24:49,221 - Scraping log - scraper.py > get_service_info(): Line 316 - WARNING - DI_Denkmalinventar_Anlage: GetMap request is blocked for this layer
2026-01-25 02:24:59,227 - Scraping log - scraper.py > get_service_info(): Line 316 - WARNING - DI_Denkmalinventar_Objekt: GetMap request is blocked for this layer
2026-01-25 02:25:09,241 - Scraping log - scraper.py > get_service_info(): Line 316 - WARNING - DI_Denkmalinventar_Erarbeitet: GetMap request is blocked for this layer
2026-01-25 02:25:19,256 - Scraping log - scraper.py > get_service_info(): Line 316 - WARNING - Datenmarkt - Gebäudepunkt: GetMap request is blocked for this layer
2026-01-25 02:25:29,485 - Scraping log - scraper.py > get_service_info(): Line 316 - WARNING - Datenmarkt - Gebäude: GetMap request is blocked for this layer
2026-01-25 02:25:39,623 - Scraping log - scraper.py > get_service_info(): Line 316 - WARNING - DM_Gebaeudeinformationen_DatenmarktGebaeudekategorie: GetMap request is blocked for this layer
2026-01-25 02:25:56,328 - Scraping log - scraper.py > get_service_info(): Line 316 - WARNING - EG_Grundstuecksinfo: GetMap request is blocked for this layer
2026-01-25 02:26:06,343 - Scraping log - scraper.py > get_service_info(): Line 316 - WARNING - OG_SelbstaendigesDauerndesBauUnterbaurecht: GetMap request is blocked for this layer
2026-01-25 02:26:17,584 - Scraping log - scraper.py > get_service_info(): Line 316 - WARNING - EL_Elternberatung: GetMap request is blocked for this layer
2026-01-25 02:26:28,499 - Scraping log - scraper.py > get_service_info(): Line 316 - WARNING - EP_Energierichtplan_Verbunde: GetMap request is blocked for this layer
2026-01-25 02:26:40,501 - Scraping log - scraper.py > get_service_info(): Line 316 - WARNING - EP_Energierichtplan_Grundwasser: GetMap request is blocked for this layer
2026-01-25 02:26:51,460 - Scraping log - scraper.py > get_service_info(): Line 316 - WARNING - EP_Energierichtplan_Nachbargemeinde: GetMap request is blocked for this layer
2026-01-25 02:27:02,272 - Scraping log - scraper.py > get_service_info(): Line 316 - WARNING - Recycling und Entsorgung: GetMap request is blocked for this layer
2026-01-25 02:27:12,708 - Scraping log - scraper.py > get_service_info(): Line 316 - WARNING - Wiederverwendung Brauchbares: GetMap request is blocked for this layer
2026-01-25 02:27:22,934 - Scraping log - scraper.py > get_service_info(): Line 316 - WARNING - Verkauf: GetMap request is blocked for this layer
2026-01-25 02:27:33,075 - Scraping log - scraper.py > get_service_info(): Line 316 - WARNING - FE_Graeber: GetMap request is blocked for this layer
2026-01-25 02:27:43,207 - Scraping log - scraper.py > get_service_info(): Line 316 - WARNING - FE_Sektionen: GetMap request is blocked for this layer
2026-01-25 02:27:53,222 - Scraping log - scraper.py > get_service_info(): Line 316 - WARNING - FF_Fruchtfolgeflaechen: GetMap request is blocked for this layer
2026-01-25 02:28:03,250 - Scraping log - scraper.py > get_service_info(): Line 316 - WARNING - FF_Hinweisflaechen: GetMap request is blocked for this layer
2026-01-25 02:28:14,484 - Scraping log - scraper.py > get_service_info(): Line 316 - WARNING - GE_Eisenbahnen_Eisenbahn: GetMap request is blocked for this layer
2026-01-25 02:28:26,764 - Scraping log - scraper.py > get_service_info(): Line 316 - WARNING - GE_KantonaleStrassen_KantonaleStrasse: GetMap request is blocked for this layer
2026-01-25 02:28:38,080 - Scraping log - scraper.py > get_service_info(): Line 316 - WARNING - GE_Erdgashochdruckleitungen_Erdgashochdruckleitung: GetMap request is blocked for this layer
2026-01-25 02:28:48,096 - Scraping log - scraper.py > get_service_info(): Line 316 - WARNING - GF_GebietseinteilungFeuerpolizei: GetMap request is blocked for this layer
2026-01-25 02:28:58,218 - Scraping log - scraper.py > get_service_info(): Line 316 - WARNING - GH_AllmendverwaltungGebuehrenzonen: GetMap request is blocked for this layer
2026-01-25 02:29:08,232 - Scraping log - scraper.py > get_service_info(): Line 316 - WARNING - GL_Toleranzzone: GetMap request is blocked for this layer
2026-01-25 02:29:18,247 - Scraping log - scraper.py > get_service_info(): Line 316 - WARNING - GL_InnenhoefeStoergrade: GetMap request is blocked for this layer
2026-01-25 02:29:28,262 - Scraping log - scraper.py > get_service_info(): Line 316 - WARNING - GL_AbschnittsStoergrade: GetMap request is blocked for this layer
2026-01-25 02:29:38,276 - Scraping log - scraper.py > get_service_info(): Line 316 - WARNING - GN_IsohypseMittelwasser: GetMap request is blocked for this layer
2026-01-25 02:29:48,410 - Scraping log - scraper.py > get_service_info(): Line 316 - WARNING - GN_IsohypseHoechsthochwasser: GetMap request is blocked for this layer
2026-01-25 02:29:59,341 - Scraping log - scraper.py > get_service_info(): Line 316 - WARNING - Untersuchungsperimeter: GetMap request is blocked for this layer
2026-01-25 02:30:09,597 - Scraping log - scraper.py > get_service_info(): Line 316 - WARNING - GO_GueteklassenOeV: GetMap request is blocked for this layer
2026-01-25 02:30:19,624 - Scraping log - scraper.py > get_service_info(): Line 316 - WARNING - GQ_Grundwasserqualitaet: GetMap request is blocked for this layer
2026-01-25 02:30:29,637 - Scraping log - scraper.py > get_service_info(): Line 316 - WARNING - GR_Grundwasserschutzzonen: GetMap request is blocked for this layer
2026-01-25 02:30:39,652 - Scraping log - scraper.py > get_service_info(): Line 316 - WARNING - GR_Gewaesserschutzbereiche: GetMap request is blocked for this layer
2026-01-25 02:30:49,668 - Scraping log - scraper.py > get_service_info(): Line 316 - WARNING - GU_Gebietseinteilung: GetMap request is blocked for this layer
2026-01-25 02:30:59,688 - Scraping log - scraper.py > get_service_info(): Line 316 - WARNING - Ökomorphologisches Bezugssystem: GetMap request is blocked for this layer
2026-01-25 02:31:09,781 - Scraping log - scraper.py > get_service_info(): Line 316 - WARNING - GW_OekomorphologischesBezugssystem_OekomorphologischeKilometrierung_1000m: GetMap request is blocked for this layer
2026-01-25 02:31:19,796 - Scraping log - scraper.py > get_service_info(): Line 316 - WARNING - GW_OekomorphologischesBezugssystem_OekomorphologischeKilometrierung_100m: GetMap request is blocked for this layer
2026-01-25 02:31:29,810 - Scraping log - scraper.py > get_service_info(): Line 316 - WARNING - GW_OekomorphologischesBezugssystem_OekomorphologischeKilometrierung_50m: GetMap request is blocked for this layer
2026-01-25 02:31:39,825 - Scraping log - scraper.py > get_service_info(): Line 316 - WARNING - GW_OekomorphologischesBezugssystem_OekomorphologischeKilometrierung_StartEnd: GetMap request is blocked for this layer
2026-01-25 02:31:50,077 - Scraping log - scraper.py > get_service_info(): Line 319 - ERROR - Ökomorphologie: HTTPSConnectionPool(host='wms.geo.bs.ch', port=443): Read timed out. (read timeout=10)
2026-01-25 02:32:00,327 - Scraping log - scraper.py > get_service_info(): Line 316 - WARNING - Revitalisierung: GetMap request is blocked for this layer
2026-01-25 02:32:13,010 - Scraping log - scraper.py > get_service_info(): Line 316 - WARNING - HK_Haupthoehenlinien: GetMap request is blocked for this layer
2026-01-25 02:32:25,259 - Scraping log - scraper.py > get_service_info(): Line 316 - WARNING - HM_DTM_Hillshade_2021_25cm: GetMap request is blocked for this layer
2026-01-25 02:32:38,129 - Scraping log - scraper.py > get_service_info(): Line 316 - WARNING - SF_Siegfriedkarte_1890: GetMap request is blocked for this layer
2026-01-25 02:32:48,143 - Scraping log - scraper.py > get_service_info(): Line 316 - WARNING - SF_Siegfriedkarte_1900: GetMap request is blocked for this layer
2026-01-25 02:32:58,149 - Scraping log - scraper.py > get_service_info(): Line 316 - WARNING - SF_Siegfriedkarte_1918: GetMap request is blocked for this layer
2026-01-25 02:33:08,281 - Scraping log - scraper.py > get_service_info(): Line 316 - WARNING - SF_Siegfriedkarte_1921: GetMap request is blocked for this layer
2026-01-25 02:33:19,940 - Scraping log - scraper.py > get_service_info(): Line 316 - WARNING - SF_Siegfriedkarte_1931: GetMap request is blocked for this layer
2026-01-25 02:33:29,955 - Scraping log - scraper.py > get_service_info(): Line 316 - WARNING - SF_Siegfriedkarte_1939: GetMap request is blocked for this layer
2026-01-25 02:33:39,969 - Scraping log - scraper.py > get_service_info(): Line 316 - WARNING - SF_Siegfriedkarte_1945: GetMap request is blocked for this layer
2026-01-25 02:33:49,985 - Scraping log - scraper.py > get_service_info(): Line 316 - WARNING - Basel: GetMap request is blocked for this layer
2026-01-25 02:34:00,160 - Scraping log - scraper.py > get_service_info(): Line 316 - WARNING - HP_Uebersichtsplan_Basel_1615: GetMap request is blocked for this layer
2026-01-25 02:34:10,168 - Scraping log - scraper.py > get_service_info(): Line 316 - WARNING - HP_Uebersichtsplan_Basel_1786: GetMap request is blocked for this layer
2026-01-25 02:34:20,515 - Scraping log - scraper.py > get_service_info(): Line 316 - WARNING - HP_Uebersichtsplan_Basel_1820: GetMap request is blocked for this layer
2026-01-25 02:34:30,531 - Scraping log - scraper.py > get_service_info(): Line 316 - WARNING - HP_Uebersichtsplan_Basel_1860: GetMap request is blocked for this layer
2026-01-25 02:34:40,546 - Scraping log - scraper.py > get_service_info(): Line 316 - WARNING - HP_Uebersichtsplan_Basel_1896: GetMap request is blocked for this layer
2026-01-25 02:34:50,561 - Scraping log - scraper.py > get_service_info(): Line 316 - WARNING - HP_Uebersichtsplan_Basel_1905: GetMap request is blocked for this layer
2026-01-25 02:35:00,577 - Scraping log - scraper.py > get_service_info(): Line 316 - WARNING - HP_Uebersichtsplan_Basel_1940: GetMap request is blocked for this layer
2026-01-25 02:35:10,704 - Scraping log - scraper.py > get_service_info(): Line 316 - WARNING - HP_Uebersichtsplan_Basel_1961: GetMap request is blocked for this layer
2026-01-25 02:35:20,718 - Scraping log - scraper.py > get_service_info(): Line 316 - WARNING - HP_Uebersichtsplan_Basel_digital_1961: GetMap request is blocked for this layer
2026-01-25 02:35:30,733 - Scraping log - scraper.py > get_service_info(): Line 316 - WARNING - HP_Situationsplan_Basel_1862: GetMap request is blocked for this layer
2026-01-25 02:35:45,472 - Scraping log - scraper.py > get_service_info(): Line 316 - WARNING - Bettingen: GetMap request is blocked for this layer
2026-01-25 02:35:55,571 - Scraping log - scraper.py > get_service_info(): Line 316 - WARNING - HP_TopographischeAufnahmen_1934: GetMap request is blocked for this layer
2026-01-25 02:36:05,729 - Scraping log - scraper.py > get_service_info(): Line 316 - WARNING - HP_Planungen_Zonenplan_1919: GetMap request is blocked for this layer
2026-01-25 02:36:15,749 - Scraping log - scraper.py > get_service_info(): Line 316 - WARNING - HP_Planungen_Zonenplan_1939: GetMap request is blocked for this layer
2026-01-25 02:36:26,011 - Scraping log - scraper.py > get_service_info(): Line 319 - ERROR - HP_Planungen_Zonenplan_1969: HTTPSConnectionPool(host='wms.geo.bs.ch', port=443): Read timed out. (read timeout=10)
2026-01-25 02:36:36,025 - Scraping log - scraper.py > get_service_info(): Line 316 - WARNING - HP_Planungen_Zonenplan_1988: GetMap request is blocked for this layer
2026-01-25 02:36:48,949 - Scraping log - scraper.py > get_service_info(): Line 316 - WARNING - HP_Bebauungsplan_2016: GetMap request is blocked for this layer
2026-01-25 02:37:01,591 - Scraping log - scraper.py > get_service_info(): Line 316 - WARNING - HP_Stadtfunktionen_1961: GetMap request is blocked for this layer
2026-01-25 02:37:14,318 - Scraping log - scraper.py > get_service_info(): Line 316 - WARNING - HS_FreilaufhundearealZaun: GetMap request is blocked for this layer
2026-01-25 02:37:24,962 - Scraping log - scraper.py > get_service_info(): Line 316 - WARNING - HS_Freilaufhundeareal: GetMap request is blocked for this layer
2026-01-25 02:37:35,061 - Scraping log - scraper.py > get_service_info(): Line 316 - WARNING - HW_Beratung: GetMap request is blocked for this layer
2026-01-25 02:37:45,076 - Scraping log - scraper.py > get_service_info(): Line 316 - WARNING - HW_WohnenStationaer: GetMap request is blocked for this layer
2026-01-25 02:37:55,091 - Scraping log - scraper.py > get_service_info(): Line 316 - WARNING - HW_WohnenTagesgestalltung: GetMap request is blocked for this layer
2026-01-25 02:38:05,965 - Scraping log - scraper.py > get_service_info(): Line 316 - WARNING - HW_Arbeit: GetMap request is blocked for this layer
2026-01-25 02:38:17,116 - Scraping log - scraper.py > get_service_info(): Line 316 - WARNING - KA_AmtlicheVermessungKilometereinteilung: GetMap request is blocked for this layer
2026-01-25 02:38:28,117 - Scraping log - scraper.py > get_service_info(): Line 316 - WARNING - KJ_Kinderangebot: GetMap request is blocked for this layer
2026-01-25 02:38:38,297 - Scraping log - scraper.py > get_service_info(): Line 316 - WARNING - KJ_Kinderjugendangebot: GetMap request is blocked for this layer
2026-01-25 02:38:55,384 - Scraping log - scraper.py > get_service_info(): Line 316 - WARNING - Klimaanalyse Nacht (4 Uhr): GetMap request is blocked for this layer
2026-01-25 02:39:05,610 - Scraping log - scraper.py > get_service_info(): Line 316 - WARNING - Klimaanalyse Tag (14 Uhr): GetMap request is blocked for this layer
2026-01-25 02:39:15,668 - Scraping log - scraper.py > get_service_info(): Line 316 - WARNING - KL_Arealentwicklung_2030: GetMap request is blocked for this layer
2026-01-25 02:39:25,992 - Scraping log - scraper.py > get_service_info(): Line 316 - WARNING - Klimaanalyse 2030 Nacht (4 Uhr): GetMap request is blocked for this layer
2026-01-25 02:39:36,219 - Scraping log - scraper.py > get_service_info(): Line 316 - WARNING - Klimaanalyse 2030 Tag (14 Uhr): GetMap request is blocked for this layer
2026-01-25 02:39:46,275 - Scraping log - scraper.py > get_service_info(): Line 316 - WARNING - KS_KonsultationsbereicheStoerfallvorsorge: GetMap request is blocked for this layer
2026-01-25 02:39:56,597 - Scraping log - scraper.py > get_service_info(): Line 316 - WARNING - KU_KunstImOeffentlichenRaum_Bestehend: GetMap request is blocked for this layer
2026-01-25 02:40:06,787 - Scraping log - scraper.py > get_service_info(): Line 316 - WARNING - KU_KunstImOeffentlichenRaum_BestehendMitZusatzinfo: GetMap request is blocked for this layer
2026-01-25 02:40:16,798 - Scraping log - scraper.py > get_service_info(): Line 316 - WARNING - KU_KunstImOeffentlichenRaum_Zurueckgebaut: GetMap request is blocked for this layer
2026-01-25 02:40:26,805 - Scraping log - scraper.py > get_service_info(): Line 316 - WARNING - KU_KunstImOeffentlichenRaum_ZurueckgebautMitZusatzinfo: GetMap request is blocked for this layer
2026-01-25 02:40:36,817 - Scraping log - scraper.py > get_service_info(): Line 316 - WARNING - Kunst und Bau: GetMap request is blocked for this layer
2026-01-25 02:40:47,121 - Scraping log - scraper.py > get_service_info(): Line 316 - WARNING - Bahnlärm: GetMap request is blocked for this layer
2026-01-25 02:40:57,222 - Scraping log - scraper.py > get_service_info(): Line 316 - WARNING - Strassenlärm: GetMap request is blocked for this layer
2026-01-25 02:41:07,321 - Scraping log - scraper.py > get_service_info(): Line 316 - WARNING - Bildmittelpunkt: GetMap request is blocked for this layer
2026-01-25 02:41:17,550 - Scraping log - scraper.py > get_service_info(): Line 316 - WARNING - Footprint: GetMap request is blocked for this layer
2026-01-25 02:41:27,911 - Scraping log - scraper.py > get_service_info(): Line 316 - WARNING - S-Bahn: GetMap request is blocked for this layer
2026-01-25 02:41:38,544 - Scraping log - scraper.py > get_service_info(): Line 319 - ERROR - Tram: HTTPSConnectionPool(host='wms.geo.bs.ch', port=443): Read timed out. (read timeout=10)
2026-01-25 02:41:48,772 - Scraping log - scraper.py > get_service_info(): Line 316 - WARNING - Bus: GetMap request is blocked for this layer
2026-01-25 02:42:12,650 - Scraping log - scraper.py > get_service_info(): Line 316 - WARNING - Lärmempfindlichkeitsstufenplan Bettingen: GetMap request is blocked for this layer
2026-01-25 02:42:25,277 - Scraping log - scraper.py > get_service_info(): Line 316 - WARNING - strassen_und_wege_stwe.kantonsstrassen_riehen_bettingen: GetMap request is blocked for this layer
2026-01-25 02:42:35,291 - Scraping log - scraper.py > get_service_info(): Line 316 - WARNING - strassen_und_wege_stwe.durchgangsstrassen: GetMap request is blocked for this layer
2026-01-25 02:42:46,411 - Scraping log - scraper.py > get_service_info(): Line 316 - WARNING - strassen_und_wege_stwe.geschwindigkeit: GetMap request is blocked for this layer
2026-01-25 02:42:57,404 - Scraping log - scraper.py > get_service_info(): Line 316 - WARNING - strassen_und_wege_stwe.temporegime_innenstadt: GetMap request is blocked for this layer
2026-01-25 02:43:08,356 - Scraping log - scraper.py > get_service_info(): Line 316 - WARNING - Zonenplan Bettingen: GetMap request is blocked for this layer
2026-01-25 02:43:18,584 - Scraping log - scraper.py > get_service_info(): Line 316 - WARNING - NB_Nutzungsplanung_Orientierend_Naturobjekt: GetMap request is blocked for this layer
2026-01-25 02:43:28,599 - Scraping log - scraper.py > get_service_info(): Line 316 - WARNING - NB_Nutzungsplanung_Orientierend_Wald: GetMap request is blocked for this layer
2026-01-25 02:43:38,613 - Scraping log - scraper.py > get_service_info(): Line 316 - WARNING - NB_Nutzungsplanung_Rekurs_Punkt: GetMap request is blocked for this layer
2026-01-25 02:43:48,628 - Scraping log - scraper.py > get_service_info(): Line 316 - WARNING - NB_Nutzungsplanung_Rekurs_Linie: GetMap request is blocked for this layer
2026-01-25 02:43:58,637 - Scraping log - scraper.py > get_service_info(): Line 316 - WARNING - NB_Nutzungsplanung_Rekurs_Polygon_Grundnutzung: GetMap request is blocked for this layer
2026-01-25 02:44:08,652 - Scraping log - scraper.py > get_service_info(): Line 316 - WARNING - NB_Nutzungsplanung_Rekurs_Polygon_Ueberlagernd: GetMap request is blocked for this layer
2026-01-25 02:44:18,776 - Scraping log - scraper.py > get_service_info(): Line 316 - WARNING - Zonenplan Basel: GetMap request is blocked for this layer
2026-01-25 02:44:28,964 - Scraping log - scraper.py > get_service_info(): Line 316 - WARNING - NP_Nutzungsplanung_Grundnutzung_Z2A: GetMap request is blocked for this layer
2026-01-25 02:44:38,979 - Scraping log - scraper.py > get_service_info(): Line 316 - WARNING - NP_Nutzungsplanung_Grundnutzung_Z2: GetMap request is blocked for this layer
2026-01-25 02:44:48,994 - Scraping log - scraper.py > get_service_info(): Line 316 - WARNING - NP_Nutzungsplanung_Grundnutzung_Z3: GetMap request is blocked for this layer
2026-01-25 02:44:59,010 - Scraping log - scraper.py > get_service_info(): Line 316 - WARNING - NP_Nutzungsplanung_Grundnutzung_Z4: GetMap request is blocked for this layer
2026-01-25 02:45:16,336 - Scraping log - scraper.py > get_service_info(): Line 316 - WARNING - NP_Nutzungsplanung_Grundnutzung_Z5: GetMap request is blocked for this layer
2026-01-25 02:45:26,348 - Scraping log - scraper.py > get_service_info(): Line 316 - WARNING - NP_Nutzungsplanung_Grundnutzung_Z6: GetMap request is blocked for this layer
2026-01-25 02:45:36,365 - Scraping log - scraper.py > get_service_info(): Line 316 - WARNING - NP_Nutzungsplanung_Grundnutzung_Z7: GetMap request is blocked for this layer
2026-01-25 02:45:46,380 - Scraping log - scraper.py > get_service_info(): Line 316 - WARNING - NP_Nutzungsplanung_Grundnutzung_GR: GetMap request is blocked for this layer
2026-01-25 02:45:56,504 - Scraping log - scraper.py > get_service_info(): Line 316 - WARNING - NP_Nutzungsplanung_Grundnutzung_GA: GetMap request is blocked for this layer
2026-01-25 02:46:06,517 - Scraping log - scraper.py > get_service_info(): Line 316 - WARNING - NP_Nutzungsplanung_Grundnutzung_LZ: GetMap request is blocked for this layer
2026-01-25 02:46:16,661 - Scraping log - scraper.py > get_service_info(): Line 319 - ERROR - NP_Nutzungsplanung_Grundnutzung_SO: HTTPSConnectionPool(host='wms.geo.bs.ch', port=443): Read timed out. (read timeout=10)
2026-01-25 02:46:26,676 - Scraping log - scraper.py > get_service_info(): Line 316 - WARNING - NP_Nutzungsplanung_Grundnutzung_SU: GetMap request is blocked for this layer
2026-01-25 02:46:39,310 - Scraping log - scraper.py > get_service_info(): Line 316 - WARNING - NP_Nutzungsplanung_OrientierenderPlaninhalt_AB: GetMap request is blocked for this layer
2026-01-25 02:46:52,082 - Scraping log - scraper.py > get_service_info(): Line 316 - WARNING - NP_Nutzungsplanung_Ueberlagernd_Landschaftsschutzzone: GetMap request is blocked for this layer
2026-01-25 02:47:04,017 - Scraping log - scraper.py > get_service_info(): Line 316 - WARNING - NP_Nutzungsplanung_Ueberlagernd_Industrieerleichterung: GetMap request is blocked for this layer
2026-01-25 02:47:14,139 - Scraping log - scraper.py > get_service_info(): Line 316 - WARNING - NP_Nutzungsplanung_Linien_Siedlungsgrenze: GetMap request is blocked for this layer
2026-01-25 02:47:24,154 - Scraping log - scraper.py > get_service_info(): Line 316 - WARNING - NP_Nutzungsplanung_Objekte_Naturschutzobjekte: GetMap request is blocked for this layer
2026-01-25 02:47:34,169 - Scraping log - scraper.py > get_service_info(): Line 316 - WARNING - NP_Nutzungsplanung_Ueberlagernd_Label: GetMap request is blocked for this layer
2026-01-25 02:47:44,315 - Scraping log - scraper.py > get_service_info(): Line 316 - WARNING - NP_Nutzungsplanung_Bebauungsplan_Bebauungsplan: GetMap request is blocked for this layer
2026-01-25 02:47:55,315 - Scraping log - scraper.py > get_service_info(): Line 316 - WARNING - NP_Nutzungsplanung_Rekurs_Linie: GetMap request is blocked for this layer
2026-01-25 02:48:06,267 - Scraping log - scraper.py > get_service_info(): Line 316 - WARNING - Zonenplan Riehen: GetMap request is blocked for this layer
2026-01-25 02:48:17,281 - Scraping log - scraper.py > get_service_info(): Line 316 - WARNING - RN_Nutzungsplanung_Grundnutzung_Z2: GetMap request is blocked for this layer
2026-01-25 02:48:27,404 - Scraping log - scraper.py > get_service_info(): Line 316 - WARNING - RN_Nutzungsplanung_Grundnutzung_Z2R: GetMap request is blocked for this layer
2026-01-25 02:48:37,547 - Scraping log - scraper.py > get_service_info(): Line 319 - ERROR - RN_Nutzungsplanung_Grundnutzung_Z3: HTTPSConnectionPool(host='wms.geo.bs.ch', port=443): Read timed out. (read timeout=10)
2026-01-25 02:48:47,561 - Scraping log - scraper.py > get_service_info(): Line 316 - WARNING - RN_Nutzungsplanung_Grundnutzung_Z4: GetMap request is blocked for this layer
2026-01-25 02:48:57,578 - Scraping log - scraper.py > get_service_info(): Line 316 - WARNING - RN_Nutzungsplanung_Grundnutzung_AZ2: GetMap request is blocked for this layer
2026-01-25 02:49:07,592 - Scraping log - scraper.py > get_service_info(): Line 316 - WARNING - RN_Nutzungsplanung_Grundnutzung_AZ3: GetMap request is blocked for this layer
2026-01-25 02:49:17,612 - Scraping log - scraper.py > get_service_info(): Line 316 - WARNING - RN_Nutzungsplanung_Grundnutzung_GR: GetMap request is blocked for this layer
2026-01-25 02:49:27,639 - Scraping log - scraper.py > get_service_info(): Line 316 - WARNING - RN_Nutzungsplanung_Grundnutzung_GA: GetMap request is blocked for this layer
2026-01-25 02:49:37,653 - Scraping log - scraper.py > get_service_info(): Line 316 - WARNING - RN_Nutzungsplanung_Grundnutzung_LZ: GetMap request is blocked for this layer
2026-01-25 02:49:47,668 - Scraping log - scraper.py > get_service_info(): Line 316 - WARNING - RN_Nutzungsplanung_Grundnutzung_SO: GetMap request is blocked for this layer
2026-01-25 02:49:57,683 - Scraping log - scraper.py > get_service_info(): Line 316 - WARNING - RN_Nutzungsplanung_Grundnutzung_SU: GetMap request is blocked for this layer
2026-01-25 02:50:07,703 - Scraping log - scraper.py > get_service_info(): Line 316 - WARNING - RN_Nutzungsplanung_Grundnutzung_NOI: GetMap request is blocked for this layer
2026-01-25 02:50:17,955 - Scraping log - scraper.py > get_service_info(): Line 319 - ERROR - RN_Nutzungsplanung_Grundnutzung_FZG: HTTPSConnectionPool(host='wms.geo.bs.ch', port=443): Read timed out. (read timeout=10)
2026-01-25 02:50:28,078 - Scraping log - scraper.py > get_service_info(): Line 316 - WARNING - RN_Nutzungsplanung_Grundnutzung_NOI_Zweckbestimmung: GetMap request is blocked for this layer
2026-01-25 02:50:39,955 - Scraping log - scraper.py > get_service_info(): Line 316 - WARNING - RN_Nutzungsplanung_OrientierenderPlaninhalt_WL: GetMap request is blocked for this layer
2026-01-25 02:50:51,907 - Scraping log - scraper.py > get_service_info(): Line 316 - WARNING - RN_Nutzungsplanung_Ueberlagernd_Landschaftsschutzzone: GetMap request is blocked for this layer
2026-01-25 02:51:04,599 - Scraping log - scraper.py > get_service_info(): Line 316 - WARNING - RN_Nutzungsplanung_Ueberlagernd_Baumbestand: GetMap request is blocked for this layer
2026-01-25 02:51:14,616 - Scraping log - scraper.py > get_service_info(): Line 316 - WARNING - RN_Nutzungsplanung_Bebauungsplan_Bebauungsplan: GetMap request is blocked for this layer
2026-01-25 02:51:27,639 - Scraping log - scraper.py > get_service_info(): Line 316 - WARNING - RN_Nutzungsplanung_Linien_Aussichtsschutz: GetMap request is blocked for this layer
2026-01-25 02:51:37,657 - Scraping log - scraper.py > get_service_info(): Line 316 - WARNING - RN_Nutzungsplanung_Ueberlagernd_Schutzzwecke_Label: GetMap request is blocked for this layer
2026-01-25 02:51:47,672 - Scraping log - scraper.py > get_service_info(): Line 316 - WARNING - RN_Nutzungsplanung_Ueberlagernd_Label: GetMap request is blocked for this layer
2026-01-25 02:51:58,039 - Scraping log - scraper.py > get_service_info(): Line 316 - WARNING - RN_Nutzungsplanung_Rekurs_Linie: GetMap request is blocked for this layer
2026-01-25 02:52:08,163 - Scraping log - scraper.py > get_service_info(): Line 316 - WARNING - RN_Nutzungsplanung_Rekurs_Flaeche: GetMap request is blocked for this layer
2026-01-25 02:52:18,257 - Scraping log - scraper.py > get_service_info(): Line 316 - WARNING - Bebauungspläne Bettingen: GetMap request is blocked for this layer
2026-01-25 02:52:29,498 - Scraping log - scraper.py > get_service_info(): Line 316 - WARNING - NP_Bebauungsplan_Bebauungsplan_fill: GetMap request is blocked for this layer
2026-01-25 02:52:39,505 - Scraping log - scraper.py > get_service_info(): Line 316 - WARNING - NP_Bebauungsplan_Bebauungsplan_outline: GetMap request is blocked for this layer
2026-01-25 02:52:50,733 - Scraping log - scraper.py > get_service_info(): Line 316 - WARNING - Gefahrenkarten: GetMap request is blocked for this layer
2026-01-25 02:53:00,893 - Scraping log - scraper.py > get_service_info(): Line 316 - WARNING - Intensitätskarten: GetMap request is blocked for this layer
2026-01-25 02:53:11,916 - Scraping log - scraper.py > get_service_info(): Line 316 - WARNING - NJ_InventarGeschuetzterNaturobjekte: GetMap request is blocked for this layer
2026-01-25 02:53:21,931 - Scraping log - scraper.py > get_service_info(): Line 316 - WARNING - Stand 2025: GetMap request is blocked for this layer
2026-01-25 02:53:33,142 - Scraping log - scraper.py > get_service_info(): Line 316 - WARNING - NI_2025_TaxonobjekteGruppen_Reptilien: GetMap request is blocked for this layer
2026-01-25 02:53:43,157 - Scraping log - scraper.py > get_service_info(): Line 316 - WARNING - NI_2025_TaxonobjekteGruppen_Mollusken: GetMap request is blocked for this layer
2026-01-25 02:53:54,406 - Scraping log - scraper.py > get_service_info(): Line 316 - WARNING - NI_2025_TaxonobjekteGruppen_Heuschrecken: GetMap request is blocked for this layer
2026-01-25 02:54:04,421 - Scraping log - scraper.py > get_service_info(): Line 316 - WARNING - NI_2025_TaxonobjekteGruppen_Gefaesspflanzen: GetMap request is blocked for this layer
2026-01-25 02:54:15,551 - Scraping log - scraper.py > get_service_info(): Line 319 - ERROR - NI_2025_TaxonobjekteGruppen_Flechten: HTTPSConnectionPool(host='wms.geo.bs.ch', port=443): Read timed out. (read timeout=10)
2026-01-25 02:54:25,566 - Scraping log - scraper.py > get_service_info(): Line 316 - WARNING - NI_2025_TaxonobjekteGruppen_Amphibien: GetMap request is blocked for this layer
2026-01-25 02:54:44,423 - Scraping log - scraper.py > get_service_info(): Line 316 - WARNING - NK_2019_Arten_DruesigesSpringkraut: GetMap request is blocked for this layer
2026-01-25 02:54:57,139 - Scraping log - scraper.py > get_service_info(): Line 316 - WARNING - NK_2019_Arten_JapanischerStaudenknoeterich: GetMap request is blocked for this layer
2026-01-25 02:55:07,163 - Scraping log - scraper.py > get_service_info(): Line 316 - WARNING - NK_2019_Arten_KanadischeGoldrute: GetMap request is blocked for this layer
2026-01-25 02:55:17,177 - Scraping log - scraper.py > get_service_info(): Line 316 - WARNING - NK_2019_Arten_KanadischesBerufskraut: GetMap request is blocked for this layer
2026-01-25 02:55:27,192 - Scraping log - scraper.py > get_service_info(): Line 316 - WARNING - NK_2019_Arten_Kirschlorbeer: GetMap request is blocked for this layer
2026-01-25 02:55:37,315 - Scraping log - scraper.py > get_service_info(): Line 316 - WARNING - NK_2019_Arten_OrientalischesZackenschoetchen: GetMap request is blocked for this layer
2026-01-25 02:55:47,326 - Scraping log - scraper.py > get_service_info(): Line 316 - WARNING - NK_2019_Arten_RiesenBaerenklau: GetMap request is blocked for this layer
2026-01-25 02:55:57,450 - Scraping log - scraper.py > get_service_info(): Line 316 - WARNING - NK_2019_Arten_Robinie: GetMap request is blocked for this layer
2026-01-25 02:56:07,465 - Scraping log - scraper.py > get_service_info(): Line 316 - WARNING - NK_2019_Arten_Luzerne: GetMap request is blocked for this layer
2026-01-25 02:56:17,480 - Scraping log - scraper.py > get_service_info(): Line 316 - WARNING - NK_2019_Arten_SchmalblaettrigesGreiskraut: GetMap request is blocked for this layer
2026-01-25 02:56:27,494 - Scraping log - scraper.py > get_service_info(): Line 316 - WARNING - NK_2019_Arten_Sommerflieder: GetMap request is blocked for this layer
2026-01-25 02:56:37,509 - Scraping log - scraper.py > get_service_info(): Line 316 - WARNING - 2013: GetMap request is blocked for this layer
2026-01-25 02:56:47,568 - Scraping log - scraper.py > get_service_info(): Line 316 - WARNING - NK_2013_BeschriftungVerbreitung2013_AnzahlArten: GetMap request is blocked for this layer
2026-01-25 02:56:57,600 - Scraping log - scraper.py > get_service_info(): Line 316 - WARNING - NK_2013_BeschriftungVerbreitung2013_VorkommendeArten: GetMap request is blocked for this layer
2026-01-25 02:57:07,615 - Scraping log - scraper.py > get_service_info(): Line 316 - WARNING - NK_2013_Verbreitung_fill: GetMap request is blocked for this layer
2026-01-25 02:57:17,630 - Scraping log - scraper.py > get_service_info(): Line 316 - WARNING - NK_2013_Verbreitung_outline: GetMap request is blocked for this layer
2026-01-25 02:57:27,645 - Scraping log - scraper.py > get_service_info(): Line 316 - WARNING - NK_2013_Arten_ArmenischeGartenbrombeere: GetMap request is blocked for this layer
2026-01-25 02:57:37,653 - Scraping log - scraper.py > get_service_info(): Line 316 - WARNING - NK_2013_Arten_Blauglockenbaum: GetMap request is blocked for this layer
2026-01-25 02:57:47,668 - Scraping log - scraper.py > get_service_info(): Line 316 - WARNING - NK_2013_Arten_DruesigesSpringkraut: GetMap request is blocked for this layer
2026-01-25 02:57:57,812 - Scraping log - scraper.py > get_service_info(): Line 319 - ERROR - NK_2013_Arten_Essigbaum: HTTPSConnectionPool(host='wms.geo.bs.ch', port=443): Read timed out. (read timeout=10)
2026-01-25 02:58:20,475 - Scraping log - scraper.py > get_service_info(): Line 316 - WARNING - NK_2009_Verbreitung_fill: GetMap request is blocked for this layer
2026-01-25 02:58:32,517 - Scraping log - scraper.py > get_service_info(): Line 316 - WARNING - NK_2009_Arten_DruesigesSpringkraut: GetMap request is blocked for this layer
2026-01-25 02:58:42,532 - Scraping log - scraper.py > get_service_info(): Line 316 - WARNING - NK_2009_Arten_Goetterbaum: GetMap request is blocked for this layer
2026-01-25 02:58:52,657 - Scraping log - scraper.py > get_service_info(): Line 316 - WARNING - NK_2009_Arten_JapanischerStaudenknoeterich: GetMap request is blocked for this layer
2026-01-25 02:59:02,782 - Scraping log - scraper.py > get_service_info(): Line 316 - WARNING - NK_2009_Arten_KanadischeGoldrute: GetMap request is blocked for this layer
2026-01-25 02:59:12,805 - Scraping log - scraper.py > get_service_info(): Line 316 - WARNING - NK_2009_Arten_RiesenBaerenklau: GetMap request is blocked for this layer
2026-01-25 02:59:22,822 - Scraping log - scraper.py > get_service_info(): Line 316 - WARNING - NK_2009_Arten_SchmalblaettrigesGreiskraut: GetMap request is blocked for this layer
2026-01-25 02:59:32,837 - Scraping log - scraper.py > get_service_info(): Line 316 - WARNING - NK_2009_Arten_Sommerflieder: GetMap request is blocked for this layer
2026-01-25 02:59:42,960 - Scraping log - scraper.py > get_service_info(): Line 316 - WARNING - NK_2009_Arten_SpaetbluehendeGoldrute: GetMap request is blocked for this layer
2026-01-25 02:59:52,975 - Scraping log - scraper.py > get_service_info(): Line 316 - WARNING - 2006: GetMap request is blocked for this layer
2026-01-25 03:00:03,034 - Scraping log - scraper.py > get_service_info(): Line 316 - WARNING - NK_2006_BeschriftungVerbreitung2006_AnzahlArten: GetMap request is blocked for this layer
2026-01-25 03:00:13,159 - Scraping log - scraper.py > get_service_info(): Line 316 - WARNING - NK_2006_BeschriftungVerbreitung2006_VorkommendeArten: GetMap request is blocked for this layer
2026-01-25 03:00:23,177 - Scraping log - scraper.py > get_service_info(): Line 316 - WARNING - NK_2006_Verbreitung_fill: GetMap request is blocked for this layer
2026-01-25 03:00:33,193 - Scraping log - scraper.py > get_service_info(): Line 316 - WARNING - NK_2006_Verbreitung_outline: GetMap request is blocked for this layer
2026-01-25 03:00:43,317 - Scraping log - scraper.py > get_service_info(): Line 316 - WARNING - NK_2006_Arten_ArmenischeGartenbrombeere: GetMap request is blocked for this layer
2026-01-25 03:00:53,339 - Scraping log - scraper.py > get_service_info(): Line 316 - WARNING - NK_2006_Arten_DruesigesSpringkraut: GetMap request is blocked for this layer
2026-01-25 03:01:03,354 - Scraping log - scraper.py > get_service_info(): Line 316 - WARNING - NK_2006_Arten_Goetterbaum: GetMap request is blocked for this layer
2026-01-25 03:01:17,457 - Scraping log - scraper.py > get_service_info(): Line 316 - WARNING - NK_2006_Arten_KanadischeGoldrute: GetMap request is blocked for this layer
2026-01-25 03:01:27,579 - Scraping log - scraper.py > get_service_info(): Line 316 - WARNING - NK_2006_Arten_SchmalblaettrigesGreiskraut: GetMap request is blocked for this layer
2026-01-25 03:01:40,944 - Scraping log - scraper.py > get_service_info(): Line 319 - ERROR - NK_2006_Arten_Sommerflieder: HTTPSConnectionPool(host='wms.geo.bs.ch', port=443): Read timed out. (read timeout=10)
2026-01-25 03:01:50,959 - Scraping log - scraper.py > get_service_info(): Line 316 - WARNING - NK_2006_Arten_SpaetbluehendeGoldrute: GetMap request is blocked for this layer
2026-01-25 03:02:03,717 - Scraping log - scraper.py > get_service_info(): Line 316 - WARNING - Wiesen und Weiden: GetMap request is blocked for this layer
2026-01-25 03:02:15,772 - Scraping log - scraper.py > get_service_info(): Line 316 - WARNING - geologische und kulturhistorische Objekte: GetMap request is blocked for this layer
2026-01-25 03:02:27,707 - Scraping log - scraper.py > get_service_info(): Line 316 - WARNING - wertvolle Lebensräume: GetMap request is blocked for this layer
2026-01-25 03:02:37,811 - Scraping log - scraper.py > get_service_info(): Line 316 - WARNING - Artvorkommen aus dem Naturinventar Basel-Stadt: GetMap request is blocked for this layer
2026-01-25 03:02:47,914 - Scraping log - scraper.py > get_service_info(): Line 316 - WARNING - NT_Baulinien_Nationalstrassen: GetMap request is blocked for this layer
2026-01-25 03:02:57,937 - Scraping log - scraper.py > get_service_info(): Line 316 - WARNING - NT_Baubeschraenkungsflaeche_Nationalstrassen: GetMap request is blocked for this layer
2026-01-25 03:03:07,952 - Scraping log - scraper.py > get_service_info(): Line 316 - WARNING - OF_OrthofotoAktuell: GetMap request is blocked for this layer
2026-01-25 03:03:17,967 - Scraping log - scraper.py > get_service_info(): Line 316 - WARNING - OF_Orthofoto1926: GetMap request is blocked for this layer
2026-01-25 03:03:27,985 - Scraping log - scraper.py > get_service_info(): Line 316 - WARNING - OF_Orthofoto1933: GetMap request is blocked for this layer
2026-01-25 03:03:38,108 - Scraping log - scraper.py > get_service_info(): Line 316 - WARNING - OF_Orthofoto1979August: GetMap request is blocked for this layer
2026-01-25 03:03:48,122 - Scraping log - scraper.py > get_service_info(): Line 316 - WARNING - OF_Orthofoto1985Juli: GetMap request is blocked for this layer
2026-01-25 03:03:58,142 - Scraping log - scraper.py > get_service_info(): Line 316 - WARNING - OF_Orthofoto1990Maerz: GetMap request is blocked for this layer
2026-01-25 03:04:08,156 - Scraping log - scraper.py > get_service_info(): Line 316 - WARNING - OF_Orthofoto1995Maerz: GetMap request is blocked for this layer
2026-01-25 03:04:19,742 - Scraping log - scraper.py > get_service_info(): Line 316 - WARNING - OF_Orthofoto2001Juli: GetMap request is blocked for this layer
2026-01-25 03:04:32,864 - Scraping log - scraper.py > get_service_info(): Line 316 - WARNING - OF_Orthofoto2008April: GetMap request is blocked for this layer
2026-01-25 03:04:44,426 - Scraping log - scraper.py > get_service_info(): Line 316 - WARNING - OF_Orthofoto2012Maerz: GetMap request is blocked for this layer
2026-01-25 03:04:54,440 - Scraping log - scraper.py > get_service_info(): Line 316 - WARNING - OF_Orthofoto2012Juli: GetMap request is blocked for this layer
2026-01-25 03:05:04,563 - Scraping log - scraper.py > get_service_info(): Line 316 - WARNING - OF_Orthofoto2015April: GetMap request is blocked for this layer
2026-01-25 03:05:14,727 - Scraping log - scraper.py > get_service_info(): Line 316 - WARNING - OF_Orthofoto2017Maerz: GetMap request is blocked for this layer
2026-01-25 03:05:24,742 - Scraping log - scraper.py > get_service_info(): Line 316 - WARNING - OF_TrueOrthofoto2017Maerz: GetMap request is blocked for this layer
2026-01-25 03:05:34,757 - Scraping log - scraper.py > get_service_info(): Line 316 - WARNING - OF_TrueOrthofoto2020Maerz: GetMap request is blocked for this layer
2026-01-25 03:05:44,881 - Scraping log - scraper.py > get_service_info(): Line 316 - WARNING - OF_Orthofoto2020Maerz: GetMap request is blocked for this layer
2026-01-25 03:05:54,896 - Scraping log - scraper.py > get_service_info(): Line 316 - WARNING - OF_TrueOrthofoto2023Mai: GetMap request is blocked for this layer
2026-01-25 03:06:04,911 - Scraping log - scraper.py > get_service_info(): Line 316 - WARNING - OF_Orthofoto2023Mai: GetMap request is blocked for this layer
2026-01-25 03:06:15,817 - Scraping log - scraper.py > get_service_info(): Line 316 - WARNING - SI_Swissimage2024: GetMap request is blocked for this layer
2026-01-25 03:06:25,832 - Scraping log - scraper.py > get_service_info(): Line 316 - WARNING - OR_OeffentlicherRaum: GetMap request is blocked for this layer
2026-01-25 03:06:36,050 - Scraping log - scraper.py > get_service_info(): Line 316 - WARNING - OW_SportBewegung: GetMap request is blocked for this layer
2026-01-25 03:06:46,062 - Scraping log - scraper.py > get_service_info(): Line 316 - WARNING - PA_Behindertenparkplatz: GetMap request is blocked for this layer
2026-01-25 03:06:56,077 - Scraping log - scraper.py > get_service_info(): Line 316 - WARNING - PA_Parkhaus: GetMap request is blocked for this layer
2026-01-25 03:07:06,091 - Scraping log - scraper.py > get_service_info(): Line 316 - WARNING - PA_Ladestation: GetMap request is blocked for this layer
2026-01-25 03:07:16,102 - Scraping log - scraper.py > get_service_info(): Line 316 - WARNING - PA_PRAnlage: GetMap request is blocked for this layer
2026-01-25 03:07:26,116 - Scraping log - scraper.py > get_service_info(): Line 316 - WARNING - PA_RBAbstellplatz: GetMap request is blocked for this layer
2026-01-25 03:07:36,131 - Scraping log - scraper.py > get_service_info(): Line 316 - WARNING - PA_RBHalteort: GetMap request is blocked for this layer
2026-01-25 03:07:48,186 - Scraping log - scraper.py > get_service_info(): Line 319 - ERROR - XP_Parkhausauslastung: HTTPSConnectionPool(host='wms.geo.bs.ch', port=443): Read timed out. (read timeout=10)
2026-01-25 03:07:58,201 - Scraping log - scraper.py > get_service_info(): Line 316 - WARNING - PM_Schallpegelmessungen: GetMap request is blocked for this layer
2026-01-25 03:08:10,143 - Scraping log - scraper.py > get_service_info(): Line 316 - WARNING - PP_PolizeilichePraevention_GebietseinteilungPolizeilichePraevention_Verkehr: GetMap request is blocked for this layer
2026-01-25 03:08:22,997 - Scraping log - scraper.py > get_service_info(): Line 316 - WARNING - PZ_Planungszone_Basel: GetMap request is blocked for this layer
2026-01-25 03:08:36,235 - Scraping log - scraper.py > get_service_info(): Line 316 - WARNING - Siedlung: GetMap request is blocked for this layer
2026-01-25 03:08:47,369 - Scraping log - scraper.py > get_service_info(): Line 316 - WARNING - RP_Ausgangslage_Siedlung_Siedlungsgebiet_Abfrage: GetMap request is blocked for this layer
2026-01-25 03:08:57,385 - Scraping log - scraper.py > get_service_info(): Line 316 - WARNING - RP_Ausgangslage_Siedlung_Siedlungsgebiet_Flaeche: GetMap request is blocked for this layer
2026-01-25 03:09:07,399 - Scraping log - scraper.py > get_service_info(): Line 316 - WARNING - RP_Ausgangslage_Siedlung_Landesgrenze_Abfrage: GetMap request is blocked for this layer
2026-01-25 03:09:17,414 - Scraping log - scraper.py > get_service_info(): Line 316 - WARNING - RP_Ausgangslage_Siedlung_Landesgrenze_Linie: GetMap request is blocked for this layer
2026-01-25 03:09:27,428 - Scraping log - scraper.py > get_service_info(): Line 316 - WARNING - RP_Ausgangslage_Siedlung_Kantonsgrenze_Abfrage: GetMap request is blocked for this layer
2026-01-25 03:09:37,443 - Scraping log - scraper.py > get_service_info(): Line 316 - WARNING - RP_Ausgangslage_Siedlung_Kantonsgrenze_Linie: GetMap request is blocked for this layer
2026-01-25 03:09:47,453 - Scraping log - scraper.py > get_service_info(): Line 316 - WARNING - RP_Ausgangslage_Siedlung_Gemeindegrenze_Abfrage: GetMap request is blocked for this layer
2026-01-25 03:09:57,475 - Scraping log - scraper.py > get_service_info(): Line 316 - WARNING - RP_Ausgangslage_Siedlung_Gemeindegrenze_Linie: GetMap request is blocked for this layer
2026-01-25 03:10:08,005 - Scraping log - scraper.py > get_service_info(): Line 316 - WARNING - RP_Ausgangslage_Siedlung_Naturgefahr_Abfrage: GetMap request is blocked for this layer
2026-01-25 03:10:18,019 - Scraping log - scraper.py > get_service_info(): Line 316 - WARNING - RP_Ausgangslage_Siedlung_Naturgefahr_Linie: GetMap request is blocked for this layer
2026-01-25 03:10:28,035 - Scraping log - scraper.py > get_service_info(): Line 316 - WARNING - RP_Ausgangslage_Siedlung_GebietUmBahnhof_Abfrage: GetMap request is blocked for this layer
2026-01-25 03:10:38,528 - Scraping log - scraper.py > get_service_info(): Line 316 - WARNING - RP_Ausgangslage_Siedlung_GebietUmBahnhof_Punkt: GetMap request is blocked for this layer
2026-01-25 03:10:48,720 - Scraping log - scraper.py > get_service_info(): Line 316 - WARNING - RP_Ausgangslage_Siedlung_VerkehrsintensiveEinrichtung_Abfrage: GetMap request is blocked for this layer
2026-01-25 03:10:58,864 - Scraping log - scraper.py > get_service_info(): Line 319 - ERROR - RP_Ausgangslage_Siedlung_VerkehrsintensiveEinrichtung_Punkt: HTTPSConnectionPool(host='wms.geo.bs.ch', port=443): Read timed out. (read timeout=10)
2026-01-25 03:11:08,879 - Scraping log - scraper.py > get_service_info(): Line 316 - WARNING - RP_Ausgangslage_Siedlung_FreizeitUndSportgebiet_Abfrage: GetMap request is blocked for this layer
2026-01-25 03:11:21,143 - Scraping log - scraper.py > get_service_info(): Line 316 - WARNING - RP_Ausgangslage_Siedlung_Fahrendenplatz_Punkt: GetMap request is blocked for this layer
2026-01-25 03:11:33,578 - Scraping log - scraper.py > get_service_info(): Line 316 - WARNING - RP_Siedlung_GebietUmSBahnHaltestelle_Abfrage: GetMap request is blocked for this layer
2026-01-25 03:11:50,354 - Scraping log - scraper.py > get_service_info(): Line 316 - WARNING - RP_Siedlung_SiedlungsgliedernderFreiraum_Abfrage: GetMap request is blocked for this layer
2026-01-25 03:12:00,369 - Scraping log - scraper.py > get_service_info(): Line 316 - WARNING - RP_Siedlung_SiedlungsgliedernderFreiraum_Flaeche: GetMap request is blocked for this layer
2026-01-25 03:12:10,384 - Scraping log - scraper.py > get_service_info(): Line 316 - WARNING - RP_Siedlung_FreizeitUndSportgebiet_Abfrage: GetMap request is blocked for this layer
2026-01-25 03:12:20,399 - Scraping log - scraper.py > get_service_info(): Line 316 - WARNING - RP_Siedlung_FreizeitUndSportgebiet_Punkt: GetMap request is blocked for this layer
2026-01-25 03:12:30,413 - Scraping log - scraper.py > get_service_info(): Line 316 - WARNING - RP_Siedlung_VorzugsgebietVerbesserungFreiraumversorgung_Abfrage: GetMap request is blocked for this layer
2026-01-25 03:12:40,436 - Scraping log - scraper.py > get_service_info(): Line 316 - WARNING - RP_Siedlung_VorzugsgebietVerbesserungFreiraumversorgung_Flaeche: GetMap request is blocked for this layer
2026-01-25 03:12:50,449 - Scraping log - scraper.py > get_service_info(): Line 316 - WARNING - RP_Siedlung_AufhebungFreiraumerweiterung_Abfrage: GetMap request is blocked for this layer
2026-01-25 03:13:00,462 - Scraping log - scraper.py > get_service_info(): Line 316 - WARNING - RP_Siedlung_AufhebungFreiraumerweiterung_Linie: GetMap request is blocked for this layer
2026-01-25 03:13:10,477 - Scraping log - scraper.py > get_service_info(): Line 316 - WARNING - RP_Siedlung_Ortszentrum_Abfrage: GetMap request is blocked for this layer
2026-01-25 03:13:20,492 - Scraping log - scraper.py > get_service_info(): Line 316 - WARNING - RP_Siedlung_Ortszentrum_Flaeche: GetMap request is blocked for this layer
2026-01-25 03:13:30,507 - Scraping log - scraper.py > get_service_info(): Line 316 - WARNING - RP_Siedlung_Laermschutz_Abfrage: GetMap request is blocked for this layer
2026-01-25 03:13:40,523 - Scraping log - scraper.py > get_service_info(): Line 316 - WARNING - RP_Siedlung_Laermschutz_Linie: GetMap request is blocked for this layer
2026-01-25 03:13:50,538 - Scraping log - scraper.py > get_service_info(): Line 316 - WARNING - RP_Siedlung_NutzungImOeffentlichenInteresse_Abfrage: GetMap request is blocked for this layer
2026-01-25 03:14:00,702 - Scraping log - scraper.py > get_service_info(): Line 316 - WARNING - RP_Siedlung_NutzungImOeffentlichenInteresse_Punkt: GetMap request is blocked for this layer
2026-01-25 03:14:11,547 - Scraping log - scraper.py > get_service_info(): Line 316 - WARNING - RP_Siedlung_AufhebungSiedlungstrennwirkung_Linie: GetMap request is blocked for this layer
2026-01-25 03:14:22,556 - Scraping log - scraper.py > get_service_info(): Line 316 - WARNING - RP_Siedlung_FokusgebietHitze_Flaeche: GetMap request is blocked for this layer
2026-01-25 03:14:33,537 - Scraping log - scraper.py > get_service_info(): Line 316 - WARNING - RP_Siedlung_Kaltluftfluss_Punkt: GetMap request is blocked for this layer
2026-01-25 03:14:43,551 - Scraping log - scraper.py > get_service_info(): Line 316 - WARNING - RP_Siedlung_VerkehrsintensiveEinrichtung_Abfrage: GetMap request is blocked for this layer
2026-01-25 03:14:56,679 - Scraping log - scraper.py > get_service_info(): Line 316 - WARNING - Mobilität: GetMap request is blocked for this layer
2026-01-25 03:15:08,162 - Scraping log - scraper.py > get_service_info(): Line 316 - WARNING - RP_Ausgangslage_Mobilitaet_HafenarealKantonal_Abfrage: GetMap request is blocked for this layer
2026-01-25 03:15:18,176 - Scraping log - scraper.py > get_service_info(): Line 316 - WARNING - RP_Ausgangslage_Mobilitaet_HafenarealKantonal_Flaeche: GetMap request is blocked for this layer
2026-01-25 03:15:28,191 - Scraping log - scraper.py > get_service_info(): Line 316 - WARNING - RP_Ausgangslage_Mobilitaet_StrassennetzAusserkantonal_Abfrage: GetMap request is blocked for this layer
2026-01-25 03:15:38,206 - Scraping log - scraper.py > get_service_info(): Line 316 - WARNING - RP_Ausgangslage_Mobilitaet_StrassennetzAusserkantonal_Linie: GetMap request is blocked for this layer
2026-01-25 03:15:48,221 - Scraping log - scraper.py > get_service_info(): Line 316 - WARNING - RP_Ausgangslage_Mobilitaet_SchieneNormalspurStrecke_Abfrage: GetMap request is blocked for this layer
2026-01-25 03:15:58,229 - Scraping log - scraper.py > get_service_info(): Line 316 - WARNING - RP_Ausgangslage_Mobilitaet_SchieneNormalspurStrecke_Linie: GetMap request is blocked for this layer
2026-01-25 03:16:08,771 - Scraping log - scraper.py > get_service_info(): Line 316 - WARNING - RP_Ausgangslage_Mobilitaet_SchieneSchmalspurStrecke_Abfrage: GetMap request is blocked for this layer
2026-01-25 03:16:18,909 - Scraping log - scraper.py > get_service_info(): Line 316 - WARNING - RP_Ausgangslage_Mobilitaet_SchieneSchmalspurStrecke_Linie: GetMap request is blocked for this layer
2026-01-25 03:16:28,917 - Scraping log - scraper.py > get_service_info(): Line 316 - WARNING - RP_Ausgangslage_Mobilitaet_KantonsstrasseStrecke_Abfrage: GetMap request is blocked for this layer
2026-01-25 03:16:38,932 - Scraping log - scraper.py > get_service_info(): Line 316 - WARNING - RP_Ausgangslage_Mobilitaet_KantonsstrasseStrecke_Linie: GetMap request is blocked for this layer
2026-01-25 03:16:49,064 - Scraping log - scraper.py > get_service_info(): Line 316 - WARNING - RP_Ausgangslage_Mobilitaet_NationalstrasseStrecke_Abfrage: GetMap request is blocked for this layer
2026-01-25 03:16:59,188 - Scraping log - scraper.py > get_service_info(): Line 316 - WARNING - RP_Ausgangslage_Mobilitaet_NationalstrasseStrecke_Linie: GetMap request is blocked for this layer
2026-01-25 03:17:09,431 - Scraping log - scraper.py > get_service_info(): Line 316 - WARNING - RP_Ausgangslage_Mobilitaet_NationalstrasseVollanschluss_Abfrage: GetMap request is blocked for this layer
2026-01-25 03:17:19,446 - Scraping log - scraper.py > get_service_info(): Line 316 - WARNING - RP_Ausgangslage_Mobilitaet_NationalstrasseVollanschluss_Punkt: GetMap request is blocked for this layer
2026-01-25 03:17:30,457 - Scraping log - scraper.py > get_service_info(): Line 316 - WARNING - RP_Ausgangslage_Mobilitaet_NationalstrasseHalbanschluss_Punkt: GetMap request is blocked for this layer
2026-01-25 03:17:43,824 - Scraping log - scraper.py > get_service_info(): Line 319 - ERROR - RP_Ausgangslage_Mobilitaet_BahnhofOderSBahnHaltestelle_Abfrage: HTTPSConnectionPool(host='wms.geo.bs.ch', port=443): Read timed out. (read timeout=10)
2026-01-25 03:17:55,015 - Scraping log - scraper.py > get_service_info(): Line 316 - WARNING - RP_Ausgangslage_Mobilitaet_LangsamverkehrVeloparkierungsanlage_Abfrage: GetMap request is blocked for this layer
2026-01-25 03:18:07,083 - Scraping log - scraper.py > get_service_info(): Line 319 - ERROR - RP_Ausgangslage_Mobilitaet_Hafenbahnhof_Punkt: HTTPSConnectionPool(host='wms.geo.bs.ch', port=443): Read timed out. (read timeout=10)
2026-01-25 03:18:24,115 - Scraping log - scraper.py > get_service_info(): Line 316 - WARNING - RP_Mobilitaet_SchieneNormalspurKorridor_Abfrage: GetMap request is blocked for this layer
2026-01-25 03:18:36,935 - Scraping log - scraper.py > get_service_info(): Line 316 - WARNING - RP_Mobilitaet_BahnhofOderSBahnHaltestelle_Abfrage: GetMap request is blocked for this layer
2026-01-25 03:18:49,028 - Scraping log - scraper.py > get_service_info(): Line 316 - WARNING - RP_Mobilitaet_SchieneSchmalspurStrecke_Abfrage: GetMap request is blocked for this layer
2026-01-25 03:19:01,743 - Scraping log - scraper.py > get_service_info(): Line 316 - WARNING - RP_Mobilitaet_NationalstrasseStrecke_Abfrage: GetMap request is blocked for this layer
2026-01-25 03:19:11,760 - Scraping log - scraper.py > get_service_info(): Line 316 - WARNING - RP_Mobilitaet_NationalstrasseStrecke_Linie: GetMap request is blocked for this layer
2026-01-25 03:19:21,775 - Scraping log - scraper.py > get_service_info(): Line 316 - WARNING - RP_Mobilitaet_NationalstrasseKorridor_Abfrage: GetMap request is blocked for this layer
2026-01-25 03:19:31,791 - Scraping log - scraper.py > get_service_info(): Line 316 - WARNING - RP_Mobilitaet_NationalstrasseKorridor_Linie: GetMap request is blocked for this layer
2026-01-25 03:19:41,810 - Scraping log - scraper.py > get_service_info(): Line 316 - WARNING - RP_Mobilitaet_NationalstrasseHalbanschluss_Abfrage: GetMap request is blocked for this layer
2026-01-25 03:19:51,939 - Scraping log - scraper.py > get_service_info(): Line 316 - WARNING - RP_Mobilitaet_NationalstrasseHalbanschluss_Punkt: GetMap request is blocked for this layer
2026-01-25 03:20:01,954 - Scraping log - scraper.py > get_service_info(): Line 316 - WARNING - RP_Mobilitaet_KantonsstrasseKorridor_Abfrage: GetMap request is blocked for this layer
2026-01-25 03:20:11,968 - Scraping log - scraper.py > get_service_info(): Line 316 - WARNING - RP_Mobilitaet_KantonsstrasseKorridor_Linie: GetMap request is blocked for this layer
2026-01-25 03:20:21,983 - Scraping log - scraper.py > get_service_info(): Line 316 - WARNING - RP_Mobilitaet_KantonsstrasseVerkehrsentlastung_Abfrage: GetMap request is blocked for this layer
2026-01-25 03:20:31,998 - Scraping log - scraper.py > get_service_info(): Line 316 - WARNING - RP_Mobilitaet_KantonsstrasseVerkehrsentlastung_Linie: GetMap request is blocked for this layer
2026-01-25 03:20:42,125 - Scraping log - scraper.py > get_service_info(): Line 316 - WARNING - RP_Mobilitaet_KantonsstrasseVerbesserungsmassnahmen_Abfrage: GetMap request is blocked for this layer
2026-01-25 03:20:52,149 - Scraping log - scraper.py > get_service_info(): Line 316 - WARNING - RP_Mobilitaet_KantonsstrasseVerbesserungsmassnahmen_Linie: GetMap request is blocked for this layer
2026-01-25 03:21:02,163 - Scraping log - scraper.py > get_service_info(): Line 316 - WARNING - RP_Mobilitaet_LangsamverkehrVeloFussgaenger_Abfrage: GetMap request is blocked for this layer
2026-01-25 03:21:12,177 - Scraping log - scraper.py > get_service_info(): Line 316 - WARNING - RP_Mobilitaet_LangsamverkehrVeloFussgaenger_Linie: GetMap request is blocked for this layer
2026-01-25 03:21:26,521 - Scraping log - scraper.py > get_service_info(): Line 316 - WARNING - RP_Mobilitaet_LangsamverkehrFussgaenger_Linie: GetMap request is blocked for this layer
2026-01-25 03:21:38,357 - Scraping log - scraper.py > get_service_info(): Line 316 - WARNING - RP_Mobilitaet_StandorteGueterlogistik_Abfrage: GetMap request is blocked for this layer
2026-01-25 03:21:48,372 - Scraping log - scraper.py > get_service_info(): Line 316 - WARNING - RP_Mobilitaet_StandorteGueterlogistik_Punkt: GetMap request is blocked for this layer
2026-01-25 03:21:58,488 - Scraping log - scraper.py > get_service_info(): Line 316 - WARNING - RP_Mobilitaet_Hafenbahnhof_Abfrage: GetMap request is blocked for this layer
2026-01-25 03:22:09,743 - Scraping log - scraper.py > get_service_info(): Line 319 - ERROR - RP_Mobilitaet_Hafenbahnhof_Punkt: HTTPSConnectionPool(host='wms.geo.bs.ch', port=443): Read timed out. (read timeout=10)
2026-01-25 03:22:19,757 - Scraping log - scraper.py > get_service_info(): Line 316 - WARNING - RP_Mobilitaet_CarTerminal_Abfrage: GetMap request is blocked for this layer
2026-01-25 03:22:32,661 - Scraping log - scraper.py > get_service_info(): Line 316 - WARNING - Ver- und Entsorgung: GetMap request is blocked for this layer
2026-01-25 03:22:44,946 - Scraping log - scraper.py > get_service_info(): Line 316 - WARNING - RP_Ausgangslage_VerUndEntsorgung_Uebertragungsleitung_Abfrage: GetMap request is blocked for this layer
2026-01-25 03:22:56,921 - Scraping log - scraper.py > get_service_info(): Line 316 - WARNING - RP_Ausgangslage_VerUndEntsorgung_Wasserkraftwerk_Punkt: GetMap request is blocked for this layer
2026-01-25 03:23:06,935 - Scraping log - scraper.py > get_service_info(): Line 316 - WARNING - RP_Ausgangslage_VerUndEntsorgung_Geothermieanlage_Abfrage: GetMap request is blocked for this layer
2026-01-25 03:23:16,950 - Scraping log - scraper.py > get_service_info(): Line 316 - WARNING - RP_Ausgangslage_VerUndEntsorgung_Geothermieanlage_Punkt: GetMap request is blocked for this layer
2026-01-25 03:23:26,957 - Scraping log - scraper.py > get_service_info(): Line 316 - WARNING - RP_Ausgangslage_VerUndEntsorgung_Abwasserreinigungsanlage_Abfrage: GetMap request is blocked for this layer
2026-01-25 03:23:36,972 - Scraping log - scraper.py > get_service_info(): Line 316 - WARNING - RP_Ausgangslage_VerUndEntsorgung_Abwasserreinigungsanlage_Punkt: GetMap request is blocked for this layer
2026-01-25 03:23:47,097 - Scraping log - scraper.py > get_service_info(): Line 316 - WARNING - RP_Ausgangslage_VerUndEntsorgung_Abfallverbrennungsanlage_Abfrage: GetMap request is blocked for this layer
2026-01-25 03:23:59,252 - Scraping log - scraper.py > get_service_info(): Line 316 - WARNING - RP_VerUndEntsorgung_Geothermieanlage_Abfrage: GetMap request is blocked for this layer
2026-01-25 03:24:10,134 - Scraping log - scraper.py > get_service_info(): Line 316 - WARNING - Natur und Landschaft: GetMap request is blocked for this layer
2026-01-25 03:24:21,469 - Scraping log - scraper.py > get_service_info(): Line 316 - WARNING - RP_Ausgangslage_NaturUndLandschaft_Gewaesser_Flaeche: GetMap request is blocked for this layer
2026-01-25 03:24:31,477 - Scraping log - scraper.py > get_service_info(): Line 316 - WARNING - RP_Ausgangslage_NaturUndLandschaft_WaldAusserkantonal_Abfrage: GetMap request is blocked for this layer
2026-01-25 03:24:43,233 - Scraping log - scraper.py > get_service_info(): Line 316 - WARNING - RP_Ausgangslage_NaturUndLandschaft_WaldKantonal_Flaeche: GetMap request is blocked for this layer
2026-01-25 03:24:53,248 - Scraping log - scraper.py > get_service_info(): Line 316 - WARNING - RP_Ausgangslage_NaturUndLandschaft_Landwirtschaft_Abfrage: GetMap request is blocked for this layer
2026-01-25 03:25:03,371 - Scraping log - scraper.py > get_service_info(): Line 316 - WARNING - RP_Ausgangslage_NaturUndLandschaft_Landwirtschaft_Flaeche: GetMap request is blocked for this layer
2026-01-25 03:25:13,385 - Scraping log - scraper.py > get_service_info(): Line 316 - WARNING - RP_Ausgangslage_NaturUndLandschaft_Naturwert_Abfrage: GetMap request is blocked for this layer
2026-01-25 03:25:23,400 - Scraping log - scraper.py > get_service_info(): Line 316 - WARNING - RP_Ausgangslage_NaturUndLandschaft_Naturwert_Flaeche: GetMap request is blocked for this layer
2026-01-25 03:25:33,414 - Scraping log - scraper.py > get_service_info(): Line 316 - WARNING - RP_NaturUndLandschaft_Naturwert_Abfrage: GetMap request is blocked for this layer
2026-01-25 03:25:43,430 - Scraping log - scraper.py > get_service_info(): Line 316 - WARNING - RP_NaturUndLandschaft_Naturwert_Flaeche: GetMap request is blocked for this layer
2026-01-25 03:25:53,445 - Scraping log - scraper.py > get_service_info(): Line 316 - WARNING - RP_NaturUndLandschaft_Landschaftsraum_Abfrage: GetMap request is blocked for this layer
2026-01-25 03:26:03,568 - Scraping log - scraper.py > get_service_info(): Line 316 - WARNING - RP_NaturUndLandschaft_Landschaftsraum_Flaeche: GetMap request is blocked for this layer
2026-01-25 03:26:13,690 - Scraping log - scraper.py > get_service_info(): Line 316 - WARNING - RP_NaturUndLandschaft_Biotopverbund_Abfrage: GetMap request is blocked for this layer
2026-01-25 03:26:23,705 - Scraping log - scraper.py > get_service_info(): Line 316 - WARNING - RP_NaturUndLandschaft_Biotopverbund_Linie: GetMap request is blocked for this layer
2026-01-25 03:26:33,717 - Scraping log - scraper.py > get_service_info(): Line 316 - WARNING - RP_NaturUndLandschaft_Wildtierkorridor_Abfrage: GetMap request is blocked for this layer
2026-01-25 03:26:43,732 - Scraping log - scraper.py > get_service_info(): Line 316 - WARNING - RP_NaturUndLandschaft_Wildtierkorridor_Punkt: GetMap request is blocked for this layer
2026-01-25 03:26:53,741 - Scraping log - scraper.py > get_service_info(): Line 316 - WARNING - RP_NaturUndLandschaft_VernetzungsachseEntlangFliessgewaesser_Abfrage: GetMap request is blocked for this layer
2026-01-25 03:27:03,859 - Scraping log - scraper.py > get_service_info(): Line 316 - WARNING - RP_NaturUndLandschaft_VernetzungsachseEntlangFliessgewaesser_Punkt: GetMap request is blocked for this layer
2026-01-25 03:27:13,873 - Scraping log - scraper.py > get_service_info(): Line 316 - WARNING - RP_NaturUndLandschaft_Fruchtfolgeflaeche_Abfrage: GetMap request is blocked for this layer
2026-01-25 03:27:23,888 - Scraping log - scraper.py > get_service_info(): Line 316 - WARNING - RP_NaturUndLandschaft_Fruchtfolgeflaeche_Flaeche: GetMap request is blocked for this layer
2026-01-25 03:27:38,374 - Scraping log - scraper.py > get_service_info(): Line 316 - WARNING - SB_Satellitenbild_2016_swisstopo_50cm: GetMap request is blocked for this layer
2026-01-25 03:27:48,497 - Scraping log - scraper.py > get_service_info(): Line 316 - WARNING - SB_Satellitenbild_2017_swisstopo_25cm: GetMap request is blocked for this layer
2026-01-25 03:28:01,468 - Scraping log - scraper.py > get_service_info(): Line 316 - WARNING - SB_Satellitenbild_2022_swisstopo_30cm: GetMap request is blocked for this layer
2026-01-25 03:28:11,482 - Scraping log - scraper.py > get_service_info(): Line 316 - WARNING - SB_Satellitenbild_2025_swisstopo_30cm: GetMap request is blocked for this layer
2026-01-25 03:28:21,497 - Scraping log - scraper.py > get_service_info(): Line 316 - WARNING - SC_Tagesstruktur: GetMap request is blocked for this layer
2026-01-25 03:28:31,512 - Scraping log - scraper.py > get_service_info(): Line 316 - WARNING - SC_Schwimmhalle: GetMap request is blocked for this layer
2026-01-25 03:28:41,527 - Scraping log - scraper.py > get_service_info(): Line 316 - WARNING - SC_Turnhalle: GetMap request is blocked for this layer
2026-01-25 03:28:51,655 - Scraping log - scraper.py > get_service_info(): Line 316 - WARNING - SC_Sportplatz: GetMap request is blocked for this layer
2026-01-25 03:29:01,788 - Scraping log - scraper.py > get_service_info(): Line 316 - WARNING - SC_Kindergarten: GetMap request is blocked for this layer
2026-01-25 03:29:11,909 - Scraping log - scraper.py > get_service_info(): Line 316 - WARNING - SC_Primarschule: GetMap request is blocked for this layer
2026-01-25 03:29:21,924 - Scraping log - scraper.py > get_service_info(): Line 316 - WARNING - SC_Sekundarschule: GetMap request is blocked for this layer
2026-01-25 03:29:31,939 - Scraping log - scraper.py > get_service_info(): Line 316 - WARNING - SC_Gymnasium: GetMap request is blocked for this layer
2026-01-25 03:29:41,961 - Scraping log - scraper.py > get_service_info(): Line 316 - WARNING - SC_ZentrumBrueckenangebote: GetMap request is blocked for this layer
2026-01-25 03:29:52,113 - Scraping log - scraper.py > get_service_info(): Line 316 - WARNING - SC_Gewerbeschule: GetMap request is blocked for this layer
2026-01-25 03:30:02,131 - Scraping log - scraper.py > get_service_info(): Line 316 - WARNING - SC_Spezialangebot: GetMap request is blocked for this layer
2026-01-25 03:30:12,146 - Scraping log - scraper.py > get_service_info(): Line 316 - WARNING - Um 1860: GetMap request is blocked for this layer
2026-01-25 03:30:22,406 - Scraping log - scraper.py > get_service_info(): Line 316 - WARNING - SE_1860bis1875: GetMap request is blocked for this layer
2026-01-25 03:30:32,413 - Scraping log - scraper.py > get_service_info(): Line 316 - WARNING - SE_1875bis1925: GetMap request is blocked for this layer
2026-01-25 03:30:42,557 - Scraping log - scraper.py > get_service_info(): Line 319 - ERROR - SE_1925bis1950: HTTPSConnectionPool(host='wms.geo.bs.ch', port=443): Read timed out. (read timeout=10)
2026-01-25 03:30:52,571 - Scraping log - scraper.py > get_service_info(): Line 316 - WARNING - SE_1950bis1975: GetMap request is blocked for this layer
2026-01-25 03:31:16,766 - Scraping log - scraper.py > get_service_info(): Line 316 - WARNING - SO_Kindergarten: GetMap request is blocked for this layer
2026-01-25 03:31:30,694 - Scraping log - scraper.py > get_service_info(): Line 316 - WARNING - 2002 - 2010: GetMap request is blocked for this layer
2026-01-25 03:31:47,854 - Scraping log - scraper.py > get_service_info(): Line 316 - WARNING - 2021 - 2024: GetMap request is blocked for this layer
2026-01-25 03:32:00,105 - Scraping log - scraper.py > get_service_info(): Line 316 - WARNING - SP_Stadtplan_2025_grau: GetMap request is blocked for this layer
2026-01-25 03:32:12,645 - Scraping log - scraper.py > get_service_info(): Line 316 - WARNING - SQ_Stromversorgungsgebiete_Netzebene5: GetMap request is blocked for this layer
2026-01-25 03:32:22,660 - Scraping log - scraper.py > get_service_info(): Line 316 - WARNING - SQ_Stromversorgungsgebiete_Netzebene7: GetMap request is blocked for this layer
2026-01-25 03:32:32,669 - Scraping log - scraper.py > get_service_info(): Line 316 - WARNING - ST_StockwerkeigentumVerkaufspreise_QuadratmeterpreisAltbau: GetMap request is blocked for this layer
2026-01-25 03:32:42,686 - Scraping log - scraper.py > get_service_info(): Line 316 - WARNING - ST_StockwerkeigentumVerkaufspreise_QuadratmeterpreisNeubau: GetMap request is blocked for this layer
2026-01-25 03:32:52,813 - Scraping log - scraper.py > get_service_info(): Line 316 - WARNING - SW_Jugendlichenanteil: GetMap request is blocked for this layer
2026-01-25 03:33:02,828 - Scraping log - scraper.py > get_service_info(): Line 316 - WARNING - SW_Seniorenanteil: GetMap request is blocked for this layer
2026-01-25 03:33:12,842 - Scraping log - scraper.py > get_service_info(): Line 316 - WARNING - SW_Auslaenderanteil: GetMap request is blocked for this layer
2026-01-25 03:33:22,857 - Scraping log - scraper.py > get_service_info(): Line 316 - WARNING - SW_Sesshaftigkeit: GetMap request is blocked for this layer
2026-01-25 03:33:32,864 - Scraping log - scraper.py > get_service_info(): Line 316 - WARNING - SW_Arbeitsstaetten: GetMap request is blocked for this layer
2026-01-25 03:33:42,971 - Scraping log - scraper.py > get_service_info(): Line 316 - WARNING - SW_Beschaeftigte: GetMap request is blocked for this layer
2026-01-25 03:33:53,078 - Scraping log - scraper.py > get_service_info(): Line 316 - WARNING - SW_Vollzeitaequivalente: GetMap request is blocked for this layer
2026-01-25 03:34:03,181 - Scraping log - scraper.py > get_service_info(): Line 316 - WARNING - SW_Sozialhilfe: GetMap request is blocked for this layer
2026-01-25 03:34:13,429 - Scraping log - scraper.py > get_service_info(): Line 319 - ERROR - SW_MedianDesReineinkommens: HTTPSConnectionPool(host='wms.geo.bs.ch', port=443): Read timed out. (read timeout=10)
2026-01-25 03:34:23,566 - Scraping log - scraper.py > get_service_info(): Line 316 - WARNING - SW_MedianDesReinvermoegens: GetMap request is blocked for this layer
2026-01-25 03:34:35,765 - Scraping log - scraper.py > get_service_info(): Line 316 - WARNING - Informativer Planinhalt (Fusswegnetz Riehen Bettingen): GetMap request is blocked for this layer
2026-01-25 03:34:47,733 - Scraping log - scraper.py > get_service_info(): Line 316 - WARNING - Wanderwegnetz Kanton Basel-Stadt: GetMap request is blocked for this layer
2026-01-25 03:35:00,497 - Scraping log - scraper.py > get_service_info(): Line 316 - WARNING - TF_Wanderwegnetz_KantonBS_Festsetzung_mitAnschluss: GetMap request is blocked for this layer
2026-01-25 03:35:10,512 - Scraping log - scraper.py > get_service_info(): Line 316 - WARNING - TF_Wanderwegnetz_KantonBS_Bestand_ohneAnschluss: GetMap request is blocked for this layer
2026-01-25 03:35:20,655 - Scraping log - scraper.py > get_service_info(): Line 319 - ERROR - TF_Wanderwegnetz_KantonBS_Bestand_mitAnschluss: HTTPSConnectionPool(host='wms.geo.bs.ch', port=443): Read timed out. (read timeout=10)
2026-01-25 03:35:30,670 - Scraping log - scraper.py > get_service_info(): Line 316 - WARNING - Fusswegnetz Stadt Basel: GetMap request is blocked for this layer
2026-01-25 03:35:40,979 - Scraping log - scraper.py > get_service_info(): Line 316 - WARNING - TF_Fusswegnetz_Basel_Vororientierung_ohneAnschluss: GetMap request is blocked for this layer
2026-01-25 03:35:50,995 - Scraping log - scraper.py > get_service_info(): Line 316 - WARNING - TF_Fusswegnetz_Basel_Vororientierung_mitAnschluss: GetMap request is blocked for this layer
2026-01-25 03:36:01,005 - Scraping log - scraper.py > get_service_info(): Line 316 - WARNING - TF_Fusswegnetz_Basel_Zwischenergebnis_ohneAnschluss: GetMap request is blocked for this layer
2026-01-25 03:36:11,020 - Scraping log - scraper.py > get_service_info(): Line 316 - WARNING - TF_Fusswegnetz_Basel_Zwischenergebnis_mitAnschluss: GetMap request is blocked for this layer
2026-01-25 03:36:21,148 - Scraping log - scraper.py > get_service_info(): Line 316 - WARNING - TF_Fusswegnetz_Basel_Festsetzung_ohneAnschluss: GetMap request is blocked for this layer
2026-01-25 03:36:31,161 - Scraping log - scraper.py > get_service_info(): Line 316 - WARNING - TF_Fusswegnetz_Basel_Festsetzung_mitAnschluss: GetMap request is blocked for this layer
2026-01-25 03:36:42,054 - Scraping log - scraper.py > get_service_info(): Line 316 - WARNING - TF_Fusswegnetz_Basel_Bestand_ohneAnschluss: GetMap request is blocked for this layer
2026-01-25 03:36:52,179 - Scraping log - scraper.py > get_service_info(): Line 316 - WARNING - TF_Fusswegnetz_Basel_Bestand_mitAnschluss: GetMap request is blocked for this layer
2026-01-25 03:37:03,443 - Scraping log - scraper.py > get_service_info(): Line 316 - WARNING - TF_Fusswegnetz_KantonBS_Vororientierung_ohneAnschluss: GetMap request is blocked for this layer
2026-01-25 03:37:14,338 - Scraping log - scraper.py > get_service_info(): Line 316 - WARNING - TF_Fusswegnetz_KantonBS_Zwischenergebnis_ohneAnschluss: GetMap request is blocked for this layer
2026-01-25 03:37:25,251 - Scraping log - scraper.py > get_service_info(): Line 316 - WARNING - TF_Fusswegnetz_KantonBS_Festsetzung_ohneAnschluss: GetMap request is blocked for this layer
2026-01-25 03:37:35,269 - Scraping log - scraper.py > get_service_info(): Line 316 - WARNING - TF_Fusswegnetz_KantonBS_Festsetzung_mitAnschluss: GetMap request is blocked for this layer
2026-01-25 03:37:45,283 - Scraping log - scraper.py > get_service_info(): Line 316 - WARNING - TF_Fusswegnetz_KantonBS_Bestand_ohneAnschluss: GetMap request is blocked for this layer
2026-01-25 03:37:55,412 - Scraping log - scraper.py > get_service_info(): Line 316 - WARNING - TF_Fusswegnetz_KantonBS_Bestand_mitAnschluss: GetMap request is blocked for this layer
2026-01-25 03:38:09,559 - Scraping log - scraper.py > get_service_info(): Line 316 - WARNING - TK_TagesheimKita: GetMap request is blocked for this layer
2026-01-25 03:38:19,573 - Scraping log - scraper.py > get_service_info(): Line 316 - WARNING - genehmigt: GetMap request is blocked for this layer
2026-01-25 03:38:29,918 - Scraping log - scraper.py > get_service_info(): Line 316 - WARNING - in Erarbeitung: GetMap request is blocked for this layer
2026-01-25 03:38:39,980 - Scraping log - scraper.py > get_service_info(): Line 316 - WARNING - kommunale Richtpläne: GetMap request is blocked for this layer
2026-01-25 03:38:50,079 - Scraping log - scraper.py > get_service_info(): Line 316 - WARNING - TR_Teilrichtplaene_KommunaleRichtplaene_Riehen_abfrage: GetMap request is blocked for this layer
2026-01-25 03:39:00,085 - Scraping log - scraper.py > get_service_info(): Line 316 - WARNING - TR_Teilrichtplaene_KommunaleRichtplaene_Riehen_anzeige: GetMap request is blocked for this layer
2026-01-25 03:39:10,099 - Scraping log - scraper.py > get_service_info(): Line 316 - WARNING - TR_Teilrichtplaene_KommunaleRichtplaene_Bettingen_abfrage: GetMap request is blocked for this layer
2026-01-25 03:39:20,114 - Scraping log - scraper.py > get_service_info(): Line 316 - WARNING - TR_Teilrichtplaene_KommunaleRichtplaene_Bettingen_anzeige: GetMap request is blocked for this layer
2026-01-25 03:39:30,130 - Scraping log - scraper.py > get_service_info(): Line 316 - WARNING - VB_Veloabstellplaetze_Velostation: GetMap request is blocked for this layer
2026-01-25 03:39:40,145 - Scraping log - scraper.py > get_service_info(): Line 316 - WARNING - VB_Veloabstellplaetze_BikeRide: GetMap request is blocked for this layer
2026-01-25 03:39:50,160 - Scraping log - scraper.py > get_service_info(): Line 316 - WARNING - VB_Veloabstellplaetze_Cargovelos: GetMap request is blocked for this layer
2026-01-25 03:40:00,175 - Scraping log - scraper.py > get_service_info(): Line 316 - WARNING - VB_Veloabstellplaetze_gedeckt: GetMap request is blocked for this layer
2026-01-25 03:40:10,306 - Scraping log - scraper.py > get_service_info(): Line 316 - WARNING - VB_Veloabstellplaetze_ungedeckt: GetMap request is blocked for this layer
2026-01-25 03:40:20,321 - Scraping log - scraper.py > get_service_info(): Line 316 - WARNING - VO_Velostadtplan_Gefahr: GetMap request is blocked for this layer
2026-01-25 03:40:31,823 - Scraping log - scraper.py > get_service_info(): Line 319 - ERROR - VO_Velostadtplan_Einbahn: HTTPSConnectionPool(host='wms.geo.bs.ch', port=443): Read timed out. (read timeout=10)
2026-01-25 03:40:42,986 - Scraping log - scraper.py > get_service_info(): Line 316 - WARNING - VO_Velostadtplan_Velostrasse: GetMap request is blocked for this layer
2026-01-25 03:40:55,367 - Scraping log - scraper.py > get_service_info(): Line 316 - WARNING - VO_Velostadtplan_Schiebestrecke: GetMap request is blocked for this layer
2026-01-25 03:41:13,871 - Scraping log - scraper.py > get_service_info(): Line 319 - ERROR - VP_Kompressor: HTTPSConnectionPool(host='wms.geo.bs.ch', port=443): Read timed out. (read timeout=10)
2026-01-25 03:41:23,886 - Scraping log - scraper.py > get_service_info(): Line 316 - WARNING - VP_Unbekannt: GetMap request is blocked for this layer
2026-01-25 03:41:36,209 - Scraping log - scraper.py > get_service_info(): Line 316 - WARNING - VR_KernzoneVerkehrskonzeptInnenstadt: GetMap request is blocked for this layer
2026-01-25 03:41:49,922 - Scraping log - scraper.py > get_service_info(): Line 316 - WARNING - VS_Vektorstadtplan_farbig_ohneSchrift: GetMap request is blocked for this layer
2026-01-25 03:42:02,538 - Scraping log - scraper.py > get_service_info(): Line 316 - WARNING - VS_Vektorstadtplan_grau_ohneSchrift: GetMap request is blocked for this layer
2026-01-25 03:42:12,553 - Scraping log - scraper.py > get_service_info(): Line 316 - WARNING - VS_Vektorstadtplan_sw: GetMap request is blocked for this layer
2026-01-25 03:42:22,678 - Scraping log - scraper.py > get_service_info(): Line 316 - WARNING - VS_Vektorstadtplan_sw_ohneSchrift: GetMap request is blocked for this layer
2026-01-25 03:42:32,703 - Scraping log - scraper.py > get_service_info(): Line 316 - WARNING - VU_SchleuderunfallSelbstunfall: GetMap request is blocked for this layer
2026-01-25 03:42:42,718 - Scraping log - scraper.py > get_service_info(): Line 316 - WARNING - VU_UeberholunfallFahrstreifenwechsel: GetMap request is blocked for this layer
2026-01-25 03:42:52,733 - Scraping log - scraper.py > get_service_info(): Line 316 - WARNING - VU_Auffahrunfall: GetMap request is blocked for this layer
2026-01-25 03:43:02,748 - Scraping log - scraper.py > get_service_info(): Line 316 - WARNING - VU_Abbiegeunfall: GetMap request is blocked for this layer
2026-01-25 03:43:12,763 - Scraping log - scraper.py > get_service_info(): Line 316 - WARNING - VU_Einbiegeunfall: GetMap request is blocked for this layer
2026-01-25 03:43:23,285 - Scraping log - scraper.py > get_service_info(): Line 316 - WARNING - VU_UeberquerenDerFahrbahn: GetMap request is blocked for this layer
2026-01-25 03:43:33,300 - Scraping log - scraper.py > get_service_info(): Line 316 - WARNING - VU_Frontalkollision: GetMap request is blocked for this layer
2026-01-25 03:43:43,314 - Scraping log - scraper.py > get_service_info(): Line 316 - WARNING - VU_Parkierunfall: GetMap request is blocked for this layer
2026-01-25 03:43:53,329 - Scraping log - scraper.py > get_service_info(): Line 316 - WARNING - VU_Fussgaengerunfall: GetMap request is blocked for this layer
2026-01-25 03:44:10,255 - Scraping log - scraper.py > get_service_info(): Line 319 - ERROR - VU_Tierunfall: HTTPSConnectionPool(host='wms.geo.bs.ch', port=443): Read timed out. (read timeout=10)
2026-01-25 03:44:20,273 - Scraping log - scraper.py > get_service_info(): Line 316 - WARNING - VU_Andere: GetMap request is blocked for this layer
2026-01-25 03:44:32,211 - Scraping log - scraper.py > get_service_info(): Line 316 - WARNING - Velo-Zählstellen: GetMap request is blocked for this layer
2026-01-25 03:44:44,819 - Scraping log - scraper.py > get_service_info(): Line 316 - WARNING - WA_Wohnanteilplan_AG1: GetMap request is blocked for this layer
2026-01-25 03:44:57,425 - Scraping log - scraper.py > get_service_info(): Line 316 - WARNING - WA_Wohnanteilplan_allesAG: GetMap request is blocked for this layer
2026-01-25 03:45:07,440 - Scraping log - scraper.py > get_service_info(): Line 316 - WARNING - WA_Wohnanteilplan_keineAussage: GetMap request is blocked for this layer
2026-01-25 03:45:17,584 - Scraping log - scraper.py > get_service_info(): Line 319 - ERROR - WA_Wohnanteilplan_Innenstadt: HTTPSConnectionPool(host='wms.geo.bs.ch', port=443): Read timed out. (read timeout=10)
2026-01-25 03:45:27,601 - Scraping log - scraper.py > get_service_info(): Line 316 - WARNING - WA_Wohnanteilplan_Bebauungsplan: GetMap request is blocked for this layer
2026-01-25 03:45:39,606 - Scraping log - scraper.py > get_service_info(): Line 316 - WARNING - WE_Bezirk: GetMap request is blocked for this layer
2026-01-25 03:45:52,142 - Scraping log - scraper.py > get_service_info(): Line 316 - WARNING - WG_Waldgrenze: GetMap request is blocked for this layer
2026-01-25 03:46:04,903 - Scraping log - scraper.py > get_service_info(): Line 316 - WARNING - Pendlerrouten: GetMap request is blocked for this layer
2026-01-25 03:46:15,236 - Scraping log - scraper.py > get_service_info(): Line 316 - WARNING - Basisrouten: GetMap request is blocked for this layer
2026-01-25 03:46:25,439 - Scraping log - scraper.py > get_service_info(): Line 316 - WARNING - Bike und Ride Anlagen: GetMap request is blocked for this layer
2026-01-25 03:46:35,644 - Scraping log - scraper.py > get_service_info(): Line 316 - WARNING - Velostationen: GetMap request is blocked for this layer
2026-01-25 03:46:47,060 - Scraping log - scraper.py > get_service_info(): Line 316 - WARNING - AN_ArchaeologischeInformationsstellen: GetMap request is blocked for this layer
2026-01-25 03:46:58,456 - Scraping log - scraper.py > get_service_info(): Line 316 - WARNING - WW_Wanderwegnetz: GetMap request is blocked for this layer
2026-01-25 03:47:10,636 - Scraping log - scraper.py > get_service_info(): Line 316 - WARNING - WW_Wanderroute: GetMap request is blocked for this layer
2026-01-25 03:47:20,759 - Scraping log - scraper.py > get_service_info(): Line 316 - WARNING - FS_FokusgebieteStadtklimakonzept: GetMap request is blocked for this layer
2026-01-25 03:47:31,619 - Scraping log - scraper.py > get_service_info(): Line 316 - WARNING - PB_Parkplatzauslastung: GetMap request is blocked for this layer
2026-01-25 03:47:41,641 - Scraping log - scraper.py > get_service_info(): Line 316 - WARNING - US_UnterBeobachtung: GetMap request is blocked for this layer
2026-01-25 03:47:52,607 - Scraping log - scraper.py > get_service_info(): Line 316 - WARNING - US_BereitsGetroffeneMassnahmen: GetMap request is blocked for this layer
2026-01-25 03:48:02,795 - Scraping log - scraper.py > get_service_info(): Line 316 - WARNING - US_Saniert: GetMap request is blocked for this layer
2026-01-25 03:48:14,011 - Scraping log - scraper.py > get_service_info(): Line 319 - ERROR - GX_Temperatur: HTTPSConnectionPool(host='wms.geo.bs.ch', port=443): Read timed out. (read timeout=10)
2026-01-25 03:48:24,036 - Scraping log - scraper.py > get_service_info(): Line 316 - WARNING - GX_Wasserstand: GetMap request is blocked for this layer
2026-01-25 03:48:35,125 - Scraping log - scraper.py > get_service_info(): Line 316 - WARNING - Infrastruktur: GetMap request is blocked for this layer
2026-01-25 03:48:45,234 - Scraping log - scraper.py > get_service_info(): Line 316 - WARNING - AH_AbfuhrzoneGemeindenRiehenBettingen: GetMap request is blocked for this layer
2026-01-25 03:48:56,207 - Scraping log - scraper.py > get_service_info(): Line 316 - WARNING - SY_SmileyGeschwindigkeitsanzeigen_ausserBetrieb: GetMap request is blocked for this layer
2026-01-25 03:49:06,224 - Scraping log - scraper.py > get_service_info(): Line 316 - WARNING - SY_SmileyGeschwindigkeitsanzeigen_inBetrieb: GetMap request is blocked for this layer
2026-01-25 03:49:17,500 - Scraping log - scraper.py > get_service_info(): Line 319 - ERROR - ZS_Quartier: HTTPSConnectionPool(host='wms.geo.bs.ch', port=443): Read timed out. (read timeout=10)
2026-01-25 03:49:27,515 - Scraping log - scraper.py > get_service_info(): Line 316 - WARNING - ZS_Sektor: GetMap request is blocked for this layer
2026-01-25 03:49:40,169 - Scraping log - scraper.py > get_service_info(): Line 316 - WARNING - WR_Waldreservate_Mittelwald: GetMap request is blocked for this layer
2026-01-25 03:49:52,680 - Scraping log - scraper.py > get_service_info(): Line 316 - WARNING - FW_IWBFernwaermeVersorgungsgebiet: GetMap request is blocked for this layer
2026-01-25 03:50:04,705 - Scraping log - scraper.py > get_service_info(): Line 316 - WARNING - Baulinien Basel-Stadt: GetMap request is blocked for this layer
2026-01-25 03:50:14,916 - Scraping log - scraper.py > get_service_info(): Line 316 - WARNING - Strassenlinien Basel-Stadt: GetMap request is blocked for this layer
2026-01-25 03:50:27,386 - Scraping log - scraper.py > get_service_info(): Line 316 - WARNING - Strassenlinien Riehen: GetMap request is blocked for this layer
2026-01-25 03:50:37,687 - Scraping log - scraper.py > get_service_info(): Line 316 - WARNING - BM_BSWL_Riehen_Label: GetMap request is blocked for this layer
2026-01-25 03:50:49,167 - Scraping log - scraper.py > get_service_info(): Line 316 - WARNING - Strassenlinien Bettingen: GetMap request is blocked for this layer
2026-01-25 03:50:59,461 - Scraping log - scraper.py > get_service_info(): Line 316 - WARNING - BO_BSWL_Bettingen_Label: GetMap request is blocked for this layer
2026-01-25 03:51:10,611 - Scraping log - scraper.py > get_service_info(): Line 316 - WARNING - VM_Sperrzone: GetMap request is blocked for this layer
2026-01-25 03:51:20,625 - Scraping log - scraper.py > get_service_info(): Line 316 - WARNING - VM_Parkverbotszone: GetMap request is blocked for this layer
2026-01-25 03:51:32,469 - Scraping log - scraper.py > get_service_info(): Line 316 - WARNING - VT_Gebietsverantwortliche: GetMap request is blocked for this layer
2026-01-25 03:51:42,494 - Scraping log - scraper.py > get_service_info(): Line 316 - WARNING - WY_Betrieb: GetMap request is blocked for this layer
2026-01-25 03:51:55,281 - Scraping log - scraper.py > get_service_info(): Line 316 - WARNING - XS_2emCars: GetMap request is blocked for this layer
2026-01-25 03:52:07,580 - Scraping log - scraper.py > get_service_info(): Line 316 - WARNING - Partizipation: GetMap request is blocked for this layer
2026-01-25 03:52:19,477 - Scraping log - scraper.py > get_service_info(): Line 316 - WARNING - Auswertung: GetMap request is blocked for this layer
2026-01-25 03:52:29,584 - Scraping log - scraper.py > get_service_info(): Line 316 - WARNING - Auswertungskriterien: GetMap request is blocked for this layer
2026-01-25 03:52:39,793 - Scraping log - scraper.py > get_service_info(): Line 316 - WARNING - HD_UntersuchteDachflaeche: GetMap request is blocked for this layer
2026-01-25 03:52:49,808 - Scraping log - scraper.py > get_service_info(): Line 316 - WARNING - HD_HistorischerOrtskern: GetMap request is blocked for this layer
2026-01-25 03:52:59,822 - Scraping log - scraper.py > get_service_info(): Line 316 - WARNING - VG_Mauersegler_belegt: GetMap request is blocked for this layer
2026-01-25 03:53:09,943 - Scraping log - scraper.py > get_service_info(): Line 316 - WARNING - VG_Mauersegler_verlassen: GetMap request is blocked for this layer
2026-01-25 03:53:19,958 - Scraping log - scraper.py > get_service_info(): Line 316 - WARNING - VG_Mauersegler_kuenstlich: GetMap request is blocked for this layer
2026-01-25 03:53:29,972 - Scraping log - scraper.py > get_service_info(): Line 316 - WARNING - VG_Mauersegler_vermutet: GetMap request is blocked for this layer
2026-01-25 03:53:40,224 - Scraping log - scraper.py > get_service_info(): Line 319 - ERROR - VG_Alpensegler_belegt: HTTPSConnectionPool(host='wms.geo.bs.ch', port=443): Read timed out. (read timeout=10)
2026-01-25 03:53:50,239 - Scraping log - scraper.py > get_service_info(): Line 316 - WARNING - VG_Alpensegler_verlassen: GetMap request is blocked for this layer
2026-01-25 03:54:00,363 - Scraping log - scraper.py > get_service_info(): Line 316 - WARNING - VG_Alpensegler_kuenstlich: GetMap request is blocked for this layer
2026-01-25 03:54:10,386 - Scraping log - scraper.py > get_service_info(): Line 316 - WARNING - VG_Alpensegler_vermutet: GetMap request is blocked for this layer
2026-01-25 03:54:20,401 - Scraping log - scraper.py > get_service_info(): Line 316 - WARNING - VG_Rauchschwalbe_belegt: GetMap request is blocked for this layer
2026-01-25 03:54:30,517 - Scraping log - scraper.py > get_service_info(): Line 316 - WARNING - VG_Rauchschwalbe_verlassen: GetMap request is blocked for this layer
2026-01-25 03:54:40,641 - Scraping log - scraper.py > get_service_info(): Line 316 - WARNING - VG_Rauchschwalbe_kuenstlich: GetMap request is blocked for this layer
2026-01-25 03:54:50,778 - Scraping log - scraper.py > get_service_info(): Line 316 - WARNING - VG_Mehlschwalbe_belegt: GetMap request is blocked for this layer
2026-01-25 03:55:00,789 - Scraping log - scraper.py > get_service_info(): Line 316 - WARNING - VG_Mehlschwalbe_verlassen: GetMap request is blocked for this layer
2026-01-25 03:55:10,803 - Scraping log - scraper.py > get_service_info(): Line 316 - WARNING - VG_Mehlschwalbe_kuenstlich: GetMap request is blocked for this layer
2026-01-25 03:55:20,817 - Scraping log - scraper.py > get_service_info(): Line 316 - WARNING - NO_Notfalltreffpunkt: GetMap request is blocked for this layer
2026-01-25 03:55:30,982 - Scraping log - scraper.py > get_service_info(): Line 319 - ERROR - GT_Gewaesserraum: HTTPSConnectionPool(host='wms.geo.bs.ch', port=443): Read timed out. (read timeout=10)
2026-01-25 03:55:41,127 - Scraping log - scraper.py > get_service_info(): Line 319 - ERROR - GT_DichtesGebiet: HTTPSConnectionPool(host='wms.geo.bs.ch', port=443): Read timed out. (read timeout=10)
2026-01-25 03:55:52,911 - Scraping log - scraper.py >         <module>(): Line 751 - INFO - Running default scraper on KT_BE > https://www.geoservice.apps.be.ch/geoservice3/services/a42geo/of_climatologymeteorologyatmosphere01_de_ms_wms/MapServer/WMSServer?&request=GetCapabilities&service=WMS (source 9/1467)
2026-01-25 03:56:08,277 - Scraping log - scraper.py > get_service_info(): Line 319 - ERROR - KLIMAPHK_GRFL60_VW_13829: HTTPSConnectionPool(host='www.geoservice.apps.be.ch', port=443): Read timed out. (read timeout=10)
2026-01-25 03:56:18,532 - Scraping log - scraper.py > get_service_info(): Line 319 - ERROR - KLIMAPHK_GRFL20_VW_15365: HTTPSConnectionPool(host='www.geoservice.apps.be.ch', port=443): Read timed out. (read timeout=10)
2026-01-25 03:56:28,785 - Scraping log - scraper.py > get_service_info(): Line 319 - ERROR - KLIMAPHK_VERK60_VW_16007: HTTPSConnectionPool(host='www.geoservice.apps.be.ch', port=443): Read timed out. (read timeout=10)
2026-01-25 03:56:39,341 - Scraping log - scraper.py > get_service_info(): Line 319 - ERROR - KLIMAPHK_VERK20_VW_15302: HTTPSConnectionPool(host='www.geoservice.apps.be.ch', port=443): Read timed out. (read timeout=10)
2026-01-25 03:56:57,157 - Scraping log - scraper.py > get_service_info(): Line 319 - ERROR - KLIMAPHK_SIED20_VW_1766: HTTPSConnectionPool(host='www.geoservice.apps.be.ch', port=443): Read timed out. (read timeout=10)
2026-01-25 03:57:14,260 - Scraping log - scraper.py > get_service_info(): Line 319 - ERROR - KLIMAPHK_GRFL60_VW_13880: HTTPSConnectionPool(host='www.geoservice.apps.be.ch', port=443): Read timed out. (read timeout=10)
2026-01-25 03:57:24,820 - Scraping log - scraper.py > get_service_info(): Line 319 - ERROR - KLIMAPHK_GRFL20_VW_13786: HTTPSConnectionPool(host='www.geoservice.apps.be.ch', port=443): Read timed out. (read timeout=10)
2026-01-25 03:57:35,073 - Scraping log - scraper.py > get_service_info(): Line 319 - ERROR - KLIMAPHK_VERK60_VW_15458: HTTPSConnectionPool(host='www.geoservice.apps.be.ch', port=443): Read timed out. (read timeout=10)
2026-01-25 03:57:45,317 - Scraping log - scraper.py > get_service_info(): Line 319 - ERROR - KLIMAPHK_VERK20_VW_15459: HTTPSConnectionPool(host='www.geoservice.apps.be.ch', port=443): Read timed out. (read timeout=10)
2026-01-25 03:58:12,794 - Scraping log - scraper.py >         <module>(): Line 751 - INFO - Running default scraper on KT_BE > https://www.geoservice.apps.be.ch/geoservice3/services/a42geo/of_climatologymeteorologyatmosphere01_de_ms_wfs/MapServer/WFSServer?&request=GetCapabilities&service=WFS (source 10/1467)
2026-01-25 03:58:16,239 - Scraping log - scraper.py >         <module>(): Line 751 - INFO - Running default scraper on KT_BE > https://www.geoservice.apps.be.ch/geoservice3/services/a42geo/of_climatologymeteorologyatmosphere02_de_ms_wms/MapServer/WMSServer?&request=GetCapabilities&service=WMS (source 11/1467)
2026-01-25 03:58:38,038 - Scraping log - scraper.py >         <module>(): Line 751 - INFO - Running default scraper on KT_BE > https://www.geoservice.apps.be.ch/geoservice3/services/a42geo/of_climatologymeteorologyatmosphere02_de_ms_wfs/MapServer/WFSServer?&request=GetCapabilities&service=WFS (source 12/1467)
2026-01-25 03:58:40,705 - Scraping log - scraper.py >         <module>(): Line 751 - INFO - Running default scraper on KT_BE > https://www.geoservice.apps.be.ch/geoservice3/services/a42geo/of_imagerybasemapsearthcover01_de_ms_wms/MapServer/WMSServer?&request=GetCapabilities&service=WMS (source 13/1467)
2026-01-25 03:58:45,605 - Scraping log - scraper.py >         <module>(): Line 751 - INFO - Running default scraper on KT_BE > https://www.geoservice.apps.be.ch/geoservice3/services/a42geo/of_imagerybasemapsearthcover01_de_ms_wfs/MapServer/WFSServer?&request=GetCapabilities&service=WFS (source 14/1467)
2026-01-25 03:58:47,960 - Scraping log - scraper.py >         <module>(): Line 751 - INFO - Running default scraper on KT_BE > https://www.geoservice.apps.be.ch/geoservice3/services/a42geo/of_society01_de_ms_wms/MapServer/WMSServer?&request=GetCapabilities&service=WMS (source 15/1467)
2026-01-25 03:59:04,345 - Scraping log - scraper.py >         <module>(): Line 751 - INFO - Running default scraper on KT_BE > https://www.geoservice.apps.be.ch/geoservice3/services/a42geo/of_society01_de_ms_wfs/MapServer/WFSServer?&request=GetCapabilities&service=WFS (source 16/1467)
2026-01-25 03:59:07,814 - Scraping log - scraper.py >         <module>(): Line 751 - INFO - Running default scraper on KT_BE > https://www.geoservice.apps.be.ch/geoservice3/services/a42geo/of_society02_de_ms_wms/MapServer/WMSServer?&request=GetCapabilities&service=WMS (source 17/1467)
2026-01-25 03:59:36,706 - Scraping log - scraper.py >         <module>(): Line 751 - INFO - Running default scraper on KT_BE > https://www.geoservice.apps.be.ch/geoservice3/services/a42geo/of_society02_de_ms_wfs/MapServer/WFSServer?&request=GetCapabilities&service=WFS (source 18/1467)
2026-01-25 03:59:40,459 - Scraping log - scraper.py >         <module>(): Line 751 - INFO - Running default scraper on KT_BE > https://www.geoservice.apps.be.ch/geoservice3/services/a42geo/of_society03_de_ms_wms/MapServer/WMSServer?&request=GetCapabilities&service=WMS (source 19/1467)
2026-01-25 03:59:46,690 - Scraping log - scraper.py >         <module>(): Line 751 - INFO - Running default scraper on KT_BE > https://www.geoservice.apps.be.ch/geoservice3/services/a42geo/of_society03_de_ms_wfs/MapServer/WFSServer?&request=GetCapabilities&service=WFS (source 20/1467)
2026-01-25 03:59:49,217 - Scraping log - scraper.py >         <module>(): Line 751 - INFO - Running default scraper on KT_BE > https://www.geoservice.apps.be.ch/geoservice3/services/a42geo/of_structure01_de_ms_wms/MapServer/WMSServer?&request=GetCapabilities&service=WMS (source 21/1467)
2026-01-25 04:00:04,509 - Scraping log - scraper.py > get_service_info(): Line 319 - ERROR - BAUINV_GRUPPEN_VW_13691: HTTPSConnectionPool(host='www.geoservice.apps.be.ch', port=443): Read timed out. (read timeout=10)
2026-01-25 04:00:05,925 - Scraping log - scraper.py >         <module>(): Line 751 - INFO - Running default scraper on KT_BE > https://www.geoservice.apps.be.ch/geoservice3/services/a42geo/of_structure01_de_ms_wfs/MapServer/WFSServer?&request=GetCapabilities&service=WFS (source 22/1467)
2026-01-25 04:00:08,632 - Scraping log - scraper.py >         <module>(): Line 751 - INFO - Running default scraper on KT_BE > https://www.geoservice.apps.be.ch/geoservice3/services/a42geo/of_geoscientificinformation01_de_ms_wms/MapServer/WMSServer?&request=GetCapabilities&service=WMS (source 23/1467)
2026-01-25 04:00:24,196 - Scraping log - scraper.py >         <module>(): Line 751 - INFO - Running default scraper on KT_BE > https://www.geoservice.apps.be.ch/geoservice3/services/a42geo/of_geoscientificinformation01_de_ms_wfs/MapServer/WFSServer?&request=GetCapabilities&service=WFS (source 24/1467)
2026-01-25 04:00:27,599 - Scraping log - scraper.py >         <module>(): Line 751 - INFO - Running default scraper on KT_BE > https://www.geoservice.apps.be.ch/geoservice3/services/a42geo/of_geoscientificinformation02_de_ms_wms/MapServer/WMSServer?&request=GetCapabilities&service=WMS (source 25/1467)
2026-01-25 04:00:49,004 - Scraping log - scraper.py >         <module>(): Line 751 - INFO - Running default scraper on KT_BE > https://www.geoservice.apps.be.ch/geoservice3/services/a42geo/of_geoscientificinformation02_de_ms_wfs/MapServer/WFSServer?&request=GetCapabilities&service=WFS (source 26/1467)
2026-01-25 04:00:52,659 - Scraping log - scraper.py >         <module>(): Line 751 - INFO - Running default scraper on KT_BE > https://www.geoservice.apps.be.ch/geoservice3/services/a42geo/of_geoscientificinformation03_de_ms_wms/MapServer/WMSServer?&request=GetCapabilities&service=WMS (source 27/1467)
2026-01-25 04:01:31,002 - Scraping log - scraper.py >         <module>(): Line 751 - INFO - Running default scraper on KT_BE > https://www.geoservice.apps.be.ch/geoservice3/services/a42geo/of_geoscientificinformation03_de_ms_wfs/MapServer/WFSServer?&request=GetCapabilities&service=WFS (source 28/1467)
2026-01-25 04:01:34,611 - Scraping log - scraper.py >         <module>(): Line 751 - INFO - Running default scraper on KT_BE > https://www.geoservice.apps.be.ch/geoservice3/services/a42geo/of_health01_de_ms_wms/MapServer/WMSServer?&request=GetCapabilities&service=WMS (source 29/1467)
2026-01-25 04:01:49,189 - Scraping log - scraper.py >         <module>(): Line 751 - INFO - Running default scraper on KT_BE > https://www.geoservice.apps.be.ch/geoservice3/services/a42geo/of_health01_de_ms_wfs/MapServer/WFSServer?&request=GetCapabilities&service=WFS (source 30/1467)
2026-01-25 04:01:52,624 - Scraping log - scraper.py >         <module>(): Line 751 - INFO - Running default scraper on KT_BE > https://www.geoservice.apps.be.ch/geoservice3/services/a42geo/of_inlandwaters01_de_ms_wms/MapServer/WMSServer?&request=GetCapabilities&service=WMS (source 31/1467)
2026-01-25 04:02:35,837 - Scraping log - scraper.py >         <module>(): Line 751 - INFO - Running default scraper on KT_BE > https://www.geoservice.apps.be.ch/geoservice3/services/a42geo/of_inlandwaters01_de_ms_wfs/MapServer/WFSServer?&request=GetCapabilities&service=WFS (source 32/1467)
2026-01-25 04:02:40,564 - Scraping log - scraper.py >         <module>(): Line 751 - INFO - Running default scraper on KT_BE > https://www.geoservice.apps.be.ch/geoservice3/services/a42geo/of_inlandwaters02_de_ms_wms/MapServer/WMSServer?&request=GetCapabilities&service=WMS (source 33/1467)
2026-01-25 04:03:08,921 - Scraping log - scraper.py >         <module>(): Line 751 - INFO - Running default scraper on KT_BE > https://www.geoservice.apps.be.ch/geoservice3/services/a42geo/of_inlandwaters02_de_ms_wfs/MapServer/WFSServer?&request=GetCapabilities&service=WFS (source 34/1467)
2026-01-25 04:03:15,768 - Scraping log - scraper.py >         <module>(): Line 751 - INFO - Running default scraper on KT_BE > https://www.geoservice.apps.be.ch/geoservice3/services/a42geo/of_inlandwaters03_de_ms_wms/MapServer/WMSServer?&request=GetCapabilities&service=WMS (source 35/1467)
2026-01-25 04:03:48,759 - Scraping log - scraper.py >         <module>(): Line 751 - INFO - Running default scraper on KT_BE > https://www.geoservice.apps.be.ch/geoservice3/services/a42geo/of_inlandwaters03_de_ms_wfs/MapServer/WFSServer?&request=GetCapabilities&service=WFS (source 36/1467)
2026-01-25 04:03:53,084 - Scraping log - scraper.py >         <module>(): Line 751 - INFO - Running default scraper on KT_BE > https://www.geoservice.apps.be.ch/geoservice3/services/a42geo/of_elevation01_de_ms_wms/MapServer/WMSServer?&request=GetCapabilities&service=WMS (source 37/1467)
2026-01-25 04:04:15,945 - Scraping log - scraper.py >         <module>(): Line 751 - INFO - Running default scraper on KT_BE > https://www.geoservice.apps.be.ch/geoservice3/services/a42geo/of_elevation01_de_ms_wfs/MapServer/WFSServer?&request=GetCapabilities&service=WFS (source 38/1467)
2026-01-25 04:04:18,962 - Scraping log - scraper.py >         <module>(): Line 751 - INFO - Running default scraper on KT_BE > https://www.geoservice.apps.be.ch/geoservice3/services/a42geo/of_farming01_de_ms_wms/MapServer/WMSServer?&request=GetCapabilities&service=WMS (source 39/1467)
2026-01-25 04:04:36,112 - Scraping log - scraper.py >         <module>(): Line 751 - INFO - Running default scraper on KT_BE > https://www.geoservice.apps.be.ch/geoservice3/services/a42geo/of_farming01_de_ms_wfs/MapServer/WFSServer?&request=GetCapabilities&service=WFS (source 40/1467)
2026-01-25 04:04:39,864 - Scraping log - scraper.py >         <module>(): Line 751 - INFO - Running default scraper on KT_BE > https://www.geoservice.apps.be.ch/geoservice3/services/a42geo/of_farming02_de_ms_wms/MapServer/WMSServer?&request=GetCapabilities&service=WMS (source 41/1467)
2026-01-25 04:04:53,985 - Scraping log - scraper.py >         <module>(): Line 751 - INFO - Running default scraper on KT_BE > https://www.geoservice.apps.be.ch/geoservice3/services/a42geo/of_farming02_de_ms_wfs/MapServer/WFSServer?&request=GetCapabilities&service=WFS (source 42/1467)
2026-01-25 04:04:57,221 - Scraping log - scraper.py >         <module>(): Line 751 - INFO - Running default scraper on KT_BE > https://www.geoservice.apps.be.ch/geoservice3/services/a42geo/of_farming03_de_ms_wms/MapServer/WMSServer?&request=GetCapabilities&service=WMS (source 43/1467)
2026-01-25 04:05:13,088 - Scraping log - scraper.py >         <module>(): Line 751 - INFO - Running default scraper on KT_BE > https://www.geoservice.apps.be.ch/geoservice3/services/a42geo/of_farming03_de_ms_wfs/MapServer/WFSServer?&request=GetCapabilities&service=WFS (source 44/1467)
2026-01-25 04:05:16,651 - Scraping log - scraper.py >         <module>(): Line 751 - INFO - Running default scraper on KT_BE > https://www.geoservice.apps.be.ch/geoservice3/services/a42geo/of_location01_de_ms_wms/MapServer/WMSServer?&request=GetCapabilities&service=WMS (source 45/1467)
2026-01-25 04:05:26,251 - Scraping log - scraper.py >         <module>(): Line 751 - INFO - Running default scraper on KT_BE > https://www.geoservice.apps.be.ch/geoservice3/services/a42geo/of_location01_de_ms_wfs/MapServer/WFSServer?&request=GetCapabilities&service=WFS (source 46/1467)
2026-01-25 04:05:28,911 - Scraping log - scraper.py >         <module>(): Line 751 - INFO - Running default scraper on KT_BE > https://www.geoservice.apps.be.ch/geoservice3/services/a42geo/of_boundaries01_de_ms_wms/MapServer/WMSServer?&request=GetCapabilities&service=WMS (source 47/1467)
2026-01-25 04:05:54,933 - Scraping log - scraper.py >         <module>(): Line 751 - INFO - Running default scraper on KT_BE > https://www.geoservice.apps.be.ch/geoservice3/services/a42geo/of_boundaries01_de_ms_wfs/MapServer/WFSServer?&request=GetCapabilities&service=WFS (source 48/1467)
2026-01-25 04:05:58,365 - Scraping log - scraper.py >         <module>(): Line 751 - INFO - Running default scraper on KT_BE > https://www.geoservice.apps.be.ch/geoservice3/services/a42geo/of_boundaries02_de_ms_wms/MapServer/WMSServer?&request=GetCapabilities&service=WMS (source 49/1467)
2026-01-25 04:06:24,459 - Scraping log - scraper.py >         <module>(): Line 751 - INFO - Running default scraper on KT_BE > https://www.geoservice.apps.be.ch/geoservice3/services/a42geo/of_boundaries02_de_ms_wfs/MapServer/WFSServer?&request=GetCapabilities&service=WFS (source 50/1467)
2026-01-25 04:06:27,915 - Scraping log - scraper.py >         <module>(): Line 751 - INFO - Running default scraper on KT_BE > https://www.geoservice.apps.be.ch/geoservice3/services/a42geo/of_boundaries03_de_ms_wms/MapServer/WMSServer?&request=GetCapabilities&service=WMS (source 51/1467)
2026-01-25 04:06:58,606 - Scraping log - scraper.py >         <module>(): Line 751 - INFO - Running default scraper on KT_BE > https://www.geoservice.apps.be.ch/geoservice3/services/a42geo/of_boundaries03_de_ms_wfs/MapServer/WFSServer?&request=GetCapabilities&service=WFS (source 52/1467)
2026-01-25 04:07:03,787 - Scraping log - scraper.py >         <module>(): Line 751 - INFO - Running default scraper on KT_BE > https://www.geoservice.apps.be.ch/geoservice3/services/a42geo/of_boundaries04_de_ms_wms/MapServer/WMSServer?&request=GetCapabilities&service=WMS (source 53/1467)
2026-01-25 04:07:26,154 - Scraping log - scraper.py >         <module>(): Line 751 - INFO - Running default scraper on KT_BE > https://www.geoservice.apps.be.ch/geoservice3/services/a42geo/of_boundaries04_de_ms_wfs/MapServer/WFSServer?&request=GetCapabilities&service=WFS (source 54/1467)
2026-01-25 04:07:29,874 - Scraping log - scraper.py >         <module>(): Line 751 - INFO - Running default scraper on KT_BE > https://www.geoservice.apps.be.ch/geoservice3/services/a42geo/of_boundaries05_de_ms_wms/MapServer/WMSServer?&request=GetCapabilities&service=WMS (source 55/1467)
2026-01-25 04:07:51,539 - Scraping log - scraper.py >         <module>(): Line 751 - INFO - Running default scraper on KT_BE > https://www.geoservice.apps.be.ch/geoservice3/services/a42geo/of_boundaries05_de_ms_wfs/MapServer/WFSServer?&request=GetCapabilities&service=WFS (source 56/1467)
2026-01-25 04:07:55,476 - Scraping log - scraper.py >         <module>(): Line 751 - INFO - Running default scraper on KT_BE > https://www.geoservice.apps.be.ch/geoservice3/services/a42geo/of_boundaries06_de_ms_wms/MapServer/WMSServer?&request=GetCapabilities&service=WMS (source 57/1467)
2026-01-25 04:08:07,543 - Scraping log - scraper.py >         <module>(): Line 751 - INFO - Running default scraper on KT_BE > https://www.geoservice.apps.be.ch/geoservice3/services/a42geo/of_boundaries06_de_ms_wfs/MapServer/WFSServer?&request=GetCapabilities&service=WFS (source 58/1467)
2026-01-25 04:08:10,921 - Scraping log - scraper.py >         <module>(): Line 751 - INFO - Running default scraper on KT_BE > https://www.geoservice.apps.be.ch/geoservice3/services/a42geo/of_planningcadastre01_de_ms_wms/MapServer/WMSServer?&request=GetCapabilities&service=WMS (source 59/1467)
2026-01-25 04:08:49,029 - Scraping log - scraper.py > get_service_info(): Line 319 - ERROR - KULTLAND_KULTLAND_VW_21020: HTTPSConnectionPool(host='www.geoservice.apps.be.ch', port=443): Read timed out. (read timeout=10)
2026-01-25 04:09:05,516 - Scraping log - scraper.py >         <module>(): Line 751 - INFO - Running default scraper on KT_BE > https://www.geoservice.apps.be.ch/geoservice3/services/a42geo/of_planningcadastre01_de_ms_wfs/MapServer/WFSServer?&request=GetCapabilities&service=WFS (source 60/1467)
2026-01-25 04:09:11,186 - Scraping log - scraper.py >         <module>(): Line 751 - INFO - Running default scraper on KT_BE > https://www.geoservice.apps.be.ch/geoservice3/services/a42geo/of_planningcadastre02_de_ms_wms/MapServer/WMSServer?&request=GetCapabilities&service=WMS (source 61/1467)
2026-01-25 04:09:39,683 - Scraping log - scraper.py >         <module>(): Line 751 - INFO - Running default scraper on KT_BE > https://www.geoservice.apps.be.ch/geoservice3/services/a42geo/of_planningcadastre02_de_ms_wfs/MapServer/WFSServer?&request=GetCapabilities&service=WFS (source 62/1467)
2026-01-25 04:09:44,981 - Scraping log - scraper.py >         <module>(): Line 751 - INFO - Running default scraper on KT_BE > https://www.geoservice.apps.be.ch/geoservice3/services/a42geo/of_planningcadastre03_de_ms_wms/MapServer/WMSServer?&request=GetCapabilities&service=WMS (source 63/1467)
2026-01-25 04:10:11,600 - Scraping log - scraper.py >         <module>(): Line 751 - INFO - Running default scraper on KT_BE > https://www.geoservice.apps.be.ch/geoservice3/services/a42geo/of_planningcadastre03_de_ms_wfs/MapServer/WFSServer?&request=GetCapabilities&service=WFS (source 64/1467)
2026-01-25 04:10:17,298 - Scraping log - scraper.py >         <module>(): Line 751 - INFO - Running default scraper on KT_BE > https://www.geoservice.apps.be.ch/geoservice3/services/a42geo/of_planningcadastre04_de_ms_wms/MapServer/WMSServer?&request=GetCapabilities&service=WMS (source 65/1467)
2026-01-25 04:10:54,329 - Scraping log - scraper.py >         <module>(): Line 751 - INFO - Running default scraper on KT_BE > https://www.geoservice.apps.be.ch/geoservice3/services/a42geo/of_planningcadastre04_de_ms_wfs/MapServer/WFSServer?&request=GetCapabilities&service=WFS (source 66/1467)
2026-01-25 04:11:00,575 - Scraping log - scraper.py >         <module>(): Line 751 - INFO - Running default scraper on KT_BE > https://www.geoservice.apps.be.ch/geoservice3/services/a42geo/of_planningcadastre05_de_ms_wms/MapServer/WMSServer?&request=GetCapabilities&service=WMS (source 67/1467)
2026-01-25 04:11:12,059 - Scraping log - scraper.py > get_service_info(): Line 319 - ERROR - OEREBSTA_THEMEN_VW_36423: HTTPSConnectionPool(host='www.geoservice.apps.be.ch', port=443): Read timed out. (read timeout=10)
2026-01-25 04:11:38,194 - Scraping log - scraper.py >         <module>(): Line 751 - INFO - Running default scraper on KT_BE > https://www.geoservice.apps.be.ch/geoservice3/services/a42geo/of_planningcadastre05_de_ms_wfs/MapServer/WFSServer?&request=GetCapabilities&service=WFS (source 68/1467)
2026-01-25 04:11:43,139 - Scraping log - scraper.py >         <module>(): Line 751 - INFO - Running default scraper on KT_BE > https://www.geoservice.apps.be.ch/geoservice3/services/a42geo/of_planningcadastre06_de_ms_wms/MapServer/WMSServer?&request=GetCapabilities&service=WMS (source 69/1467)
2026-01-25 04:11:57,564 - Scraping log - scraper.py >         <module>(): Line 751 - INFO - Running default scraper on KT_BE > https://www.geoservice.apps.be.ch/geoservice3/services/a42geo/of_planningcadastre06_de_ms_wfs/MapServer/WFSServer?&request=GetCapabilities&service=WFS (source 70/1467)
2026-01-25 04:12:00,600 - Scraping log - scraper.py >         <module>(): Line 751 - INFO - Running default scraper on KT_BE > https://www.geoservice.apps.be.ch/geoservice3/services/a42geo/of_planningcadastre07_de_ms_wms/MapServer/WMSServer?&request=GetCapabilities&service=WMS (source 71/1467)
2026-01-25 04:12:19,373 - Scraping log - scraper.py >         <module>(): Line 751 - INFO - Running default scraper on KT_BE > https://www.geoservice.apps.be.ch/geoservice3/services/a42geo/of_planningcadastre07_de_ms_wfs/MapServer/WFSServer?&request=GetCapabilities&service=WFS (source 72/1467)
2026-01-25 04:12:23,511 - Scraping log - scraper.py >         <module>(): Line 751 - INFO - Running default scraper on KT_BE > https://www.geoservice.apps.be.ch/geoservice3/services/a42geo/of_environment01_de_ms_wms/MapServer/WMSServer?&request=GetCapabilities&service=WMS (source 73/1467)
2026-01-25 04:12:45,401 - Scraping log - scraper.py >         <module>(): Line 751 - INFO - Running default scraper on KT_BE > https://www.geoservice.apps.be.ch/geoservice3/services/a42geo/of_environment01_de_ms_wfs/MapServer/WFSServer?&request=GetCapabilities&service=WFS (source 74/1467)
2026-01-25 04:12:49,805 - Scraping log - scraper.py >         <module>(): Line 751 - INFO - Running default scraper on KT_BE > https://www.geoservice.apps.be.ch/geoservice3/services/a42geo/of_environment02_de_ms_wms/MapServer/WMSServer?&request=GetCapabilities&service=WMS (source 75/1467)
2026-01-25 04:12:59,549 - Scraping log - scraper.py >         <module>(): Line 751 - INFO - Running default scraper on KT_BE > https://www.geoservice.apps.be.ch/geoservice3/services/a42geo/of_environment02_de_ms_wfs/MapServer/WFSServer?&request=GetCapabilities&service=WFS (source 76/1467)
2026-01-25 04:13:02,804 - Scraping log - scraper.py >         <module>(): Line 751 - INFO - Running default scraper on KT_BE > https://www.geoservice.apps.be.ch/geoservice3/services/a42geo/of_environment03_de_ms_wms/MapServer/WMSServer?&request=GetCapabilities&service=WMS (source 77/1467)
2026-01-25 04:13:40,398 - Scraping log - scraper.py >         <module>(): Line 751 - INFO - Running default scraper on KT_BE > https://www.geoservice.apps.be.ch/geoservice3/services/a42geo/of_environment03_de_ms_wfs/MapServer/WFSServer?&request=GetCapabilities&service=WFS (source 78/1467)
2026-01-25 04:13:44,766 - Scraping log - scraper.py >         <module>(): Line 751 - INFO - Running default scraper on KT_BE > https://www.geoservice.apps.be.ch/geoservice3/services/a42geo/of_transportation01_de_ms_wms/MapServer/WMSServer?&request=GetCapabilities&service=WMS (source 79/1467)
2026-01-25 04:14:15,659 - Scraping log - scraper.py >         <module>(): Line 751 - INFO - Running default scraper on KT_BE > https://www.geoservice.apps.be.ch/geoservice3/services/a42geo/of_transportation01_de_ms_wfs/MapServer/WFSServer?&request=GetCapabilities&service=WFS (source 80/1467)
2026-01-25 04:14:21,337 - Scraping log - scraper.py >         <module>(): Line 751 - INFO - Running default scraper on KT_BE > https://www.geoservice.apps.be.ch/geoservice3/services/a42geo/of_transportation02_de_ms_wms/MapServer/WMSServer?&request=GetCapabilities&service=WMS (source 81/1467)
2026-01-25 04:14:45,529 - Scraping log - scraper.py >         <module>(): Line 751 - INFO - Running default scraper on KT_BE > https://www.geoservice.apps.be.ch/geoservice3/services/a42geo/of_transportation02_de_ms_wfs/MapServer/WFSServer?&request=GetCapabilities&service=WFS (source 82/1467)
2026-01-25 04:14:49,820 - Scraping log - scraper.py >         <module>(): Line 751 - INFO - Running default scraper on KT_BE > https://www.geoservice.apps.be.ch/geoservice3/services/a42geo/of_utilitiescommunication01_de_ms_wms/MapServer/WMSServer?&request=GetCapabilities&service=WMS (source 83/1467)
2026-01-25 04:15:05,083 - Scraping log - scraper.py >         <module>(): Line 751 - INFO - Running default scraper on KT_BE > https://www.geoservice.apps.be.ch/geoservice3/services/a42geo/of_utilitiescommunication01_de_ms_wfs/MapServer/WFSServer?&request=GetCapabilities&service=WFS (source 84/1467)
2026-01-25 04:15:08,596 - Scraping log - scraper.py >         <module>(): Line 751 - INFO - Running default scraper on KT_BE > https://www.geoservice.apps.be.ch/geoservice3/services/a42geo/of_biota01_de_ms_wms/MapServer/WMSServer?&request=GetCapabilities&service=WMS (source 85/1467)
2026-01-25 04:15:55,711 - Scraping log - scraper.py >         <module>(): Line 751 - INFO - Running default scraper on KT_BE > https://www.geoservice.apps.be.ch/geoservice3/services/a42geo/of_biota01_de_ms_wfs/MapServer/WFSServer?&request=GetCapabilities&service=WFS (source 86/1467)
2026-01-25 04:16:00,535 - Scraping log - scraper.py >         <module>(): Line 751 - INFO - Running default scraper on KT_BE > https://www.geoservice.apps.be.ch/geoservice3/services/a42geo/of_economy01_de_ms_wms/MapServer/WMSServer?&request=GetCapabilities&service=WMS (source 87/1467)
2026-01-25 04:16:24,279 - Scraping log - scraper.py >         <module>(): Line 751 - INFO - Running default scraper on KT_BE > https://www.geoservice.apps.be.ch/geoservice3/services/a42geo/of_economy01_de_ms_wfs/MapServer/WFSServer?&request=GetCapabilities&service=WFS (source 88/1467)
2026-01-25 04:16:27,407 - Scraping log - scraper.py >         <module>(): Line 751 - INFO - Running default scraper on KT_GL > https://wms.geo.gl.ch/?SERVICE=WMS&VERSION=1.3.0&REQUEST=GetCapabilities (source 89/1467)
2026-01-25 04:16:38,424 - Scraping log - scraper.py > get_service_info(): Line 319 - ERROR - wmspublic: 'NoneType' object has no attribute 'text'
2026-01-25 04:17:07,487 - Scraping log - scraper.py > get_service_info(): Line 319 - ERROR - grundbuchplan_bbflaechen-sw-gebaeude: HTTPSConnectionPool(host='map.geo.gl.ch', port=443): Read timed out. (read timeout=10)
2026-01-25 04:17:10,234 - Scraping log - scraper.py >         <module>(): Line 751 - INFO - Running default scraper on KT_GL > https://wfs.geo.gl.ch/?service=WFS&request=GetCapabilities (source 90/1467)
2026-01-25 04:17:31,816 - Scraping log - scraper.py >         <module>(): Line 751 - INFO - Running default scraper on KT_GR > https://wms.geo.gr.ch/admineinteilung?service=WMS&request=GetCapabilities (source 91/1467)
2026-01-25 04:18:11,836 - Scraping log - scraper.py >         <module>(): Line 751 - INFO - Running default scraper on KT_GR > https://wms.geo.gr.ch/regionen?service=WMS&request=GetCapabilities (source 92/1467)
2026-01-25 04:18:34,934 - Scraping log - scraper.py >         <module>(): Line 751 - INFO - Running default scraper on KT_GR > https://wms.geo.gr.ch/basisinfo?service=WMS&request=GetCapabilities (source 93/1467)
2026-01-25 04:18:36,920 - Scraping log - scraper.py > get_service_info(): Line 319 - ERROR - WMS_Basisinfo: msWMSLoadGetMapParams(): WMS server error. Invalid CRS given : CRS must be valid for all requested layers.
2026-01-25 04:18:37,771 - Scraping log - scraper.py > get_service_info(): Line 319 - ERROR - Fluesse_3: msWMSLoadGetMapParams(): WMS server error. Invalid CRS given : CRS must be valid for all requested layers.
2026-01-25 04:18:38,256 - Scraping log - scraper.py > get_service_info(): Line 319 - ERROR - Fluesse_2: msWMSLoadGetMapParams(): WMS server error. Invalid CRS given : CRS must be valid for all requested layers.
2026-01-25 04:18:38,745 - Scraping log - scraper.py > get_service_info(): Line 319 - ERROR - Fluesse_1: msWMSLoadGetMapParams(): WMS server error. Invalid CRS given : CRS must be valid for all requested layers.
2026-01-25 04:18:39,233 - Scraping log - scraper.py > get_service_info(): Line 319 - ERROR - Fluesse_alle: msWMSLoadGetMapParams(): WMS server error. Invalid CRS given : CRS must be valid for all requested layers.
2026-01-25 04:18:39,720 - Scraping log - scraper.py > get_service_info(): Line 319 - ERROR - Seen_3: msWMSLoadGetMapParams(): WMS server error. Invalid CRS given : CRS must be valid for all requested layers.
2026-01-25 04:18:40,204 - Scraping log - scraper.py > get_service_info(): Line 319 - ERROR - Seen_2: msWMSLoadGetMapParams(): WMS server error. Invalid CRS given : CRS must be valid for all requested layers.
2026-01-25 04:18:40,699 - Scraping log - scraper.py > get_service_info(): Line 319 - ERROR - Seen_1: msWMSLoadGetMapParams(): WMS server error. Invalid CRS given : CRS must be valid for all requested layers.
2026-01-25 04:18:41,188 - Scraping log - scraper.py > get_service_info(): Line 319 - ERROR - Seen_alle: msWMSLoadGetMapParams(): WMS server error. Invalid CRS given : CRS must be valid for all requested layers.
2026-01-25 04:18:41,676 - Scraping log - scraper.py > get_service_info(): Line 319 - ERROR - Ortschaften_3: msWMSLoadGetMapParams(): WMS server error. Invalid CRS given : CRS must be valid for all requested layers.
2026-01-25 04:18:42,167 - Scraping log - scraper.py > get_service_info(): Line 319 - ERROR - Ortschaften_2: msWMSLoadGetMapParams(): WMS server error. Invalid CRS given : CRS must be valid for all requested layers.
2026-01-25 04:18:42,653 - Scraping log - scraper.py > get_service_info(): Line 319 - ERROR - Ortschaften_1: msWMSLoadGetMapParams(): WMS server error. Invalid CRS given : CRS must be valid for all requested layers.
2026-01-25 04:18:43,139 - Scraping log - scraper.py > get_service_info(): Line 319 - ERROR - Ortschaften_alle: msWMSLoadGetMapParams(): WMS server error. Invalid CRS given : CRS must be valid for all requested layers.
2026-01-25 04:18:43,629 - Scraping log - scraper.py > get_service_info(): Line 319 - ERROR - Flurnamen: msWMSLoadGetMapParams(): WMS server error. Invalid CRS given : CRS must be valid for all requested layers.
2026-01-25 04:18:44,116 - Scraping log - scraper.py > get_service_info(): Line 319 - ERROR - Geografische_Namen: msWMSLoadGetMapParams(): WMS server error. Invalid CRS given : CRS must be valid for all requested layers.
2026-01-25 04:18:44,602 - Scraping log - scraper.py > get_service_info(): Line 319 - ERROR - Liegenschaften: msWMSLoadGetMapParams(): WMS server error. Invalid CRS given : CRS must be valid for all requested layers.
2026-01-25 04:18:45,091 - Scraping log - scraper.py > get_service_info(): Line 319 - ERROR - Grundstuecksnummer: msWMSLoadGetMapParams(): WMS server error. Invalid CRS given : CRS must be valid for all requested layers.
2026-01-25 04:18:45,091 - Scraping log - scraper.py >         <module>(): Line 751 - INFO - Running default scraper on KT_GR > https://wms.geo.gr.ch/basisplan?service=WMS&request=GetCapabilities (source 94/1467)
2026-01-25 04:18:49,737 - Scraping log - scraper.py >         <module>(): Line 751 - INFO - Running default scraper on KT_GR > https://wms.geo.gr.ch/bienenseuchen?service=WMS&request=GetCapabilities (source 95/1467)
2026-01-25 04:18:50,236 - Scraping log - scraper.py >         <module>(): Line 759 - WARNING - Scraping KT_GR > https://wms.geo.gr.ch/bienenseuchen?service=WMS&request=GetCapabilities aborted
2026-01-25 04:18:50,236 - Scraping log - scraper.py >         <module>(): Line 751 - INFO - Running default scraper on KT_GR > https://wms.geo.gr.ch/erdwaermenutzung?service=WMS&request=GetCapabilities (source 96/1467)
2026-01-25 04:18:53,793 - Scraping log - scraper.py >         <module>(): Line 751 - INFO - Running default scraper on KT_GR > https://wms.geo.gr.ch/fruchtfolgeflaechen?service=WMS&request=GetCapabilities (source 97/1467)
2026-01-25 04:18:57,163 - Scraping log - scraper.py >         <module>(): Line 751 - INFO - Running default scraper on KT_GR > https://wms.geo.gr.ch/gebaeudeinformation?service=WMS&request=GetCapabilities (source 98/1467)
2026-01-25 04:19:02,873 - Scraping log - scraper.py >         <module>(): Line 751 - INFO - Running default scraper on KT_GR > https://wms.geo.gr.ch/geologie?service=WMS&request=GetCapabilities (source 99/1467)
2026-01-25 04:19:56,823 - Scraping log - scraper.py >         <module>(): Line 751 - INFO - Running default scraper on KT_GR > https://wms.geo.gr.ch/geologische_karten?service=WMS&request=GetCapabilities (source 100/1467)
2026-01-25 04:20:06,803 - Scraping log - scraper.py >         <module>(): Line 751 - INFO - Running default scraper on KT_GR > https://wms.geo.gr.ch/hydrogeologische_karten?service=WMS&request=GetCapabilities (source 101/1467)
2026-01-25 04:20:19,579 - Scraping log - scraper.py >         <module>(): Line 751 - INFO - Running default scraper on KT_GR > https://wms.geo.gr.ch/jagdkarte?service=WMS&request=GetCapabilities (source 102/1467)
2026-01-25 04:20:27,982 - Scraping log - scraper.py >         <module>(): Line 751 - INFO - Running default scraper on KT_GR > https://wms.geo.gr.ch/kantonalesstrassennetz?service=WMS&request=GetCapabilities (source 103/1467)
2026-01-25 04:20:36,137 - Scraping log - scraper.py >         <module>(): Line 751 - INFO - Running default scraper on KT_GR > https://wms.geo.gr.ch/kstn_strassenentwaesserung?service=WMS&request=GetCapabilities (source 104/1467)
2026-01-25 04:20:50,665 - Scraping log - scraper.py >         <module>(): Line 751 - INFO - Running default scraper on KT_GR > https://wms.geo.gr.ch/lw_bewirtschaftung?service=WMS&request=GetCapabilities (source 105/1467)
2026-01-25 04:21:17,728 - Scraping log - scraper.py >         <module>(): Line 751 - INFO - Running default scraper on KT_GR > https://wms.geo.gr.ch/langsamverkehr?service=WMS&request=GetCapabilities (source 106/1467)
2026-01-25 04:21:40,083 - Scraping log - scraper.py >         <module>(): Line 751 - INFO - Running default scraper on KT_GR > https://wms.geo.gr.ch/verbauungen?service=WMS&request=GetCapabilities (source 107/1467)
2026-01-25 04:21:57,169 - Scraping log - scraper.py >         <module>(): Line 751 - INFO - Running default scraper on KT_GR > https://wms.geo.gr.ch/naturgefahrenkarte?service=WMS&request=GetCapabilities (source 108/1467)
2026-01-25 04:22:34,216 - Scraping log - scraper.py >         <module>(): Line 751 - INFO - Running default scraper on KT_GR > https://wms.geo.gr.ch/nutzungsplanung?service=WMS&request=GetCapabilities (source 109/1467)
2026-01-25 04:23:02,393 - Scraping log - scraper.py >         <module>(): Line 751 - INFO - Running default scraper on KT_GR > https://wms.geo.gr.ch/nutzungsplanung_kommunal?service=WMS&request=GetCapabilities (source 110/1467)
2026-01-25 04:23:46,942 - Scraping log - scraper.py >         <module>(): Line 751 - INFO - Running default scraper on KT_GR > https://wms.geo.gr.ch/nutzungsplanungsstand?service=WMS&request=GetCapabilities (source 111/1467)
2026-01-25 04:23:51,040 - Scraping log - scraper.py >         <module>(): Line 751 - INFO - Running default scraper on KT_GR > https://wms.geo.gr.ch/oberflaechengewaesser?service=WMS&request=GetCapabilities (source 112/1467)
2026-01-25 04:24:06,305 - Scraping log - scraper.py >         <module>(): Line 751 - INFO - Running default scraper on KT_GR > https://wms.geo.gr.ch/pflanzen_pilzschutzgebiete?service=WMS&request=GetCapabilities (source 113/1467)
2026-01-25 04:24:09,712 - Scraping log - scraper.py >         <module>(): Line 751 - INFO - Running default scraper on KT_GR > https://wms.geo.gr.ch/risikokataster?service=WMS&request=GetCapabilities (source 114/1467)
2026-01-25 04:24:19,176 - Scraping log - scraper.py >         <module>(): Line 751 - INFO - Running default scraper on KT_GR > https://wms.geo.gr.ch/strassenlaermkataster?service=WMS&request=GetCapabilities (source 115/1467)
2026-01-25 04:24:27,815 - Scraping log - scraper.py >         <module>(): Line 751 - INFO - Running default scraper on KT_GR > https://wms.geo.gr.ch/strassenlaermsanierungen?service=WMS&request=GetCapabilities (source 116/1467)
2026-01-25 04:24:36,144 - Scraping log - scraper.py >         <module>(): Line 751 - INFO - Running default scraper on KT_GR > https://wms.geo.gr.ch/tektonische_karten?service=WMS&request=GetCapabilities (source 117/1467)
2026-01-25 04:25:01,847 - Scraping log - scraper.py >         <module>(): Line 751 - INFO - Running default scraper on KT_GR > https://wms.geo.gr.ch/verkehrsmodell?service=WMS&request=GetCapabilities (source 118/1467)
2026-01-25 04:25:06,507 - Scraping log - scraper.py >         <module>(): Line 751 - INFO - Running default scraper on KT_GR > https://wms.geo.gr.ch/walderschliessung?service=WMS&request=GetCapabilities (source 119/1467)
2026-01-25 04:25:15,283 - Scraping log - scraper.py >         <module>(): Line 751 - INFO - Running default scraper on KT_GR > https://wms.geo.gr.ch/bauzonen_graubuenden?service=WMS&request=GetCapabilities (source 120/1467)
2026-01-25 04:25:18,145 - Scraping log - scraper.py >         <module>(): Line 751 - INFO - Running default scraper on KT_GR > https://wms.geo.gr.ch/belastetestandorte?service=WMS&request=GetCapabilities (source 121/1467)
2026-01-25 04:25:20,899 - Scraping log - scraper.py >         <module>(): Line 751 - INFO - Running default scraper on KT_GR > https://wms.geo.gr.ch/gewaesserschutz?service=WMS&request=GetCapabilities (source 122/1467)
2026-01-25 04:25:27,913 - Scraping log - scraper.py >         <module>(): Line 751 - INFO - Running default scraper on KT_GR > https://wms.geo.gr.ch/grundwasser?service=WMS&request=GetCapabilities (source 123/1467)
2026-01-25 04:25:36,720 - Scraping log - scraper.py >         <module>(): Line 751 - INFO - Running default scraper on KT_GR > https://wms.geo.gr.ch/historischekarten?service=WMS&request=GetCapabilities (source 124/1467)
2026-01-25 04:25:46,744 - Scraping log - scraper.py >         <module>(): Line 751 - INFO - Running default scraper on KT_GR > https://wms.geo.gr.ch/naturgefahren_erfassungsbereiche?service=WMS&request=GetCapabilities (source 125/1467)
2026-01-25 04:25:51,555 - Scraping log - scraper.py >         <module>(): Line 751 - INFO - Running default scraper on KT_GR > https://wms.geo.gr.ch/naturschutz?service=WMS&request=GetCapabilities (source 126/1467)
2026-01-25 04:26:03,398 - Scraping log - scraper.py >         <module>(): Line 751 - INFO - Running default scraper on KT_GR > https://wms.geo.gr.ch/rrip_bregaglia?service=WMS&request=GetCapabilities (source 127/1467)
2026-01-25 04:26:39,215 - Scraping log - scraper.py >         <module>(): Line 751 - INFO - Running default scraper on KT_GR > https://wms.geo.gr.ch/rrip_davos?service=WMS&request=GetCapabilities (source 128/1467)
2026-01-25 04:27:39,473 - Scraping log - scraper.py >         <module>(): Line 751 - INFO - Running default scraper on KT_GR > https://wms.geo.gr.ch/rrip_mesolcina?service=WMS&request=GetCapabilities (source 129/1467)
2026-01-25 04:28:01,614 - Scraping log - scraper.py >         <module>(): Line 751 - INFO - Running default scraper on KT_GR > https://wms.geo.gr.ch/rrip_mittelbuenden?service=WMS&request=GetCapabilities (source 130/1467)
2026-01-25 04:28:25,450 - Scraping log - scraper.py >         <module>(): Line 751 - INFO - Running default scraper on KT_GR > https://wms.geo.gr.ch/rrip_nordbuenden?service=WMS&request=GetCapabilities (source 131/1467)
2026-01-25 04:29:33,680 - Scraping log - scraper.py >         <module>(): Line 751 - INFO - Running default scraper on KT_GR > https://wms.geo.gr.ch/rrip_oberengadin?service=WMS&request=GetCapabilities (source 132/1467)
2026-01-25 04:30:48,373 - Scraping log - scraper.py >         <module>(): Line 751 - INFO - Running default scraper on KT_GR > https://wms.geo.gr.ch/rrip_praettigau?service=WMS&request=GetCapabilities (source 133/1467)
2026-01-25 04:31:13,829 - Scraping log - scraper.py >         <module>(): Line 751 - INFO - Running default scraper on KT_GR > https://wms.geo.gr.ch/rrip_unterengadin?service=WMS&request=GetCapabilities (source 134/1467)
2026-01-25 04:31:51,932 - Scraping log - scraper.py >         <module>(): Line 751 - INFO - Running default scraper on KT_GR > https://wms.geo.gr.ch/rrip_regioviamala?service=WMS&request=GetCapabilities (source 135/1467)
2026-01-25 04:32:12,712 - Scraping log - scraper.py >         <module>(): Line 751 - INFO - Running default scraper on KT_GR > https://wms.geo.gr.ch/regionen?service=WMS&request=GetCapabilities (source 136/1467)
2026-01-25 04:32:36,495 - Scraping log - scraper.py >         <module>(): Line 751 - INFO - Running default scraper on KT_GR > https://wms.geo.gr.ch/schutzwald?service=WMS&request=GetCapabilities (source 137/1467)
2026-01-25 04:32:41,629 - Scraping log - scraper.py >         <module>(): Line 751 - INFO - Running default scraper on KT_GR > https://wms.geo.gr.ch/seilbahnen?service=WMS&request=GetCapabilities (source 138/1467)
2026-01-25 04:32:45,898 - Scraping log - scraper.py >         <module>(): Line 751 - INFO - Running default scraper on KT_GR > https://wms.geo.gr.ch/amtlichevermessung_stand?service=WMS&request=GetCapabilities (source 139/1467)
2026-01-25 04:33:04,522 - Scraping log - scraper.py >         <module>(): Line 751 - INFO - Running default scraper on KT_GR > https://wms.geo.gr.ch/amtlichevermessung?service=WMS&request=GetCapabilities (source 140/1467)
2026-01-25 04:33:05,114 - Scraping log - scraper.py >         <module>(): Line 759 - WARNING - Scraping KT_GR > https://wms.geo.gr.ch/amtlichevermessung?service=WMS&request=GetCapabilities aborted
2026-01-25 04:33:05,114 - Scraping log - scraper.py >         <module>(): Line 751 - INFO - Running default scraper on KT_GR > https://wms.geo.gr.ch/waldentwicklungsplan?service=WMS&request=GetCapabilities (source 141/1467)
2026-01-25 04:33:21,806 - Scraping log - scraper.py >         <module>(): Line 751 - INFO - Running default scraper on KT_GR > https://wms.geo.gr.ch/wildruhezonen?service=WMS&request=GetCapabilities (source 142/1467)
2026-01-25 04:33:27,755 - Scraping log - scraper.py >         <module>(): Line 751 - INFO - Running default scraper on KT_GR > https://wms.geo.gr.ch/wildschutzgebiete?service=WMS&request=GetCapabilities (source 143/1467)
2026-01-25 04:33:37,015 - Scraping log - scraper.py >         <module>(): Line 751 - INFO - Running default scraper on KT_GR > https://wms.geo.gr.ch/richtplan?service=WMS&request=GetCapabilities (source 144/1467)
2026-01-25 04:34:20,699 - Scraping log - scraper.py >         <module>(): Line 751 - INFO - Running default scraper on KT_GR > https://wms.geo.gr.ch/uebersichtsplan?service=WMS&request=GetCapabilities (source 145/1467)
2026-01-25 04:34:21,185 - Scraping log - scraper.py >         <module>(): Line 759 - WARNING - Scraping KT_GR > https://wms.geo.gr.ch/uebersichtsplan?service=WMS&request=GetCapabilities aborted
2026-01-25 04:34:21,185 - Scraping log - scraper.py >         <module>(): Line 751 - INFO - Running default scraper on KT_GR > https://wfs.geo.gr.ch/regionen?service=WFS&request=GetCapabilities (source 146/1467)
2026-01-25 04:34:25,820 - Scraping log - scraper.py >         <module>(): Line 751 - INFO - Running default scraper on KT_GR > https://wfs.geo.gr.ch/amtlichevermessung?service=WFS&request=GetCapabilities (source 147/1467)
2026-01-25 04:34:26,308 - Scraping log - scraper.py >         <module>(): Line 759 - WARNING - Scraping KT_GR > https://wfs.geo.gr.ch/amtlichevermessung?service=WFS&request=GetCapabilities aborted
2026-01-25 04:34:26,308 - Scraping log - scraper.py >         <module>(): Line 751 - INFO - Running default scraper on KT_GR > https://wfs.geo.gr.ch/erdwaermenutzung?service=WFS&request=GetCapabilities (source 148/1467)
2026-01-25 04:34:28,913 - Scraping log - scraper.py >         <module>(): Line 751 - INFO - Running default scraper on KT_GR > https://wfs.geo.gr.ch/gewaesserschutz?service=WFS&request=GetCapabilities (source 149/1467)
2026-01-25 04:34:32,079 - Scraping log - scraper.py >         <module>(): Line 751 - INFO - Running default scraper on KT_GR > https://wfs.geo.gr.ch/grundwasser?service=WFS&request=GetCapabilities (source 150/1467)
2026-01-25 04:34:36,232 - Scraping log - scraper.py >         <module>(): Line 751 - INFO - Running default scraper on KT_GR > https://wfs.geo.gr.ch/jagdkarte?service=WFS&request=GetCapabilities (source 151/1467)
2026-01-25 04:34:38,943 - Scraping log - scraper.py >         <module>(): Line 751 - INFO - Running default scraper on KT_GR > https://wfs.geo.gr.ch/belastetestandorte?service=WFS&request=GetCapabilities (source 152/1467)
2026-01-25 04:34:41,455 - Scraping log - scraper.py >         <module>(): Line 751 - INFO - Running default scraper on KT_GR > https://wfs.geo.gr.ch/lw_bewirtschaftung?service=WFS&request=GetCapabilities (source 153/1467)
2026-01-25 04:34:46,922 - Scraping log - scraper.py >         <module>(): Line 751 - INFO - Running default scraper on KT_GR > https://wfs.geo.gr.ch/langsamverkehr?service=WFS&request=GetCapabilities (source 154/1467)
2026-01-25 04:34:53,667 - Scraping log - scraper.py >         <module>(): Line 751 - INFO - Running default scraper on KT_GR > https://wfs.geo.gr.ch/naturschutz?service=WFS&request=GetCapabilities (source 155/1467)
2026-01-25 04:34:59,506 - Scraping log - scraper.py >         <module>(): Line 751 - INFO - Running default scraper on KT_GR > https://wfs.geo.gr.ch/naturgefahren_erfassungsbereiche?service=WFS&request=GetCapabilities (source 156/1467)
2026-01-25 04:35:02,110 - Scraping log - scraper.py >         <module>(): Line 751 - INFO - Running default scraper on KT_GR > https://wfs.geo.gr.ch/waldentwicklungsplan?service=WFS&request=GetCapabilities (source 157/1467)
2026-01-25 04:35:12,582 - Scraping log - scraper.py >         <module>(): Line 751 - INFO - Running default scraper on KT_GR > https://wfs.geo.gr.ch/wildruhezonen?service=WFS&request=GetCapabilities (source 158/1467)
2026-01-25 04:35:15,384 - Scraping log - scraper.py >         <module>(): Line 751 - INFO - Running default scraper on KT_GR > https://wfs.geo.gr.ch/wildschutzgebiete?service=WFS&request=GetCapabilities (source 159/1467)
2026-01-25 04:35:18,728 - Scraping log - scraper.py >         <module>(): Line 751 - INFO - Running default scraper on KT_JU > https://geo.jura.ch/mapserv_proxy?ogcserver=Main_PNG&SERVICE=WFS&VERSION=1.1.1&REQUEST=GetCapabilities (source 160/1467)
2026-01-25 04:36:27,191 - Scraping log - scraper.py >         <module>(): Line 751 - INFO - Running default scraper on KT_JU > https://geo.jura.ch/tiles/1.0.0/WMTSCapabilities.xml (source 161/1467)
2026-01-25 04:36:32,583 - Scraping log - scraper.py >         <module>(): Line 751 - INFO - Running default scraper on KT_JU > https://geo.jura.ch/mapserv_proxy?ogcserver=Main_PNG&SERVICE=WMS&VERSION=1.3.0&REQUEST=GetCapabilities (source 162/1467)
2026-01-25 04:36:43,456 - Scraping log - scraper.py > get_service_info(): Line 316 - WARNING - Geoportail Jura: GetMap request is blocked for this layer
2026-01-25 04:37:33,957 - Scraping log - scraper.py > get_service_info(): Line 316 - WARNING - swisstopo_11_02_cn10: GetMap request is blocked for this layer
2026-01-25 04:37:38,278 - Scraping log - scraper.py > get_service_info(): Line 316 - WARNING - swisstopo_11_02_cn10_gris: GetMap request is blocked for this layer
2026-01-25 04:37:41,950 - Scraping log - scraper.py > get_service_info(): Line 316 - WARNING - sdt_17_01_points_interets_administration_interrogation: GetMap request is blocked for this layer
2026-01-25 04:37:42,605 - Scraping log - scraper.py > get_service_info(): Line 316 - WARNING - sdt_17_01_points_interets_administration_cantonal_cluster: GetMap request is blocked for this layer
2026-01-25 04:37:43,250 - Scraping log - scraper.py > get_service_info(): Line 316 - WARNING - sdt_17_01_points_interets_administration_communale_cluster: GetMap request is blocked for this layer
2026-01-25 04:37:43,907 - Scraping log - scraper.py > get_service_info(): Line 316 - WARNING - sdt_17_01_points_interets_administration_point: GetMap request is blocked for this layer
2026-01-25 04:37:44,571 - Scraping log - scraper.py > get_service_info(): Line 316 - WARNING - sdt_17_01_points_interets_ecoles_interrogation: GetMap request is blocked for this layer
2026-01-25 04:37:45,235 - Scraping log - scraper.py > get_service_info(): Line 316 - WARNING - sdt_17_01_points_interets_ecoles_primaire_cluster: GetMap request is blocked for this layer
2026-01-25 04:37:45,885 - Scraping log - scraper.py > get_service_info(): Line 316 - WARNING - sdt_17_01_points_interets_ecoles_secondaire_cluster: GetMap request is blocked for this layer
2026-01-25 04:37:46,532 - Scraping log - scraper.py > get_service_info(): Line 316 - WARNING - sdt_17_01_points_interets_autre_ecoles_cluster: GetMap request is blocked for this layer
2026-01-25 04:37:47,182 - Scraping log - scraper.py > get_service_info(): Line 316 - WARNING - sdt_17_01_points_interets_ecoles_point: GetMap request is blocked for this layer
2026-01-25 04:37:47,834 - Scraping log - scraper.py > get_service_info(): Line 316 - WARNING - ssa_19_04_centre_hospitalier_interrogation: GetMap request is blocked for this layer
2026-01-25 04:37:48,504 - Scraping log - scraper.py > get_service_info(): Line 316 - WARNING - ssa_19_04_centre_hospitalier_maison_naissance_cluster: GetMap request is blocked for this layer
2026-01-25 04:37:49,153 - Scraping log - scraper.py > get_service_info(): Line 316 - WARNING - ssa_19_04_centre_hospitalier_centre_rencontre_cluster: GetMap request is blocked for this layer
2026-01-25 04:37:49,800 - Scraping log - scraper.py > get_service_info(): Line 316 - WARNING - ssa_19_04_centre_hospitalier_appartements_proteges_cluster: GetMap request is blocked for this layer
2026-01-25 04:37:50,451 - Scraping log - scraper.py > get_service_info(): Line 316 - WARNING - ssa_19_04_centre_hospitalier_centre_medico_psychologique_cluster: GetMap request is blocked for this layer
2026-01-25 04:37:51,103 - Scraping log - scraper.py > get_service_info(): Line 316 - WARNING - ssa_19_04_centre_hospitalier_home_cluster: GetMap request is blocked for this layer
2026-01-25 04:37:51,758 - Scraping log - scraper.py > get_service_info(): Line 316 - WARNING - ssa_19_04_centre_hospitalier_hopital_cluster: GetMap request is blocked for this layer
2026-01-25 04:37:52,408 - Scraping log - scraper.py > get_service_info(): Line 316 - WARNING - ssa_19_04_centre_hospitalier_point: GetMap request is blocked for this layer
2026-01-25 04:37:53,055 - Scraping log - scraper.py > get_service_info(): Line 316 - WARNING - sdt_17_01_points_interets_service_urgence_interrogation: GetMap request is blocked for this layer
2026-01-25 04:37:53,703 - Scraping log - scraper.py > get_service_info(): Line 316 - WARNING - sdt_17_01_points_interets_service_urgence_police_cluster: GetMap request is blocked for this layer
2026-01-25 04:37:54,364 - Scraping log - scraper.py > get_service_info(): Line 316 - WARNING - sdt_17_01_points_interets_service_urgence_point: GetMap request is blocked for this layer
2026-01-25 04:37:55,005 - Scraping log - scraper.py > get_service_info(): Line 316 - WARNING - rea_19_03_defibrillateurs_interrogation: GetMap request is blocked for this layer
2026-01-25 04:37:55,659 - Scraping log - scraper.py > get_service_info(): Line 316 - WARNING - rea_19_03_defibrillateurs_cluster: GetMap request is blocked for this layer
2026-01-25 04:37:56,325 - Scraping log - scraper.py > get_service_info(): Line 316 - WARNING - sdt_17_01_points_interets_acces_handicap_stationnement_interrogation: GetMap request is blocked for this layer
2026-01-25 04:37:56,974 - Scraping log - scraper.py > get_service_info(): Line 316 - WARNING - sdt_17_01_points_interets_acces_handicap_stationnement_cluster: GetMap request is blocked for this layer
2026-01-25 04:37:57,631 - Scraping log - scraper.py > get_service_info(): Line 316 - WARNING - sdt_17_01_points_interets_acces_handicap_stationnement_point: GetMap request is blocked for this layer
2026-01-25 04:37:58,287 - Scraping log - scraper.py > get_service_info(): Line 316 - WARNING - sdt_17_01_points_interets_acces_handicap_wc_accessible_interrogation: GetMap request is blocked for this layer
2026-01-25 04:37:58,938 - Scraping log - scraper.py > get_service_info(): Line 316 - WARNING - sdt_17_01_points_interets_acces_handicap_wc_accessible_cluster: GetMap request is blocked for this layer
2026-01-25 04:37:59,591 - Scraping log - scraper.py > get_service_info(): Line 316 - WARNING - sdt_17_01_points_interets_acces_handicap_wc_accessible_point: GetMap request is blocked for this layer
2026-01-25 04:38:00,251 - Scraping log - scraper.py > get_service_info(): Line 316 - WARNING - sdt_17_01_points_interets_acces_handicap_wc_accessible_partiellement_interrogation: GetMap request is blocked for this layer
2026-01-25 04:38:00,895 - Scraping log - scraper.py > get_service_info(): Line 316 - WARNING - sdt_17_01_points_interets_acces_handicap_wc_accessible_partiellement_cluster: GetMap request is blocked for this layer
2026-01-25 04:38:01,539 - Scraping log - scraper.py > get_service_info(): Line 316 - WARNING - sdt_17_01_points_interets_acces_handicap_wc_accessible_partiellement_point: GetMap request is blocked for this layer
2026-01-25 04:38:02,195 - Scraping log - scraper.py > get_service_info(): Line 316 - WARNING - sdt_17_01_points_interets_acces_handicap_wc_non_accessible_interrogation: GetMap request is blocked for this layer
2026-01-25 04:38:02,870 - Scraping log - scraper.py > get_service_info(): Line 316 - WARNING - sdt_17_01_points_interets_acces_handicap_wc_non_accessible_cluster: GetMap request is blocked for this layer
2026-01-25 04:38:03,547 - Scraping log - scraper.py > get_service_info(): Line 316 - WARNING - sdt_17_01_points_interets_acces_handicap_wc_non_accessible_point: GetMap request is blocked for this layer
2026-01-25 04:38:04,213 - Scraping log - scraper.py > get_service_info(): Line 316 - WARNING - sdt_17_01_points_interets_acces_handicap_boucle_magnetique_interrogation: GetMap request is blocked for this layer
2026-01-25 04:38:04,914 - Scraping log - scraper.py > get_service_info(): Line 316 - WARNING - sdt_17_01_points_interets_acces_handicap_boucle_magnetique_cluster: GetMap request is blocked for this layer
2026-01-25 04:38:05,748 - Scraping log - scraper.py > get_service_info(): Line 316 - WARNING - sdt_17_01_points_interets_acces_handicap_boucle_magnetique_point: GetMap request is blocked for this layer
2026-01-25 04:38:06,432 - Scraping log - scraper.py > get_service_info(): Line 316 - WARNING - sdt_17_01_points_interets_acces_handicap_langues_signes_interrogation: GetMap request is blocked for this layer
2026-01-25 04:38:07,188 - Scraping log - scraper.py > get_service_info(): Line 316 - WARNING - sdt_17_01_points_interets_acces_handicap_langues_signes_cluster: GetMap request is blocked for this layer
2026-01-25 04:38:09,560 - Scraping log - scraper.py > get_service_info(): Line 316 - WARNING - sdt_17_01_points_interets_acces_handicap_langues_signes_point: GetMap request is blocked for this layer
2026-01-25 04:38:10,317 - Scraping log - scraper.py > get_service_info(): Line 316 - WARNING - sdt_17_01_points_interets_acces_handicap_accessible_interrogation: GetMap request is blocked for this layer
2026-01-25 04:38:10,994 - Scraping log - scraper.py > get_service_info(): Line 316 - WARNING - sdt_17_01_points_interets_acces_handicap_accessible_cluster: GetMap request is blocked for this layer
2026-01-25 04:38:11,649 - Scraping log - scraper.py > get_service_info(): Line 316 - WARNING - sdt_17_01_points_interets_acces_handicap_accessible_point: GetMap request is blocked for this layer
2026-01-25 04:38:12,341 - Scraping log - scraper.py > get_service_info(): Line 316 - WARNING - sdt_17_01_points_interets_acces_handicap_accessible_partiellement_interrogation: GetMap request is blocked for this layer
2026-01-25 04:38:13,002 - Scraping log - scraper.py > get_service_info(): Line 316 - WARNING - sdt_17_01_points_interets_acces_handicap_accessible_partiellement_cluster: GetMap request is blocked for this layer
2026-01-25 04:38:13,661 - Scraping log - scraper.py > get_service_info(): Line 316 - WARNING - sdt_17_01_points_interets_acces_handicap_accessible_partiellement_point: GetMap request is blocked for this layer
2026-01-25 04:38:14,320 - Scraping log - scraper.py > get_service_info(): Line 316 - WARNING - sdt_17_01_points_interets_acces_handicap_non_accessible_interrogation: GetMap request is blocked for this layer
2026-01-25 04:38:15,028 - Scraping log - scraper.py > get_service_info(): Line 316 - WARNING - sdt_17_01_points_interets_acces_handicap_non_accessible_cluster: GetMap request is blocked for this layer
2026-01-25 04:38:15,684 - Scraping log - scraper.py > get_service_info(): Line 316 - WARNING - sdt_17_01_points_interets_acces_handicap_non_accessible_point: GetMap request is blocked for this layer
2026-01-25 04:38:16,333 - Scraping log - scraper.py > get_service_info(): Line 316 - WARNING - sdt_10_11_mnt_2022_courbes_niveaux_100_4: GetMap request is blocked for this layer
2026-01-25 04:38:16,979 - Scraping log - scraper.py > get_service_info(): Line 316 - WARNING - sdt_10_11_mnt_2022_courbes_niveaux_100_3: GetMap request is blocked for this layer
2026-01-25 04:38:17,623 - Scraping log - scraper.py > get_service_info(): Line 316 - WARNING - sdt_10_11_mnt_2022_courbes_niveaux_100_2: GetMap request is blocked for this layer
2026-01-25 04:38:18,271 - Scraping log - scraper.py > get_service_info(): Line 316 - WARNING - sdt_10_11_mnt_2022_courbes_niveaux_100_1: GetMap request is blocked for this layer
2026-01-25 04:38:18,928 - Scraping log - scraper.py > get_service_info(): Line 316 - WARNING - sdt_10_11_mnt_2022_courbes_niveaux_100_0: GetMap request is blocked for this layer
2026-01-25 04:38:19,584 - Scraping log - scraper.py > get_service_info(): Line 316 - WARNING - sdt_10_11_mnt_2022_courbes_niveaux_10_3: GetMap request is blocked for this layer
2026-01-25 04:38:20,237 - Scraping log - scraper.py > get_service_info(): Line 316 - WARNING - sdt_10_11_mnt_2022_courbes_niveaux_10_2: GetMap request is blocked for this layer
2026-01-25 04:38:20,900 - Scraping log - scraper.py > get_service_info(): Line 316 - WARNING - sdt_10_11_mnt_2022_courbes_niveaux_10_1: GetMap request is blocked for this layer
2026-01-25 04:38:21,545 - Scraping log - scraper.py > get_service_info(): Line 316 - WARNING - sdt_10_11_mnt_2022_courbes_niveaux_10_0: GetMap request is blocked for this layer
2026-01-25 04:38:22,198 - Scraping log - scraper.py > get_service_info(): Line 316 - WARNING - sdt_10_11_mnt_2022_courbes_niveaux_5_2: GetMap request is blocked for this layer
2026-01-25 04:38:22,862 - Scraping log - scraper.py > get_service_info(): Line 316 - WARNING - sdt_10_11_mnt_2022_courbes_niveaux_5_1: GetMap request is blocked for this layer
2026-01-25 04:38:23,519 - Scraping log - scraper.py > get_service_info(): Line 316 - WARNING - sdt_10_11_mnt_2022_courbes_niveaux_5_0: GetMap request is blocked for this layer
2026-01-25 04:38:24,170 - Scraping log - scraper.py > get_service_info(): Line 316 - WARNING - sdt_10_11_mnt_2022_courbes_niveaux_1_1: GetMap request is blocked for this layer
2026-01-25 04:38:24,818 - Scraping log - scraper.py > get_service_info(): Line 316 - WARNING - sdt_10_11_mnt_2022_courbes_niveaux_1_0: GetMap request is blocked for this layer
2026-01-25 04:38:27,809 - Scraping log - scraper.py > get_service_info(): Line 316 - WARNING - rayonnement_solaire_050: GetMap request is blocked for this layer
2026-01-25 04:38:28,470 - Scraping log - scraper.py > get_service_info(): Line 316 - WARNING - rayonnement_solaire_cache: GetMap request is blocked for this layer
2026-01-25 04:38:29,129 - Scraping log - scraper.py > get_service_info(): Line 316 - WARNING - sdt_10_15_relief_terrain_mnt_ameliore_2022_025: GetMap request is blocked for this layer
2026-01-25 04:38:36,084 - Scraping log - scraper.py > get_service_info(): Line 316 - WARNING - sdt_10_15_relief_surface_mns_2022_025: GetMap request is blocked for this layer
2026-01-25 04:38:39,273 - Scraping log - scraper.py > get_service_info(): Line 316 - WARNING - sdt_10_15_relief_terrain_mnt_2022_025: GetMap request is blocked for this layer
2026-01-25 04:38:44,602 - Scraping log - scraper.py > get_service_info(): Line 316 - WARNING - sdt_02_01_zones_geometrie_normal_recours: GetMap request is blocked for this layer
2026-01-25 04:38:45,253 - Scraping log - scraper.py > get_service_info(): Line 316 - WARNING - sdt_02_01_zones_geometrie_simplifier_1_recours: GetMap request is blocked for this layer
2026-01-25 04:38:45,918 - Scraping log - scraper.py > get_service_info(): Line 316 - WARNING - sdt_02_01_zones_geometrie_simplifier_2_recours: GetMap request is blocked for this layer
2026-01-25 04:38:46,572 - Scraping log - scraper.py > get_service_info(): Line 316 - WARNING - sdt_02_01_zones_geometrie_normal: GetMap request is blocked for this layer
2026-01-25 04:38:47,234 - Scraping log - scraper.py > get_service_info(): Line 316 - WARNING - sdt_02_01_zones_geometrie_simplifier_1: GetMap request is blocked for this layer
2026-01-25 04:38:47,903 - Scraping log - scraper.py > get_service_info(): Line 316 - WARNING - sdt_02_01_zones_geometrie_simplifier_2: GetMap request is blocked for this layer
2026-01-25 04:38:48,591 - Scraping log - scraper.py > get_service_info(): Line 316 - WARNING - sdt_02_01_lien_rcc: GetMap request is blocked for this layer
2026-01-25 04:38:49,257 - Scraping log - scraper.py > get_service_info(): Line 316 - WARNING - sdt_02_01_plans_speciaux_surface_normal: GetMap request is blocked for this layer
2026-01-25 04:38:49,916 - Scraping log - scraper.py > get_service_info(): Line 316 - WARNING - sdt_02_01_plans_speciaux_surface_simplifier: GetMap request is blocked for this layer
2026-01-25 04:38:50,568 - Scraping log - scraper.py > get_service_info(): Line 316 - WARNING - sdt_06_05_perimetre_reserve_aux_eaux: GetMap request is blocked for this layer
2026-01-25 04:38:51,213 - Scraping log - scraper.py > get_service_info(): Line 316 - WARNING - sdt_06_05_perimetre_reserve_aux_eaux_simplifier: GetMap request is blocked for this layer
2026-01-25 04:38:51,855 - Scraping log - scraper.py > get_service_info(): Line 316 - WARNING - sdt_02_01_perimetres_particuliers_interrogation: GetMap request is blocked for this layer
2026-01-25 04:38:52,495 - Scraping log - scraper.py > get_service_info(): Line 316 - WARNING - sdt_02_01_perimetres_particuliers_interrogation_simplifier: GetMap request is blocked for this layer
2026-01-25 04:38:53,158 - Scraping log - scraper.py > get_service_info(): Line 316 - WARNING - sdt_02_01_perimetres_particuliers_pdn_label: GetMap request is blocked for this layer
2026-01-25 04:38:53,802 - Scraping log - scraper.py > get_service_info(): Line 316 - WARNING - sdt_02_01_perimetres_particuliers_pdn_1_01: GetMap request is blocked for this layer
2026-01-25 04:38:54,453 - Scraping log - scraper.py > get_service_info(): Line 316 - WARNING - sdt_02_01_perimetres_particuliers_pdn_2_01: GetMap request is blocked for this layer
2026-01-25 04:38:55,113 - Scraping log - scraper.py > get_service_info(): Line 316 - WARNING - sdt_02_01_perimetres_particuliers_ph: GetMap request is blocked for this layer
2026-01-25 04:38:55,764 - Scraping log - scraper.py > get_service_info(): Line 316 - WARNING - sdt_02_01_perimetres_particuliers_ph_simplifier: GetMap request is blocked for this layer
2026-01-25 04:38:56,415 - Scraping log - scraper.py > get_service_info(): Line 316 - WARNING - sdt_02_01_perimetres_particuliers_pnn: GetMap request is blocked for this layer
2026-01-25 04:38:57,070 - Scraping log - scraper.py > get_service_info(): Line 316 - WARNING - sdt_02_01_perimetres_particuliers_pnn_simplifier: GetMap request is blocked for this layer
2026-01-25 04:38:57,838 - Scraping log - scraper.py > get_service_info(): Line 316 - WARNING - sdt_02_01_perimetres_particuliers_pn: GetMap request is blocked for this layer
2026-01-25 04:38:58,530 - Scraping log - scraper.py > get_service_info(): Line 316 - WARNING - sdt_02_01_perimetres_particuliers_pn_simplifier: GetMap request is blocked for this layer
2026-01-25 04:38:59,191 - Scraping log - scraper.py > get_service_info(): Line 316 - WARNING - sdt_02_01_perimetres_particuliers_pp: GetMap request is blocked for this layer
2026-01-25 04:38:59,866 - Scraping log - scraper.py > get_service_info(): Line 316 - WARNING - sdt_02_01_perimetres_particuliers_pp_simplifier: GetMap request is blocked for this layer
2026-01-25 04:39:00,578 - Scraping log - scraper.py > get_service_info(): Line 316 - WARNING - sdt_02_01_perimetres_particuliers_pv: GetMap request is blocked for this layer
2026-01-25 04:39:01,257 - Scraping log - scraper.py > get_service_info(): Line 316 - WARNING - sdt_02_01_perimetres_particuliers_pv_simplifier: GetMap request is blocked for this layer
2026-01-25 04:39:01,928 - Scraping log - scraper.py > get_service_info(): Line 316 - WARNING - sdt_02_01_perimetres_particuliers_pa_label: GetMap request is blocked for this layer
2026-01-25 04:39:02,592 - Scraping log - scraper.py > get_service_info(): Line 316 - WARNING - sdt_02_01_perimetres_particuliers_pa_1: GetMap request is blocked for this layer
2026-01-25 04:39:03,270 - Scraping log - scraper.py > get_service_info(): Line 316 - WARNING - sdt_02_01_perimetres_particuliers_pa_2: GetMap request is blocked for this layer
2026-01-25 04:39:03,918 - Scraping log - scraper.py > get_service_info(): Line 316 - WARNING - sdt_02_01_patrimoine_bati_ligne_interrogation: GetMap request is blocked for this layer
2026-01-25 04:39:04,581 - Scraping log - scraper.py > get_service_info(): Line 316 - WARNING - sdt_02_01_patrimoine_bati_ligne_1: GetMap request is blocked for this layer
2026-01-25 04:39:05,231 - Scraping log - scraper.py > get_service_info(): Line 316 - WARNING - sdt_02_01_patrimoine_bati_point_interrogation: GetMap request is blocked for this layer
2026-01-25 04:39:05,883 - Scraping log - scraper.py > get_service_info(): Line 316 - WARNING - sdt_02_01_patrimoine_bati_point_1: GetMap request is blocked for this layer
2026-01-25 04:39:06,562 - Scraping log - scraper.py > get_service_info(): Line 316 - WARNING - sdt_02_01_patrimoine_naturel_ligne_interrogation: GetMap request is blocked for this layer
2026-01-25 04:39:07,224 - Scraping log - scraper.py > get_service_info(): Line 316 - WARNING - sdt_02_01_patrimoine_naturel_ligne_1: GetMap request is blocked for this layer
2026-01-25 04:39:07,936 - Scraping log - scraper.py > get_service_info(): Line 316 - WARNING - sdt_02_01_patrimoine_naturel_ligne_2: GetMap request is blocked for this layer
2026-01-25 04:39:08,597 - Scraping log - scraper.py > get_service_info(): Line 316 - WARNING - sdt_02_01_patrimoine_naturel_ligne_3: GetMap request is blocked for this layer
2026-01-25 04:39:09,247 - Scraping log - scraper.py > get_service_info(): Line 316 - WARNING - sdt_02_01_patrimoine_naturel_point_interrogation: GetMap request is blocked for this layer
2026-01-25 04:39:09,899 - Scraping log - scraper.py > get_service_info(): Line 316 - WARNING - sdt_02_01_patrimoine_naturel_point_1: GetMap request is blocked for this layer
2026-01-25 04:39:10,558 - Scraping log - scraper.py > get_service_info(): Line 316 - WARNING - sdt_02_01_patrimoine_naturel_point_2: GetMap request is blocked for this layer
2026-01-25 04:39:11,205 - Scraping log - scraper.py > get_service_info(): Line 316 - WARNING - sdt_02_01_patrimoine_naturel_surface_interrogation: GetMap request is blocked for this layer
2026-01-25 04:39:11,852 - Scraping log - scraper.py > get_service_info(): Line 316 - WARNING - sdt_02_01_patrimoine_naturel_surface: GetMap request is blocked for this layer
2026-01-25 04:39:12,525 - Scraping log - scraper.py > get_service_info(): Line 316 - WARNING - sdt_02_01_patrimoine_naturel_surface_doline_1: GetMap request is blocked for this layer
2026-01-25 04:39:13,175 - Scraping log - scraper.py > get_service_info(): Line 316 - WARNING - sdt_02_01_patrimoine_naturel_surface_doline_2: GetMap request is blocked for this layer
2026-01-25 04:39:13,862 - Scraping log - scraper.py > get_service_info(): Line 316 - WARNING - sdt_02_01_patrimoine_naturel_surface_doline_3: GetMap request is blocked for this layer
2026-01-25 04:39:14,529 - Scraping log - scraper.py > get_service_info(): Line 316 - WARNING - sdt_02_01_patrimoine_naturel_surface_doline_4: GetMap request is blocked for this layer
2026-01-25 04:39:15,181 - Scraping log - scraper.py > get_service_info(): Line 316 - WARNING - sdt_02_01_hors_legende_type_surface: GetMap request is blocked for this layer
2026-01-25 04:39:15,853 - Scraping log - scraper.py > get_service_info(): Line 316 - WARNING - sdt_02_01_hors_legende_type_ligne: GetMap request is blocked for this layer
2026-01-25 04:39:16,504 - Scraping log - scraper.py > get_service_info(): Line 316 - WARNING - sdt_02_01_hors_legende_type_point: GetMap request is blocked for this layer
2026-01-25 04:39:17,186 - Scraping log - scraper.py > get_service_info(): Line 316 - WARNING - sdt_02_01_infos_indicatives_foret: GetMap request is blocked for this layer
2026-01-25 04:39:17,907 - Scraping log - scraper.py > get_service_info(): Line 316 - WARNING - sdt_02_01_infos_indicatives_foret_simplifier: GetMap request is blocked for this layer
2026-01-25 04:39:18,565 - Scraping log - scraper.py > get_service_info(): Line 316 - WARNING - sdt_02_01_infos_indicatives_paturage_boise: GetMap request is blocked for this layer
2026-01-25 04:39:19,208 - Scraping log - scraper.py > get_service_info(): Line 316 - WARNING - sdt_02_01_infos_indicatives_paturage_boise_simplifier: GetMap request is blocked for this layer
2026-01-25 04:39:19,872 - Scraping log - scraper.py > get_service_info(): Line 316 - WARNING - sdt_02_01_infos_indicatives_infra_militaire: GetMap request is blocked for this layer
2026-01-25 04:39:20,536 - Scraping log - scraper.py > get_service_info(): Line 316 - WARNING - crdppf_r108_plan_zone_securite_aeroport_pal: GetMap request is blocked for this layer
2026-01-25 04:39:21,195 - Scraping log - scraper.py > get_service_info(): Line 316 - WARNING - sdt_02_01_infos_indicatives_perimetre_exploitation_ferroviaire: GetMap request is blocked for this layer
2026-01-25 04:39:21,856 - Scraping log - scraper.py > get_service_info(): Line 316 - WARNING - ofev_04_06_if_paysage_pal: GetMap request is blocked for this layer
2026-01-25 04:39:22,528 - Scraping log - scraper.py > get_service_info(): Line 316 - WARNING - sdt_02_01_infos_indicatives_perimetre_protection_eaux_interrogation: GetMap request is blocked for this layer
2026-01-25 04:39:23,194 - Scraping log - scraper.py > get_service_info(): Line 316 - WARNING - sdt_02_01_infos_indicatives_perimetre_protection_eaux_1: GetMap request is blocked for this layer
2026-01-25 04:39:23,857 - Scraping log - scraper.py > get_service_info(): Line 316 - WARNING - sdt_02_01_infos_indicatives_perimetre_protection_eaux_2: GetMap request is blocked for this layer
2026-01-25 04:39:24,505 - Scraping log - scraper.py > get_service_info(): Line 316 - WARNING - sdt_02_01_infos_indicatives_sites_archeo_paleonto_interrogation: GetMap request is blocked for this layer
2026-01-25 04:39:25,159 - Scraping log - scraper.py > get_service_info(): Line 316 - WARNING - sdt_02_01_infos_indicatives_sites_archeo_paleonto_1: GetMap request is blocked for this layer
2026-01-25 04:39:25,811 - Scraping log - scraper.py > get_service_info(): Line 316 - WARNING - sdt_02_01_infos_indicatives_sites_archeo_paleonto_2: GetMap request is blocked for this layer
2026-01-25 04:39:26,472 - Scraping log - scraper.py > get_service_info(): Line 316 - WARNING - sdt_02_01_infos_indicatives_reserves_naturelle_interrogation: GetMap request is blocked for this layer
2026-01-25 04:39:27,124 - Scraping log - scraper.py > get_service_info(): Line 316 - WARNING - sdt_02_01_infos_indicatives_reserves_naturelle_1: GetMap request is blocked for this layer
2026-01-25 04:39:27,771 - Scraping log - scraper.py > get_service_info(): Line 316 - WARNING - sdt_02_01_infos_indicatives_reserves_naturelle_2: GetMap request is blocked for this layer
2026-01-25 04:39:28,446 - Scraping log - scraper.py > get_service_info(): Line 316 - WARNING - sdt_02_01_infos_illustratives_point_de_vue: GetMap request is blocked for this layer
2026-01-25 04:39:29,096 - Scraping log - scraper.py > get_service_info(): Line 316 - WARNING - sdt_02_01_infos_illustratives_chemin_pietons: GetMap request is blocked for this layer
2026-01-25 04:39:29,750 - Scraping log - scraper.py > get_service_info(): Line 316 - WARNING - sdt_02_01_infos_illustratives_ligne_haute_tension: GetMap request is blocked for this layer
2026-01-25 04:39:30,392 - Scraping log - scraper.py > get_service_info(): Line 316 - WARNING - sdt_02_01_secteurs_dangers_naturels_interrogation: GetMap request is blocked for this layer
2026-01-25 04:39:31,035 - Scraping log - scraper.py > get_service_info(): Line 316 - WARNING - sdt_02_01_secteurs_dangers_naturels_interrogation_simplifier: GetMap request is blocked for this layer
2026-01-25 04:39:31,775 - Scraping log - scraper.py > get_service_info(): Line 316 - WARNING - sdt_02_01_secteurs_dangers_naturels_secteur_indication_danger: GetMap request is blocked for this layer
2026-01-25 04:39:32,463 - Scraping log - scraper.py > get_service_info(): Line 316 - WARNING - sdt_02_01_secteurs_dangers_naturels_secteur_indication_danger_simplifier: GetMap request is blocked for this layer
2026-01-25 04:39:33,109 - Scraping log - scraper.py > get_service_info(): Line 316 - WARNING - sdt_02_01_secteurs_dangers_naturels_niveau_danger_residuel: GetMap request is blocked for this layer
2026-01-25 04:39:33,756 - Scraping log - scraper.py > get_service_info(): Line 316 - WARNING - sdt_02_01_secteurs_dangers_naturels_niveau_danger_residuel_simplifier: GetMap request is blocked for this layer
2026-01-25 04:39:34,421 - Scraping log - scraper.py > get_service_info(): Line 316 - WARNING - sdt_02_01_secteurs_dangers_naturels_niveau_danger_faible: GetMap request is blocked for this layer
2026-01-25 04:39:35,082 - Scraping log - scraper.py > get_service_info(): Line 316 - WARNING - sdt_02_01_secteurs_dangers_naturels_niveau_danger_faible_simplifier: GetMap request is blocked for this layer
2026-01-25 04:39:35,753 - Scraping log - scraper.py > get_service_info(): Line 316 - WARNING - sdt_02_01_secteurs_dangers_naturels_niveau_danger_moyen: GetMap request is blocked for this layer
2026-01-25 04:39:36,414 - Scraping log - scraper.py > get_service_info(): Line 316 - WARNING - sdt_02_01_secteurs_dangers_naturels_niveau_danger_moyen_simplifier: GetMap request is blocked for this layer
2026-01-25 04:39:37,070 - Scraping log - scraper.py > get_service_info(): Line 316 - WARNING - sdt_02_01_secteurs_dangers_naturels_niveau_danger_eleve: GetMap request is blocked for this layer
2026-01-25 04:39:37,715 - Scraping log - scraper.py > get_service_info(): Line 316 - WARNING - sdt_02_01_secteurs_dangers_naturels_niveau_danger_eleve_simplifier: GetMap request is blocked for this layer
2026-01-25 04:39:38,421 - Scraping log - scraper.py > get_service_info(): Line 316 - WARNING - sdt_02_01_secteurs_dangers_naturels_danger_effondrement: GetMap request is blocked for this layer
2026-01-25 04:39:39,069 - Scraping log - scraper.py > get_service_info(): Line 316 - WARNING - sdt_02_01_secteurs_dangers_naturels_danger_effondrement_simplifier: GetMap request is blocked for this layer
2026-01-25 04:39:39,742 - Scraping log - scraper.py > get_service_info(): Line 316 - WARNING - sdt_02_01_secteurs_dangers_naturels_limite_echelle_1000: GetMap request is blocked for this layer
2026-01-25 04:39:40,400 - Scraping log - scraper.py > get_service_info(): Line 316 - WARNING - sdt_02_01_pal_plan_dangers_naturel_localites_approuvees: GetMap request is blocked for this layer
2026-01-25 04:39:41,049 - Scraping log - scraper.py > get_service_info(): Line 316 - WARNING - sdt_02_01_perimetres_particuliers_pdn_masque: GetMap request is blocked for this layer
2026-01-25 04:39:41,707 - Scraping log - scraper.py > get_service_info(): Line 316 - WARNING - sdt_02_01_perimetres_particuliers_pdn_interrogation: GetMap request is blocked for this layer
2026-01-25 04:39:42,370 - Scraping log - scraper.py > get_service_info(): Line 316 - WARNING - sdt_02_01_perimetres_particuliers_pdn_1_02: GetMap request is blocked for this layer
2026-01-25 04:39:43,023 - Scraping log - scraper.py > get_service_info(): Line 316 - WARNING - sdt_02_01_perimetres_particuliers_pdn_2_02: GetMap request is blocked for this layer
2026-01-25 04:39:43,684 - Scraping log - scraper.py > get_service_info(): Line 316 - WARNING - sdt_02_01_perimetres_particuliers_pdn_3: GetMap request is blocked for this layer
2026-01-25 04:39:44,338 - Scraping log - scraper.py > get_service_info(): Line 316 - WARNING - fond_plan_blanc_plan_cadastral: GetMap request is blocked for this layer
2026-01-25 04:39:44,983 - Scraping log - scraper.py > get_service_info(): Line 316 - WARNING - sdt_01_04_md_sit_bf_interrogation: GetMap request is blocked for this layer
2026-01-25 04:39:45,626 - Scraping log - scraper.py > get_service_info(): Line 316 - WARNING - sdt_01_04_md_sit_objets_divers_polygones_1: GetMap request is blocked for this layer
2026-01-25 04:39:46,280 - Scraping log - scraper.py > get_service_info(): Line 316 - WARNING - sdt_01_04_md_sit_cs_surface_nb: GetMap request is blocked for this layer
2026-01-25 04:39:46,940 - Scraping log - scraper.py > get_service_info(): Line 316 - WARNING - sdt_01_04_md_sit_cs_surface_proj: GetMap request is blocked for this layer
2026-01-25 04:39:47,600 - Scraping log - scraper.py > get_service_info(): Line 316 - WARNING - sdt_01_04_md_sit_adr_entree_batiment_01: GetMap request is blocked for this layer
2026-01-25 04:39:48,270 - Scraping log - scraper.py > get_service_info(): Line 316 - WARNING - sdt_01_04_md_sit_cs_numero_batiment_proj: GetMap request is blocked for this layer
2026-01-25 04:39:48,975 - Scraping log - scraper.py > get_service_info(): Line 316 - WARNING - sdt_01_04_md_sit_objets_divers_postext: GetMap request is blocked for this layer
2026-01-25 04:39:49,638 - Scraping log - scraper.py > get_service_info(): Line 316 - WARNING - sdt_01_04_md_sit_adr_entree_batiment_02: GetMap request is blocked for this layer
2026-01-25 04:39:50,299 - Scraping log - scraper.py > get_service_info(): Line 316 - WARNING - sdt_01_04_md_sit_objets_divers_lignes: GetMap request is blocked for this layer
2026-01-25 04:39:50,954 - Scraping log - scraper.py > get_service_info(): Line 316 - WARNING - sdt_01_04_md_sit_objets_divers_polygones: GetMap request is blocked for this layer
2026-01-25 04:39:51,605 - Scraping log - scraper.py > get_service_info(): Line 316 - WARNING - sdt_01_04_md_sit_bf_bien_fonds: GetMap request is blocked for this layer
2026-01-25 04:39:52,322 - Scraping log - scraper.py > get_service_info(): Line 316 - WARNING - sdt_01_04_md_sit_bf_bien_fonds_proj: GetMap request is blocked for this layer
2026-01-25 04:39:52,992 - Scraping log - scraper.py > get_service_info(): Line 316 - WARNING - sdt_01_04_md_sit_bf_ddp: GetMap request is blocked for this layer
2026-01-25 04:39:53,641 - Scraping log - scraper.py > get_service_info(): Line 316 - WARNING - sdt_01_04_md_sit_bf_ddp_proj: GetMap request is blocked for this layer
2026-01-25 04:39:54,294 - Scraping log - scraper.py > get_service_info(): Line 316 - WARNING - sdt_01_04_md_sit_bf_posimmeuble_ligne_auxiliaire: GetMap request is blocked for this layer
2026-01-25 04:39:54,943 - Scraping log - scraper.py > get_service_info(): Line 316 - WARNING - sdt_01_04_md_sit_bf_posimmeuble_proj_ligne_aux: GetMap request is blocked for this layer
2026-01-25 04:39:55,607 - Scraping log - scraper.py > get_service_info(): Line 316 - WARNING - sdt_01_04_md_sit_bf_posimmeuble_1: GetMap request is blocked for this layer
2026-01-25 04:39:56,256 - Scraping log - scraper.py > get_service_info(): Line 316 - WARNING - sdt_01_04_md_sit_bf_posimmeuble_2: GetMap request is blocked for this layer
2026-01-25 04:39:56,905 - Scraping log - scraper.py > get_service_info(): Line 316 - WARNING - sdt_01_04_md_sit_bf_posimmeuble_proj_1: GetMap request is blocked for this layer
2026-01-25 04:39:57,557 - Scraping log - scraper.py > get_service_info(): Line 316 - WARNING - sdt_01_04_md_sit_bf_posimmeuble_proj_2: GetMap request is blocked for this layer
2026-01-25 04:39:58,209 - Scraping log - scraper.py > get_service_info(): Line 316 - WARNING - sdt_01_04_md_sit_objets_divers_ponctuel: GetMap request is blocked for this layer
2026-01-25 04:39:58,851 - Scraping log - scraper.py > get_service_info(): Line 316 - WARNING - sdt_01_04_md_sit_bf_points_limites: GetMap request is blocked for this layer
2026-01-25 04:39:59,500 - Scraping log - scraper.py > get_service_info(): Line 316 - WARNING - sdt_01_04_md_sit_nomenclature_noms_posnom_1: GetMap request is blocked for this layer
2026-01-25 04:40:00,159 - Scraping log - scraper.py > get_service_info(): Line 316 - WARNING - sdt_01_04_md_sit_adr_troncon_rue_gr_sdt_01_04: GetMap request is blocked for this layer
2026-01-25 04:40:00,825 - Scraping log - scraper.py > get_service_info(): Line 316 - WARNING - sdt_01_04_md_sit_nomenclature_noms_posnom_2: GetMap request is blocked for this layer
2026-01-25 04:40:01,492 - Scraping log - scraper.py > get_service_info(): Line 316 - WARNING - sdt_01_04_md_sit_nomenclature_noms_posnom: GetMap request is blocked for this layer
2026-01-25 04:40:02,151 - Scraping log - scraper.py > get_service_info(): Line 316 - WARNING - sdt_01_04_md_sit_cs_surface_batiment_seul: GetMap request is blocked for this layer
2026-01-25 04:40:02,823 - Scraping log - scraper.py > get_service_info(): Line 316 - WARNING - sdt_01_04_md_sit_adr_entree_batiment_seul: GetMap request is blocked for this layer
2026-01-25 04:40:03,484 - Scraping log - scraper.py > get_service_info(): Line 316 - WARNING - sdt_01_04_md_sit_cs_surface_batiments_proj_seul: GetMap request is blocked for this layer
2026-01-25 04:40:04,149 - Scraping log - scraper.py > get_service_info(): Line 316 - WARNING - sdt_01_04_md_sit_cs_numero_batiment_proj_seul: GetMap request is blocked for this layer
2026-01-25 04:40:04,808 - Scraping log - scraper.py > get_service_info(): Line 316 - WARNING - sdt_01_04_md_sit_adr_troncon_rue_1: GetMap request is blocked for this layer
2026-01-25 04:40:05,478 - Scraping log - scraper.py > get_service_info(): Line 316 - WARNING - sdt_01_04_md_sit_adr_troncon_rue_2: GetMap request is blocked for this layer
2026-01-25 04:40:06,147 - Scraping log - scraper.py > get_service_info(): Line 316 - WARNING - sdt_01_04_md_sit_as_element_lineaire: GetMap request is blocked for this layer
2026-01-25 04:40:06,797 - Scraping log - scraper.py > get_service_info(): Line 316 - WARNING - sdt_01_04_md_sit_as_element_surfacique: GetMap request is blocked for this layer
2026-01-25 04:40:07,466 - Scraping log - scraper.py > get_service_info(): Line 316 - WARNING - sdt_01_04_md_sit_bf_interrogation_accrochage: GetMap request is blocked for this layer
2026-01-25 04:40:08,123 - Scraping log - scraper.py > get_service_info(): Line 316 - WARNING - sdt_01_04_md_sit_bf_bien_fonds_accrochage: GetMap request is blocked for this layer
2026-01-25 04:40:08,784 - Scraping log - scraper.py > get_service_info(): Line 316 - WARNING - sdt_01_04_md_sit_bf_bien_fonds_proj_accrochage: GetMap request is blocked for this layer
2026-01-25 04:40:09,438 - Scraping log - scraper.py > get_service_info(): Line 316 - WARNING - sdt_01_04_md_sit_bf_ddp_accrochage: GetMap request is blocked for this layer
2026-01-25 04:40:10,138 - Scraping log - scraper.py > get_service_info(): Line 316 - WARNING - sdt_01_04_md_sit_bf_ddp_proj_accrochage: GetMap request is blocked for this layer
2026-01-25 04:40:10,800 - Scraping log - scraper.py > get_service_info(): Line 316 - WARNING - sdt_01_04_md_sit_objets_divers_polygones_accrochage_1: GetMap request is blocked for this layer
2026-01-25 04:40:11,455 - Scraping log - scraper.py > get_service_info(): Line 316 - WARNING - sdt_01_04_md_sit_objets_divers_lignes_accrochage: GetMap request is blocked for this layer
2026-01-25 04:40:12,098 - Scraping log - scraper.py > get_service_info(): Line 316 - WARNING - sdt_01_04_md_sit_objets_divers_polygones_accrochage_2: GetMap request is blocked for this layer
2026-01-25 04:40:12,754 - Scraping log - scraper.py > get_service_info(): Line 316 - WARNING - cad_cond_21_08_disponibilite_electricite_interrogation: GetMap request is blocked for this layer
2026-01-25 04:40:13,409 - Scraping log - scraper.py > get_service_info(): Line 316 - WARNING - cad_cond_21_08_disponibilite_electricite_Swissgrid: GetMap request is blocked for this layer
2026-01-25 04:40:14,054 - Scraping log - scraper.py > get_service_info(): Line 316 - WARNING - cad_cond_21_08_disponibilite_electricite_Soulce: GetMap request is blocked for this layer
2026-01-25 04:40:14,703 - Scraping log - scraper.py > get_service_info(): Line 316 - WARNING - cad_cond_21_08_disponibilite_electricite_Delemont: GetMap request is blocked for this layer
2026-01-25 04:40:15,368 - Scraping log - scraper.py > get_service_info(): Line 316 - WARNING - cad_cond_21_08_disponibilite_electricite_La_Goule: GetMap request is blocked for this layer
2026-01-25 04:40:16,027 - Scraping log - scraper.py > get_service_info(): Line 316 - WARNING - cad_cond_21_08_disponibilite_electricite_Develier: GetMap request is blocked for this layer
2026-01-25 04:40:16,686 - Scraping log - scraper.py > get_service_info(): Line 316 - WARNING - cad_cond_21_08_disponibilite_electricite_Courchapoix: GetMap request is blocked for this layer
2026-01-25 04:40:17,344 - Scraping log - scraper.py > get_service_info(): Line 316 - WARNING - cad_cond_21_08_disponibilite_electricite_BKW: GetMap request is blocked for this layer
2026-01-25 04:40:17,993 - Scraping log - scraper.py > get_service_info(): Line 316 - WARNING - swisstopo_11_01_siegfried_1945_raster: GetMap request is blocked for this layer
2026-01-25 04:40:18,680 - Scraping log - scraper.py > get_service_info(): Line 316 - WARNING - swisstopo_11_01_siegfried_1945_pas_data: GetMap request is blocked for this layer
2026-01-25 04:40:27,890 - Scraping log - scraper.py > get_service_info(): Line 316 - WARNING - swisstopo_11_02_cn10_2019: GetMap request is blocked for this layer
2026-01-25 04:40:31,042 - Scraping log - scraper.py > get_service_info(): Line 316 - WARNING - swisstopo_11_02_cn10_2023: GetMap request is blocked for this layer
2026-01-25 04:40:35,493 - Scraping log - scraper.py > get_service_info(): Line 316 - WARNING - occ_01_16_perimetres_plans_cadastraux_1800_1829_fusion: GetMap request is blocked for this layer
2026-01-25 04:40:36,793 - Scraping log - scraper.py > get_service_info(): Line 316 - WARNING - occ_01_16_perimetres_plans_cadastraux_1830_1859_fusion: GetMap request is blocked for this layer
2026-01-25 04:40:38,097 - Scraping log - scraper.py > get_service_info(): Line 316 - WARNING - occ_01_16_perimetres_plans_cadastraux_1860_1879_fusion: GetMap request is blocked for this layer
2026-01-25 04:40:39,411 - Scraping log - scraper.py > get_service_info(): Line 316 - WARNING - occ_01_16_perimetres_plans_cadastraux_1880_1899_fusion: GetMap request is blocked for this layer
2026-01-25 04:40:40,728 - Scraping log - scraper.py > get_service_info(): Line 316 - WARNING - occ_01_16_perimetres_plans_cadastraux_1900_1939_fusion: GetMap request is blocked for this layer
2026-01-25 04:40:41,405 - Scraping log - scraper.py > get_service_info(): Line 316 - WARNING - sdt_01_04_h_fond_blanc: GetMap request is blocked for this layer
2026-01-25 04:40:42,054 - Scraping log - scraper.py > get_service_info(): Line 316 - WARNING - sdt_01_04_h_bf_bien_fonds: GetMap request is blocked for this layer
2026-01-25 04:40:42,711 - Scraping log - scraper.py > get_service_info(): Line 316 - WARNING - sdt_01_04_h_bf_ddp: GetMap request is blocked for this layer
2026-01-25 04:40:43,362 - Scraping log - scraper.py > get_service_info(): Line 316 - WARNING - sdt_01_04_h_cs_surface: GetMap request is blocked for this layer
2026-01-25 04:40:44,006 - Scraping log - scraper.py > get_service_info(): Line 316 - WARNING - sdt_01_04_h_objets_divers_polygones_1: GetMap request is blocked for this layer
2026-01-25 04:40:44,672 - Scraping log - scraper.py > get_service_info(): Line 316 - WARNING - sdt_01_04_h_objets_divers_lignes: GetMap request is blocked for this layer
2026-01-25 04:40:45,335 - Scraping log - scraper.py > get_service_info(): Line 316 - WARNING - sdt_01_04_h_objets_divers_polygones_2: GetMap request is blocked for this layer
2026-01-25 04:40:45,992 - Scraping log - scraper.py > get_service_info(): Line 316 - WARNING - sdt_01_04_h_objets_divers_ponctuel: GetMap request is blocked for this layer
2026-01-25 04:40:46,638 - Scraping log - scraper.py > get_service_info(): Line 316 - WARNING - sdt_01_04_h_cs_surface_batiment: GetMap request is blocked for this layer
2026-01-25 04:40:47,312 - Scraping log - scraper.py > get_service_info(): Line 316 - WARNING - sdt_01_04_h_bf_points_limites: GetMap request is blocked for this layer
2026-01-25 04:40:47,970 - Scraping log - scraper.py > get_service_info(): Line 316 - WARNING - env_08_04_carte_indicative_dangers_effondrement_normal: GetMap request is blocked for this layer
2026-01-25 04:40:48,624 - Scraping log - scraper.py > get_service_info(): Line 316 - WARNING - env_08_04_carte_indicative_dangers_effondrement_simplifier: GetMap request is blocked for this layer
2026-01-25 04:40:49,332 - Scraping log - scraper.py > get_service_info(): Line 316 - WARNING - env_08_04_carte_indicative_dangers_effondrement_masque: GetMap request is blocked for this layer
2026-01-25 04:40:49,993 - Scraping log - scraper.py > get_service_info(): Line 316 - WARNING - env_08_07_cd_synthese_danger_interrogation: GetMap request is blocked for this layer
2026-01-25 04:40:50,647 - Scraping log - scraper.py > get_service_info(): Line 316 - WARNING - env_08_07_cd_synthese_danger_interrogation_simplifier: GetMap request is blocked for this layer
2026-01-25 04:40:51,299 - Scraping log - scraper.py > get_service_info(): Line 316 - WARNING - env_08_07_cd_synthese_danger_secteur_indication_dangers: GetMap request is blocked for this layer
2026-01-25 04:40:51,986 - Scraping log - scraper.py > get_service_info(): Line 316 - WARNING - env_08_07_cd_synthese_danger_secteur_indication_dangers_simplifier: GetMap request is blocked for this layer
2026-01-25 04:40:52,641 - Scraping log - scraper.py > get_service_info(): Line 316 - WARNING - env_08_07_cd_synthese_danger_residuel: GetMap request is blocked for this layer
2026-01-25 04:40:53,289 - Scraping log - scraper.py > get_service_info(): Line 316 - WARNING - env_08_07_cd_synthese_danger_residuel_simplifier: GetMap request is blocked for this layer
2026-01-25 04:40:53,948 - Scraping log - scraper.py > get_service_info(): Line 316 - WARNING - env_08_07_cd_synthese_danger_faible: GetMap request is blocked for this layer
2026-01-25 04:40:54,615 - Scraping log - scraper.py > get_service_info(): Line 316 - WARNING - env_08_07_cd_synthese_danger_faible_simplifier: GetMap request is blocked for this layer
2026-01-25 04:40:55,269 - Scraping log - scraper.py > get_service_info(): Line 316 - WARNING - env_08_07_cd_synthese_danger_moyen: GetMap request is blocked for this layer
2026-01-25 04:40:55,930 - Scraping log - scraper.py > get_service_info(): Line 316 - WARNING - env_08_07_cd_synthese_danger_moyen_simplifier: GetMap request is blocked for this layer
2026-01-25 04:40:56,585 - Scraping log - scraper.py > get_service_info(): Line 316 - WARNING - Cenv_08_07_cd_synthese_danger_eleve: GetMap request is blocked for this layer
2026-01-25 04:40:57,241 - Scraping log - scraper.py > get_service_info(): Line 316 - WARNING - env_08_07_cd_synthese_danger_eleve_simplifier: GetMap request is blocked for this layer
2026-01-25 04:40:57,907 - Scraping log - scraper.py > get_service_info(): Line 316 - WARNING - env_08_07_cd_synthese_danger_masque: GetMap request is blocked for this layer
2026-01-25 04:40:58,560 - Scraping log - scraper.py > get_service_info(): Line 316 - WARNING - env_08_02_cd_f_danger_chp_interrogation: GetMap request is blocked for this layer
2026-01-25 04:40:59,231 - Scraping log - scraper.py > get_service_info(): Line 316 - WARNING - env_08_02_cd_f_danger_chp_interrogation_simplifier: GetMap request is blocked for this layer
2026-01-25 04:40:59,896 - Scraping log - scraper.py > get_service_info(): Line 316 - WARNING - env_08_02_cd_f_danger_chp_indicative: GetMap request is blocked for this layer
2026-01-25 04:41:00,552 - Scraping log - scraper.py > get_service_info(): Line 316 - WARNING - env_08_02_cd_f_danger_chp_indicative_simplifier: GetMap request is blocked for this layer
2026-01-25 04:41:01,223 - Scraping log - scraper.py > get_service_info(): Line 316 - WARNING - env_08_02_cd_f_danger_chp_residuel: GetMap request is blocked for this layer
2026-01-25 04:41:01,877 - Scraping log - scraper.py > get_service_info(): Line 316 - WARNING - env_08_02_cd_f_danger_chp_residuel_simplifier: GetMap request is blocked for this layer
2026-01-25 04:41:02,547 - Scraping log - scraper.py > get_service_info(): Line 316 - WARNING - env_08_02_cd_f_danger_chp_faible: GetMap request is blocked for this layer
2026-01-25 04:41:03,221 - Scraping log - scraper.py > get_service_info(): Line 316 - WARNING - env_08_02_cd_f_danger_chp_faible_simplifier: GetMap request is blocked for this layer
2026-01-25 04:41:03,882 - Scraping log - scraper.py > get_service_info(): Line 316 - WARNING - env_08_02_cd_f_danger_chp_moyen: GetMap request is blocked for this layer
2026-01-25 04:41:04,547 - Scraping log - scraper.py > get_service_info(): Line 316 - WARNING - env_08_02_cd_f_danger_chp_moyen_simplifier: GetMap request is blocked for this layer
2026-01-25 04:41:05,201 - Scraping log - scraper.py > get_service_info(): Line 316 - WARNING - env_08_02_cd_f_danger_chp_eleve: GetMap request is blocked for this layer
2026-01-25 04:41:05,850 - Scraping log - scraper.py > get_service_info(): Line 316 - WARNING - env_08_02_cd_f_danger_chp_eleve_simplifier: GetMap request is blocked for this layer
2026-01-25 04:41:06,523 - Scraping log - scraper.py > get_service_info(): Line 316 - WARNING - env_08_02_cd_f_danger_chp_masque: GetMap request is blocked for this layer
2026-01-25 04:41:07,172 - Scraping log - scraper.py > get_service_info(): Line 316 - WARNING - env_08_02_cd_f_danger_ero_interrogation: GetMap request is blocked for this layer
2026-01-25 04:41:07,841 - Scraping log - scraper.py > get_service_info(): Line 316 - WARNING - env_08_02_cd_f_danger_ero_interrogation_simplifier: GetMap request is blocked for this layer
2026-01-25 04:41:08,516 - Scraping log - scraper.py > get_service_info(): Line 316 - WARNING - env_08_02_cd_f_danger_ero_indicative: GetMap request is blocked for this layer
2026-01-25 04:41:09,187 - Scraping log - scraper.py > get_service_info(): Line 316 - WARNING - env_08_02_cd_f_danger_ero_indicative_simplifier: GetMap request is blocked for this layer
2026-01-25 04:41:09,845 - Scraping log - scraper.py > get_service_info(): Line 316 - WARNING - env_08_02_cd_f_danger_ero_residuel: GetMap request is blocked for this layer
2026-01-25 04:41:10,498 - Scraping log - scraper.py > get_service_info(): Line 316 - WARNING - env_08_02_cd_f_danger_ero_residuel_simplifier: GetMap request is blocked for this layer
2026-01-25 04:41:11,143 - Scraping log - scraper.py > get_service_info(): Line 316 - WARNING - env_08_02_cd_f_danger_ero_faible: GetMap request is blocked for this layer
2026-01-25 04:41:11,798 - Scraping log - scraper.py > get_service_info(): Line 316 - WARNING - env_08_02_cd_f_danger_ero_faible_simplifier: GetMap request is blocked for this layer
2026-01-25 04:41:12,486 - Scraping log - scraper.py > get_service_info(): Line 316 - WARNING - env_08_02_cd_f_danger_ero_moyen: GetMap request is blocked for this layer
2026-01-25 04:41:13,146 - Scraping log - scraper.py > get_service_info(): Line 316 - WARNING - env_08_02_cd_f_danger_ero_moyen_simplifier: GetMap request is blocked for this layer
2026-01-25 04:41:13,804 - Scraping log - scraper.py > get_service_info(): Line 316 - WARNING - env_08_02_cd_f_danger_ero_eleve: GetMap request is blocked for this layer
2026-01-25 04:41:14,462 - Scraping log - scraper.py > get_service_info(): Line 316 - WARNING - env_08_02_cd_f_danger_ero_eleve_simplifier: GetMap request is blocked for this layer
2026-01-25 04:41:15,115 - Scraping log - scraper.py > get_service_info(): Line 316 - WARNING - env_08_02_cd_f_danger_ero_masque: GetMap request is blocked for this layer
2026-01-25 04:41:15,766 - Scraping log - scraper.py > get_service_info(): Line 316 - WARNING - env_08_02_cd_f_danger_glp_interrogation: GetMap request is blocked for this layer
2026-01-25 04:41:16,408 - Scraping log - scraper.py > get_service_info(): Line 316 - WARNING - env_08_02_cd_f_danger_glp_interrogation_simplifier: GetMap request is blocked for this layer
2026-01-25 04:41:17,077 - Scraping log - scraper.py > get_service_info(): Line 316 - WARNING - env_08_02_cd_f_danger_glp_indicative: GetMap request is blocked for this layer
2026-01-25 04:41:17,736 - Scraping log - scraper.py > get_service_info(): Line 316 - WARNING - env_08_02_cd_f_danger_glp_indicative_simplifier: GetMap request is blocked for this layer
2026-01-25 04:41:18,395 - Scraping log - scraper.py > get_service_info(): Line 316 - WARNING - env_08_02_cd_f_danger_glp_residuel: GetMap request is blocked for this layer
2026-01-25 04:41:19,066 - Scraping log - scraper.py > get_service_info(): Line 316 - WARNING - env_08_02_cd_f_danger_glp_residuel_simplifier: GetMap request is blocked for this layer
2026-01-25 04:41:19,741 - Scraping log - scraper.py > get_service_info(): Line 316 - WARNING - env_08_02_cd_f_danger_glp_faible: GetMap request is blocked for this layer
2026-01-25 04:41:20,399 - Scraping log - scraper.py > get_service_info(): Line 316 - WARNING - env_08_02_cd_f_danger_glp_faible_simplifier: GetMap request is blocked for this layer
2026-01-25 04:41:21,059 - Scraping log - scraper.py > get_service_info(): Line 316 - WARNING - env_08_02_cd_f_danger_glp_moyen: GetMap request is blocked for this layer
2026-01-25 04:41:21,711 - Scraping log - scraper.py > get_service_info(): Line 316 - WARNING - env_08_02_cd_f_danger_glp_moyen_simplifier: GetMap request is blocked for this layer
2026-01-25 04:41:22,373 - Scraping log - scraper.py > get_service_info(): Line 316 - WARNING - env_08_02_cd_f_danger_glp_eleve: GetMap request is blocked for this layer
2026-01-25 04:41:23,024 - Scraping log - scraper.py > get_service_info(): Line 316 - WARNING - env_08_02_cd_f_danger_glp_eleve_simplifier: GetMap request is blocked for this layer
2026-01-25 04:41:23,709 - Scraping log - scraper.py > get_service_info(): Line 316 - WARNING - env_08_02_cd_f_danger_glp_masque: GetMap request is blocked for this layer
2026-01-25 04:41:24,368 - Scraping log - scraper.py > get_service_info(): Line 316 - WARNING - env_08_02_cd_f_danger_gls_interrogation: GetMap request is blocked for this layer
2026-01-25 04:41:25,020 - Scraping log - scraper.py > get_service_info(): Line 316 - WARNING - env_08_02_cd_f_danger_gls_interrogation_simplifier: GetMap request is blocked for this layer
2026-01-25 04:41:25,676 - Scraping log - scraper.py > get_service_info(): Line 316 - WARNING - Cenv_08_02_cd_f_danger_gls_indicative: GetMap request is blocked for this layer
2026-01-25 04:41:26,333 - Scraping log - scraper.py > get_service_info(): Line 316 - WARNING - Cenv_08_02_cd_f_danger_gls_indicative_simplifier: GetMap request is blocked for this layer
2026-01-25 04:41:26,993 - Scraping log - scraper.py > get_service_info(): Line 316 - WARNING - env_08_02_cd_f_danger_gls_residuel: GetMap request is blocked for this layer
2026-01-25 04:41:27,660 - Scraping log - scraper.py > get_service_info(): Line 316 - WARNING - env_08_02_cd_f_danger_gls_residuel_simplifier: GetMap request is blocked for this layer
2026-01-25 04:41:28,321 - Scraping log - scraper.py > get_service_info(): Line 316 - WARNING - env_08_02_cd_f_danger_gls_faible: GetMap request is blocked for this layer
2026-01-25 04:41:28,986 - Scraping log - scraper.py > get_service_info(): Line 316 - WARNING - env_08_02_cd_f_danger_gls_faible_simplifier: GetMap request is blocked for this layer
2026-01-25 04:41:29,660 - Scraping log - scraper.py > get_service_info(): Line 316 - WARNING - env_08_02_cd_f_danger_gls_moyen: GetMap request is blocked for this layer
2026-01-25 04:41:30,320 - Scraping log - scraper.py > get_service_info(): Line 316 - WARNING - env_08_02_cd_f_danger_gls_moyen_simplifier: GetMap request is blocked for this layer
2026-01-25 04:41:30,988 - Scraping log - scraper.py > get_service_info(): Line 316 - WARNING - env_08_02_cd_f_danger_gls_eleve: GetMap request is blocked for this layer
2026-01-25 04:41:31,753 - Scraping log - scraper.py > get_service_info(): Line 316 - WARNING - Cenv_08_02_cd_f_danger_gls_eleve_simplifier: GetMap request is blocked for this layer
2026-01-25 04:41:32,427 - Scraping log - scraper.py > get_service_info(): Line 316 - WARNING - env_08_02_cd_f_danger_gls_masque: GetMap request is blocked for this layer
2026-01-25 04:41:33,115 - Scraping log - scraper.py > get_service_info(): Line 316 - WARNING - env_08_02_cd_f_danger_ino_interrogation: GetMap request is blocked for this layer
2026-01-25 04:41:33,803 - Scraping log - scraper.py > get_service_info(): Line 316 - WARNING - env_08_02_cd_f_danger_ino_interrogation_simplifier: GetMap request is blocked for this layer
2026-01-25 04:41:34,467 - Scraping log - scraper.py > get_service_info(): Line 316 - WARNING - env_08_02_cd_f_danger_ino_indicative: GetMap request is blocked for this layer
2026-01-25 04:41:35,132 - Scraping log - scraper.py > get_service_info(): Line 316 - WARNING - env_08_02_cd_f_danger_ino_indicative_simplifier: GetMap request is blocked for this layer
2026-01-25 04:41:35,788 - Scraping log - scraper.py > get_service_info(): Line 316 - WARNING - env_08_02_cd_f_danger_ino_residuel: GetMap request is blocked for this layer
2026-01-25 04:41:36,432 - Scraping log - scraper.py > get_service_info(): Line 316 - WARNING - env_08_02_cd_f_danger_ino_residuel_simplifier: GetMap request is blocked for this layer
2026-01-25 04:41:37,095 - Scraping log - scraper.py > get_service_info(): Line 316 - WARNING - env_08_02_cd_f_danger_ino_faible: GetMap request is blocked for this layer
2026-01-25 04:41:37,752 - Scraping log - scraper.py > get_service_info(): Line 316 - WARNING - env_08_02_cd_f_danger_ino_faible_simplifier: GetMap request is blocked for this layer
2026-01-25 04:41:38,407 - Scraping log - scraper.py > get_service_info(): Line 316 - WARNING - env_08_02_cd_f_danger_ino_moyen: GetMap request is blocked for this layer
2026-01-25 04:41:39,078 - Scraping log - scraper.py > get_service_info(): Line 316 - WARNING - env_08_02_cd_f_danger_ino_moyen_simplifier: GetMap request is blocked for this layer
2026-01-25 04:41:39,738 - Scraping log - scraper.py > get_service_info(): Line 316 - WARNING - env_08_02_cd_f_danger_ino_eleve: GetMap request is blocked for this layer
2026-01-25 04:41:40,399 - Scraping log - scraper.py > get_service_info(): Line 316 - WARNING - env_08_02_cd_f_danger_ino_eleve_simplifier: GetMap request is blocked for this layer
2026-01-25 04:41:41,046 - Scraping log - scraper.py > get_service_info(): Line 316 - WARNING - env_08_02_cd_f_danger_ino_masque: GetMap request is blocked for this layer
2026-01-25 04:41:41,707 - Scraping log - scraper.py > get_service_info(): Line 316 - WARNING - ofev_08_08_carte_alea_ruissellement_normal: GetMap request is blocked for this layer
2026-01-25 04:41:42,484 - Scraping log - scraper.py > get_service_info(): Line 316 - WARNING - ofev_08_08_carte_alea_ruissellement_simplifier: GetMap request is blocked for this layer
2026-01-25 04:41:43,138 - Scraping log - scraper.py > get_service_info(): Line 316 - WARNING - ofev_08_08_carte_alea_ruissellement_masque: GetMap request is blocked for this layer
2026-01-25 04:41:43,794 - Scraping log - scraper.py > get_service_info(): Line 316 - WARNING - env_21_17_cad_ouvrages_routiers_protection_dn_poly: GetMap request is blocked for this layer
2026-01-25 04:41:44,449 - Scraping log - scraper.py > get_service_info(): Line 316 - WARNING - env_21_17_cad_ouvrages_routiers_protection_dn_ligne: GetMap request is blocked for this layer
2026-01-25 04:41:45,232 - Scraping log - scraper.py > get_service_info(): Line 316 - WARNING - env_21_17_cad_ouvrages_routiers_protection_dn_point: GetMap request is blocked for this layer
2026-01-25 04:41:45,898 - Scraping log - scraper.py > get_service_info(): Line 316 - WARNING - env_15_12_strategie_hydroelectrique_ju: GetMap request is blocked for this layer
2026-01-25 04:41:46,669 - Scraping log - scraper.py > get_service_info(): Line 316 - WARNING - env_15_12_points_en_exploitation: GetMap request is blocked for this layer
2026-01-25 04:41:47,327 - Scraping log - scraper.py > get_service_info(): Line 316 - WARNING - sdt_15_06_sites_eoliens_potentiels_interrogation: GetMap request is blocked for this layer
2026-01-25 04:41:47,986 - Scraping log - scraper.py > get_service_info(): Line 316 - WARNING - sdt_15_06_sites_eoliens_potentiels_coordination: GetMap request is blocked for this layer
2026-01-25 04:41:48,653 - Scraping log - scraper.py > get_service_info(): Line 316 - WARNING - sdt_15_06_sites_eoliens_potentiels_projet_modele: GetMap request is blocked for this layer
2026-01-25 04:41:49,346 - Scraping log - scraper.py > get_service_info(): Line 316 - WARNING - env_03_05_nature_forestiere_indicative_geom_normal: GetMap request is blocked for this layer
2026-01-25 04:41:49,998 - Scraping log - scraper.py > get_service_info(): Line 316 - WARNING - env_03_05_nature_forestiere_indicative_geom_simplifier: GetMap request is blocked for this layer
2026-01-25 04:41:50,647 - Scraping log - scraper.py > get_service_info(): Line 316 - WARNING - env_03_29_prediction_etat_sante_hetre_2022_1: GetMap request is blocked for this layer
2026-01-25 04:41:51,303 - Scraping log - scraper.py > get_service_info(): Line 316 - WARNING - env_03_29_prediction_etat_sante_hetre_2022_2: GetMap request is blocked for this layer
2026-01-25 04:41:51,985 - Scraping log - scraper.py > get_service_info(): Line 316 - WARNING - swisstopo_18_04_cartes_geologiques_metainfos: GetMap request is blocked for this layer
2026-01-25 04:41:59,990 - Scraping log - scraper.py > get_service_info(): Line 316 - WARNING - env_18_03_geothermie_limitation_forages_sondes_geothermiques_original: GetMap request is blocked for this layer
2026-01-25 04:42:00,635 - Scraping log - scraper.py > get_service_info(): Line 316 - WARNING - env_18_03_geothermie_limitation_forages_sondes_geothermiques_1: GetMap request is blocked for this layer
2026-01-25 04:42:01,302 - Scraping log - scraper.py > get_service_info(): Line 316 - WARNING - env_18_03_geothermie_limitation_forages_sondes_geothermiques_2: GetMap request is blocked for this layer
2026-01-25 04:42:01,973 - Scraping log - scraper.py > get_service_info(): Line 316 - WARNING - env_18_01_geotopes_geomorphologiques_polygone_interrogation: GetMap request is blocked for this layer
2026-01-25 04:42:02,626 - Scraping log - scraper.py > get_service_info(): Line 316 - WARNING - env_18_01_geotopes_geomorphologiques_polygone_combe_anticlinal_1: GetMap request is blocked for this layer
2026-01-25 04:42:03,282 - Scraping log - scraper.py > get_service_info(): Line 316 - WARNING - env_18_01_geotopes_geomorphologiques_polygone_combe_anticlinal_2: GetMap request is blocked for this layer
2026-01-25 04:42:03,926 - Scraping log - scraper.py > get_service_info(): Line 316 - WARNING - env_18_01_geotopes_geomorphologiques_polygone_polje: GetMap request is blocked for this layer
2026-01-25 04:42:04,591 - Scraping log - scraper.py > get_service_info(): Line 316 - WARNING - env_18_01_geotopes_geomorphologiques_polygone_alignement_doline: GetMap request is blocked for this layer
2026-01-25 04:42:05,318 - Scraping log - scraper.py > get_service_info(): Line 316 - WARNING - env_18_01_geotopes_geomorphologiques_polygone_glissement_terrain: GetMap request is blocked for this layer
2026-01-25 04:42:05,977 - Scraping log - scraper.py > get_service_info(): Line 316 - WARNING - env_18_01_geotopes_geomorphologiques_polygone_tourbiere: GetMap request is blocked for this layer
2026-01-25 04:42:06,642 - Scraping log - scraper.py > get_service_info(): Line 316 - WARNING - env_18_01_geotopes_geomorphologiques_polygone_vallee: GetMap request is blocked for this layer
2026-01-25 04:42:07,309 - Scraping log - scraper.py > get_service_info(): Line 316 - WARNING - env_18_01_geotopes_geomorphologiques_polygone_zone_alluviale: GetMap request is blocked for this layer
2026-01-25 04:42:07,993 - Scraping log - scraper.py > get_service_info(): Line 316 - WARNING - env_18_01_geotopes_geomorphologiques_polygone_zone_humide: GetMap request is blocked for this layer
2026-01-25 04:42:08,652 - Scraping log - scraper.py > get_service_info(): Line 316 - WARNING - env_18_01_geotopes_geomorphologiques_polygone_anticlinal_1: GetMap request is blocked for this layer
2026-01-25 04:42:09,341 - Scraping log - scraper.py > get_service_info(): Line 316 - WARNING - env_18_01_geotopes_geomorphologiques_polygone_anticlinal_2: GetMap request is blocked for this layer
2026-01-25 04:42:09,997 - Scraping log - scraper.py > get_service_info(): Line 316 - WARNING - env_18_01_geotopes_geomorphologiques_polygone_butte_temoin_1: GetMap request is blocked for this layer
2026-01-25 04:42:10,650 - Scraping log - scraper.py > get_service_info(): Line 316 - WARNING - env_18_01_geotopes_geomorphologiques_polygone_butte_temoin_2: GetMap request is blocked for this layer
2026-01-25 04:42:11,307 - Scraping log - scraper.py > get_service_info(): Line 316 - WARNING - env_18_01_geotopes_geomorphologiques_polygone_cluse_1: GetMap request is blocked for this layer
2026-01-25 04:42:11,954 - Scraping log - scraper.py > get_service_info(): Line 316 - WARNING - env_18_01_geotopes_geomorphologiques_polygone_cluse_2: GetMap request is blocked for this layer
2026-01-25 04:42:12,620 - Scraping log - scraper.py > get_service_info(): Line 316 - WARNING - env_18_01_geotopes_geomorphologiques_polygone_combe_lateral: GetMap request is blocked for this layer
2026-01-25 04:42:13,294 - Scraping log - scraper.py > get_service_info(): Line 316 - WARNING - env_18_01_geotopes_geomorphologiques_polygone_cone_dejection: GetMap request is blocked for this layer
2026-01-25 04:42:14,154 - Scraping log - scraper.py > get_service_info(): Line 316 - WARNING - env_18_01_geotopes_geomorphologiques_polygone_cret: GetMap request is blocked for this layer
2026-01-25 04:42:14,850 - Scraping log - scraper.py > get_service_info(): Line 316 - WARNING - env_18_01_geotopes_geomorphologiques_polygone_decoiffement_1: GetMap request is blocked for this layer
2026-01-25 04:42:15,521 - Scraping log - scraper.py > get_service_info(): Line 316 - WARNING - env_18_01_geotopes_geomorphologiques_polygone_decoiffement_2: GetMap request is blocked for this layer
2026-01-25 04:42:16,176 - Scraping log - scraper.py > get_service_info(): Line 316 - WARNING - env_18_01_geotopes_geomorphologiques_polygone_mont_derive: GetMap request is blocked for this layer
2026-01-25 04:42:16,836 - Scraping log - scraper.py > get_service_info(): Line 316 - WARNING - env_18_01_geotopes_geomorphologiques_polygone_ouvala_1: GetMap request is blocked for this layer
2026-01-25 04:42:17,489 - Scraping log - scraper.py > get_service_info(): Line 316 - WARNING - env_18_01_geotopes_geomorphologiques_polygone_ouvala_2: GetMap request is blocked for this layer
2026-01-25 04:42:18,148 - Scraping log - scraper.py > get_service_info(): Line 316 - WARNING - env_18_01_geotopes_geomorphologiques_polygone_synclinal_perche_1: GetMap request is blocked for this layer
2026-01-25 04:42:18,808 - Scraping log - scraper.py > get_service_info(): Line 316 - WARNING - env_18_01_geotopes_geomorphologiques_polygone_synclinal_perche_2: GetMap request is blocked for this layer
2026-01-25 04:42:19,491 - Scraping log - scraper.py > get_service_info(): Line 316 - WARNING - env_18_01_geotopes_geomorphologiques_polygone_vallee_seche_1: GetMap request is blocked for this layer
2026-01-25 04:42:20,217 - Scraping log - scraper.py > get_service_info(): Line 316 - WARNING - env_18_01_geotopes_geomorphologiques_polygone_vallee_seche_2: GetMap request is blocked for this layer
2026-01-25 04:42:20,989 - Scraping log - scraper.py > get_service_info(): Line 316 - WARNING - env_18_01_geotopes_geomorphologiques_polygone_versant_monoclinal_1: GetMap request is blocked for this layer
2026-01-25 04:42:21,639 - Scraping log - scraper.py > get_service_info(): Line 316 - WARNING - env_18_01_geotopes_geomorphologiques_polygone_versant_monoclinal_2: GetMap request is blocked for this layer
2026-01-25 04:42:22,297 - Scraping log - scraper.py > get_service_info(): Line 316 - WARNING - env_04_01_reserves_naturelles_zones_protection_paysagere_Interrogation: GetMap request is blocked for this layer
2026-01-25 04:42:22,946 - Scraping log - scraper.py > get_service_info(): Line 316 - WARNING - env_04_01_reserves_naturelles_en_vigeur: GetMap request is blocked for this layer
2026-01-25 04:42:23,632 - Scraping log - scraper.py > get_service_info(): Line 316 - WARNING - env_04_01_zone_protection_paysagere_en_vigeur: GetMap request is blocked for this layer
2026-01-25 04:42:24,302 - Scraping log - scraper.py > get_service_info(): Line 316 - WARNING - env_04_01_reserves_naturelles_modification_avec_effet_juridique: GetMap request is blocked for this layer
2026-01-25 04:42:24,954 - Scraping log - scraper.py > get_service_info(): Line 316 - WARNING - env_04_01_zones_protection_paysagere_modification_sans_effet_juridique: GetMap request is blocked for this layer
2026-01-25 04:42:25,607 - Scraping log - scraper.py > get_service_info(): Line 316 - WARNING - env_04_01_reserves_naturelles_modification_sans_effet_juridique: GetMap request is blocked for this layer
2026-01-25 04:42:26,291 - Scraping log - scraper.py > get_service_info(): Line 316 - WARNING - env_04_01_zones_protection_paysagere_modification_avec_effet_juridique: GetMap request is blocked for this layer
2026-01-25 04:42:27,056 - Scraping log - scraper.py > get_service_info(): Line 316 - WARNING - env_04_27_neophytes_point_ambroisie_interrogation: GetMap request is blocked for this layer
2026-01-25 04:42:27,741 - Scraping log - scraper.py > get_service_info(): Line 316 - WARNING - env_04_27_neophytes_ambroisie_point: GetMap request is blocked for this layer
2026-01-25 04:42:28,406 - Scraping log - scraper.py > get_service_info(): Line 316 - WARNING - env_04_27_neophytes_poly_ambroisie: GetMap request is blocked for this layer
2026-01-25 04:42:29,066 - Scraping log - scraper.py > get_service_info(): Line 316 - WARNING - env_04_27_neophytes_ailante_interrogation: GetMap request is blocked for this layer
2026-01-25 04:42:29,716 - Scraping log - scraper.py > get_service_info(): Line 316 - WARNING - env_04_27_neophytes_ailante_ailante_point: GetMap request is blocked for this layer
2026-01-25 04:42:30,418 - Scraping log - scraper.py > get_service_info(): Line 316 - WARNING - env_04_27_neophytes_ailante_poly: GetMap request is blocked for this layer
2026-01-25 04:42:31,102 - Scraping log - scraper.py > get_service_info(): Line 316 - WARNING - env_04_27_neophytes_berce_caucase_interrogation: GetMap request is blocked for this layer
2026-01-25 04:42:31,754 - Scraping log - scraper.py > get_service_info(): Line 316 - WARNING - env_04_27_neophytes_berce_caucase_point: GetMap request is blocked for this layer
2026-01-25 04:42:32,402 - Scraping log - scraper.py > get_service_info(): Line 316 - WARNING - env_04_27_neophytes_berce_caucase_poly: GetMap request is blocked for this layer
2026-01-25 04:42:33,054 - Scraping log - scraper.py > get_service_info(): Line 316 - WARNING - env_04_27_neophytes_impatiente_glanduleuse_interrogation: GetMap request is blocked for this layer
2026-01-25 04:42:33,718 - Scraping log - scraper.py > get_service_info(): Line 316 - WARNING - env_04_27_neophytes_impatiente_glanduleuse_point: GetMap request is blocked for this layer
2026-01-25 04:42:34,438 - Scraping log - scraper.py > get_service_info(): Line 316 - WARNING - env_04_27_neophytes_impatiente_glanduleuse_poly: GetMap request is blocked for this layer
2026-01-25 04:42:35,112 - Scraping log - scraper.py > get_service_info(): Line 316 - WARNING - env_04_27_neophyte_renouee_exotique_interrogation: GetMap request is blocked for this layer
2026-01-25 04:42:35,773 - Scraping log - scraper.py > get_service_info(): Line 316 - WARNING - env_04_27_neophyte_renouee_exotique_point: GetMap request is blocked for this layer
2026-01-25 04:42:36,449 - Scraping log - scraper.py > get_service_info(): Line 316 - WARNING - env_04_27_neophyte_renouee_exotique_poly: GetMap request is blocked for this layer
2026-01-25 04:42:37,214 - Scraping log - scraper.py > get_service_info(): Line 316 - WARNING - env_04_27_neophytes_solidage_canada_interrogation: GetMap request is blocked for this layer
2026-01-25 04:42:37,897 - Scraping log - scraper.py > get_service_info(): Line 316 - WARNING - env_04_27_neophytes_solidage_canada_point: GetMap request is blocked for this layer
2026-01-25 04:42:38,673 - Scraping log - scraper.py > get_service_info(): Line 316 - WARNING - env_04_27_neophytes_solidage_canada_poly: GetMap request is blocked for this layer
2026-01-25 04:42:39,322 - Scraping log - scraper.py > get_service_info(): Line 316 - WARNING - env_06_02_ecomorphologie_troncon_1: GetMap request is blocked for this layer
2026-01-25 04:42:39,985 - Scraping log - scraper.py > get_service_info(): Line 316 - WARNING - env_06_02_ecomorphologie_troncon_2: GetMap request is blocked for this layer
2026-01-25 04:42:40,745 - Scraping log - scraper.py > get_service_info(): Line 316 - WARNING - env_06_02_ecomorphologie_photos_interrogation: GetMap request is blocked for this layer
2026-01-25 04:42:41,410 - Scraping log - scraper.py > get_service_info(): Line 316 - WARNING - env_06_02_ecomorphologie_photos_points: GetMap request is blocked for this layer
2026-01-25 04:42:42,161 - Scraping log - scraper.py > get_service_info(): Line 316 - WARNING - sdt_04_21_inventaire_arbres_sur_tiges_interrogation: GetMap request is blocked for this layer
2026-01-25 04:42:42,960 - Scraping log - scraper.py > get_service_info(): Line 316 - WARNING - sdt_04_21_inventaire_arbres_sur_tiges_points: GetMap request is blocked for this layer
2026-01-25 04:42:43,704 - Scraping log - scraper.py > get_service_info(): Line 316 - WARNING - env_04_32_40ans_40_chenes_interrogation: GetMap request is blocked for this layer
2026-01-25 04:42:44,369 - Scraping log - scraper.py > get_service_info(): Line 316 - WARNING - env_04_32_40ans_40_chenes_point: GetMap request is blocked for this layer
2026-01-25 04:42:45,029 - Scraping log - scraper.py > get_service_info(): Line 316 - WARNING - sdt_10_14_thalweg_2022_normal: GetMap request is blocked for this layer
2026-01-25 04:42:45,674 - Scraping log - scraper.py > get_service_info(): Line 316 - WARNING - sdt_10_14_thalweg_2022_simplifier_1: GetMap request is blocked for this layer
2026-01-25 04:42:46,333 - Scraping log - scraper.py > get_service_info(): Line 316 - WARNING - sdt_10_14_thalweg_2022_simplifier_2: GetMap request is blocked for this layer
2026-01-25 04:42:46,986 - Scraping log - scraper.py > get_service_info(): Line 316 - WARNING - env_04_43_arbres_haies_bosquets_forets_1: GetMap request is blocked for this layer
2026-01-25 04:42:47,640 - Scraping log - scraper.py > get_service_info(): Line 316 - WARNING - env_04_43_arbres_haies_bosquets_forets_2: GetMap request is blocked for this layer
2026-01-25 04:42:48,298 - Scraping log - scraper.py > get_service_info(): Line 316 - WARNING - sdt_02_15_isos_poly: GetMap request is blocked for this layer
2026-01-25 04:42:48,951 - Scraping log - scraper.py > get_service_info(): Line 316 - WARNING - sdt_02_15_isos_masque_limite_echelle: GetMap request is blocked for this layer
2026-01-25 04:42:49,598 - Scraping log - scraper.py > get_service_info(): Line 316 - WARNING - occ_21_11_icomos_recensement_parcs_jardins_historiques_interrogation: GetMap request is blocked for this layer
2026-01-25 04:42:50,252 - Scraping log - scraper.py > get_service_info(): Line 316 - WARNING - occ_21_11_icomos_recensement_parcs_jardins_historiques_cluster: GetMap request is blocked for this layer
2026-01-25 04:42:50,970 - Scraping log - scraper.py > get_service_info(): Line 316 - WARNING - occ_02_14_rbc_interrogation: GetMap request is blocked for this layer
2026-01-25 04:42:51,622 - Scraping log - scraper.py > get_service_info(): Line 316 - WARNING - occ_02_14_rbc_cluster: GetMap request is blocked for this layer
2026-01-25 04:42:52,291 - Scraping log - scraper.py > get_service_info(): Line 316 - WARNING - occ_02_14_rbc_point: GetMap request is blocked for this layer
2026-01-25 04:42:52,948 - Scraping log - scraper.py > get_service_info(): Line 316 - WARNING - occ_02_27_petit_patrimoine_ligne: GetMap request is blocked for this layer
2026-01-25 04:42:53,607 - Scraping log - scraper.py > get_service_info(): Line 316 - WARNING - occ_02_27_petit_patrimoine_point: GetMap request is blocked for this layer
2026-01-25 04:43:07,433 - Scraping log - scraper.py > get_service_info(): Line 316 - WARNING - sdt_11_07_ortho_2018_01_23_st_ursanne_copyright: GetMap request is blocked for this layer
2026-01-25 04:43:30,935 - Scraping log - scraper.py > get_service_info(): Line 316 - WARNING - sdt_09_05_gares_1: GetMap request is blocked for this layer
2026-01-25 04:43:31,584 - Scraping log - scraper.py > get_service_info(): Line 316 - WARNING - sdt_09_05_gares_2: GetMap request is blocked for this layer
2026-01-25 04:43:32,240 - Scraping log - scraper.py > get_service_info(): Line 316 - WARNING - sdt_09_07_arrets_de_bus_interrogation: GetMap request is blocked for this layer
2026-01-25 04:43:32,898 - Scraping log - scraper.py > get_service_info(): Line 316 - WARNING - sdt_09_07_arrets_de_bus_1: GetMap request is blocked for this layer
2026-01-25 04:43:33,659 - Scraping log - scraper.py > get_service_info(): Line 316 - WARNING - sdt_09_07_arrets_de_bus_2: GetMap request is blocked for this layer
2026-01-25 04:43:34,316 - Scraping log - scraper.py > get_service_info(): Line 316 - WARNING - sdt_09_07_arrets_de_bus_interrogation_nocturne: GetMap request is blocked for this layer
2026-01-25 04:43:35,222 - Scraping log - scraper.py > get_service_info(): Line 316 - WARNING - sdt_09_07_arrets_de_bus_1_nocturne: GetMap request is blocked for this layer
2026-01-25 04:43:35,876 - Scraping log - scraper.py > get_service_info(): Line 316 - WARNING - sdt_09_07_arrets_de_bus_2_nocturne: GetMap request is blocked for this layer
2026-01-25 04:43:36,541 - Scraping log - scraper.py > get_service_info(): Line 316 - WARNING - sdt_09_13_aires_covoiturage_1: GetMap request is blocked for this layer
2026-01-25 04:43:37,223 - Scraping log - scraper.py > get_service_info(): Line 316 - WARNING - sdt_09_13_aires_covoiturage_2: GetMap request is blocked for this layer
2026-01-25 04:43:37,881 - Scraping log - scraper.py > get_service_info(): Line 316 - WARNING - sdt_09_24_aerodrome_1: GetMap request is blocked for this layer
2026-01-25 04:43:38,571 - Scraping log - scraper.py > get_service_info(): Line 316 - WARNING - sdt_09_24_aerodrome_2: GetMap request is blocked for this layer
2026-01-25 04:43:39,242 - Scraping log - scraper.py > get_service_info(): Line 316 - WARNING - sdt_09_03_itineraires_vtt_interrogation: GetMap request is blocked for this layer
2026-01-25 04:43:39,903 - Scraping log - scraper.py > get_service_info(): Line 316 - WARNING - sdt_09_03_itineraires_vtt_liaison: GetMap request is blocked for this layer
2026-01-25 04:43:40,630 - Scraping log - scraper.py > get_service_info(): Line 316 - WARNING - sdt_09_03_itineraires_vtt_facile: GetMap request is blocked for this layer
2026-01-25 04:43:41,296 - Scraping log - scraper.py > get_service_info(): Line 316 - WARNING - sdt_09_03_itineraires_vtt_moyen: GetMap request is blocked for this layer
2026-01-25 04:43:41,966 - Scraping log - scraper.py > get_service_info(): Line 316 - WARNING - sdt_09_03_itineraires_vtt_difficile: GetMap request is blocked for this layer
2026-01-25 04:43:42,631 - Scraping log - scraper.py > get_service_info(): Line 316 - WARNING - sdt_09_03_numero_itineraires_vtt: GetMap request is blocked for this layer
2026-01-25 04:43:43,290 - Scraping log - scraper.py > get_service_info(): Line 316 - WARNING - sdt_09_03_itineraires_vtt_sens: GetMap request is blocked for this layer
2026-01-25 04:43:43,943 - Scraping log - scraper.py > get_service_info(): Line 316 - WARNING - sdt_09_21_panneaux_information_vtt_1: GetMap request is blocked for this layer
2026-01-25 04:43:44,596 - Scraping log - scraper.py > get_service_info(): Line 316 - WARNING - sdt_09_21_panneaux_information_vtt_2: GetMap request is blocked for this layer
2026-01-25 04:43:45,262 - Scraping log - scraper.py > get_service_info(): Line 316 - WARNING - sdt_17_07_places_pique_nique_interrogation: GetMap request is blocked for this layer
2026-01-25 04:43:45,908 - Scraping log - scraper.py > get_service_info(): Line 316 - WARNING - sdt_17_07_places_pique_nique_cluster: GetMap request is blocked for this layer
2026-01-25 04:43:46,564 - Scraping log - scraper.py > get_service_info(): Line 316 - WARNING - sdt_17_06_cabanes_forestieres_interrogation: GetMap request is blocked for this layer
2026-01-25 04:43:47,248 - Scraping log - scraper.py > get_service_info(): Line 316 - WARNING - sdt_17_06_cabanes_forestieres_cluster: GetMap request is blocked for this layer
2026-01-25 04:43:47,914 - Scraping log - scraper.py > get_service_info(): Line 316 - WARNING - sdt_17_12_camping_interrogation: GetMap request is blocked for this layer
2026-01-25 04:43:48,772 - Scraping log - scraper.py > get_service_info(): Line 316 - WARNING - sdt_17_12_camping_cluster: GetMap request is blocked for this layer
2026-01-25 04:43:49,517 - Scraping log - scraper.py > get_service_info(): Line 316 - WARNING - sdt_17_13_cabanes_an_cas_interrogation: GetMap request is blocked for this layer
2026-01-25 04:43:50,179 - Scraping log - scraper.py > get_service_info(): Line 316 - WARNING - sdt_17_13_cabanes_an_cas_cluster: GetMap request is blocked for this layer
2026-01-25 04:43:50,904 - Scraping log - scraper.py > get_service_info(): Line 316 - WARNING - sdt_09_14_chemins_randonnee_pedestre_poteaux_balisage: GetMap request is blocked for this layer
2026-01-25 04:43:51,555 - Scraping log - scraper.py > get_service_info(): Line 316 - WARNING - sdt_09_14_chemins_randonnee_pedestre_temps_de_marche_texte: GetMap request is blocked for this layer
2026-01-25 04:43:52,297 - Scraping log - scraper.py > get_service_info(): Line 316 - WARNING - sdt_09_14_chemins_randonnee_pedestre_fleches: GetMap request is blocked for this layer
2026-01-25 04:43:52,950 - Scraping log - scraper.py > get_service_info(): Line 316 - WARNING - sdt_09_08_fermeture_provisoire_polygone: GetMap request is blocked for this layer
2026-01-25 04:43:53,612 - Scraping log - scraper.py > get_service_info(): Line 316 - WARNING - sdt_09_08_fermeture_provisoire_point: GetMap request is blocked for this layer
2026-01-25 04:43:54,276 - Scraping log - scraper.py > get_service_info(): Line 316 - WARNING - sdt_17_11_pistes_pour_cavaliers_itineraires: GetMap request is blocked for this layer
2026-01-25 04:43:54,950 - Scraping log - scraper.py > get_service_info(): Line 316 - WARNING - sdt_17_11_pistes_pour_cavaliers_numero_itineraire: GetMap request is blocked for this layer
2026-01-25 04:43:55,620 - Scraping log - scraper.py > get_service_info(): Line 316 - WARNING - env_03_13_arbres_remarquables_points_interrogation: GetMap request is blocked for this layer
2026-01-25 04:43:56,283 - Scraping log - scraper.py > get_service_info(): Line 316 - WARNING - env_03_13_arbres_remarquables_points_publier: GetMap request is blocked for this layer
2026-01-25 04:43:56,956 - Scraping log - scraper.py > get_service_info(): Line 316 - WARNING - env_03_13_arbres_remarquables_points_validation: GetMap request is blocked for this layer
2026-01-25 04:43:57,648 - Scraping log - scraper.py > get_service_info(): Line 316 - WARNING - sdt_17_11_pistes_equesteres_chemins_pedestres_hivernaux_reseaux: GetMap request is blocked for this layer
2026-01-25 04:43:58,376 - Scraping log - scraper.py > get_service_info(): Line 316 - WARNING - sdt_17_11_pistes_equesteres_chemins_pedestres_hivernaux_parc: GetMap request is blocked for this layer
2026-01-25 04:43:59,048 - Scraping log - scraper.py > get_service_info(): Line 316 - WARNING - sdt_17_11_parcours_vita_itineraires: GetMap request is blocked for this layer
2026-01-25 04:43:59,704 - Scraping log - scraper.py > get_service_info(): Line 316 - WARNING - sdt_17_11_parcours_vita_depart: GetMap request is blocked for this layer
2026-01-25 04:44:00,370 - Scraping log - scraper.py > get_service_info(): Line 316 - WARNING - osm_ombrage_1m: GetMap request is blocked for this layer
2026-01-25 04:44:01,741 - Scraping log - scraper.py > get_service_info(): Line 316 - WARNING - osm_perimetre_zone_batir: GetMap request is blocked for this layer
2026-01-25 04:44:02,401 - Scraping log - scraper.py > get_service_info(): Line 316 - WARNING - osm_roadsclose_1: GetMap request is blocked for this layer
2026-01-25 04:44:03,048 - Scraping log - scraper.py > get_service_info(): Line 316 - WARNING - osm_roadsclose_2: GetMap request is blocked for this layer
2026-01-25 04:44:03,697 - Scraping log - scraper.py > get_service_info(): Line 316 - WARNING - osm_roadsclose_3: GetMap request is blocked for this layer
2026-01-25 04:44:04,365 - Scraping log - scraper.py > get_service_info(): Line 316 - WARNING - osm_roadsclose_4: GetMap request is blocked for this layer
2026-01-25 04:44:05,025 - Scraping log - scraper.py > get_service_info(): Line 316 - WARNING - osm_railways_1: GetMap request is blocked for this layer
2026-01-25 04:44:05,684 - Scraping log - scraper.py > get_service_info(): Line 316 - WARNING - osm_railways_2: GetMap request is blocked for this layer
2026-01-25 04:44:06,401 - Scraping log - scraper.py > get_service_info(): Line 316 - WARNING - fond_plan_blanc_fond_plan_cadastral_complement: GetMap request is blocked for this layer
2026-01-25 04:44:09,527 - Scraping log - scraper.py > get_service_info(): Line 316 - WARNING - cadastre_cache_ombrage: GetMap request is blocked for this layer
2026-01-25 04:44:10,194 - Scraping log - scraper.py > get_service_info(): Line 316 - WARNING - cadastre_osm_perimetre_zone_batir: GetMap request is blocked for this layer
2026-01-25 04:44:10,908 - Scraping log - scraper.py > get_service_info(): Line 316 - WARNING - cadastre_osm_forets: GetMap request is blocked for this layer
2026-01-25 04:44:11,560 - Scraping log - scraper.py > get_service_info(): Line 316 - WARNING - cadastre_osm_lacs_ch: GetMap request is blocked for this layer
2026-01-25 04:44:12,468 - Scraping log - scraper.py > get_service_info(): Line 316 - WARNING - cadastre_osm_roadsclose_1: GetMap request is blocked for this layer
2026-01-25 04:44:13,201 - Scraping log - scraper.py > get_service_info(): Line 316 - WARNING - cadastre_osm_roadsclose_2: GetMap request is blocked for this layer
2026-01-25 04:44:13,858 - Scraping log - scraper.py > get_service_info(): Line 316 - WARNING - cadastre_osm_roadsclose_3: GetMap request is blocked for this layer
2026-01-25 04:44:14,518 - Scraping log - scraper.py > get_service_info(): Line 316 - WARNING - cadastre_osm_roadsclose_4: GetMap request is blocked for this layer
2026-01-25 04:44:15,163 - Scraping log - scraper.py > get_service_info(): Line 316 - WARNING - cadastre_osm_railways_1: GetMap request is blocked for this layer
2026-01-25 04:44:15,870 - Scraping log - scraper.py > get_service_info(): Line 316 - WARNING - cadastre_osm_railways_2: GetMap request is blocked for this layer
2026-01-25 04:44:16,514 - Scraping log - scraper.py > get_service_info(): Line 316 - WARNING - cadastre_osm_alsace_roadsclose_1: GetMap request is blocked for this layer
2026-01-25 04:44:17,242 - Scraping log - scraper.py > get_service_info(): Line 316 - WARNING - cadastre_osm_alsace_roadsclose_2: GetMap request is blocked for this layer
2026-01-25 04:44:17,900 - Scraping log - scraper.py > get_service_info(): Line 316 - WARNING - cadastre_osm_alsace_roadsclose_3: GetMap request is blocked for this layer
2026-01-25 04:44:18,587 - Scraping log - scraper.py > get_service_info(): Line 316 - WARNING - cadastre_osm_alsace_roadsclose_4: GetMap request is blocked for this layer
2026-01-25 04:44:19,298 - Scraping log - scraper.py > get_service_info(): Line 316 - WARNING - cadastre_osm_alsace_railways_1: GetMap request is blocked for this layer
2026-01-25 04:44:20,050 - Scraping log - scraper.py > get_service_info(): Line 316 - WARNING - cadastre_osm_alsace_railways_2: GetMap request is blocked for this layer
2026-01-25 04:44:20,745 - Scraping log - scraper.py > get_service_info(): Line 316 - WARNING - cadastre_osm_franche-comte_roadsclose_1: GetMap request is blocked for this layer
2026-01-25 04:44:21,403 - Scraping log - scraper.py > get_service_info(): Line 316 - WARNING - cadastre_osm_franche-comte_roadsclose_2: GetMap request is blocked for this layer
2026-01-25 04:44:22,074 - Scraping log - scraper.py > get_service_info(): Line 316 - WARNING - cadastre_osm_franche-comte_roadsclose_3: GetMap request is blocked for this layer
2026-01-25 04:44:22,749 - Scraping log - scraper.py > get_service_info(): Line 316 - WARNING - cadastre_osm_franche-comte_roadsclose_4: GetMap request is blocked for this layer
2026-01-25 04:44:23,412 - Scraping log - scraper.py > get_service_info(): Line 316 - WARNING - cadastre_osm_franche-comte_railways_1: GetMap request is blocked for this layer
2026-01-25 04:44:24,060 - Scraping log - scraper.py > get_service_info(): Line 316 - WARNING - cadastre_osm_franche-comte_railways_2: GetMap request is blocked for this layer
2026-01-25 04:44:24,712 - Scraping log - scraper.py > get_service_info(): Line 316 - WARNING - cadastre_osm_baden_wurttemberg_roadsclose_1: GetMap request is blocked for this layer
2026-01-25 04:44:25,375 - Scraping log - scraper.py > get_service_info(): Line 316 - WARNING - cadastre_osm_baden_wurttemberg_roadsclose_2: GetMap request is blocked for this layer
2026-01-25 04:44:26,024 - Scraping log - scraper.py > get_service_info(): Line 316 - WARNING - cadastre_osm_baden_wurttemberg_roadsclose_3: GetMap request is blocked for this layer
2026-01-25 04:44:26,676 - Scraping log - scraper.py > get_service_info(): Line 316 - WARNING - cadastre_osm_baden_wurttemberg_roadsclose_4: GetMap request is blocked for this layer
2026-01-25 04:44:27,327 - Scraping log - scraper.py > get_service_info(): Line 316 - WARNING - cadastre_osm_baden_wurttemberg_railways_1: GetMap request is blocked for this layer
2026-01-25 04:44:28,013 - Scraping log - scraper.py > get_service_info(): Line 316 - WARNING - cadastre_osm_baden_wurttemberg_railways_2: GetMap request is blocked for this layer
2026-01-25 04:44:28,664 - Scraping log - scraper.py > get_service_info(): Line 316 - WARNING - cadastre_osm_canton_ju: GetMap request is blocked for this layer
2026-01-25 04:44:29,309 - Scraping log - scraper.py > get_service_info(): Line 316 - WARNING - cadastre_osm_districts_ju: GetMap request is blocked for this layer
2026-01-25 04:44:29,972 - Scraping log - scraper.py > get_service_info(): Line 316 - WARNING - cadastre_osm_communes_ju: GetMap request is blocked for this layer
2026-01-25 04:44:30,637 - Scraping log - scraper.py > get_service_info(): Line 316 - WARNING - cadastre_osm_localites_ju: GetMap request is blocked for this layer
2026-01-25 04:44:31,349 - Scraping log - scraper.py > get_service_info(): Line 316 - WARNING - cadastre_osm_canton_ch: GetMap request is blocked for this layer
2026-01-25 04:44:32,022 - Scraping log - scraper.py > get_service_info(): Line 316 - WARNING - Noms_Cantons_Villes: GetMap request is blocked for this layer
2026-01-25 04:44:32,672 - Scraping log - scraper.py > get_service_info(): Line 316 - WARNING - crdppf_sdt_01_04_md_sit_cs_surface: GetMap request is blocked for this layer
2026-01-25 04:44:33,327 - Scraping log - scraper.py > get_service_info(): Line 316 - WARNING - crdppf_sdt_01_04_md_sit_cs_surface_batiment: GetMap request is blocked for this layer
2026-01-25 04:44:33,990 - Scraping log - scraper.py > get_service_info(): Line 316 - WARNING - crdppf_sdt_01_04_md_sit_cs_surface_batiments_proj: GetMap request is blocked for this layer
2026-01-25 04:44:34,650 - Scraping log - scraper.py > get_service_info(): Line 316 - WARNING - crdppf_sdt_01_04_md_sit_adr_entree_batiment: GetMap request is blocked for this layer
2026-01-25 04:44:35,314 - Scraping log - scraper.py > get_service_info(): Line 316 - WARNING - crdppf_sdt_01_04_md_sit_cs_numero_batiment_proj: GetMap request is blocked for this layer
2026-01-25 04:44:35,976 - Scraping log - scraper.py > get_service_info(): Line 316 - WARNING - crdppf_sdt_01_04_md_sit_objets_divers_postext: GetMap request is blocked for this layer
2026-01-25 04:44:36,636 - Scraping log - scraper.py > get_service_info(): Line 316 - WARNING - crdppf_sdt_01_04_md_sit_adr_entree_batiment_od: GetMap request is blocked for this layer
2026-01-25 04:44:37,297 - Scraping log - scraper.py > get_service_info(): Line 316 - WARNING - crdppf_sdt_01_04_md_sit_objets_divers_lignes: GetMap request is blocked for this layer
2026-01-25 04:44:37,953 - Scraping log - scraper.py > get_service_info(): Line 316 - WARNING - crdppf_sdt_01_04_md_sit_objets_divers_polygones: GetMap request is blocked for this layer
2026-01-25 04:44:38,599 - Scraping log - scraper.py > get_service_info(): Line 316 - WARNING - crdppf_real_estate_wms: GetMap request is blocked for this layer
2026-01-25 04:44:39,250 - Scraping log - scraper.py > get_service_info(): Line 316 - WARNING - crdppf_sdt_01_04_md_sit_bf_bien_fonds_proj: GetMap request is blocked for this layer
2026-01-25 04:44:39,913 - Scraping log - scraper.py > get_service_info(): Line 316 - WARNING - crdppf_real_estate_wms_ddp: GetMap request is blocked for this layer
2026-01-25 04:44:40,571 - Scraping log - scraper.py > get_service_info(): Line 316 - WARNING - crdppf_sdt_01_04_md_sit_bf_ddp_proj: GetMap request is blocked for this layer
2026-01-25 04:44:41,219 - Scraping log - scraper.py > get_service_info(): Line 316 - WARNING - crdppfsdt_01_04_md_sit_bf_posimmeuble_ligne_auxiliaire: GetMap request is blocked for this layer
2026-01-25 04:44:41,876 - Scraping log - scraper.py > get_service_info(): Line 316 - WARNING - crdppf_sdt_01_04_md_sit_bf_posimmeuble_proj_ligne_aux: GetMap request is blocked for this layer
2026-01-25 04:44:42,528 - Scraping log - scraper.py > get_service_info(): Line 316 - WARNING - crdppf_sdt_01_04_md_sit_bf_posimmeuble_1: GetMap request is blocked for this layer
2026-01-25 04:44:43,183 - Scraping log - scraper.py > get_service_info(): Line 316 - WARNING - crdppf_sdt_01_04_md_sit_bf_posimmeuble_2: GetMap request is blocked for this layer
2026-01-25 04:44:43,833 - Scraping log - scraper.py > get_service_info(): Line 316 - WARNING - crdppf_sdt_01_04_md_sit_bf_posimmeuble_3: GetMap request is blocked for this layer
2026-01-25 04:44:44,522 - Scraping log - scraper.py > get_service_info(): Line 316 - WARNING - crdppf_sdt_01_04_md_sit_bf_posimmeuble_proj_1: GetMap request is blocked for this layer
2026-01-25 04:44:45,241 - Scraping log - scraper.py > get_service_info(): Line 316 - WARNING - crdppf_sdt_01_04_md_sit_bf_posimmeuble_proj_2: GetMap request is blocked for this layer
2026-01-25 04:44:45,892 - Scraping log - scraper.py > get_service_info(): Line 316 - WARNING - crdppf_sdt_01_04_md_sit_bf_posimmeuble_proj_3: GetMap request is blocked for this layer
2026-01-25 04:44:46,583 - Scraping log - scraper.py > get_service_info(): Line 316 - WARNING - crdppf_sdt_01_04_md_sit_objets_divers_ponctuel: GetMap request is blocked for this layer
2026-01-25 04:44:47,250 - Scraping log - scraper.py > get_service_info(): Line 316 - WARNING - crdppf_sdt_01_04_md_sit_bf_points_limites: GetMap request is blocked for this layer
2026-01-25 04:44:47,904 - Scraping log - scraper.py > get_service_info(): Line 316 - WARNING - crdppf_sdt_01_04_md_sit_nomenclature_noms_posnom_nom_local: GetMap request is blocked for this layer
2026-01-25 04:44:48,570 - Scraping log - scraper.py > get_service_info(): Line 316 - WARNING - crdppf_sdt_01_04_md_sit_adr_troncon_rue: GetMap request is blocked for this layer
2026-01-25 04:44:49,227 - Scraping log - scraper.py > get_service_info(): Line 316 - WARNING - sdt_01_04_md_sit_nomenclature_noms_posnom_lieu_dit: GetMap request is blocked for this layer
2026-01-25 04:44:49,889 - Scraping log - scraper.py > get_service_info(): Line 316 - WARNING - crdppf_sdt_01_04_md_sit_nomenclature_noms_posnom_nom_de_lieu: GetMap request is blocked for this layer
2026-01-25 04:44:50,573 - Scraping log - scraper.py > get_service_info(): Line 316 - WARNING - crdppf_page_garde_sdt_01_04_md_sit_cs_surface_nb: GetMap request is blocked for this layer
2026-01-25 04:44:51,235 - Scraping log - scraper.py > get_service_info(): Line 316 - WARNING - crdppf_page_garde_sdt_01_04_md_sit_cs_surface_batiment: GetMap request is blocked for this layer
2026-01-25 04:44:51,910 - Scraping log - scraper.py > get_service_info(): Line 316 - WARNING - crdppf_page_garde_sdt_01_04_md_sit_cs_surface_batiments_proj: GetMap request is blocked for this layer
2026-01-25 04:44:52,566 - Scraping log - scraper.py > get_service_info(): Line 316 - WARNING - crdppf_page_garde_sdt_01_04_md_sit_adr_entree_batiment: GetMap request is blocked for this layer
2026-01-25 04:44:53,220 - Scraping log - scraper.py > get_service_info(): Line 316 - WARNING - crdppf_page_garde_sdt_01_04_md_sit_cs_numero_batiment_proj: GetMap request is blocked for this layer
2026-01-25 04:44:53,896 - Scraping log - scraper.py > get_service_info(): Line 316 - WARNING - crdppf_page_garde_sdt_01_04_md_sit_objets_divers_postext: GetMap request is blocked for this layer
2026-01-25 04:44:54,547 - Scraping log - scraper.py > get_service_info(): Line 316 - WARNING - crdppf_page_garde_sdt_01_04_md_sit_adr_entree_batiment_od: GetMap request is blocked for this layer
2026-01-25 04:44:55,196 - Scraping log - scraper.py > get_service_info(): Line 316 - WARNING - crdppf_page_garde_sdt_01_04_md_sit_objets_divers_lignes: GetMap request is blocked for this layer
2026-01-25 04:44:55,846 - Scraping log - scraper.py > get_service_info(): Line 316 - WARNING - crdppf_page_garde_sdt_01_04_md_sit_objets_divers_polygones: GetMap request is blocked for this layer
2026-01-25 04:44:56,498 - Scraping log - scraper.py > get_service_info(): Line 316 - WARNING - crdppf_page_garde_real_estate_wms: GetMap request is blocked for this layer
2026-01-25 04:44:57,163 - Scraping log - scraper.py > get_service_info(): Line 316 - WARNING - crdppf_page_garde_sdt_01_04_md_sit_bf_bien_fonds_proj: GetMap request is blocked for this layer
2026-01-25 04:44:57,816 - Scraping log - scraper.py > get_service_info(): Line 316 - WARNING - rdppf_page_garde_real_estate_wms_ddp: GetMap request is blocked for this layer
2026-01-25 04:44:58,487 - Scraping log - scraper.py > get_service_info(): Line 316 - WARNING - crdppf_page_garde_sdt_01_04_md_sit_bf_ddp_proj: GetMap request is blocked for this layer
2026-01-25 04:44:59,136 - Scraping log - scraper.py > get_service_info(): Line 316 - WARNING - crdppf_page_garde_sdt_01_04_md_sit_bf_posimmeuble_ligne_auxiliaire: GetMap request is blocked for this layer
2026-01-25 04:44:59,796 - Scraping log - scraper.py > get_service_info(): Line 316 - WARNING - crdppf_page_garde_sdt_01_04_md_sit_bf_posimmeuble_proj_ligne_aux: GetMap request is blocked for this layer
2026-01-25 04:45:00,464 - Scraping log - scraper.py > get_service_info(): Line 316 - WARNING - crdppf_page_garde_sdt_01_04_md_sit_bf_posimmeuble_1: GetMap request is blocked for this layer
2026-01-25 04:45:01,132 - Scraping log - scraper.py > get_service_info(): Line 316 - WARNING - crdppf_page_garde_sdt_01_04_md_sit_bf_posimmeuble_2: GetMap request is blocked for this layer
2026-01-25 04:45:01,805 - Scraping log - scraper.py > get_service_info(): Line 316 - WARNING - crdppf_page_garde_sdt_01_04_md_sit_bf_posimmeuble_3: GetMap request is blocked for this layer
2026-01-25 04:45:02,518 - Scraping log - scraper.py > get_service_info(): Line 316 - WARNING - crdppf_page_garde_sdt_01_04_md_sit_bf_posimmeuble_proj_1: GetMap request is blocked for this layer
2026-01-25 04:45:03,183 - Scraping log - scraper.py > get_service_info(): Line 316 - WARNING - crdppf_page_garde_sdt_01_04_md_sit_bf_posimmeuble_proj_2: GetMap request is blocked for this layer
2026-01-25 04:45:03,846 - Scraping log - scraper.py > get_service_info(): Line 316 - WARNING - crdppf_page_garde_sdt_01_04_md_sit_bf_posimmeuble_proj_3: GetMap request is blocked for this layer
2026-01-25 04:45:04,555 - Scraping log - scraper.py > get_service_info(): Line 316 - WARNING - crdppf_csdt_01_04_md_sit_objets_divers_ponctuel: GetMap request is blocked for this layer
2026-01-25 04:45:05,223 - Scraping log - scraper.py > get_service_info(): Line 316 - WARNING - crdppf_page_garde_sdt_01_04_md_sit_bf_points_limites: GetMap request is blocked for this layer
2026-01-25 04:45:05,932 - Scraping log - scraper.py > get_service_info(): Line 316 - WARNING - crdppf_page_garde_sdt_01_04_md_sit_nomenclature_noms_posnom_nom_local: GetMap request is blocked for this layer
2026-01-25 04:45:06,591 - Scraping log - scraper.py > get_service_info(): Line 316 - WARNING - crdppf_page_garde_sdt_01_04_md_sit_adr_troncon_rue: GetMap request is blocked for this layer
2026-01-25 04:45:07,075 - Scraping log - scraper.py > get_service_info(): Line 316 - WARNING - crdppf_page_garde_sdt_01_04_md_sit_nomenclature_noms_posnom_lieu_dit: GetMap request is blocked for this layer
2026-01-25 04:45:07,731 - Scraping log - scraper.py > get_service_info(): Line 316 - WARNING - crdppf_page_garde_sdt_01_04_md_sit_nomenclature_noms_posnom_nom_de_lieu: GetMap request is blocked for this layer
2026-01-25 04:45:08,421 - Scraping log - scraper.py > get_service_info(): Line 316 - WARNING - Commune_POI_administration_cantonale_interrogation: GetMap request is blocked for this layer
2026-01-25 04:45:09,085 - Scraping log - scraper.py > get_service_info(): Line 316 - WARNING - Commune_POI_administration_cantonale_cluster: GetMap request is blocked for this layer
2026-01-25 04:45:09,749 - Scraping log - scraper.py > get_service_info(): Line 316 - WARNING - Commune_POI_administration_cantonale_point: GetMap request is blocked for this layer
2026-01-25 04:45:10,402 - Scraping log - scraper.py > get_service_info(): Line 316 - WARNING - Commune_POI_administration_communale_interrogation: GetMap request is blocked for this layer
2026-01-25 04:45:11,106 - Scraping log - scraper.py > get_service_info(): Line 316 - WARNING - Commune_POI_administration_communale_cluster: GetMap request is blocked for this layer
2026-01-25 04:45:11,775 - Scraping log - scraper.py > get_service_info(): Line 316 - WARNING - Commune_POI_administration_communale_point: GetMap request is blocked for this layer
2026-01-25 04:45:12,435 - Scraping log - scraper.py > get_service_info(): Line 316 - WARNING - Commune_POI_autres_services_interrogation: GetMap request is blocked for this layer
2026-01-25 04:45:13,088 - Scraping log - scraper.py > get_service_info(): Line 316 - WARNING - Commune_POI_autres_services_cluster: GetMap request is blocked for this layer
2026-01-25 04:45:13,759 - Scraping log - scraper.py > get_service_info(): Line 316 - WARNING - Commune_POI_autres_services_point: GetMap request is blocked for this layer
2026-01-25 04:45:14,413 - Scraping log - scraper.py > get_service_info(): Line 316 - WARNING - Commune_POI_bureau_vote_interrogation: GetMap request is blocked for this layer
2026-01-25 04:45:15,077 - Scraping log - scraper.py > get_service_info(): Line 316 - WARNING - Commune_POI_bureau_vote_cluster: GetMap request is blocked for this layer
2026-01-25 04:45:15,756 - Scraping log - scraper.py > get_service_info(): Line 316 - WARNING - Commune_POI_bureau_vote_point: GetMap request is blocked for this layer
2026-01-25 04:45:16,416 - Scraping log - scraper.py > get_service_info(): Line 316 - WARNING - Commune_POI_ecoles_interrogation: GetMap request is blocked for this layer
2026-01-25 04:45:17,072 - Scraping log - scraper.py > get_service_info(): Line 316 - WARNING - Commune_POI_ecoles_cluster: GetMap request is blocked for this layer
2026-01-25 04:45:17,727 - Scraping log - scraper.py > get_service_info(): Line 316 - WARNING - Commune_POI_ecoles_point: GetMap request is blocked for this layer
2026-01-25 04:45:18,421 - Scraping log - scraper.py > get_service_info(): Line 316 - WARNING - Commune_POI_enfance_interrogation: GetMap request is blocked for this layer
2026-01-25 04:45:19,088 - Scraping log - scraper.py > get_service_info(): Line 316 - WARNING - Commune_POI_enfance_cluster: GetMap request is blocked for this layer
2026-01-25 04:45:19,735 - Scraping log - scraper.py > get_service_info(): Line 316 - WARNING - Commune_POI_enfance_point: GetMap request is blocked for this layer
2026-01-25 04:45:20,405 - Scraping log - scraper.py > get_service_info(): Line 316 - WARNING - Commune_POI_installations_sportives_interrogation: GetMap request is blocked for this layer
2026-01-25 04:45:21,071 - Scraping log - scraper.py > get_service_info(): Line 316 - WARNING - Commune_POI_installations_sportives_cluster: GetMap request is blocked for this layer
2026-01-25 04:45:21,731 - Scraping log - scraper.py > get_service_info(): Line 316 - WARNING - Commune_POI_installations_sportives_point: GetMap request is blocked for this layer
2026-01-25 04:45:22,397 - Scraping log - scraper.py > get_service_info(): Line 316 - WARNING - Commune_POI_salles_sites_loisirs_interrogation: GetMap request is blocked for this layer
2026-01-25 04:45:23,050 - Scraping log - scraper.py > get_service_info(): Line 316 - WARNING - Commune_POI_salles_sites_loisirs_cluster: GetMap request is blocked for this layer
2026-01-25 04:45:23,708 - Scraping log - scraper.py > get_service_info(): Line 316 - WARNING - Commune_POI_salles_sites_loisirs_point: GetMap request is blocked for this layer
2026-01-25 04:45:24,368 - Scraping log - scraper.py > get_service_info(): Line 316 - WARNING - Commune_POI_sante_interrogation: GetMap request is blocked for this layer
2026-01-25 04:45:25,039 - Scraping log - scraper.py > get_service_info(): Line 316 - WARNING - Commune_POI_sante_cluster: GetMap request is blocked for this layer
2026-01-25 04:45:25,691 - Scraping log - scraper.py > get_service_info(): Line 316 - WARNING - Commune_POI_sante_point: GetMap request is blocked for this layer
2026-01-25 04:45:26,352 - Scraping log - scraper.py > get_service_info(): Line 316 - WARNING - Commune_POI_wc_publics_interrogation: GetMap request is blocked for this layer
2026-01-25 04:45:27,010 - Scraping log - scraper.py > get_service_info(): Line 316 - WARNING - Commune_POI_wc_publics_cluster: GetMap request is blocked for this layer
2026-01-25 04:45:27,670 - Scraping log - scraper.py > get_service_info(): Line 316 - WARNING - Commune_POI_wc_publics_point: GetMap request is blocked for this layer
2026-01-25 04:45:28,464 - Scraping log - scraper.py > get_service_info(): Line 316 - WARNING - Commune_Places_de_jeuxs_interrogation: GetMap request is blocked for this layer
2026-01-25 04:45:29,240 - Scraping log - scraper.py > get_service_info(): Line 316 - WARNING - Commune_Places_de_jeux_cluster: GetMap request is blocked for this layer
2026-01-25 04:45:30,016 - Scraping log - scraper.py > get_service_info(): Line 316 - WARNING - Commune_Places_de_jeux_point: GetMap request is blocked for this layer
2026-01-25 04:45:30,673 - Scraping log - scraper.py > get_service_info(): Line 316 - WARNING - Commune_Hotel_interrogation: GetMap request is blocked for this layer
2026-01-25 04:45:31,330 - Scraping log - scraper.py > get_service_info(): Line 316 - WARNING - Commune_Hotels_cluster: GetMap request is blocked for this layer
2026-01-25 04:45:31,985 - Scraping log - scraper.py > get_service_info(): Line 316 - WARNING - Commune_Hotel_point: GetMap request is blocked for this layer
2026-01-25 04:45:32,640 - Scraping log - scraper.py > get_service_info(): Line 316 - WARNING - Commune_Restaurant_interrogation: GetMap request is blocked for this layer
2026-01-25 04:45:33,297 - Scraping log - scraper.py > get_service_info(): Line 316 - WARNING - Commune_Restaurant_cluster: GetMap request is blocked for this layer
2026-01-25 04:45:33,946 - Scraping log - scraper.py > get_service_info(): Line 316 - WARNING - Commune_Restaurant_point: GetMap request is blocked for this layer
2026-01-25 04:45:34,610 - Scraping log - scraper.py > get_service_info(): Line 316 - WARNING - Commune_Poubelles_interrogation: GetMap request is blocked for this layer
2026-01-25 04:45:35,268 - Scraping log - scraper.py > get_service_info(): Line 316 - WARNING - Commune_Poubelles_couvercle_cluster: GetMap request is blocked for this layer
2026-01-25 04:45:35,916 - Scraping log - scraper.py > get_service_info(): Line 316 - WARNING - Commune_Poubelles_sans_couvercle_cluster: GetMap request is blocked for this layer
2026-01-25 04:45:36,569 - Scraping log - scraper.py > get_service_info(): Line 316 - WARNING - Commune_Distributeurs_sachets_canins_interrogation: GetMap request is blocked for this layer
2026-01-25 04:45:37,226 - Scraping log - scraper.py > get_service_info(): Line 316 - WARNING - Commune_Distributeurs_sachets_canins_cluster: GetMap request is blocked for this layer
2026-01-25 04:45:37,885 - Scraping log - scraper.py > get_service_info(): Line 316 - WARNING - Commune_Bancs_publics_interrogation: GetMap request is blocked for this layer
2026-01-25 04:45:38,546 - Scraping log - scraper.py > get_service_info(): Line 316 - WARNING - Commune_Bancs_publics_cluster: GetMap request is blocked for this layer
2026-01-25 04:45:39,221 - Scraping log - scraper.py > get_service_info(): Line 316 - WARNING - Commune_Parcs_a_Velo_interrogation: GetMap request is blocked for this layer
2026-01-25 04:45:39,890 - Scraping log - scraper.py > get_service_info(): Line 316 - WARNING - Commune_Parcs_a_Velo_cluster: GetMap request is blocked for this layer
2026-01-25 04:45:40,538 - Scraping log - scraper.py > get_service_info(): Line 316 - WARNING - Commune_Parcs_a_Velo_point: GetMap request is blocked for this layer
2026-01-25 04:45:41,190 - Scraping log - scraper.py > get_service_info(): Line 316 - WARNING - Commune_Enseignes_Vieille_ville_interrogation: GetMap request is blocked for this layer
2026-01-25 04:45:41,844 - Scraping log - scraper.py > get_service_info(): Line 316 - WARNING - Commune_Enseignes_Vieille_ville_cluster: GetMap request is blocked for this layer
2026-01-25 04:45:42,502 - Scraping log - scraper.py > get_service_info(): Line 316 - WARNING - Commune_Enseignes_Vieille_ville_point: GetMap request is blocked for this layer
2026-01-25 04:45:43,191 - Scraping log - scraper.py > get_service_info(): Line 316 - WARNING - commune_cimetiere_agrandissement: GetMap request is blocked for this layer
2026-01-25 04:45:43,863 - Scraping log - scraper.py > get_service_info(): Line 316 - WARNING - commune_cimetiere_agrandissement_text: GetMap request is blocked for this layer
2026-01-25 04:45:44,524 - Scraping log - scraper.py > get_service_info(): Line 316 - WARNING - commune_cimetiere_agrandissement_fleche: GetMap request is blocked for this layer
2026-01-25 04:45:45,252 - Scraping log - scraper.py > get_service_info(): Line 316 - WARNING - commune_cimetiere_tombes: GetMap request is blocked for this layer
2026-01-25 04:45:45,902 - Scraping log - scraper.py > get_service_info(): Line 316 - WARNING - Commune_POI_handicap_WC_Accessible_interrogation: GetMap request is blocked for this layer
2026-01-25 04:45:46,559 - Scraping log - scraper.py > get_service_info(): Line 316 - WARNING - Commune_POI_handicap_WC_Accessible_cluster: GetMap request is blocked for this layer
2026-01-25 04:45:47,221 - Scraping log - scraper.py > get_service_info(): Line 316 - WARNING - Commune_POI_handicap_WC_Accessible_point: GetMap request is blocked for this layer
2026-01-25 04:45:47,897 - Scraping log - scraper.py > get_service_info(): Line 316 - WARNING - Commune_POI_handicap_WC_Accessible_partiellement_interrogation: GetMap request is blocked for this layer
2026-01-25 04:45:48,561 - Scraping log - scraper.py > get_service_info(): Line 316 - WARNING - Commune_POI_handicap_WC_Accessible_partiellement_cluster: GetMap request is blocked for this layer
2026-01-25 04:45:49,347 - Scraping log - scraper.py > get_service_info(): Line 316 - WARNING - Commune_POI_handicap_WC_Accessible_partiellement_point: GetMap request is blocked for this layer
2026-01-25 04:45:49,996 - Scraping log - scraper.py > get_service_info(): Line 316 - WARNING - Commune_POI_handicap_WC_non_Accessible_interrogation: GetMap request is blocked for this layer
2026-01-25 04:45:50,656 - Scraping log - scraper.py > get_service_info(): Line 316 - WARNING - Commune_POI_handicap_WC_non_Accessible_cluster: GetMap request is blocked for this layer
2026-01-25 04:45:51,315 - Scraping log - scraper.py > get_service_info(): Line 316 - WARNING - Commune_POI_handicap_WC_non_Accessible_point: GetMap request is blocked for this layer
2026-01-25 04:45:51,969 - Scraping log - scraper.py > get_service_info(): Line 316 - WARNING - Commune_POI_handicap_Stationnement_interrogation: GetMap request is blocked for this layer
2026-01-25 04:45:52,665 - Scraping log - scraper.py > get_service_info(): Line 316 - WARNING - Commune_POI_handicap_Stationnement_cluster: GetMap request is blocked for this layer
2026-01-25 04:45:53,395 - Scraping log - scraper.py > get_service_info(): Line 316 - WARNING - Commune_POI_handicap_Stationnement_point: GetMap request is blocked for this layer
2026-01-25 04:45:54,042 - Scraping log - scraper.py > get_service_info(): Line 316 - WARNING - Commune_POI_handicap_batiment_Accessible_interrogation: GetMap request is blocked for this layer
2026-01-25 04:45:54,701 - Scraping log - scraper.py > get_service_info(): Line 316 - WARNING - Commune_POI_handicap_batiment_Accessible_cluster: GetMap request is blocked for this layer
2026-01-25 04:45:55,369 - Scraping log - scraper.py > get_service_info(): Line 316 - WARNING - Commune_POI_handicap_batiment_Accessible_point: GetMap request is blocked for this layer
2026-01-25 04:45:56,022 - Scraping log - scraper.py > get_service_info(): Line 316 - WARNING - Commune_POI_handicap_batiment_Accessible_partiellement_interrogation: GetMap request is blocked for this layer
2026-01-25 04:45:56,678 - Scraping log - scraper.py > get_service_info(): Line 316 - WARNING - Commune_POI_handicap_batiment_Accessible_partiellement_cluster: GetMap request is blocked for this layer
2026-01-25 04:45:57,329 - Scraping log - scraper.py > get_service_info(): Line 316 - WARNING - Commune_POI_handicap_batiment_Accessible_partiellement_point: GetMap request is blocked for this layer
2026-01-25 04:45:58,001 - Scraping log - scraper.py > get_service_info(): Line 316 - WARNING - Commune_POI_handicap_batiment_non_Accessible_interrogation: GetMap request is blocked for this layer
2026-01-25 04:45:58,668 - Scraping log - scraper.py > get_service_info(): Line 316 - WARNING - Commune_POI_handicap_batiment_non_Accessible_cluster: GetMap request is blocked for this layer
2026-01-25 04:45:59,317 - Scraping log - scraper.py > get_service_info(): Line 316 - WARNING - Commune_POI_handicap_batiment_non_Accessible_point: GetMap request is blocked for this layer
2026-01-25 04:45:59,976 - Scraping log - scraper.py > get_service_info(): Line 316 - WARNING - Commune_POI_handicap_Boucle_magnetique_interrogation: GetMap request is blocked for this layer
2026-01-25 04:46:00,631 - Scraping log - scraper.py > get_service_info(): Line 316 - WARNING - Commune_POI_handicap_Boucle_magnetique_cluster: GetMap request is blocked for this layer
2026-01-25 04:46:01,281 - Scraping log - scraper.py > get_service_info(): Line 316 - WARNING - Commune_POI_handicap_Boucle_magnetique_point: GetMap request is blocked for this layer
2026-01-25 04:46:01,955 - Scraping log - scraper.py > get_service_info(): Line 316 - WARNING - Commune_POI_handicap_Langues_signes_interrogation: GetMap request is blocked for this layer
2026-01-25 04:46:02,613 - Scraping log - scraper.py > get_service_info(): Line 316 - WARNING - Commune_POI_handicap_Langues_signes_cluster: GetMap request is blocked for this layer
2026-01-25 04:46:03,269 - Scraping log - scraper.py > get_service_info(): Line 316 - WARNING - Commune_POI_handicap_Langues_signes_point: GetMap request is blocked for this layer
2026-01-25 04:46:03,919 - Scraping log - scraper.py > get_service_info(): Line 316 - WARNING - oereb_r14_ch_ju_nature_reserves_landscape_protection_areas_interrogation: GetMap request is blocked for this layer
2026-01-25 04:46:04,588 - Scraping log - scraper.py > get_service_info(): Line 316 - WARNING - oereb_r14_ch_ju_nature_reserves_landscape_protection_areas_prot_paysagere: GetMap request is blocked for this layer
2026-01-25 04:46:05,258 - Scraping log - scraper.py > get_service_info(): Line 316 - WARNING - oereb_r14_ch_ju_nature_reserves_landscape_protection_areas_reserv_naturel: GetMap request is blocked for this layer
2026-01-25 04:46:05,922 - Scraping log - scraper.py > get_service_info(): Line 316 - WARNING - oereb_r14_ch_ju_nature_reserves_landscape_protection_areas_proj_interrogation: GetMap request is blocked for this layer
2026-01-25 04:46:06,583 - Scraping log - scraper.py > get_service_info(): Line 316 - WARNING - oereb_r14_ch_ju_nature_reserves_landscape_protection_areas_prot_paysagere_sans_effet: GetMap request is blocked for this layer
2026-01-25 04:46:07,267 - Scraping log - scraper.py > get_service_info(): Line 316 - WARNING - oereb_r14_ch_ju_nature_reserves_landscape_protection_areas_proj_prot_paysagere_avec_effet: GetMap request is blocked for this layer
2026-01-25 04:46:07,920 - Scraping log - scraper.py > get_service_info(): Line 316 - WARNING - oereb_r14_ch_ju_nature_reserves_landscape_protection_areas_proj_reserv_naturel_sans_effet: GetMap request is blocked for this layer
2026-01-25 04:46:08,571 - Scraping log - scraper.py > get_service_info(): Line 316 - WARNING - oereb_r14_ch_ju_nature_reserves_landscape_protection_areas_proj_reserv_naturel_avec_effet: GetMap request is blocked for this layer
2026-01-25 04:46:09,239 - Scraping log - scraper.py > get_service_info(): Line 316 - WARNING - oereb_r15_ch_ju_natural_monuments_point: GetMap request is blocked for this layer
2026-01-25 04:46:09,895 - Scraping log - scraper.py > get_service_info(): Line 316 - WARNING - oereb_r15_ch_ju_natural_monuments_poly: GetMap request is blocked for this layer
2026-01-25 04:46:10,553 - Scraping log - scraper.py > get_service_info(): Line 316 - WARNING - oereb_r73_land_use_plans_perimetres_superpose_polygon: GetMap request is blocked for this layer
2026-01-25 04:46:11,205 - Scraping log - scraper.py > get_service_info(): Line 316 - WARNING - oereb_r73_land_use_plans_perimetres_superpose_ligne: GetMap request is blocked for this layer
2026-01-25 04:46:11,866 - Scraping log - scraper.py > get_service_info(): Line 316 - WARNING - oereb_r73_land_use_plans_zones_superpose_2: GetMap request is blocked for this layer
2026-01-25 04:46:12,522 - Scraping log - scraper.py > get_service_info(): Line 316 - WARNING - oereb_r73_land_use_plans_zones_superpose_1: GetMap request is blocked for this layer
2026-01-25 04:46:13,196 - Scraping log - scraper.py > get_service_info(): Line 316 - WARNING - oereb_r117_contaminated_military_sites_area_wms: GetMap request is blocked for this layer
2026-01-25 04:46:13,886 - Scraping log - scraper.py > get_service_info(): Line 316 - WARNING - oereb_r117_contaminated_military_sites_point_wms: GetMap request is blocked for this layer
2026-01-25 04:46:14,537 - Scraping log - scraper.py > get_service_info(): Line 316 - WARNING - oereb_r118_contaminated_civil_aviation_sites_area_wms: GetMap request is blocked for this layer
2026-01-25 04:46:15,203 - Scraping log - scraper.py > get_service_info(): Line 316 - WARNING - oereb_r118_contaminated_civil_aviation_sites_point_wms: GetMap request is blocked for this layer
2026-01-25 04:46:15,203 - Scraping log - scraper.py >         <module>(): Line 751 - INFO - Running default scraper on KT_SG > https://services.geo.sg.ch/wss/service/SG00002_WMS/guest?REQUEST=GetCapabilities (source 163/1467)
2026-01-25 04:47:03,147 - Scraping log - scraper.py >         <module>(): Line 751 - INFO - Running default scraper on KT_SG > https://services.geo.sg.ch/wss/service/SG00002_WMTS/guest?REQUEST=GetCapabilities (source 164/1467)
2026-01-25 04:47:04,411 - Scraping log - scraper.py >         <module>(): Line 751 - INFO - Running default scraper on KT_SG > https://services.geo.sg.ch/wss/service/SG00135_WMS/guest?REQUEST=GetCapabilities (source 165/1467)
2026-01-25 04:47:07,751 - Scraping log - scraper.py >         <module>(): Line 751 - INFO - Running default scraper on KT_SG > https://services.geo.sg.ch/wss/service/SG00135_WMTS/guest?REQUEST=GetCapabilities (source 166/1467)
2026-01-25 04:47:09,005 - Scraping log - scraper.py >         <module>(): Line 751 - INFO - Running default scraper on KT_SG > https://services.geo.sg.ch/wss/service/SG00155_WMS/guest?REQUEST=GetCapabilities (source 167/1467)
2026-01-25 04:47:13,095 - Scraping log - scraper.py >         <module>(): Line 751 - INFO - Running default scraper on KT_SG > https://services.geo.sg.ch/wss/service/SG00155_WMTS/guest?REQUEST=GetCapabilities (source 168/1467)
2026-01-25 04:47:14,353 - Scraping log - scraper.py >         <module>(): Line 751 - INFO - Running default scraper on KT_SG > https://services.geo.sg.ch/wss/service/SG00046_WMS/guest?REQUEST=GetCapabilities (source 169/1467)
2026-01-25 04:47:17,605 - Scraping log - scraper.py >         <module>(): Line 751 - INFO - Running default scraper on KT_SG > https://services.geo.sg.ch/wss/service/SG00046_WMTS/guest?REQUEST=GetCapabilities (source 170/1467)
2026-01-25 04:47:18,843 - Scraping log - scraper.py >         <module>(): Line 751 - INFO - Running default scraper on KT_SG > https://services.geo.sg.ch/wss/service/SG00047_WMS/guest?REQUEST=GetCapabilities (source 171/1467)
2026-01-25 04:47:22,271 - Scraping log - scraper.py >         <module>(): Line 751 - INFO - Running default scraper on KT_SG > https://services.geo.sg.ch/wss/service/SG00047_WMTS/guest?REQUEST=GetCapabilities (source 172/1467)
2026-01-25 04:47:23,514 - Scraping log - scraper.py >         <module>(): Line 751 - INFO - Running default scraper on KT_SG > https://services.geo.sg.ch/wss/service/SG00015_WMS/guest?REQUEST=GetCapabilities (source 173/1467)
2026-01-25 04:47:27,357 - Scraping log - scraper.py >         <module>(): Line 751 - INFO - Running default scraper on KT_SG > https://services.geo.sg.ch/wss/service/SG00015_WMTS/guest?REQUEST=GetCapabilities (source 174/1467)
2026-01-25 04:47:28,607 - Scraping log - scraper.py >         <module>(): Line 751 - INFO - Running default scraper on KT_SG > https://services.geo.sg.ch/wss/service/SG00014_WMS/guest?REQUEST=GetCapabilities (source 175/1467)
2026-01-25 04:47:32,582 - Scraping log - scraper.py >         <module>(): Line 751 - INFO - Running default scraper on KT_SG > https://services.geo.sg.ch/wss/service/SG00014_WMTS/guest?REQUEST=GetCapabilities (source 176/1467)
2026-01-25 04:47:33,855 - Scraping log - scraper.py >         <module>(): Line 751 - INFO - Running default scraper on KT_SG > https://services.geo.sg.ch/wss/service/SG00072_WMS/guest?REQUEST=GetCapabilities (source 177/1467)
2026-01-25 04:47:36,487 - Scraping log - scraper.py >         <module>(): Line 751 - INFO - Running default scraper on KT_SG > https://services.geo.sg.ch/wss/service/SG00072_WMTS/guest?REQUEST=GetCapabilities (source 178/1467)
2026-01-25 04:47:37,737 - Scraping log - scraper.py >         <module>(): Line 751 - INFO - Running default scraper on KT_SG > https://services.geo.sg.ch/wss/service/SG00055_WMS/guest?REQUEST=GetCapabilities (source 179/1467)
2026-01-25 04:47:40,459 - Scraping log - scraper.py >         <module>(): Line 751 - INFO - Running default scraper on KT_SG > https://services.geo.sg.ch/wss/service/SG00055_WMTS/guest?REQUEST=GetCapabilities (source 180/1467)
2026-01-25 04:47:41,811 - Scraping log - scraper.py >         <module>(): Line 751 - INFO - Running default scraper on KT_SG > https://services.geo.sg.ch/wss/service/SG00066_WMS/guest?REQUEST=GetCapabilities (source 181/1467)
2026-01-25 04:47:44,446 - Scraping log - scraper.py >         <module>(): Line 751 - INFO - Running default scraper on KT_SG > https://services.geo.sg.ch/wss/service/SG00066_WMTS/guest?REQUEST=GetCapabilities (source 182/1467)
2026-01-25 04:47:45,691 - Scraping log - scraper.py >         <module>(): Line 751 - INFO - Running default scraper on KT_SG > https://services.geo.sg.ch/wss/service/SG00073_WMS/guest?REQUEST=GetCapabilities (source 183/1467)
2026-01-25 04:47:48,398 - Scraping log - scraper.py >         <module>(): Line 751 - INFO - Running default scraper on KT_SG > https://services.geo.sg.ch/wss/service/SG00073_WMTS/guest?REQUEST=GetCapabilities (source 184/1467)
2026-01-25 04:47:49,654 - Scraping log - scraper.py >         <module>(): Line 751 - INFO - Running default scraper on KT_SG > https://services.geo.sg.ch/wss/service/SG00031_WMS/guest?REQUEST=GetCapabilities (source 185/1467)
2026-01-25 04:47:52,471 - Scraping log - scraper.py >         <module>(): Line 751 - INFO - Running default scraper on KT_SG > https://services.geo.sg.ch/wss/service/SG00031_WMTS/guest?REQUEST=GetCapabilities (source 186/1467)
2026-01-25 04:47:53,717 - Scraping log - scraper.py >         <module>(): Line 751 - INFO - Running default scraper on KT_SG > https://services.geo.sg.ch/wss/service/SG00028_WFS/guest?REQUEST=GetCapabilities (source 187/1467)
2026-01-25 04:47:56,703 - Scraping log - scraper.py >         <module>(): Line 751 - INFO - Running default scraper on KT_SG > https://services.geo.sg.ch/wss/service/SG00028_WMS/guest?REQUEST=GetCapabilities (source 188/1467)
2026-01-25 04:48:03,793 - Scraping log - scraper.py >         <module>(): Line 751 - INFO - Running default scraper on KT_SG > https://services.geo.sg.ch/wss/service/SG00057_WMS/guest?REQUEST=GetCapabilities (source 189/1467)
2026-01-25 04:48:13,438 - Scraping log - scraper.py >         <module>(): Line 751 - INFO - Running default scraper on KT_SG > https://services.geo.sg.ch/wss/service/SG00017_WFS/guest?REQUEST=GetCapabilities (source 190/1467)
2026-01-25 04:48:15,719 - Scraping log - scraper.py >         <module>(): Line 751 - INFO - Running default scraper on KT_SG > https://services.geo.sg.ch/wss/service/SG00017_WMS/guest?REQUEST=GetCapabilities (source 191/1467)
2026-01-25 04:48:18,335 - Scraping log - scraper.py >         <module>(): Line 751 - INFO - Running default scraper on KT_SG > https://services.geo.sg.ch/wss/service/SG00095_WFS/guest?REQUEST=GetCapabilities (source 192/1467)
2026-01-25 04:48:23,199 - Scraping log - scraper.py >         <module>(): Line 751 - INFO - Running default scraper on KT_SG > https://services.geo.sg.ch/wss/service/SG00095_WMS/guest?REQUEST=GetCapabilities (source 193/1467)
2026-01-25 04:48:40,558 - Scraping log - scraper.py >         <module>(): Line 751 - INFO - Running default scraper on KT_SG > https://services.geo.sg.ch/wss/service/SG00058_WFS/guest?REQUEST=GetCapabilities (source 194/1467)
2026-01-25 04:48:43,260 - Scraping log - scraper.py >         <module>(): Line 751 - INFO - Running default scraper on KT_SG > https://services.geo.sg.ch/wss/service/SG00058_WMS/guest?REQUEST=GetCapabilities (source 195/1467)
2026-01-25 04:48:48,696 - Scraping log - scraper.py >         <module>(): Line 751 - INFO - Running default scraper on KT_SG > https://services.geo.sg.ch/wss/service/SG00129_WFS/guest?REQUEST=GetCapabilities (source 196/1467)
2026-01-25 04:48:50,967 - Scraping log - scraper.py >         <module>(): Line 751 - INFO - Running default scraper on KT_SG > https://services.geo.sg.ch/wss/service/SG00129_WMS/guest?REQUEST=GetCapabilities (source 197/1467)
2026-01-25 04:48:53,739 - Scraping log - scraper.py >         <module>(): Line 751 - INFO - Running default scraper on KT_SG > https://services.geo.sg.ch/wss/service/SG00104_WFS/guest?REQUEST=GetCapabilities (source 198/1467)
2026-01-25 04:48:56,546 - Scraping log - scraper.py >         <module>(): Line 751 - INFO - Running default scraper on KT_SG > https://services.geo.sg.ch/wss/service/SG00104_WMS/guest?REQUEST=GetCapabilities (source 199/1467)
2026-01-25 04:49:02,599 - Scraping log - scraper.py >         <module>(): Line 751 - INFO - Running default scraper on KT_SG > https://services.geo.sg.ch/wss/service/SG00105_WFS/guest?REQUEST=GetCapabilities (source 200/1467)
2026-01-25 04:49:05,219 - Scraping log - scraper.py >         <module>(): Line 751 - INFO - Running default scraper on KT_SG > https://services.geo.sg.ch/wss/service/SG00105_WMS/guest?REQUEST=GetCapabilities (source 201/1467)
2026-01-25 04:49:09,856 - Scraping log - scraper.py >         <module>(): Line 751 - INFO - Running default scraper on KT_SG > https://services.geo.sg.ch/wss/service/SG00097_WFS/guest?REQUEST=GetCapabilities (source 202/1467)
2026-01-25 04:49:12,699 - Scraping log - scraper.py >         <module>(): Line 751 - INFO - Running default scraper on KT_SG > https://services.geo.sg.ch/wss/service/SG00097_WMS/guest?REQUEST=GetCapabilities (source 203/1467)
2026-01-25 04:49:18,769 - Scraping log - scraper.py >         <module>(): Line 751 - INFO - Running default scraper on KT_SG > https://services.geo.sg.ch/wss/service/SG00089_WFS/guest?REQUEST=GetCapabilities (source 204/1467)
2026-01-25 04:49:21,342 - Scraping log - scraper.py >         <module>(): Line 751 - INFO - Running default scraper on KT_SG > https://services.geo.sg.ch/wss/service/SG00089_WMS/guest?REQUEST=GetCapabilities (source 205/1467)
2026-01-25 04:49:26,136 - Scraping log - scraper.py >         <module>(): Line 751 - INFO - Running default scraper on KT_SG > https://services.geo.sg.ch/wss/service/SG00008_WMS/guest?REQUEST=GetCapabilities (source 206/1467)
2026-01-25 04:49:26,514 - Scraping log - scraper.py >         <module>(): Line 759 - WARNING - Scraping KT_SG > https://services.geo.sg.ch/wss/service/SG00008_WMS/guest?REQUEST=GetCapabilities aborted
2026-01-25 04:49:26,514 - Scraping log - scraper.py >         <module>(): Line 751 - INFO - Running default scraper on KT_SG > https://services.geo.sg.ch/wss/service/SG00032_WFS/guest?REQUEST=GetCapabilities (source 207/1467)
2026-01-25 04:49:29,445 - Scraping log - scraper.py >         <module>(): Line 751 - INFO - Running default scraper on KT_SG > https://services.geo.sg.ch/wss/service/SG00032_WMS/guest?REQUEST=GetCapabilities (source 208/1467)
2026-01-25 04:49:37,115 - Scraping log - scraper.py >         <module>(): Line 751 - INFO - Running default scraper on KT_SG > https://services.geo.sg.ch/wss/service/SG00033_WMS/guest?REQUEST=GetCapabilities (source 209/1467)
2026-01-25 04:50:00,156 - Scraping log - scraper.py >         <module>(): Line 751 - INFO - Running default scraper on KT_SG > https://services.geo.sg.ch/wss/service/SG00061_WMS/guest?REQUEST=GetCapabilities (source 210/1467)
2026-01-25 04:50:04,517 - Scraping log - scraper.py >         <module>(): Line 751 - INFO - Running default scraper on KT_SG > https://services.geo.sg.ch/wss/service/SG00022_WMS/guest?REQUEST=GetCapabilities (source 211/1467)
2026-01-25 04:50:08,789 - Scraping log - scraper.py >         <module>(): Line 751 - INFO - Running default scraper on KT_SG > https://services.geo.sg.ch/wss/service/SG00036_WMS/guest?REQUEST=GetCapabilities (source 212/1467)
2026-01-25 04:50:13,187 - Scraping log - scraper.py >         <module>(): Line 751 - INFO - Running default scraper on KT_SG > https://services.geo.sg.ch/wss/service/SG00042_WFS/guest?REQUEST=GetCapabilities (source 213/1467)
2026-01-25 04:50:16,646 - Scraping log - scraper.py >         <module>(): Line 751 - INFO - Running default scraper on KT_SG > https://services.geo.sg.ch/wss/service/SG00042_WMS/guest?REQUEST=GetCapabilities (source 214/1467)
2026-01-25 04:50:26,424 - Scraping log - scraper.py >         <module>(): Line 751 - INFO - Running default scraper on KT_SG > https://services.geo.sg.ch/wss/service/SG00053_WFS/guest?REQUEST=GetCapabilities (source 215/1467)
2026-01-25 04:50:28,961 - Scraping log - scraper.py >         <module>(): Line 751 - INFO - Running default scraper on KT_SG > https://services.geo.sg.ch/wss/service/SG00053_WMS/guest?REQUEST=GetCapabilities (source 216/1467)
2026-01-25 04:50:33,107 - Scraping log - scraper.py >         <module>(): Line 751 - INFO - Running default scraper on KT_SG > https://services.geo.sg.ch/wss/service/SG00068_WMS/guest?REQUEST=GetCapabilities (source 217/1467)
2026-01-25 04:50:38,741 - Scraping log - scraper.py >         <module>(): Line 751 - INFO - Running default scraper on KT_SG > https://services.geo.sg.ch/wss/service/SG00080_WMS/guest?REQUEST=GetCapabilities (source 218/1467)
2026-01-25 04:50:47,864 - Scraping log - scraper.py >         <module>(): Line 751 - INFO - Running default scraper on KT_SG > https://services.geo.sg.ch/wss/service/SG00026_WMS/guest?REQUEST=GetCapabilities (source 219/1467)
2026-01-25 04:50:52,215 - Scraping log - scraper.py >         <module>(): Line 751 - INFO - Running default scraper on KT_SG > https://services.geo.sg.ch/wss/service/SG00093_WMS/guest?REQUEST=GetCapabilities (source 220/1467)
2026-01-25 04:50:56,464 - Scraping log - scraper.py >         <module>(): Line 751 - INFO - Running default scraper on KT_SG > https://services.geo.sg.ch/wss/service/SG00101_WMS/guest?REQUEST=GetCapabilities (source 221/1467)
2026-01-25 04:51:00,693 - Scraping log - scraper.py >         <module>(): Line 751 - INFO - Running default scraper on KT_SG > https://services.geo.sg.ch/wss/service/SG00010_WMS/guest?REQUEST=GetCapabilities (source 222/1467)
2026-01-25 04:51:05,076 - Scraping log - scraper.py >         <module>(): Line 751 - INFO - Running default scraper on KT_SG > https://services.geo.sg.ch/wss/service/SG00011_WMS/guest?REQUEST=GetCapabilities (source 223/1467)
2026-01-25 04:51:08,753 - Scraping log - scraper.py >         <module>(): Line 751 - INFO - Running default scraper on KT_SG > https://services.geo.sg.ch/wss/service/SG00075_WMS/guest?REQUEST=GetCapabilities (source 224/1467)
2026-01-25 04:51:13,663 - Scraping log - scraper.py >         <module>(): Line 751 - INFO - Running default scraper on KT_SG > https://services.geo.sg.ch/wss/service/SG00076_WMS/guest?REQUEST=GetCapabilities (source 225/1467)
2026-01-25 04:51:19,129 - Scraping log - scraper.py >         <module>(): Line 751 - INFO - Running default scraper on KT_SG > https://services.geo.sg.ch/wss/service/SG00069_WMS/guest?REQUEST=GetCapabilities (source 226/1467)
2026-01-25 04:51:24,638 - Scraping log - scraper.py >         <module>(): Line 751 - INFO - Running default scraper on KT_SG > https://services.geo.sg.ch/wss/service/SG00077_WMS/guest?REQUEST=GetCapabilities (source 227/1467)
2026-01-25 04:51:28,388 - Scraping log - scraper.py >         <module>(): Line 751 - INFO - Running default scraper on KT_SG > https://services.geo.sg.ch/wss/service/SG00088_WMS/guest?REQUEST=GetCapabilities (source 228/1467)
2026-01-25 04:51:32,977 - Scraping log - scraper.py >         <module>(): Line 751 - INFO - Running default scraper on KT_SG > https://services.geo.sg.ch/wss/service/SG00021_WFS/guest?REQUEST=GetCapabilities (source 229/1467)
2026-01-25 04:51:35,516 - Scraping log - scraper.py >         <module>(): Line 751 - INFO - Running default scraper on KT_SG > https://services.geo.sg.ch/wss/service/SG00021_WMS/guest?REQUEST=GetCapabilities (source 230/1467)
2026-01-25 04:51:39,126 - Scraping log - scraper.py >         <module>(): Line 751 - INFO - Running default scraper on KT_SG > https://services.geo.sg.ch/wss/service/SG00020_WFS/guest?REQUEST=GetCapabilities (source 231/1467)
2026-01-25 04:51:42,373 - Scraping log - scraper.py >         <module>(): Line 751 - INFO - Running default scraper on KT_SG > https://services.geo.sg.ch/wss/service/SG00020_WMS/guest?REQUEST=GetCapabilities (source 232/1467)
2026-01-25 04:51:44,994 - Scraping log - scraper.py >         <module>(): Line 751 - INFO - Running default scraper on KT_SG > https://services.geo.sg.ch/wss/service/SG00037_WMS/guest?REQUEST=GetCapabilities (source 233/1467)
2026-01-25 04:51:48,950 - Scraping log - scraper.py >         <module>(): Line 751 - INFO - Running default scraper on KT_SG > https://services.geo.sg.ch/wss/service/SG00038_WMS/guest?REQUEST=GetCapabilities (source 234/1467)
2026-01-25 04:51:49,329 - Scraping log - scraper.py >         <module>(): Line 759 - WARNING - Scraping KT_SG > https://services.geo.sg.ch/wss/service/SG00038_WMS/guest?REQUEST=GetCapabilities aborted
2026-01-25 04:51:49,329 - Scraping log - scraper.py >         <module>(): Line 751 - INFO - Running default scraper on KT_SG > https://services.geo.sg.ch/wss/service/SG00160_WMS/guest?REQUEST=GetCapabilities (source 235/1467)
2026-01-25 04:51:53,147 - Scraping log - scraper.py >         <module>(): Line 751 - INFO - Running default scraper on KT_SG > https://services.geo.sg.ch/wss/service/SG00087_WFS/guest?REQUEST=GetCapabilities (source 236/1467)
2026-01-25 04:51:55,701 - Scraping log - scraper.py >         <module>(): Line 751 - INFO - Running default scraper on KT_SG > https://services.geo.sg.ch/wss/service/SG00087_WMS/guest?REQUEST=GetCapabilities (source 237/1467)
2026-01-25 04:52:00,691 - Scraping log - scraper.py >         <module>(): Line 751 - INFO - Running default scraper on KT_SG > https://services.geo.sg.ch/wss/service/SG00039_WFS/guest?REQUEST=GetCapabilities (source 238/1467)
2026-01-25 04:52:03,399 - Scraping log - scraper.py >         <module>(): Line 751 - INFO - Running default scraper on KT_SG > https://services.geo.sg.ch/wss/service/SG00039_WMS/guest?REQUEST=GetCapabilities (source 239/1467)
2026-01-25 04:52:08,836 - Scraping log - scraper.py >         <module>(): Line 751 - INFO - Running default scraper on KT_SG > https://services.geo.sg.ch/wss/service/SG00013_WFS/guest?REQUEST=GetCapabilities (source 240/1467)
2026-01-25 04:52:11,983 - Scraping log - scraper.py >         <module>(): Line 751 - INFO - Running default scraper on KT_SG > https://services.geo.sg.ch/wss/service/SG00013_WMS/guest?REQUEST=GetCapabilities (source 241/1467)
2026-01-25 04:52:20,995 - Scraping log - scraper.py >         <module>(): Line 751 - INFO - Running default scraper on KT_SG > https://services.geo.sg.ch/wss/service/SG00041_WMS/guest?REQUEST=GetCapabilities (source 242/1467)
2026-01-25 04:52:32,223 - Scraping log - scraper.py >         <module>(): Line 751 - INFO - Running default scraper on KT_SG > https://services.geo.sg.ch/wss/service/SG00081_WMS/guest?REQUEST=GetCapabilities (source 243/1467)
2026-01-25 04:52:45,208 - Scraping log - scraper.py >         <module>(): Line 751 - INFO - Running default scraper on KT_SG > https://services.geo.sg.ch/wss/service/SG00078_WMS/guest?REQUEST=GetCapabilities (source 244/1467)
2026-01-25 04:52:52,260 - Scraping log - scraper.py >         <module>(): Line 751 - INFO - Running default scraper on KT_SG > https://services.geo.sg.ch/wss/service/SG00085_WMS/guest?REQUEST=GetCapabilities (source 245/1467)
2026-01-25 04:53:00,218 - Scraping log - scraper.py >         <module>(): Line 751 - INFO - Running default scraper on KT_SG > https://services.geo.sg.ch/wss/service/SG00102_WMS/guest?REQUEST=GetCapabilities (source 246/1467)
2026-01-25 04:53:18,245 - Scraping log - scraper.py >         <module>(): Line 751 - INFO - Running default scraper on KT_SG > https://services.geo.sg.ch/wss/service/SG00064_WMS/guest?REQUEST=GetCapabilities (source 247/1467)
2026-01-25 04:53:23,948 - Scraping log - scraper.py >         <module>(): Line 751 - INFO - Running default scraper on KT_SG > https://services.geo.sg.ch/wss/service/SG00103_WMS/guest?REQUEST=GetCapabilities (source 248/1467)
2026-01-25 04:53:37,941 - Scraping log - scraper.py >         <module>(): Line 751 - INFO - Running default scraper on KT_SG > https://services.geo.sg.ch/wss/service/SG00062_WMS/guest?REQUEST=GetCapabilities (source 249/1467)
2026-01-25 04:53:40,647 - Scraping log - scraper.py >         <module>(): Line 751 - INFO - Running default scraper on KT_SG > https://services.geo.sg.ch/wss/service/SG00062_WMTS/guest?REQUEST=GetCapabilities (source 250/1467)
2026-01-25 04:53:41,908 - Scraping log - scraper.py >         <module>(): Line 751 - INFO - Running default scraper on KT_SG > https://services.geo.sg.ch/wss/service/SG00158_WMS/guest?REQUEST=GetCapabilities (source 251/1467)
2026-01-25 04:53:48,713 - Scraping log - scraper.py >         <module>(): Line 751 - INFO - Running default scraper on KT_SG > https://services.geo.sg.ch/wss/service/SG00164_WFS/guest?REQUEST=GetCapabilities (source 252/1467)
2026-01-25 04:53:52,464 - Scraping log - scraper.py >         <module>(): Line 751 - INFO - Running default scraper on KT_SG > https://services.geo.sg.ch/wss/service/SG00164_WMS/guest?REQUEST=GetCapabilities (source 253/1467)
2026-01-25 04:53:59,236 - Scraping log - scraper.py >         <module>(): Line 751 - INFO - Running default scraper on KT_SG > https://services.geo.sg.ch/wss/service/SG00124_WMS/guest?REQUEST=GetCapabilities (source 254/1467)
2026-01-25 04:54:04,140 - Scraping log - scraper.py >         <module>(): Line 751 - INFO - Running default scraper on KT_SG > https://services.geo.sg.ch/wss/service/SG00012_WMS/guest?REQUEST=GetCapabilities (source 255/1467)
2026-01-25 04:54:08,400 - Scraping log - scraper.py >         <module>(): Line 751 - INFO - Running default scraper on KT_SG > https://services.geo.sg.ch/wss/service/SG00018_WMS/guest?REQUEST=GetCapabilities (source 256/1467)
2026-01-25 04:54:11,956 - Scraping log - scraper.py >         <module>(): Line 751 - INFO - Running default scraper on KT_SG > https://services.geo.sg.ch/wss/service/SG00051_WMS/guest?REQUEST=GetCapabilities (source 257/1467)
2026-01-25 04:54:15,535 - Scraping log - scraper.py >         <module>(): Line 751 - INFO - Running default scraper on KT_SG > https://services.geo.sg.ch/wss/service/SG00019_WMS/guest?REQUEST=GetCapabilities (source 258/1467)
2026-01-25 04:54:15,909 - Scraping log - scraper.py >         <module>(): Line 759 - WARNING - Scraping KT_SG > https://services.geo.sg.ch/wss/service/SG00019_WMS/guest?REQUEST=GetCapabilities aborted
2026-01-25 04:54:15,909 - Scraping log - scraper.py >         <module>(): Line 751 - INFO - Running default scraper on KT_SG > https://services.geo.sg.ch/wss/service/SG00052_WMS/guest?REQUEST=GetCapabilities (source 259/1467)
2026-01-25 04:54:19,584 - Scraping log - scraper.py >         <module>(): Line 751 - INFO - Running default scraper on KT_SG > https://services.geo.sg.ch/wss/service/SG00023_WMS/guest?REQUEST=GetCapabilities (source 260/1467)
2026-01-25 04:54:23,875 - Scraping log - scraper.py >         <module>(): Line 751 - INFO - Running default scraper on KT_SG > https://services.geo.sg.ch/wss/service/SG00024_WMS/guest?REQUEST=GetCapabilities (source 261/1467)
2026-01-25 04:54:27,389 - Scraping log - scraper.py >         <module>(): Line 751 - INFO - Running default scraper on KT_SG > https://services.geo.sg.ch/wss/service/SG00084_WMS/guest?REQUEST=GetCapabilities (source 262/1467)
2026-01-25 04:54:31,087 - Scraping log - scraper.py >         <module>(): Line 751 - INFO - Running default scraper on KT_SG > https://services.geo.sg.ch/wss/service/SG00082_WMS/guest?REQUEST=GetCapabilities (source 263/1467)
2026-01-25 04:54:34,829 - Scraping log - scraper.py >         <module>(): Line 751 - INFO - Running default scraper on KT_SG > https://services.geo.sg.ch/wss/service/SG00065_WMS/guest?REQUEST=GetCapabilities (source 264/1467)
2026-01-25 04:54:38,452 - Scraping log - scraper.py >         <module>(): Line 751 - INFO - Running default scraper on KT_SG > https://services.geo.sg.ch/wss/service/SG00025_WMS/guest?REQUEST=GetCapabilities (source 265/1467)
2026-01-25 04:54:44,908 - Scraping log - scraper.py >         <module>(): Line 751 - INFO - Running default scraper on KT_SG > https://services.geo.sg.ch/wss/service/SG00034_WFS/guest?REQUEST=GetCapabilities (source 266/1467)
2026-01-25 04:54:47,772 - Scraping log - scraper.py >         <module>(): Line 751 - INFO - Running default scraper on KT_SG > https://services.geo.sg.ch/wss/service/SG00034_WMS/guest?REQUEST=GetCapabilities (source 267/1467)
2026-01-25 04:54:53,879 - Scraping log - scraper.py >         <module>(): Line 751 - INFO - Running default scraper on KT_SG > https://services.geo.sg.ch/wss/service/SG00035_WFS/guest?REQUEST=GetCapabilities (source 268/1467)
2026-01-25 04:54:56,380 - Scraping log - scraper.py >         <module>(): Line 751 - INFO - Running default scraper on KT_SG > https://services.geo.sg.ch/wss/service/SG00035_WMS/guest?REQUEST=GetCapabilities (source 269/1467)
2026-01-25 04:55:00,569 - Scraping log - scraper.py >         <module>(): Line 751 - INFO - Running default scraper on KT_SG > https://services.geo.sg.ch/wss/service/SG00172_WMS/guest?REQUEST=GetCapabilities (source 270/1467)
2026-01-25 04:55:04,212 - Scraping log - scraper.py >         <module>(): Line 751 - INFO - Running default scraper on KT_SG > https://services.geo.sg.ch/wss/service/SG00159_WMS/guest?REQUEST=GetCapabilities (source 271/1467)
2026-01-25 04:55:08,363 - Scraping log - scraper.py >         <module>(): Line 751 - INFO - Running default scraper on KT_SG > https://services.geo.sg.ch/wss/service/SG00170_WMS/guest?REQUEST=GetCapabilities (source 272/1467)
2026-01-25 04:55:12,113 - Scraping log - scraper.py >         <module>(): Line 751 - INFO - Running default scraper on KT_SG > https://services.geo.sg.ch/wss/service/SG00016_WMS/guest?REQUEST=GetCapabilities (source 273/1467)
2026-01-25 04:55:15,719 - Scraping log - scraper.py >         <module>(): Line 751 - INFO - Running default scraper on KT_SG > https://services.geo.sg.ch/wss/service/SG00100_WMS/guest?REQUEST=GetCapabilities (source 274/1467)
2026-01-25 04:55:22,060 - Scraping log - scraper.py >         <module>(): Line 751 - INFO - Running default scraper on KT_SG > https://services.geo.sg.ch/wss/service/SG00083_WMS/guest?REQUEST=GetCapabilities (source 275/1467)
2026-01-25 04:55:26,458 - Scraping log - scraper.py >         <module>(): Line 751 - INFO - Running default scraper on KT_SG > https://services.geo.sg.ch/wss/service/SG00096_WMS/guest?REQUEST=GetCapabilities (source 276/1467)
2026-01-25 04:55:30,575 - Scraping log - scraper.py >         <module>(): Line 751 - INFO - Running default scraper on KT_SG > https://services.geo.sg.ch/wss/service/SG00027_WFS/guest?REQUEST=GetCapabilities (source 277/1467)
2026-01-25 04:55:32,988 - Scraping log - scraper.py >         <module>(): Line 751 - INFO - Running default scraper on KT_SG > https://services.geo.sg.ch/wss/service/SG00027_WMS/guest?REQUEST=GetCapabilities (source 278/1467)
2026-01-25 04:55:36,686 - Scraping log - scraper.py >         <module>(): Line 751 - INFO - Running default scraper on KT_SH > https://wms.geo.sh.ch/wms?SERVICE=WMS&REQUEST=GetCapabilities (source 279/1467)
2026-01-25 04:55:50,959 - Scraping log - scraper.py > get_service_info(): Line 319 - ERROR - wms: HTTPSConnectionPool(host='wms.geo.sh.ch', port=443): Read timed out. (read timeout=10)
2026-01-25 04:56:22,906 - Scraping log - scraper.py >         <module>(): Line 751 - INFO - Running default scraper on KT_SH > https://wms.geo.sh.ch/raster?SERVICE=WMS&REQUEST=GetCapabilities (source 280/1467)
2026-01-25 04:56:35,285 - Scraping log - scraper.py >         <module>(): Line 751 - INFO - Running default scraper on KT_SH > https://wfs.geo.sh.ch/wfs?SERVICE=WFS&REQUEST=GetCapabilities (source 281/1467)
2026-01-25 04:56:37,376 - Scraping log - scraper.py >         <module>(): Line 751 - INFO - Running default scraper on KT_SO > https://geo.so.ch/api/wfs?SERVICE=WFS&REQUEST=GetCapabilities (source 282/1467)
2026-01-25 04:56:56,428 - Scraping log - scraper.py >write_service_info(): Line 445 - ERROR - KT_SO, ch.so.afu.erdwaerme.sonde: cannot convert float infinity to integer
2026-01-25 04:57:02,163 - Scraping log - scraper.py >         <module>(): Line 751 - INFO - Running default scraper on KT_SO > https://geo.so.ch/api/wms?SERVICE=WMS&REQUEST=GetCapabilities (source 283/1467)
2026-01-25 04:57:10,821 - Scraping log - scraper.py > get_service_info(): Line 319 - ERROR - somap: 'NoneType' object has no attribute 'text'
2026-01-25 04:57:12,666 - Scraping log - scraper.py >write_service_info(): Line 445 - ERROR - KT_SO, ch.so.afu.erdwaerme.sonde: cannot convert float infinity to integer
2026-01-25 04:57:18,786 - Scraping log - scraper.py >write_service_info(): Line 445 - ERROR - KT_SO, ch.so.afu.wasserbewirtschaftung: cannot convert float infinity to integer
2026-01-25 04:58:33,467 - Scraping log - scraper.py > get_service_info(): Line 319 - ERROR - ch.so.afu.bodeninformationen.wald.steingehalt_unterboden: HTTPSConnectionPool(host='geo.so.ch', port=443): Read timed out. (read timeout=10)
2026-01-25 04:58:49,435 - Scraping log - scraper.py > get_service_info(): Line 319 - ERROR - ch.so.afu.ekat2005.nh3: HTTPSConnectionPool(host='geo.so.ch', port=443): Read timed out. (read timeout=10)
2026-01-25 05:01:35,226 - Scraping log - scraper.py > get_service_info(): Line 319 - ERROR - ch.so.afu.naturgefahren.synoptische_ik.rutschung.spontane_rutschung_30: HTTPSConnectionPool(host='geo.so.ch', port=443): Read timed out. (read timeout=10)
2026-01-25 05:04:11,683 - Scraping log - scraper.py > get_service_info(): Line 319 - ERROR - ch.so.arp.nutzungsplanung.grundnutzung: HTTPSConnectionPool(host='geo.so.ch', port=443): Read timed out. (read timeout=10)
2026-01-25 05:04:22,584 - Scraping log - scraper.py > get_service_info(): Line 319 - ERROR - ch.so.arp.richtplan.bestehend: HTTPSConnectionPool(host='geo.so.ch', port=443): Read timed out. (read timeout=10)
2026-01-25 05:05:26,670 - Scraping log - scraper.py >         <module>(): Line 751 - INFO - Running default scraper on KT_SO > https://geo.so.ch/api/wmts/1.0.0/WMTSCapabilities.xml (source 284/1467)
2026-01-25 05:05:28,426 - Scraping log - scraper.py >         <module>(): Line 751 - INFO - Running default scraper on KT_SO > https://geo.so.ch/wms/oereb?SERVICE=WMS&REQUEST=GetCapabilities (source 285/1467)
2026-01-25 05:05:40,222 - Scraping log - scraper.py > get_service_info(): Line 319 - ERROR - ch.so.agi.oereb: HTTPSConnectionPool(host='geo.so.ch', port=443): Read timed out. (read timeout=10)
2026-01-25 05:05:48,680 - Scraping log - scraper.py >         <module>(): Line 751 - INFO - Running default scraper on KT_SZ > https://map.geo.sz.ch/mapserv_proxy?SERVICE=WMS&REQUEST=GetCapabilities&lang=de (source 286/1467)
2026-01-25 05:06:08,474 - Scraping log - scraper.py > get_service_info(): Line 319 - ERROR - Schwyz: HTTPSConnectionPool(host='map.geo.sz.ch', port=443): Read timed out. (read timeout=10)
2026-01-25 05:08:43,395 - Scraping log - scraper.py > get_service_info(): Line 319 - ERROR - ch.sz.a018a.amtliche_vermessung.ortsplan.farbig: HTTPSConnectionPool(host='map.geo.sz.ch', port=443): Read timed out. (read timeout=10)
2026-01-25 05:08:54,712 - Scraping log - scraper.py > get_service_info(): Line 319 - ERROR - ch.sz.a018a.amtliche_vermessung.ortsplan.schwarz-weiss: HTTPSConnectionPool(host='map.geo.sz.ch', port=443): Read timed out. (read timeout=10)
2026-01-25 05:09:06,590 - Scraping log - scraper.py > get_service_info(): Line 319 - ERROR - ch.sz.a018.amtliche_vermessung.bodenbedeckung.flaeche.farbig: HTTPSConnectionPool(host='map.geo.sz.ch', port=443): Read timed out. (read timeout=10)
2026-01-25 05:09:16,635 - Scraping log - scraper.py > get_service_info(): Line 319 - ERROR - ch.sz.a018.amtliche_vermessung.bodenbedeckung.flaeche.grau: HTTPSConnectionPool(host='map.geo.sz.ch', port=443): Read timed out. (read timeout=10)
2026-01-25 05:16:26,613 - Scraping log - scraper.py > get_service_info(): Line 316 - WARNING - ch.sz.a243a.gewaessernetz.technisch.mwert.karto: GetMap request is blocked for this layer
2026-01-25 05:16:33,388 - Scraping log - scraper.py >         <module>(): Line 751 - INFO - Running default scraper on KT_SZ > https://geoshop.lisag.ch/WMSSZ?SERVICE=WMS&REQUEST=GetCapabilities (source 287/1467)
2026-01-25 05:16:39,329 - Scraping log - scraper.py >         <module>(): Line 751 - INFO - Running default scraper on KT_SZ > https://map.geo.sz.ch/tiles/1.0.0/WMTSCapabilities.xml (source 288/1467)
2026-01-25 05:16:41,551 - Scraping log - scraper.py >         <module>(): Line 751 - INFO - Running default scraper on KT_SZ > https://map.geo.sz.ch/mapserv_proxy?SERVICE=WFS&REQUEST=GetCapabilities&lang=de (source 289/1467)
2026-01-25 05:18:56,308 - Scraping log - scraper.py >         <module>(): Line 751 - INFO - Running default scraper on KT_TG > https://ows.geo.tg.ch/geofy_access_proxy/notfalltreffpunkte?service=WMS&version=1.3.0&request=GetCapabilities (source 290/1467)
2026-01-25 05:18:58,791 - Scraping log - scraper.py >         <module>(): Line 751 - INFO - Running default scraper on KT_TG > https://ows.geo.tg.ch/geofy_access_proxy/rebbau?service=WMS&version=1.3.0&request=GetCapabilities (source 291/1467)
2026-01-25 05:19:01,341 - Scraping log - scraper.py >         <module>(): Line 751 - INFO - Running default scraper on KT_TG > https://ows.geo.tg.ch/geofy_access_proxy/strassenverkehrszaehlung?service=WMS&version=1.3.0&request=GetCapabilities (source 292/1467)
2026-01-25 05:19:04,617 - Scraping log - scraper.py >         <module>(): Line 751 - INFO - Running default scraper on KT_TG > https://ows.geo.tg.ch/geofy_access_proxy/av_wms?Service=WMS&Version=1.3.0&Request=GetCapabilities (source 293/1467)
2026-01-25 05:19:10,948 - Scraping log - scraper.py >         <module>(): Line 751 - INFO - Running default scraper on KT_TG > https://ows.geo.tg.ch/geofy_access_proxy/vernetzungskorridore?service=WMS&version=1.3.0&request=GetCapabilities (source 294/1467)
2026-01-25 05:19:13,206 - Scraping log - scraper.py >         <module>(): Line 751 - INFO - Running default scraper on KT_TG > https://ows.geo.tg.ch/geofy_access_proxy/laermemissionskataster?service=WMS&version=1.3.0&request=GetCapabilities (source 295/1467)
2026-01-25 05:19:19,909 - Scraping log - scraper.py >         <module>(): Line 751 - INFO - Running default scraper on KT_TG > https://ows.geo.tg.ch/geofy_access_proxy/skate?service=WMS&version=1.3.0&request=GetCapabilities (source 296/1467)
2026-01-25 05:19:21,672 - Scraping log - scraper.py >         <module>(): Line 751 - INFO - Running default scraper on KT_TG > https://ows.geo.tg.ch/geofy_access_proxy/deutschkurse?service=WMS&version=1.3.0&request=GetCapabilities (source 297/1467)
2026-01-25 05:19:23,336 - Scraping log - scraper.py >         <module>(): Line 751 - INFO - Running default scraper on KT_TG > https://ows.geo.tg.ch/geofy_access_proxy/landwirtschaft_kulturflaechen?service=WMS&version=1.3.0&request=GetCapabilities (source 298/1467)
2026-01-25 05:19:35,063 - Scraping log - scraper.py > get_service_info(): Line 319 - ERROR - Landwirtschaft_Kulturflaechen: HTTPSConnectionPool(host='ows.geo.tg.ch', port=443): Read timed out. (read timeout=10)
2026-01-25 05:19:53,429 - Scraping log - scraper.py >         <module>(): Line 751 - INFO - Running default scraper on KT_TG > https://ows.geo.tg.ch/geofy_access_proxy/landwirtschaft_kulturflaechen?service=WMS&version=1.3.0&request=GetCapabilities (source 299/1467)
2026-01-25 05:20:05,158 - Scraping log - scraper.py > get_service_info(): Line 319 - ERROR - Landwirtschaft_Kulturflaechen: HTTPSConnectionPool(host='ows.geo.tg.ch', port=443): Read timed out. (read timeout=10)
2026-01-25 05:20:22,868 - Scraping log - scraper.py >         <module>(): Line 751 - INFO - Running default scraper on KT_TG > https://ows.geo.tg.ch/geofy_access_proxy/bts_ols?service=WMS&version=1.3.0&request=GetCapabilities (source 300/1467)
2026-01-25 05:20:25,906 - Scraping log - scraper.py >         <module>(): Line 751 - INFO - Running default scraper on KT_TG > https://ows.geo.tg.ch/geofy_access_proxy/waldreservate?service=WMS&version=1.3.0&request=GetCapabilities (source 301/1467)
2026-01-25 05:20:26,619 - Scraping log - scraper.py >         <module>(): Line 759 - WARNING - Scraping KT_TG > https://ows.geo.tg.ch/geofy_access_proxy/waldreservate?service=WMS&version=1.3.0&request=GetCapabilities aborted
2026-01-25 05:20:26,619 - Scraping log - scraper.py >         <module>(): Line 751 - INFO - Running default scraper on KT_TG > https://ows.geo.tg.ch/geofy_access_proxy/waldreservate?service=WMS&version=1.3.0&request=GetCapabilities (source 302/1467)
2026-01-25 05:20:27,328 - Scraping log - scraper.py >         <module>(): Line 759 - WARNING - Scraping KT_TG > https://ows.geo.tg.ch/geofy_access_proxy/waldreservate?service=WMS&version=1.3.0&request=GetCapabilities aborted
2026-01-25 05:20:27,328 - Scraping log - scraper.py >         <module>(): Line 751 - INFO - Running default scraper on KT_TG > https://ows.geo.tg.ch/geofy_access_proxy/waldentwicklungsplan?service=WMS&version=1.3.0&request=GetCapabilities (source 303/1467)
2026-01-25 05:20:30,338 - Scraping log - scraper.py >         <module>(): Line 751 - INFO - Running default scraper on KT_TG > https://ows.geo.tg.ch/geofy_access_proxy/schutzwald?service=WMS&version=1.3.0&request=GetCapabilities (source 304/1467)
2026-01-25 05:20:32,234 - Scraping log - scraper.py >         <module>(): Line 751 - INFO - Running default scraper on KT_TG > https://ows.geo.tg.ch/geofy_access_proxy/oereb_amphibienlaichgebiete?service=WMS&version=1.3.0&request=GetCapabilities (source 305/1467)
2026-01-25 05:20:35,011 - Scraping log - scraper.py >         <module>(): Line 751 - INFO - Running default scraper on KT_TG > https://ows.geo.tg.ch/geofy_access_proxy/oereb_flachmoore?service=WMS&version=1.3.0&request=GetCapabilities (source 306/1467)
2026-01-25 05:20:37,771 - Scraping log - scraper.py >         <module>(): Line 751 - INFO - Running default scraper on KT_TG > https://ows.geo.tg.ch/geofy_access_proxy/oereb_hoch_uebergangsmoore?service=WMS&version=1.3.0&request=GetCapabilities (source 307/1467)
2026-01-25 05:20:39,527 - Scraping log - scraper.py >         <module>(): Line 751 - INFO - Running default scraper on KT_TG > https://ows.geo.tg.ch/geofy_access_proxy/hkb?Service=WMS&Version=1.3.0&Request=GetCapabilities (source 308/1467)
2026-01-25 05:20:42,091 - Scraping log - scraper.py >         <module>(): Line 751 - INFO - Running default scraper on KT_TG > https://ows.geo.tg.ch/geofy_access_proxy/friedensrichteraemter?Service=WMS&Version=1.3.0&Request=GetCapabilities (source 309/1467)
2026-01-25 05:20:44,354 - Scraping log - scraper.py >         <module>(): Line 751 - INFO - Running default scraper on KT_TG > https://ows.geo.tg.ch/geofy_access_proxy/betreibungsaemter?service=WMS&version=1.3.0&request=GetCapabilities (source 310/1467)
2026-01-25 05:20:46,625 - Scraping log - scraper.py >         <module>(): Line 751 - INFO - Running default scraper on KT_TG > https://ows.geo.tg.ch/geofy_access_proxy/stromversorgung_netzgebiete?service=WMS&version=1.3.0&request=GetCapabilities (source 311/1467)
2026-01-25 05:20:48,660 - Scraping log - scraper.py >         <module>(): Line 751 - INFO - Running default scraper on KT_TG > https://ows.geo.tg.ch/geofy_access_proxy/kantonsstrassen?service=WMS&version=1.3.0&request=GetCapabilities (source 312/1467)
2026-01-25 05:20:56,260 - Scraping log - scraper.py >         <module>(): Line 751 - INFO - Running default scraper on KT_TG > https://ows.geo.tg.ch/geofy_access_proxy/landwirtschaft_kulturflaechen?service=WMS&version=1.3.0&request=GetCapabilities (source 313/1467)
2026-01-25 05:21:07,986 - Scraping log - scraper.py > get_service_info(): Line 319 - ERROR - Landwirtschaft_Kulturflaechen: HTTPSConnectionPool(host='ows.geo.tg.ch', port=443): Read timed out. (read timeout=10)
2026-01-25 05:21:25,183 - Scraping log - scraper.py >         <module>(): Line 751 - INFO - Running default scraper on KT_TG > https://ows.geo.tg.ch/geofy_access_proxy/forstliche_bestandeskarte?service=WMS&version=1.3.0&request=GetCapabilities (source 314/1467)
2026-01-25 05:21:27,521 - Scraping log - scraper.py >         <module>(): Line 751 - INFO - Running default scraper on KT_TG > https://ows.geo.tg.ch/geofy_access_proxy/forstreviere?service=WMS&version=1.3.0&request=GetCapabilities (source 315/1467)
2026-01-25 05:21:30,098 - Scraping log - scraper.py >         <module>(): Line 751 - INFO - Running default scraper on KT_TG > https://ows.geo.tg.ch/geofy_access_proxy/basisplanf?Service=WMS&Version=1.3.0&Request=GetCapabilities (source 316/1467)
2026-01-25 05:21:40,213 - Scraping log - scraper.py >         <module>(): Line 751 - INFO - Running default scraper on KT_TG > https://ows.geo.tg.ch/geofy_access_proxy/badegewaesserqualitaet?service=WMS&version=1.3.0&request=GetCapabilities (source 317/1467)
2026-01-25 05:21:41,978 - Scraping log - scraper.py >         <module>(): Line 751 - INFO - Running default scraper on KT_TG > https://ows.geo.tg.ch/geofy_access_proxy/landwirtschaft_kulturflaechen?service=WMS&version=1.3.0&request=GetCapabilities (source 318/1467)
2026-01-25 05:21:53,699 - Scraping log - scraper.py > get_service_info(): Line 319 - ERROR - Landwirtschaft_Kulturflaechen: HTTPSConnectionPool(host='ows.geo.tg.ch', port=443): Read timed out. (read timeout=10)
2026-01-25 05:22:11,258 - Scraping log - scraper.py >         <module>(): Line 751 - INFO - Running default scraper on KT_TG > https://ows.geo.tg.ch/geofy_access_proxy/biber?service=WMS&version=1.3.0&request=GetCapabilities (source 319/1467)
2026-01-25 05:22:13,145 - Scraping log - scraper.py >         <module>(): Line 751 - INFO - Running default scraper on KT_TG > https://ows.geo.tg.ch/geofy_access_proxy/waldstandortkarte?service=WMS&version=1.3.0&request=GetCapabilities (source 320/1467)
2026-01-25 05:22:15,455 - Scraping log - scraper.py >         <module>(): Line 751 - INFO - Running default scraper on KT_TG > https://ows.geo.tg.ch/geofy_access_proxy/forstreviere?service=WMS&version=1.3.0&request=GetCapabilities (source 321/1467)
2026-01-25 05:22:18,064 - Scraping log - scraper.py >         <module>(): Line 751 - INFO - Running default scraper on KT_TG > https://ows.geo.tg.ch/geofy_access_proxy/jagdreviere?service=WMS&version=1.3.0&request=GetCapabilities (source 322/1467)
2026-01-25 05:22:20,248 - Scraping log - scraper.py >         <module>(): Line 751 - INFO - Running default scraper on KT_TG > https://ows.geo.tg.ch/geofy_access_proxy/bodenuebersichtskarte?Service=WMS&Version=1.3.0&Request=GetCapabilities (source 323/1467)
2026-01-25 05:22:26,501 - Scraping log - scraper.py >         <module>(): Line 751 - INFO - Running default scraper on KT_TG > https://ows.geo.tg.ch/geofy_access_proxy/gewaesserschutzkarte?Service=WMS&Version=1.3.0&Request=GetCapabilities (source 324/1467)
2026-01-25 05:22:30,847 - Scraping log - scraper.py >         <module>(): Line 751 - INFO - Running default scraper on KT_TG > https://ows-raster.geo.tg.ch/geofy_access_proxy/luftschadstoffbelastung?Service=WMS&Version=1.3.0&Request=GetCapabilities (source 325/1467)
2026-01-25 05:22:34,476 - Scraping log - scraper.py >         <module>(): Line 751 - INFO - Running default scraper on KT_TG > https://ows.geo.tg.ch/geofy_access_proxy/hintergrundplan?Service=WMS&Version=1.3.0&Request=GetCapabilities (source 326/1467)
2026-01-25 05:22:35,184 - Scraping log - scraper.py >         <module>(): Line 759 - WARNING - Scraping KT_TG > https://ows.geo.tg.ch/geofy_access_proxy/hintergrundplan?Service=WMS&Version=1.3.0&Request=GetCapabilities aborted
2026-01-25 05:22:35,184 - Scraping log - scraper.py >         <module>(): Line 751 - INFO - Running default scraper on KT_TG > https://ows.geo.tg.ch/geofy_access_proxy/fruchtfolgeflaechen_sachplan?service=WMS&version=1.3.0&request=GetCapabilities (source 327/1467)
2026-01-25 05:22:36,950 - Scraping log - scraper.py >         <module>(): Line 751 - INFO - Running default scraper on KT_TG > https://ows.geo.tg.ch/geofy_access_proxy/hydrologische_messnetze?Service=WMS&Version=1.3.0&Request=GetCapabilities (source 328/1467)
2026-01-25 05:22:39,001 - Scraping log - scraper.py >         <module>(): Line 751 - INFO - Running default scraper on KT_TG > https://ows.geo.tg.ch/geofy_access_proxy/kgs_inventar_b_archaeologie?service=WMS&version=1.3.0&request=GetCapabilities (source 329/1467)
2026-01-25 05:22:40,629 - Scraping log - scraper.py >         <module>(): Line 751 - INFO - Running default scraper on KT_TG > https://ows-raster.geo.tg.ch/geofy_access_proxy/luftschadstoffemissionen?Service=WMS&Version=1.3.0&Request=GetCapabilities (source 330/1467)
2026-01-25 05:22:44,145 - Scraping log - scraper.py >         <module>(): Line 751 - INFO - Running default scraper on KT_TG > https://ows.geo.tg.ch/geofy_access_proxy/landwirtschaft_kulturflaechen?service=WMS&version=1.3.0&request=GetCapabilities (source 331/1467)
2026-01-25 05:22:55,867 - Scraping log - scraper.py > get_service_info(): Line 319 - ERROR - Landwirtschaft_Kulturflaechen: HTTPSConnectionPool(host='ows.geo.tg.ch', port=443): Read timed out. (read timeout=10)
2026-01-25 05:23:13,029 - Scraping log - scraper.py >         <module>(): Line 751 - INFO - Running default scraper on KT_TG > https://ows.geo.tg.ch/geofy_access_proxy/kantonsstrassen?service=WMS&version=1.3.0&request=GetCapabilities (source 332/1467)
2026-01-25 05:23:20,644 - Scraping log - scraper.py >         <module>(): Line 751 - INFO - Running default scraper on KT_TG > https://ows.geo.tg.ch/geofy_access_proxy/wanderwege?service=WMS&version=1.3.0&request=GetCapabilities (source 333/1467)
2026-01-25 05:23:25,707 - Scraping log - scraper.py >         <module>(): Line 751 - INFO - Running default scraper on KT_TG > https://ows.geo.tg.ch/geofy_access_proxy/kunstbauten?service=WMS&version=1.3.0&request=GetCapabilities (source 334/1467)
2026-01-25 05:23:27,610 - Scraping log - scraper.py >         <module>(): Line 751 - INFO - Running default scraper on KT_TG > https://ows.geo.tg.ch/geofy_access_proxy/gewaesserschutzkarte?Service=WMS&Version=1.3.0&Request=GetCapabilities (source 335/1467)
2026-01-25 05:23:31,980 - Scraping log - scraper.py >         <module>(): Line 751 - INFO - Running default scraper on KT_TG > https://ows.geo.tg.ch/geofy_access_proxy/neophyten?Service=WMS&Version=1.3.0&Request=GetCapabilities (source 336/1467)
2026-01-25 05:23:33,875 - Scraping log - scraper.py >         <module>(): Line 751 - INFO - Running default scraper on KT_TG > https://ows.geo.tg.ch/geofy_access_proxy/siedlungsverzeichnis?service=WMS&version=1.3.0&request=GetCapabilities (source 337/1467)
2026-01-25 05:23:36,158 - Scraping log - scraper.py >         <module>(): Line 751 - INFO - Running default scraper on KT_TG > https://ows.geo.tg.ch/geofy_access_proxy/revitalisierung_gewaesser?Service=WMS&Version=1.3.0&Request=GetCapabilities (source 338/1467)
2026-01-25 05:23:36,865 - Scraping log - scraper.py >         <module>(): Line 759 - WARNING - Scraping KT_TG > https://ows.geo.tg.ch/geofy_access_proxy/revitalisierung_gewaesser?Service=WMS&Version=1.3.0&Request=GetCapabilities aborted
2026-01-25 05:23:36,865 - Scraping log - scraper.py >         <module>(): Line 751 - INFO - Running default scraper on KT_TG > https://ows.geo.tg.ch/geofy_access_proxy/gefahrenhinweiskarte?Service=WMS&Version=1.3.0&Request=GetCapabilities (source 339/1467)
2026-01-25 05:23:44,934 - Scraping log - scraper.py >         <module>(): Line 751 - INFO - Running default scraper on KT_TG > https://ows.geo.tg.ch/geofy_access_proxy/landwirtschaft_kulturflaechen?service=WMS&version=1.3.0&request=GetCapabilities (source 340/1467)
2026-01-25 05:23:56,655 - Scraping log - scraper.py > get_service_info(): Line 319 - ERROR - Landwirtschaft_Kulturflaechen: HTTPSConnectionPool(host='ows.geo.tg.ch', port=443): Read timed out. (read timeout=10)
2026-01-25 05:24:14,493 - Scraping log - scraper.py >         <module>(): Line 751 - INFO - Running default scraper on KT_TG > https://ows.geo.tg.ch/geofy_access_proxy/fischereiverbote?service=WMS&version=1.3.0&request=GetCapabilities (source 341/1467)
2026-01-25 05:24:17,051 - Scraping log - scraper.py >         <module>(): Line 751 - INFO - Running default scraper on KT_TG > https://ows.geo.tg.ch/geofy_access_proxy/regionalplanung?service=WMS&version=1.3.0&request=GetCapabilities (source 342/1467)
2026-01-25 05:24:18,914 - Scraping log - scraper.py >         <module>(): Line 751 - INFO - Running default scraper on KT_TG > https://ows.geo.tg.ch/geofy_access_proxy/gewaesserschutzkarte?Service=WMS&Version=1.3.0&Request=GetCapabilities (source 343/1467)
2026-01-25 05:24:23,377 - Scraping log - scraper.py >         <module>(): Line 751 - INFO - Running default scraper on KT_TG > https://ows.geo.tg.ch/geofy_access_proxy/korrektionen_fluesse?Service=WMS&Version=1.3.0&Request=GetCapabilities (source 344/1467)
2026-01-25 05:24:25,391 - Scraping log - scraper.py >         <module>(): Line 751 - INFO - Running default scraper on KT_TG > https://ows.geo.tg.ch/geofy_access_proxy/korrektionen_baeche?Service=WMS&Version=1.3.0&Request=GetCapabilities (source 345/1467)
2026-01-25 05:24:27,271 - Scraping log - scraper.py >         <module>(): Line 751 - INFO - Running default scraper on KT_TG > https://ows.geo.tg.ch/geofy_access_proxy/hoehendaten?service=WMS&version=1.3.0&request=GetCapabilities (source 346/1467)
2026-01-25 05:24:29,268 - Scraping log - scraper.py >         <module>(): Line 751 - INFO - Running default scraper on KT_TG > https://ows.geo.tg.ch/geofy_access_proxy/hoehendaten?service=WMS&version=1.3.0&request=GetCapabilities (source 347/1467)
2026-01-25 05:24:31,161 - Scraping log - scraper.py >         <module>(): Line 751 - INFO - Running default scraper on KT_TG > https://ows.geo.tg.ch/geofy_access_proxy/oereb_statische_waldgrenzen?service=WMS&version=1.3.0&request=GetCapabilities (source 348/1467)
2026-01-25 05:24:32,923 - Scraping log - scraper.py >         <module>(): Line 751 - INFO - Running default scraper on KT_TG > https://ows.geo.tg.ch/geofy_access_proxy/mountainbike?service=WMS&version=1.3.0&request=GetCapabilities (source 349/1467)
2026-01-25 05:24:34,818 - Scraping log - scraper.py >         <module>(): Line 751 - INFO - Running default scraper on KT_TG > https://ows.geo.tg.ch/geofy_access_proxy/erdwaerme?Service=WMS&Version=1.3.0&Request=GetCapabilities (source 350/1467)
2026-01-25 05:24:37,272 - Scraping log - scraper.py >         <module>(): Line 751 - INFO - Running default scraper on KT_TG > https://ows.geo.tg.ch/geofy_access_proxy/oekomorphologie?Service=WMS&Version=1.3.0&Request=GetCapabilities (source 351/1467)
2026-01-25 05:24:41,495 - Scraping log - scraper.py >         <module>(): Line 751 - INFO - Running default scraper on KT_TG > https://ows.geo.tg.ch/geofy_access_proxy/kbs?Service=WMS&Version=1.3.0&Request=GetCapabilities (source 352/1467)
2026-01-25 05:24:43,674 - Scraping log - scraper.py >         <module>(): Line 751 - INFO - Running default scraper on KT_TG > https://ows.geo.tg.ch/geofy_access_proxy/fischereiaufsichtskreise?service=WMS&version=1.3.0&request=GetCapabilities (source 353/1467)
2026-01-25 05:24:45,428 - Scraping log - scraper.py >         <module>(): Line 751 - INFO - Running default scraper on KT_TG > https://ows.geo.tg.ch/geofy_access_proxy/gewaesserschutzkarte?Service=WMS&Version=1.3.0&Request=GetCapabilities (source 354/1467)
2026-01-25 05:24:49,788 - Scraping log - scraper.py >         <module>(): Line 751 - INFO - Running default scraper on KT_TG > https://ows-raster.geo.tg.ch/geofy_access_proxy/biomasse?Service=WMS&Version=1.3.0&Request=GetCapabilities (source 355/1467)
2026-01-25 05:24:52,734 - Scraping log - scraper.py >         <module>(): Line 751 - INFO - Running default scraper on KT_TG > https://ows.geo.tg.ch/geofy_access_proxy/ausnahmetransportrouten?service=WMS&version=1.3.0&request=GetCapabilities (source 356/1467)
2026-01-25 05:25:00,125 - Scraping log - scraper.py >         <module>(): Line 751 - INFO - Running default scraper on KT_TG > https://ows.geo.tg.ch/geofy_access_proxy/jagdreviere?service=WMS&version=1.3.0&request=GetCapabilities (source 357/1467)
2026-01-25 05:25:02,298 - Scraping log - scraper.py >         <module>(): Line 751 - INFO - Running default scraper on KT_TG > https://ows.geo.tg.ch/geofy_access_proxy/kapopostenkarte?service=WMS&version=1.3.0&request=GetCapabilities (source 358/1467)
2026-01-25 05:25:04,204 - Scraping log - scraper.py >         <module>(): Line 751 - INFO - Running default scraper on KT_TG > https://ows.geo.tg.ch/geofy_access_proxy/jagdreviere?service=WMS&version=1.3.0&request=GetCapabilities (source 359/1467)
2026-01-25 05:25:06,381 - Scraping log - scraper.py >         <module>(): Line 751 - INFO - Running default scraper on KT_TG > https://ows.geo.tg.ch/geofy_access_proxy/fischereiverbote?service=WMS&version=1.3.0&request=GetCapabilities (source 360/1467)
2026-01-25 05:25:08,844 - Scraping log - scraper.py >         <module>(): Line 751 - INFO - Running default scraper on KT_TG > https://ows.geo.tg.ch/geofy_access_proxy/richtplankt200k?service=WMS&version=1.3.0&request=GetCapabilities (source 361/1467)
2026-01-25 05:25:49,224 - Scraping log - scraper.py >         <module>(): Line 751 - INFO - Running default scraper on KT_TG > https://ows.geo.tg.ch/geofy_access_proxy/oekomorphologie?Service=WMS&Version=1.3.0&Request=GetCapabilities (source 362/1467)
2026-01-25 05:25:53,462 - Scraping log - scraper.py >         <module>(): Line 751 - INFO - Running default scraper on KT_TG > https://ows.geo.tg.ch/geofy_access_proxy/gewaesserschutzkarte?Service=WMS&Version=1.3.0&Request=GetCapabilities (source 363/1467)
2026-01-25 05:25:57,833 - Scraping log - scraper.py >         <module>(): Line 751 - INFO - Running default scraper on KT_TG > https://ows.geo.tg.ch/geofy_access_proxy/grundwasserkarte?Service=WMS&Version=1.3.0&Request=GetCapabilities (source 364/1467)
2026-01-25 05:26:01,454 - Scraping log - scraper.py >         <module>(): Line 751 - INFO - Running default scraper on KT_TG > https://ows.geo.tg.ch/geofy_access_proxy/zivilschutzregionen?service=WMS&version=1.3.0&request=GetCapabilities (source 365/1467)
2026-01-25 05:26:03,217 - Scraping log - scraper.py >         <module>(): Line 751 - INFO - Running default scraper on KT_TG > https://ows.geo.tg.ch/geofy_access_proxy/schulgemeinden?service=WMS&version=1.3.0&request=GetCapabilities (source 366/1467)
2026-01-25 05:26:05,296 - Scraping log - scraper.py >         <module>(): Line 751 - INFO - Running default scraper on KT_TG > https://ows.geo.tg.ch/geofy_access_proxy/ng_fliesstiefenkarte_wasser_hq30?Service=WMS&Version=1.3.0&Request=GetCapabilities (source 367/1467)
2026-01-25 05:26:07,626 - Scraping log - scraper.py >         <module>(): Line 751 - INFO - Running default scraper on KT_TG > https://ows.geo.tg.ch/geofy_access_proxy/gewaesserkataster_gewaesser?Service=WMS&Version=1.3.0&Request=GetCapabilities (source 368/1467)
2026-01-25 05:26:13,355 - Scraping log - scraper.py >         <module>(): Line 751 - INFO - Running default scraper on KT_TG > https://ows-raster.geo.tg.ch/geofy_access_proxy/orthofoto2017?Service=WMS&Version=1.3.0&Request=GetCapabilities (source 369/1467)
2026-01-25 05:26:15,778 - Scraping log - scraper.py >         <module>(): Line 751 - INFO - Running default scraper on KT_TG > https://ows.geo.tg.ch/geofy_access_proxy/sirenenstandorte?service=WMS&version=1.3.0&request=GetCapabilities (source 370/1467)
2026-01-25 05:26:17,658 - Scraping log - scraper.py >         <module>(): Line 751 - INFO - Running default scraper on KT_TG > https://ows.geo.tg.ch/geofy_access_proxy/schutzraeume?service=WMS&version=1.3.0&request=GetCapabilities (source 371/1467)
2026-01-25 05:26:19,694 - Scraping log - scraper.py >         <module>(): Line 751 - INFO - Running default scraper on KT_TG > https://ows.geo.tg.ch/geofy_access_proxy/notfalltreffpunkte?Service=WFS&Version=2.0.0&Request=GetCapabilities (source 372/1467)
2026-01-25 05:26:21,688 - Scraping log - scraper.py >         <module>(): Line 751 - INFO - Running default scraper on KT_TG > https://ows.geo.tg.ch/geofy_access_proxy/rebbau?service=WFS&version=2.0.0&request=GetCapabilities (source 373/1467)
2026-01-25 05:26:24,109 - Scraping log - scraper.py >         <module>(): Line 751 - INFO - Running default scraper on KT_TG > https://ows.geo.tg.ch/geofy_access_proxy/strassenverkehrszaehlung?service=WFS&version=2.0.0&request=GetCapabilities (source 374/1467)
2026-01-25 05:26:26,247 - Scraping log - scraper.py >         <module>(): Line 751 - INFO - Running default scraper on KT_TG > https://ows.geo.tg.ch/geofy_access_proxy/av_wms?Service=WFS&Version=2.0.0&Request=GetCapabilities (source 375/1467)
2026-01-25 05:26:28,758 - Scraping log - scraper.py > get_service_info(): Line 319 - ERROR - ms:LCOBJ: 'WebFeatureService_2_0_0' object has no attribute 'getmap'
2026-01-25 05:26:28,758 - Scraping log - scraper.py > get_service_info(): Line 319 - ERROR - ms:LCSF: 'WebFeatureService_2_0_0' object has no attribute 'getmap'
2026-01-25 05:26:28,758 - Scraping log - scraper.py > get_service_info(): Line 319 - ERROR - ms:LCSFC: 'WebFeatureService_2_0_0' object has no attribute 'getmap'
2026-01-25 05:26:28,758 - Scraping log - scraper.py > get_service_info(): Line 319 - ERROR - ms:PLNA: 'WebFeatureService_2_0_0' object has no attribute 'getmap'
2026-01-25 05:26:28,758 - Scraping log - scraper.py > get_service_info(): Line 319 - ERROR - ms:PLSF: 'WebFeatureService_2_0_0' object has no attribute 'getmap'
2026-01-25 05:26:28,758 - Scraping log - scraper.py > get_service_info(): Line 319 - ERROR - ms:PLLI: 'WebFeatureService_2_0_0' object has no attribute 'getmap'
2026-01-25 05:26:28,758 - Scraping log - scraper.py > get_service_info(): Line 319 - ERROR - ms:SOSF: 'WebFeatureService_2_0_0' object has no attribute 'getmap'
2026-01-25 05:26:28,758 - Scraping log - scraper.py > get_service_info(): Line 319 - ERROR - ms:SOSFC: 'WebFeatureService_2_0_0' object has no attribute 'getmap'
2026-01-25 05:26:28,758 - Scraping log - scraper.py > get_service_info(): Line 319 - ERROR - ms:LCSF_GEB: 'WebFeatureService_2_0_0' object has no attribute 'getmap'
2026-01-25 05:26:28,758 - Scraping log - scraper.py > get_service_info(): Line 319 - ERROR - ms:LCSFC_GEB: 'WebFeatureService_2_0_0' object has no attribute 'getmap'
2026-01-25 05:26:28,758 - Scraping log - scraper.py > get_service_info(): Line 319 - ERROR - ms:LCSFPROJ: 'WebFeatureService_2_0_0' object has no attribute 'getmap'
2026-01-25 05:26:28,759 - Scraping log - scraper.py > get_service_info(): Line 319 - ERROR - ms:SOOBJ: 'WebFeatureService_2_0_0' object has no attribute 'getmap'
2026-01-25 05:26:28,759 - Scraping log - scraper.py > get_service_info(): Line 319 - ERROR - ms:SOLI: 'WebFeatureService_2_0_0' object has no attribute 'getmap'
2026-01-25 05:26:28,759 - Scraping log - scraper.py > get_service_info(): Line 319 - ERROR - ms:SOPT: 'WebFeatureService_2_0_0' object has no attribute 'getmap'
2026-01-25 05:26:28,759 - Scraping log - scraper.py > get_service_info(): Line 319 - ERROR - ms:LOCPOS: 'WebFeatureService_2_0_0' object has no attribute 'getmap'
2026-01-25 05:26:28,759 - Scraping log - scraper.py > get_service_info(): Line 319 - ERROR - ms:HADR: 'WebFeatureService_2_0_0' object has no attribute 'getmap'
2026-01-25 05:26:28,759 - Scraping log - scraper.py > get_service_info(): Line 319 - ERROR - ms:LNNA: 'WebFeatureService_2_0_0' object has no attribute 'getmap'
2026-01-25 05:26:28,759 - Scraping log - scraper.py > get_service_info(): Line 319 - ERROR - ms:OSNRPROJ: 'WebFeatureService_2_0_0' object has no attribute 'getmap'
2026-01-25 05:26:28,759 - Scraping log - scraper.py > get_service_info(): Line 319 - ERROR - ms:OSNR: 'WebFeatureService_2_0_0' object has no attribute 'getmap'
2026-01-25 05:26:28,759 - Scraping log - scraper.py > get_service_info(): Line 319 - ERROR - ms:DPRSFPROJ: 'WebFeatureService_2_0_0' object has no attribute 'getmap'
2026-01-25 05:26:28,759 - Scraping log - scraper.py > get_service_info(): Line 319 - ERROR - ms:RESFPROJ: 'WebFeatureService_2_0_0' object has no attribute 'getmap'
2026-01-25 05:26:28,759 - Scraping log - scraper.py > get_service_info(): Line 319 - ERROR - ms:DPRSF: 'WebFeatureService_2_0_0' object has no attribute 'getmap'
2026-01-25 05:26:28,759 - Scraping log - scraper.py > get_service_info(): Line 319 - ERROR - ms:RESF: 'WebFeatureService_2_0_0' object has no attribute 'getmap'
2026-01-25 05:26:28,759 - Scraping log - scraper.py > get_service_info(): Line 319 - ERROR - ms:RESF_h: 'WebFeatureService_2_0_0' object has no attribute 'getmap'
2026-01-25 05:26:28,759 - Scraping log - scraper.py > get_service_info(): Line 319 - ERROR - ms:MBSF: 'WebFeatureService_2_0_0' object has no attribute 'getmap'
2026-01-25 05:26:28,759 - Scraping log - scraper.py > get_service_info(): Line 319 - ERROR - ms:MBSF-LABEL: 'WebFeatureService_2_0_0' object has no attribute 'getmap'
2026-01-25 05:26:28,759 - Scraping log - scraper.py > get_service_info(): Line 319 - ERROR - ms:TBLI: 'WebFeatureService_2_0_0' object has no attribute 'getmap'
2026-01-25 05:26:28,759 - Scraping log - scraper.py > get_service_info(): Line 319 - ERROR - ms:OSBP: 'WebFeatureService_2_0_0' object has no attribute 'getmap'
2026-01-25 05:26:28,759 - Scraping log - scraper.py > get_service_info(): Line 319 - ERROR - ms:CPPT: 'WebFeatureService_2_0_0' object has no attribute 'getmap'
2026-01-25 05:26:28,759 - Scraping log - scraper.py > get_service_info(): Line 319 - ERROR - ms:TBBP: 'WebFeatureService_2_0_0' object has no attribute 'getmap'
2026-01-25 05:26:28,760 - Scraping log - scraper.py >         <module>(): Line 751 - INFO - Running default scraper on KT_TG > https://ows.geo.tg.ch/geofy_access_proxy/vernetzungskorridore?service=WFS&version=2.0.0&request=GetCapabilities (source 376/1467)
2026-01-25 05:26:30,764 - Scraping log - scraper.py >         <module>(): Line 751 - INFO - Running default scraper on KT_TG > https://ows.geo.tg.ch/geofy_access_proxy/laermemissionskataster?service=WFS&version=2.0.0&request=GetCapabilities (source 377/1467)
2026-01-25 05:26:33,534 - Scraping log - scraper.py >         <module>(): Line 751 - INFO - Running default scraper on KT_TG > https://ows.geo.tg.ch/geofy_access_proxy/skate?service=WFS&version=2.0.0&request=GetCapabilities (source 378/1467)
2026-01-25 05:26:35,547 - Scraping log - scraper.py >         <module>(): Line 751 - INFO - Running default scraper on KT_TG > https://ows.geo.tg.ch/geofy_access_proxy/deutschkurse?service=WFS&version=1.3.0&request=GetCapabilities (source 379/1467)
2026-01-25 05:26:37,550 - Scraping log - scraper.py >         <module>(): Line 751 - INFO - Running default scraper on KT_TG > https://ows.geo.tg.ch/geofy_access_proxy/landwirtschaft_kulturflaechen?service=WFS&version=2.0.0&request=GetCapabilities (source 380/1467)
2026-01-25 05:26:41,580 - Scraping log - scraper.py >         <module>(): Line 751 - INFO - Running default scraper on KT_TG > https://ows.geo.tg.ch/geofy_access_proxy/landwirtschaft_kulturflaechen?service=WFS&version=2.0.0&request=GetCapabilities (source 381/1467)
2026-01-25 05:26:45,561 - Scraping log - scraper.py >         <module>(): Line 751 - INFO - Running default scraper on KT_TG > https://ows.geo.tg.ch/geofy_access_proxy/bts_ols?service=WFS&version=2.0.0&request=GetCapabilities (source 382/1467)
2026-01-25 05:26:47,979 - Scraping log - scraper.py >         <module>(): Line 751 - INFO - Running default scraper on KT_TG > https://ows.geo.tg.ch/geofy_access_proxy/waldreservate?service=WFS&version=2.0.0&request=GetCapabilities (source 383/1467)
2026-01-25 05:26:48,700 - Scraping log - scraper.py >         <module>(): Line 759 - WARNING - Scraping KT_TG > https://ows.geo.tg.ch/geofy_access_proxy/waldreservate?service=WFS&version=2.0.0&request=GetCapabilities aborted
2026-01-25 05:26:48,700 - Scraping log - scraper.py >         <module>(): Line 751 - INFO - Running default scraper on KT_TG > https://ows.geo.tg.ch/geofy_access_proxy/waldreservate?service=WFS&version=2.0.0&request=GetCapabilities (source 384/1467)
2026-01-25 05:26:49,404 - Scraping log - scraper.py >         <module>(): Line 759 - WARNING - Scraping KT_TG > https://ows.geo.tg.ch/geofy_access_proxy/waldreservate?service=WFS&version=2.0.0&request=GetCapabilities aborted
2026-01-25 05:26:49,404 - Scraping log - scraper.py >         <module>(): Line 751 - INFO - Running default scraper on KT_TG > https://ows.geo.tg.ch/geofy_access_proxy/waldentwicklungsplan?Service=WFS&Version=2.0.0&Request=GetCapabilities (source 385/1467)
2026-01-25 05:26:52,230 - Scraping log - scraper.py >         <module>(): Line 751 - INFO - Running default scraper on KT_TG > https://ows.geo.tg.ch/geofy_access_proxy/schutzwald?service=WFS&version=2.0.0&request=GetCapabilities (source 386/1467)
2026-01-25 05:26:54,390 - Scraping log - scraper.py >         <module>(): Line 751 - INFO - Running default scraper on KT_TG > https://ows.geo.tg.ch/geofy_access_proxy/oereb_amphibienlaichgebiete?service=WFS&version=2.0.0&request=GetCapabilities (source 387/1467)
2026-01-25 05:26:57,802 - Scraping log - scraper.py >         <module>(): Line 751 - INFO - Running default scraper on KT_TG > https://ows.geo.tg.ch/geofy_access_proxy/oereb_flachmoore?service=WFS&version=2.0.0&request=GetCapabilities (source 388/1467)
2026-01-25 05:27:01,238 - Scraping log - scraper.py >         <module>(): Line 751 - INFO - Running default scraper on KT_TG > https://ows.geo.tg.ch/geofy_access_proxy/oereb_hoch_uebergangsmoore?service=WFS&version=2.0.0&request=GetCapabilities (source 389/1467)
2026-01-25 05:27:03,240 - Scraping log - scraper.py >         <module>(): Line 751 - INFO - Running default scraper on KT_TG > https://ows.geo.tg.ch/geofy_access_proxy/hkb?Service=WFS&Version=2.0.0&Request=GetCapabilities (source 390/1467)
2026-01-25 05:27:06,515 - Scraping log - scraper.py >         <module>(): Line 751 - INFO - Running default scraper on KT_TG > https://ows.geo.tg.ch/geofy_access_proxy/friedensrichteraemter?Service=WFS&Version=2.0.0&Request=GetCapabilities (source 391/1467)
2026-01-25 05:27:08,664 - Scraping log - scraper.py >         <module>(): Line 751 - INFO - Running default scraper on KT_TG > https://ows.geo.tg.ch/geofy_access_proxy/betreibungsaemter?Service=WFS&Version=2.0.0&Request=GetCapabilities (source 392/1467)
2026-01-25 05:27:10,815 - Scraping log - scraper.py >         <module>(): Line 751 - INFO - Running default scraper on KT_TG > https://ows.geo.tg.ch/geofy_access_proxy/stromversorgung_netzgebiete?service=WFS&version=2.0.0&request=GetCapabilities (source 393/1467)
2026-01-25 05:27:13,105 - Scraping log - scraper.py >         <module>(): Line 751 - INFO - Running default scraper on KT_TG > https://ows.geo.tg.ch/geofy_access_proxy/kantonsstrassen?service=WFS&version=2.0.0&request=GetCapabilities (source 394/1467)
2026-01-25 05:27:16,674 - Scraping log - scraper.py >         <module>(): Line 751 - INFO - Running default scraper on KT_TG > https://ows.geo.tg.ch/geofy_access_proxy/landwirtschaft_kulturflaechen?service=WFS&version=2.0.0&request=GetCapabilities (source 395/1467)
2026-01-25 05:27:20,664 - Scraping log - scraper.py >         <module>(): Line 751 - INFO - Running default scraper on KT_TG > https://ows.geo.tg.ch/geofy_access_proxy/forstliche_bestandeskarte?service=WFS&version=2.0.0&request=GetCapabilities (source 396/1467)
2026-01-25 05:27:23,345 - Scraping log - scraper.py >         <module>(): Line 751 - INFO - Running default scraper on KT_TG > https://ows.geo.tg.ch/geofy_access_proxy/forstreviere?service=WFS&version=2.0.0&request=GetCapabilities (source 397/1467)
2026-01-25 05:27:25,776 - Scraping log - scraper.py >         <module>(): Line 751 - INFO - Running default scraper on KT_TG > https://ows.geo.tg.ch/geofy_access_proxy/badegewaesserqualitaet?service=WFS&version=2.0.0&request=GetCapabilities (source 398/1467)
2026-01-25 05:27:27,772 - Scraping log - scraper.py >         <module>(): Line 751 - INFO - Running default scraper on KT_TG > https://ows.geo.tg.ch/geofy_access_proxy/landwirtschaft_kulturflaechen?service=WFS&version=2.0.0&request=GetCapabilities (source 399/1467)
2026-01-25 05:27:31,764 - Scraping log - scraper.py >         <module>(): Line 751 - INFO - Running default scraper on KT_TG > https://ows.geo.tg.ch/geofy_access_proxy/biber?service=WFS&version=2.0.0&request=GetCapabilities (source 400/1467)
2026-01-25 05:27:33,757 - Scraping log - scraper.py >         <module>(): Line 751 - INFO - Running default scraper on KT_TG > https://ows.geo.tg.ch/geofy_access_proxy/waldstandortkarte?service=WFS&version=2.0.0&request=GetCapabilities (source 401/1467)
2026-01-25 05:27:36,333 - Scraping log - scraper.py >         <module>(): Line 751 - INFO - Running default scraper on KT_TG > https://ows.geo.tg.ch/geofy_access_proxy/forstreviere?service=WFS&version=2.0.0&request=GetCapabilities (source 402/1467)
2026-01-25 05:27:38,759 - Scraping log - scraper.py >         <module>(): Line 751 - INFO - Running default scraper on KT_TG > https://ows.geo.tg.ch/geofy_access_proxy/jagdreviere?Service=WFS&Version=2.0.0&Request=GetCapabilities (source 403/1467)
2026-01-25 05:27:41,189 - Scraping log - scraper.py >         <module>(): Line 751 - INFO - Running default scraper on KT_TG > https://ows.geo.tg.ch/geofy_access_proxy/bodenuebersichtskarte?Service=WFS&Version=2.0.0&Request=GetCapabilities (source 404/1467)
2026-01-25 05:27:45,186 - Scraping log - scraper.py >         <module>(): Line 751 - INFO - Running default scraper on KT_TG > https://ows.geo.tg.ch/geofy_access_proxy/grundwasserkarte?Service=WMS&Version=1.3.0&Request=GetCapabilities (source 405/1467)
2026-01-25 05:27:48,834 - Scraping log - scraper.py >         <module>(): Line 751 - INFO - Running default scraper on KT_TG > https://ows.geo.tg.ch/geofy_access_proxy/fruchtfolgeflaechen_sachplan?Service=WFS&Version=2.0.0&Request=GetCapabilities (source 406/1467)
2026-01-25 05:27:50,838 - Scraping log - scraper.py >         <module>(): Line 751 - INFO - Running default scraper on KT_TG > https://ows.geo.tg.ch/geofy_access_proxy/hydrologische_messnetze?Service=WFS&Version=2.0.0&Request=GetCapabilities (source 407/1467)
2026-01-25 05:27:52,991 - Scraping log - scraper.py >         <module>(): Line 751 - INFO - Running default scraper on KT_TG > https://ows.geo.tg.ch/geofy_access_proxy/kgs_inventar_b_archaeologie?service=WFS&version=2.0.0&request=GetCapabilities (source 408/1467)
2026-01-25 05:27:54,989 - Scraping log - scraper.py >         <module>(): Line 751 - INFO - Running default scraper on KT_TG > https://ows.geo.tg.ch/geofy_access_proxy/landwirtschaft_kulturflaechen?service=WFS&version=2.0.0&request=GetCapabilities (source 409/1467)
2026-01-25 05:27:59,402 - Scraping log - scraper.py >         <module>(): Line 751 - INFO - Running default scraper on KT_TG > https://ows.geo.tg.ch/geofy_access_proxy/kantonsstrassen?service=WFS&version=2.0.0&request=GetCapabilities (source 410/1467)
2026-01-25 05:28:02,970 - Scraping log - scraper.py >         <module>(): Line 751 - INFO - Running default scraper on KT_TG > https://ows.geo.tg.ch/geofy_access_proxy/wanderwege?service=WFS&version=2.0.0&request=GetCapabilities (source 411/1467)
2026-01-25 05:28:05,547 - Scraping log - scraper.py >         <module>(): Line 751 - INFO - Running default scraper on KT_TG > https://ows.geo.tg.ch/geofy_access_proxy/kunstbauten?service=WFS&version=2.0.0&request=GetCapabilities (source 412/1467)
2026-01-25 05:28:07,706 - Scraping log - scraper.py >         <module>(): Line 751 - INFO - Running default scraper on KT_TG > https://ows.geo.tg.ch/geofy_access_proxy/gewaesserschutzkarte?Service=WFS&Version=2.0.0&Request=GetCapabilities (source 413/1467)
2026-01-25 05:28:10,385 - Scraping log - scraper.py >         <module>(): Line 751 - INFO - Running default scraper on KT_TG > https://ows.geo.tg.ch/geofy_access_proxy/neophyten?Service=WFS&Version=2.0.0&Request=GetCapabilities (source 414/1467)
2026-01-25 05:28:12,534 - Scraping log - scraper.py >         <module>(): Line 751 - INFO - Running default scraper on KT_TG > https://ows.geo.tg.ch/geofy_access_proxy/siedlungsverzeichnis?service=WFS&version=2.0.0&request=GetCapabilities (source 415/1467)
2026-01-25 05:28:14,537 - Scraping log - scraper.py >         <module>(): Line 751 - INFO - Running default scraper on KT_TG > https://ows.geo.tg.ch/geofy_access_proxy/revitalisierung_gewaesser?Service=WFS&Version=2.0.0&Request=GetCapabilities (source 416/1467)
2026-01-25 05:28:15,259 - Scraping log - scraper.py >         <module>(): Line 759 - WARNING - Scraping KT_TG > https://ows.geo.tg.ch/geofy_access_proxy/revitalisierung_gewaesser?Service=WFS&Version=2.0.0&Request=GetCapabilities aborted
2026-01-25 05:28:15,259 - Scraping log - scraper.py >         <module>(): Line 751 - INFO - Running default scraper on KT_TG > https://ows.geo.tg.ch/geofy_access_proxy/gefahrenhinweiskarte?Service=WFS&Version=2.0.0&Request=GetCapabilities (source 417/1467)
2026-01-25 05:28:18,593 - Scraping log - scraper.py >         <module>(): Line 751 - INFO - Running default scraper on KT_TG > https://ows.geo.tg.ch/geofy_access_proxy/landwirtschaft_kulturflaechen?service=WFS&version=2.0.0&request=GetCapabilities (source 418/1467)
2026-01-25 05:28:22,583 - Scraping log - scraper.py >         <module>(): Line 751 - INFO - Running default scraper on KT_TG > https://ows.geo.tg.ch/geofy_access_proxy/fischereiverbote?Service=WFS&Version=2.0.0&Request=GetCapabilities (source 419/1467)
2026-01-25 05:28:25,472 - Scraping log - scraper.py >         <module>(): Line 751 - INFO - Running default scraper on KT_TG > https://ows.geo.tg.ch/geofy_access_proxy/regionalplanung?service=WFS&version=2.0.0&request=GetCapabilities (source 420/1467)
2026-01-25 05:28:27,480 - Scraping log - scraper.py >         <module>(): Line 751 - INFO - Running default scraper on KT_TG > https://ows.geo.tg.ch/geofy_access_proxy/gewaesserschutzkarte?Service=WFS&Version=2.0.0&Request=GetCapabilities (source 421/1467)
2026-01-25 05:28:30,066 - Scraping log - scraper.py >         <module>(): Line 751 - INFO - Running default scraper on KT_TG > https://ows.geo.tg.ch/geofy_access_proxy/korrektionen_fluesse?Service=WFS&Version=2.0.0&Request=GetCapabilities (source 422/1467)
2026-01-25 05:28:32,215 - Scraping log - scraper.py >         <module>(): Line 751 - INFO - Running default scraper on KT_TG > https://ows.geo.tg.ch/geofy_access_proxy/korrektionen_baeche?Service=WFS&Version=2.0.0&Request=GetCapabilities (source 423/1467)
2026-01-25 05:28:34,217 - Scraping log - scraper.py >         <module>(): Line 751 - INFO - Running default scraper on KT_TG > https://ows.geo.tg.ch/geofy_access_proxy/hoehendaten?service=WFS&version=2.0.0&request=GetCapabilities (source 424/1467)
2026-01-25 05:28:36,363 - Scraping log - scraper.py >         <module>(): Line 751 - INFO - Running default scraper on KT_TG > https://ows.geo.tg.ch/geofy_access_proxy/hoehendaten?service=WFS&version=2.0.0&request=GetCapabilities (source 425/1467)
2026-01-25 05:28:38,520 - Scraping log - scraper.py >         <module>(): Line 751 - INFO - Running default scraper on KT_TG > https://ows.geo.tg.ch/geofy_access_proxy/oereb_statische_waldgrenzen?service=WFS&version=2.0.0&request=GetCapabilities (source 426/1467)
2026-01-25 05:28:40,522 - Scraping log - scraper.py >         <module>(): Line 751 - INFO - Running default scraper on KT_TG > https://ows.geo.tg.ch/geofy_access_proxy/mountainbike?service=WFS&version=2.0.0&request=GetCapabilities (source 427/1467)
2026-01-25 05:28:42,679 - Scraping log - scraper.py >         <module>(): Line 751 - INFO - Running default scraper on KT_TG > https://ows.geo.tg.ch/geofy_access_proxy/erdwaerme?Service=WFS&Version=2.0.0&Request=GetCapabilities (source 428/1467)
2026-01-25 05:28:44,833 - Scraping log - scraper.py >         <module>(): Line 751 - INFO - Running default scraper on KT_TG > https://ows.geo.tg.ch/geofy_access_proxy/oekomorphologie?Service=WFS&Version=2.0.0&Request=GetCapabilities (source 429/1467)
2026-01-25 05:28:48,545 - Scraping log - scraper.py >         <module>(): Line 751 - INFO - Running default scraper on KT_TG > https://ows.geo.tg.ch/geofy_access_proxy/kbs?Service=WFS&Version=2.0.0&Request=GetCapabilities (source 430/1467)
2026-01-25 05:28:50,976 - Scraping log - scraper.py >         <module>(): Line 751 - INFO - Running default scraper on KT_TG > https://ows.geo.tg.ch/geofy_access_proxy/fischereiaufsichtskreise?Service=WFS&Version=2.0.0&Request=GetCapabilities (source 431/1467)
2026-01-25 05:28:52,978 - Scraping log - scraper.py >         <module>(): Line 751 - INFO - Running default scraper on KT_TG > https://ows.geo.tg.ch/geofy_access_proxy/grundwasserkarte?Service=WMS&Version=1.3.0&Request=GetCapabilities (source 432/1467)
2026-01-25 05:28:56,638 - Scraping log - scraper.py >         <module>(): Line 751 - INFO - Running default scraper on KT_TG > https://ows-raster.geo.tg.ch/geofy_access_proxy/biomasse?Service=WFS&Version=2.0.0&Request=GetCapabilities (source 433/1467)
2026-01-25 05:28:59,144 - Scraping log - scraper.py >         <module>(): Line 751 - INFO - Running default scraper on KT_TG > https://ows.geo.tg.ch/geofy_access_proxy/ausnahmetransportrouten?service=WFS&version=2.0.0&request=GetCapabilities (source 434/1467)
2026-01-25 05:29:03,008 - Scraping log - scraper.py >         <module>(): Line 751 - INFO - Running default scraper on KT_TG > https://ows.geo.tg.ch/geofy_access_proxy/jagdreviere?Service=WFS&Version=2.0.0&Request=GetCapabilities (source 435/1467)
2026-01-25 05:29:05,428 - Scraping log - scraper.py >         <module>(): Line 751 - INFO - Running default scraper on KT_TG > https://ows.geo.tg.ch/geofy_access_proxy/kapopostenkarte?Service=WFS&Version=2.0.0&Request=GetCapabilities (source 436/1467)
2026-01-25 05:29:07,569 - Scraping log - scraper.py >         <module>(): Line 751 - INFO - Running default scraper on KT_TG > https://ows.geo.tg.ch/geofy_access_proxy/jagdreviere?Service=WFS&Version=2.0.0&Request=GetCapabilities (source 437/1467)
2026-01-25 05:29:10,103 - Scraping log - scraper.py >         <module>(): Line 751 - INFO - Running default scraper on KT_TG > https://ows.geo.tg.ch/geofy_access_proxy/fischereiverbote?Service=WFS&Version=2.0.0&Request=GetCapabilities (source 438/1467)
2026-01-25 05:29:13,087 - Scraping log - scraper.py >         <module>(): Line 751 - INFO - Running default scraper on KT_TG > https://ows.geo.tg.ch/geofy_access_proxy/richtplankt50k?service=WMS&version=1.3.0&request=GetCapabilities (source 439/1467)
2026-01-25 05:29:32,615 - Scraping log - scraper.py >         <module>(): Line 751 - INFO - Running default scraper on KT_TG > https://ows.geo.tg.ch/geofy_access_proxy/oekomorphologie?Service=WFS&Version=2.0.0&Request=GetCapabilities (source 440/1467)
2026-01-25 05:29:36,365 - Scraping log - scraper.py >         <module>(): Line 751 - INFO - Running default scraper on KT_TG > https://ows.geo.tg.ch/geofy_access_proxy/gewaesserschutzkarte?Service=WFS&Version=2.0.0&Request=GetCapabilities (source 441/1467)
2026-01-25 05:29:39,053 - Scraping log - scraper.py >         <module>(): Line 751 - INFO - Running default scraper on KT_TG > https://ows.geo.tg.ch/geofy_access_proxy/grundwassermodell_thurtal?Service=WMS&Version=1.3.0&Request=GetCapabilities (source 442/1467)
2026-01-25 05:29:39,765 - Scraping log - scraper.py >         <module>(): Line 759 - WARNING - Scraping KT_TG > https://ows.geo.tg.ch/geofy_access_proxy/grundwassermodell_thurtal?Service=WMS&Version=1.3.0&Request=GetCapabilities aborted
2026-01-25 05:29:39,765 - Scraping log - scraper.py >         <module>(): Line 751 - INFO - Running default scraper on KT_TG > https://ows.geo.tg.ch/geofy_access_proxy/zivilschutzregionen?Service=WFS&Version=2.0.0&Request=GetCapabilities (source 443/1467)
2026-01-25 05:29:41,770 - Scraping log - scraper.py >         <module>(): Line 751 - INFO - Running default scraper on KT_TG > https://ows.geo.tg.ch/geofy_access_proxy/schulgemeinden?service=WFS&version=2.0.0&request=GetCapabilities (source 444/1467)
2026-01-25 05:29:44,111 - Scraping log - scraper.py >         <module>(): Line 751 - INFO - Running default scraper on KT_TG > https://ows.geo.tg.ch/geofy_access_proxy/ng_fliesstiefenkarte_wasser_hq100?Service=WMS&Version=1.3.0&Request=GetCapabilities (source 445/1467)
2026-01-25 05:29:46,444 - Scraping log - scraper.py >         <module>(): Line 751 - INFO - Running default scraper on KT_TG > https://ows.geo.tg.ch/geofy_access_proxy/gewaesserkataster_gewaesser?Service=WFS&Version=2.0.0&Request=GetCapabilities (source 446/1467)
2026-01-25 05:29:50,295 - Scraping log - scraper.py >         <module>(): Line 751 - INFO - Running default scraper on KT_TG > https://ows.geo.tg.ch/geofy_access_proxy/sirenenstandorte?Service=WFS&Version=2.0.0&Request=GetCapabilities (source 447/1467)
2026-01-25 05:29:52,407 - Scraping log - scraper.py >         <module>(): Line 751 - INFO - Running default scraper on KT_TG > https://ows.geo.tg.ch/geofy_access_proxy/schutzraeume?Service=WFS&Version=2.0.0&Request=GetCapabilities (source 448/1467)
2026-01-25 05:29:54,418 - Scraping log - scraper.py >         <module>(): Line 751 - INFO - Running default scraper on KT_TI > https://wmts.geo.ti.ch/wmts/1.0.0/WMTSCapabilities.xml (source 449/1467)
2026-01-25 05:29:58,016 - Scraping log - scraper.py >         <module>(): Line 751 - INFO - Running default scraper on KT_TI > https://wfs.geo.ti.ch/wfs_ch (source 450/1467)
2026-01-25 05:30:14,792 - Scraping log - scraper.py >         <module>(): Line 751 - INFO - Running default scraper on KT_TI > https://wfs.geo.ti.ch/wfs_ac (source 451/1467)
2026-01-25 05:30:28,408 - Scraping log - scraper.py >         <module>(): Line 751 - INFO - Running default scraper on KT_TI > https://wms.geo.ti.ch/service?service=WMS&version=1.3.0&REQUEST=GetCapabilities (source 452/1467)
2026-01-25 05:30:53,356 - Scraping log - scraper.py > get_service_info(): Line 319 - ERROR - geodati_base_federali: HTTPSConnectionPool(host='wms.geo.ti.ch', port=443): Read timed out. (read timeout=10)
2026-01-25 05:31:47,989 - Scraping log - scraper.py > get_service_info(): Line 319 - ERROR - ch_052_1_v24_0_piano_base_mu_ch_colore: HTTPSConnectionPool(host='wms.geo.ti.ch', port=443): Read timed out. (read timeout=10)
2026-01-25 05:31:58,354 - Scraping log - scraper.py > get_service_info(): Line 319 - ERROR - ch_052_1_v24_0_piano_base_mu_ch_bn: HTTPSConnectionPool(host='wms.geo.ti.ch', port=443): Read timed out. (read timeout=10)
2026-01-25 05:33:44,429 - Scraping log - scraper.py > get_service_info(): Line 319 - ERROR - geodati_base_cantonali: HTTPSConnectionPool(host='wms.geo.ti.ch', port=443): Read timed out. (read timeout=10)
2026-01-25 05:38:55,401 - Scraping log - scraper.py > get_service_info(): Line 319 - ERROR - ti.028b_1.zp100064: HTTPSConnectionPool(host='wms.geo.ti.ch', port=443): Read timed out. (read timeout=10)
2026-01-25 05:39:25,386 - Scraping log - scraper.py > get_service_info(): Line 319 - ERROR - ti_006_1_v1_0_boschi_particolare_pregio_lariceti_pascolati: HTTPSConnectionPool(host='wms.geo.ti.ch', port=443): Read timed out. (read timeout=10)
2026-01-25 05:40:40,462 - Scraping log - scraper.py > get_service_info(): Line 319 - ERROR - geodati_amministrazione_cantonale: HTTPSConnectionPool(host='wms.geo.ti.ch', port=443): Read timed out. (read timeout=10)
2026-01-25 05:43:06,018 - Scraping log - scraper.py >         <module>(): Line 751 - INFO - Running default scraper on KT_UR > https://geo.ur.ch/wms?request=getCapabilities (source 453/1467)
2026-01-25 05:46:32,909 - Scraping log - scraper.py >         <module>(): Line 751 - INFO - Running default scraper on KT_UR > https://geo.ur.ch/wfs?request=getCapabilities (source 454/1467)
2026-01-25 05:47:36,966 - Scraping log - scraper.py >         <module>(): Line 751 - INFO - Running default scraper on KT_ZG > https://services.geo.zg.ch/ows/Quartiergestaltungsplanung?SERVICE=WMS&REQUEST=GetCapabilities (source 455/1467)
2026-01-25 05:47:37,552 - Scraping log - scraper.py >         <module>(): Line 759 - WARNING - Scraping KT_ZG > https://services.geo.zg.ch/ows/Quartiergestaltungsplanung?SERVICE=WMS&REQUEST=GetCapabilities aborted
2026-01-25 05:47:37,552 - Scraping log - scraper.py >         <module>(): Line 751 - INFO - Running default scraper on KT_ZG > https://services.geo.zg.ch/ows/Abfallsammelstellen?SERVICE=WMS&REQUEST=GetCapabilities (source 456/1467)
2026-01-25 05:47:38,012 - Scraping log - scraper.py >         <module>(): Line 759 - WARNING - Scraping KT_ZG > https://services.geo.zg.ch/ows/Abfallsammelstellen?SERVICE=WMS&REQUEST=GetCapabilities aborted
2026-01-25 05:47:38,013 - Scraping log - scraper.py >         <module>(): Line 751 - INFO - Running default scraper on KT_ZG > https://services.geo.zg.ch/ows/Abstandslinien?SERVICE=WMS&REQUEST=GetCapabilities (source 457/1467)
2026-01-25 05:47:38,469 - Scraping log - scraper.py >         <module>(): Line 759 - WARNING - Scraping KT_ZG > https://services.geo.zg.ch/ows/Abstandslinien?SERVICE=WMS&REQUEST=GetCapabilities aborted
2026-01-25 05:47:38,470 - Scraping log - scraper.py >         <module>(): Line 751 - INFO - Running default scraper on KT_ZG > https://services.geo.zg.ch/ows/Adressplan?SERVICE=WMS&REQUEST=GetCapabilities (source 458/1467)
2026-01-25 05:47:39,160 - Scraping log - scraper.py >         <module>(): Line 759 - WARNING - Scraping KT_ZG > https://services.geo.zg.ch/ows/Adressplan?SERVICE=WMS&REQUEST=GetCapabilities aborted
2026-01-25 05:47:39,160 - Scraping log - scraper.py >         <module>(): Line 751 - INFO - Running default scraper on KT_ZG > https://services.geo.zg.ch/ows/Amphibienlaichgebiete?SERVICE=WMS&REQUEST=GetCapabilities (source 459/1467)
2026-01-25 05:47:39,638 - Scraping log - scraper.py >         <module>(): Line 759 - WARNING - Scraping KT_ZG > https://services.geo.zg.ch/ows/Amphibienlaichgebiete?SERVICE=WMS&REQUEST=GetCapabilities aborted
2026-01-25 05:47:39,638 - Scraping log - scraper.py >         <module>(): Line 751 - INFO - Running default scraper on KT_ZG > https://services.geo.zg.ch/ows/Anselmierkarte?SERVICE=WMS&REQUEST=GetCapabilities (source 460/1467)
2026-01-25 05:47:40,487 - Scraping log - scraper.py >         <module>(): Line 759 - WARNING - Scraping KT_ZG > https://services.geo.zg.ch/ows/Anselmierkarte?SERVICE=WMS&REQUEST=GetCapabilities aborted
2026-01-25 05:47:40,488 - Scraping log - scraper.py >         <module>(): Line 751 - INFO - Running default scraper on KT_ZG > https://services.geo.zg.ch/ows/BasisplanFarbe?SERVICE=WMS&REQUEST=GetCapabilities (source 461/1467)
2026-01-25 05:47:41,153 - Scraping log - scraper.py >         <module>(): Line 759 - WARNING - Scraping KT_ZG > https://services.geo.zg.ch/ows/BasisplanFarbe?SERVICE=WMS&REQUEST=GetCapabilities aborted
2026-01-25 05:47:41,154 - Scraping log - scraper.py >         <module>(): Line 751 - INFO - Running default scraper on KT_ZG > https://services.geo.zg.ch/ows/BasisplanSW?SERVICE=WMS&REQUEST=GetCapabilities (source 462/1467)
2026-01-25 05:47:42,024 - Scraping log - scraper.py >         <module>(): Line 759 - WARNING - Scraping KT_ZG > https://services.geo.zg.ch/ows/BasisplanSW?SERVICE=WMS&REQUEST=GetCapabilities aborted
2026-01-25 05:47:42,024 - Scraping log - scraper.py >         <module>(): Line 751 - INFO - Running default scraper on KT_ZG > https://services.geo.zg.ch/ows/Baumkataster?SERVICE=WMS&REQUEST=GetCapabilities (source 463/1467)
2026-01-25 05:47:42,479 - Scraping log - scraper.py >         <module>(): Line 759 - WARNING - Scraping KT_ZG > https://services.geo.zg.ch/ows/Baumkataster?SERVICE=WMS&REQUEST=GetCapabilities aborted
2026-01-25 05:47:42,479 - Scraping log - scraper.py >         <module>(): Line 751 - INFO - Running default scraper on KT_ZG > https://services.geo.zg.ch/ows/Bebauungsplan?SERVICE=WMS&REQUEST=GetCapabilities (source 464/1467)
2026-01-25 05:47:42,939 - Scraping log - scraper.py >         <module>(): Line 759 - WARNING - Scraping KT_ZG > https://services.geo.zg.ch/ows/Bebauungsplan?SERVICE=WMS&REQUEST=GetCapabilities aborted
2026-01-25 05:47:42,939 - Scraping log - scraper.py >         <module>(): Line 751 - INFO - Running default scraper on KT_ZG > https://services.geo.zg.ch/ows/Besondere_Waldlebensraeume?SERVICE=WMS&REQUEST=GetCapabilities (source 465/1467)
2026-01-25 05:47:43,394 - Scraping log - scraper.py >         <module>(): Line 759 - WARNING - Scraping KT_ZG > https://services.geo.zg.ch/ows/Besondere_Waldlebensraeume?SERVICE=WMS&REQUEST=GetCapabilities aborted
2026-01-25 05:47:43,394 - Scraping log - scraper.py >         <module>(): Line 751 - INFO - Running default scraper on KT_ZG > https://services.geo.zg.ch/ows/Besondere_Waldlebensraeume?SERVICE=WMS&REQUEST=GetCapabilities (source 466/1467)
2026-01-25 05:47:44,055 - Scraping log - scraper.py >         <module>(): Line 759 - WARNING - Scraping KT_ZG > https://services.geo.zg.ch/ows/Besondere_Waldlebensraeume?SERVICE=WMS&REQUEST=GetCapabilities aborted
2026-01-25 05:47:44,055 - Scraping log - scraper.py >         <module>(): Line 751 - INFO - Running default scraper on KT_ZG > https://services.geo.zg.ch/ows/Bodenkarte?SERVICE=WMS&REQUEST=GetCapabilities (source 467/1467)
2026-01-25 05:47:44,514 - Scraping log - scraper.py >         <module>(): Line 759 - WARNING - Scraping KT_ZG > https://services.geo.zg.ch/ows/Bodenkarte?SERVICE=WMS&REQUEST=GetCapabilities aborted
2026-01-25 05:47:44,514 - Scraping log - scraper.py >         <module>(): Line 751 - INFO - Running default scraper on KT_ZG > https://services.geo.zg.ch/ows/Buslinien?SERVICE=WMS&REQUEST=GetCapabilities (source 468/1467)
2026-01-25 05:47:44,972 - Scraping log - scraper.py >         <module>(): Line 759 - WARNING - Scraping KT_ZG > https://services.geo.zg.ch/ows/Buslinien?SERVICE=WMS&REQUEST=GetCapabilities aborted
2026-01-25 05:47:44,972 - Scraping log - scraper.py >         <module>(): Line 751 - INFO - Running default scraper on KT_ZG > https://services.geo.zg.ch/ows/Denkmaeler?SERVICE=WMS&REQUEST=GetCapabilities (source 469/1467)
2026-01-25 05:47:45,427 - Scraping log - scraper.py >         <module>(): Line 759 - WARNING - Scraping KT_ZG > https://services.geo.zg.ch/ows/Denkmaeler?SERVICE=WMS&REQUEST=GetCapabilities aborted
2026-01-25 05:47:45,428 - Scraping log - scraper.py >         <module>(): Line 751 - INFO - Running default scraper on KT_ZG > https://services.geo.zg.ch/ows/Einzelbaeume_K5?&SERVICE=WMS&REQUEST=GetCapabilities (source 470/1467)
2026-01-25 05:47:46,089 - Scraping log - scraper.py >         <module>(): Line 759 - WARNING - Scraping KT_ZG > https://services.geo.zg.ch/ows/Einzelbaeume_K5?&SERVICE=WMS&REQUEST=GetCapabilities aborted
2026-01-25 05:47:46,089 - Scraping log - scraper.py >         <module>(): Line 751 - INFO - Running default scraper on KT_ZG > https://services.geo.zg.ch/ows/Erdwaermenutzung?SERVICE=WMS&REQUEST=GetCapabilities (source 471/1467)
2026-01-25 05:47:46,544 - Scraping log - scraper.py >         <module>(): Line 759 - WARNING - Scraping KT_ZG > https://services.geo.zg.ch/ows/Erdwaermenutzung?SERVICE=WMS&REQUEST=GetCapabilities aborted
2026-01-25 05:47:46,544 - Scraping log - scraper.py >         <module>(): Line 751 - INFO - Running default scraper on KT_ZG > https://services.geo.zg.ch/ows/Erholungswald?SERVICE=WMS&REQUEST=GetCapabilities (source 472/1467)
2026-01-25 05:47:47,007 - Scraping log - scraper.py >         <module>(): Line 759 - WARNING - Scraping KT_ZG > https://services.geo.zg.ch/ows/Erholungswald?SERVICE=WMS&REQUEST=GetCapabilities aborted
2026-01-25 05:47:47,007 - Scraping log - scraper.py >         <module>(): Line 751 - INFO - Running default scraper on KT_ZG > https://services.geo.zg.ch/ows/Fahrzeuglaengen_geplant?SERVICE=WMS&REQUEST=GetCapabilities (source 473/1467)
2026-01-25 05:47:47,463 - Scraping log - scraper.py >         <module>(): Line 759 - WARNING - Scraping KT_ZG > https://services.geo.zg.ch/ows/Fahrzeuglaengen_geplant?SERVICE=WMS&REQUEST=GetCapabilities aborted
2026-01-25 05:47:47,463 - Scraping log - scraper.py >         <module>(): Line 751 - INFO - Running default scraper on KT_ZG > https://services.geo.zg.ch/ows/Fledermaus-Quartiere?SERVICE=WMS&REQUEST=GetCapabilities (source 474/1467)
2026-01-25 05:47:47,922 - Scraping log - scraper.py >         <module>(): Line 759 - WARNING - Scraping KT_ZG > https://services.geo.zg.ch/ows/Fledermaus-Quartiere?SERVICE=WMS&REQUEST=GetCapabilities aborted
2026-01-25 05:47:47,923 - Scraping log - scraper.py >         <module>(): Line 751 - INFO - Running default scraper on KT_ZG > https://services.geo.zg.ch/ows/Forstreviere?SERVICE=WMS&REQUEST=GetCapabilities (source 475/1467)
2026-01-25 05:47:48,384 - Scraping log - scraper.py >         <module>(): Line 759 - WARNING - Scraping KT_ZG > https://services.geo.zg.ch/ows/Forstreviere?SERVICE=WMS&REQUEST=GetCapabilities aborted
2026-01-25 05:47:48,384 - Scraping log - scraper.py >         <module>(): Line 751 - INFO - Running default scraper on KT_ZG > https://services.geo.zg.ch/ows/Fussgaengerstreifen?SERVICE=WMS&REQUEST=GetCapabilities (source 476/1467)
2026-01-25 05:47:49,317 - Scraping log - scraper.py >         <module>(): Line 759 - WARNING - Scraping KT_ZG > https://services.geo.zg.ch/ows/Fussgaengerstreifen?SERVICE=WMS&REQUEST=GetCapabilities aborted
2026-01-25 05:47:49,317 - Scraping log - scraper.py >         <module>(): Line 751 - INFO - Running default scraper on KT_ZG > https://services.geo.zg.ch/ows/Gebaeudebrueter?SERVICE=WMS&REQUEST=GetCapabilities (source 477/1467)
2026-01-25 05:47:49,777 - Scraping log - scraper.py >         <module>(): Line 759 - WARNING - Scraping KT_ZG > https://services.geo.zg.ch/ows/Gebaeudebrueter?SERVICE=WMS&REQUEST=GetCapabilities aborted
2026-01-25 05:47:49,777 - Scraping log - scraper.py >         <module>(): Line 751 - INFO - Running default scraper on KT_ZG > https://services.geo.zg.ch/ows/Geomorphologie?SERVICE=WMS&REQUEST=GetCapabilities (source 478/1467)
2026-01-25 05:47:50,269 - Scraping log - scraper.py >         <module>(): Line 759 - WARNING - Scraping KT_ZG > https://services.geo.zg.ch/ows/Geomorphologie?SERVICE=WMS&REQUEST=GetCapabilities aborted
2026-01-25 05:47:50,269 - Scraping log - scraper.py >         <module>(): Line 751 - INFO - Running default scraper on KT_ZG > https://services.geo.zg.ch/ows/Gewaessernetz?SERVICE=WMS&REQUEST=GetCapabilities (source 479/1467)
2026-01-25 05:47:50,727 - Scraping log - scraper.py >         <module>(): Line 759 - WARNING - Scraping KT_ZG > https://services.geo.zg.ch/ows/Gewaessernetz?SERVICE=WMS&REQUEST=GetCapabilities aborted
2026-01-25 05:47:50,727 - Scraping log - scraper.py >         <module>(): Line 751 - INFO - Running default scraper on KT_ZG > https://services.geo.zg.ch/ows/Gewaesserschutzkarte?SERVICE=WMS&REQUEST=GetCapabilities (source 480/1467)
2026-01-25 05:47:51,183 - Scraping log - scraper.py >         <module>(): Line 759 - WARNING - Scraping KT_ZG > https://services.geo.zg.ch/ows/Gewaesserschutzkarte?SERVICE=WMS&REQUEST=GetCapabilities aborted
2026-01-25 05:47:51,183 - Scraping log - scraper.py >         <module>(): Line 751 - INFO - Running default scraper on KT_ZG > https://services.geo.zg.ch/ows/Grundbuchplan?SERVICE=WMS&REQUEST=GetCapabilities (source 481/1467)
2026-01-25 05:47:51,639 - Scraping log - scraper.py >         <module>(): Line 759 - WARNING - Scraping KT_ZG > https://services.geo.zg.ch/ows/Grundbuchplan?SERVICE=WMS&REQUEST=GetCapabilities aborted
2026-01-25 05:47:51,639 - Scraping log - scraper.py >         <module>(): Line 751 - INFO - Running default scraper on KT_ZG > https://services.geo.zg.ch/ows/Hecken_Feldgehoelze?SERVICE=WMS&REQUEST=GetCapabilities (source 482/1467)
2026-01-25 05:47:52,101 - Scraping log - scraper.py >         <module>(): Line 759 - WARNING - Scraping KT_ZG > https://services.geo.zg.ch/ows/Hecken_Feldgehoelze?SERVICE=WMS&REQUEST=GetCapabilities aborted
2026-01-25 05:47:52,101 - Scraping log - scraper.py >         <module>(): Line 751 - INFO - Running default scraper on KT_ZG > https://services.geo.zg.ch/ows/Hist_Gewaesser?SERVICE=WMS&REQUEST=GetCapabilities (source 483/1467)
2026-01-25 05:47:52,558 - Scraping log - scraper.py >         <module>(): Line 759 - WARNING - Scraping KT_ZG > https://services.geo.zg.ch/ows/Hist_Gewaesser?SERVICE=WMS&REQUEST=GetCapabilities aborted
2026-01-25 05:47:52,559 - Scraping log - scraper.py >         <module>(): Line 751 - INFO - Running default scraper on KT_ZG > https://services.geo.zg.ch/ows/Hoehenkurven_Isobathen?SERVICE=WMS&REQUEST=GetCapabilities (source 484/1467)
2026-01-25 05:47:53,014 - Scraping log - scraper.py >         <module>(): Line 759 - WARNING - Scraping KT_ZG > https://services.geo.zg.ch/ows/Hoehenkurven_Isobathen?SERVICE=WMS&REQUEST=GetCapabilities aborted
2026-01-25 05:47:53,014 - Scraping log - scraper.py >         <module>(): Line 751 - INFO - Running default scraper on KT_ZG > https://services.geo.zg.ch/ows/Jagdbezirke?SERVICE=WMS&REQUEST=GetCapabilities (source 485/1467)
2026-01-25 05:47:53,469 - Scraping log - scraper.py >         <module>(): Line 759 - WARNING - Scraping KT_ZG > https://services.geo.zg.ch/ows/Jagdbezirke?SERVICE=WMS&REQUEST=GetCapabilities aborted
2026-01-25 05:47:53,469 - Scraping log - scraper.py >         <module>(): Line 751 - INFO - Running default scraper on KT_ZG > https://services.geo.zg.ch/ows/Kinderbetreuung?SERVICE=WMS&REQUEST=GetCapabilities (source 486/1467)
2026-01-25 05:47:53,925 - Scraping log - scraper.py >         <module>(): Line 759 - WARNING - Scraping KT_ZG > https://services.geo.zg.ch/ows/Kinderbetreuung?SERVICE=WMS&REQUEST=GetCapabilities aborted
2026-01-25 05:47:53,925 - Scraping log - scraper.py >         <module>(): Line 751 - INFO - Running default scraper on KT_ZG > https://services.geo.zg.ch/ows/Kunstbauten?SERVICE=WMS&REQUEST=GetCapabilities (source 487/1467)
2026-01-25 05:47:54,382 - Scraping log - scraper.py >         <module>(): Line 759 - WARNING - Scraping KT_ZG > https://services.geo.zg.ch/ows/Kunstbauten?SERVICE=WMS&REQUEST=GetCapabilities aborted
2026-01-25 05:47:54,382 - Scraping log - scraper.py >         <module>(): Line 751 - INFO - Running default scraper on KT_ZG > https://services.geo.zg.ch/ows/Landwertzonen_Steuern?SERVICE=WMS&REQUEST=GetCapabilities (source 488/1467)
2026-01-25 05:47:54,839 - Scraping log - scraper.py >         <module>(): Line 759 - WARNING - Scraping KT_ZG > https://services.geo.zg.ch/ows/Landwertzonen_Steuern?SERVICE=WMS&REQUEST=GetCapabilities aborted
2026-01-25 05:47:54,840 - Scraping log - scraper.py >         <module>(): Line 751 - INFO - Running default scraper on KT_ZG > https://services.geo.zg.ch/ows/Landwirtschaft?SERVICE=WMS&REQUEST=GetCapabilities (source 489/1467)
2026-01-25 05:47:55,296 - Scraping log - scraper.py >         <module>(): Line 759 - WARNING - Scraping KT_ZG > https://services.geo.zg.ch/ows/Landwirtschaft?SERVICE=WMS&REQUEST=GetCapabilities aborted
2026-01-25 05:47:55,296 - Scraping log - scraper.py >         <module>(): Line 751 - INFO - Running default scraper on KT_ZG > https://services.geo.zg.ch/ows/Messstellen_an_Gewaessern?SERVICE=WMS&REQUEST=GetCapabilities (source 490/1467)
2026-01-25 05:47:55,752 - Scraping log - scraper.py >         <module>(): Line 759 - WARNING - Scraping KT_ZG > https://services.geo.zg.ch/ows/Messstellen_an_Gewaessern?SERVICE=WMS&REQUEST=GetCapabilities aborted
2026-01-25 05:47:55,752 - Scraping log - scraper.py >         <module>(): Line 751 - INFO - Running default scraper on KT_ZG > https://services.geo.zg.ch/ows/Moorlandschaften?SERVICE=WMS&REQUEST=GetCapabilities (source 491/1467)
2026-01-25 05:47:56,211 - Scraping log - scraper.py >         <module>(): Line 759 - WARNING - Scraping KT_ZG > https://services.geo.zg.ch/ows/Moorlandschaften?SERVICE=WMS&REQUEST=GetCapabilities aborted
2026-01-25 05:47:56,211 - Scraping log - scraper.py >         <module>(): Line 751 - INFO - Running default scraper on KT_ZG > https://services.geo.zg.ch/ows/NGHK_Phaenomene?SERVICE=WMS&REQUEST=GetCapabilities (source 492/1467)
2026-01-25 05:47:56,671 - Scraping log - scraper.py >         <module>(): Line 759 - WARNING - Scraping KT_ZG > https://services.geo.zg.ch/ows/NGHK_Phaenomene?SERVICE=WMS&REQUEST=GetCapabilities aborted
2026-01-25 05:47:56,671 - Scraping log - scraper.py >         <module>(): Line 751 - INFO - Running default scraper on KT_ZG > https://services.geo.zg.ch/ows/NGHK_Prozesse?SERVICE=WMS&REQUEST=GetCapabilities (source 493/1467)
2026-01-25 05:47:57,135 - Scraping log - scraper.py >         <module>(): Line 759 - WARNING - Scraping KT_ZG > https://services.geo.zg.ch/ows/NGHK_Prozesse?SERVICE=WMS&REQUEST=GetCapabilities aborted
2026-01-25 05:47:57,135 - Scraping log - scraper.py >         <module>(): Line 751 - INFO - Running default scraper on KT_ZG > https://services.geo.zg.ch/ows/Naturobjekte?SERVICE=WMS&REQUEST=GetCapabilities (source 494/1467)
2026-01-25 05:47:57,592 - Scraping log - scraper.py >         <module>(): Line 759 - WARNING - Scraping KT_ZG > https://services.geo.zg.ch/ows/Naturobjekte?SERVICE=WMS&REQUEST=GetCapabilities aborted
2026-01-25 05:47:57,593 - Scraping log - scraper.py >         <module>(): Line 751 - INFO - Running default scraper on KT_ZG > https://services.geo.zg.ch/ows/Naturschutz?SERVICE=WMS&REQUEST=GetCapabilities (source 495/1467)
2026-01-25 05:47:58,048 - Scraping log - scraper.py >         <module>(): Line 759 - WARNING - Scraping KT_ZG > https://services.geo.zg.ch/ows/Naturschutz?SERVICE=WMS&REQUEST=GetCapabilities aborted
2026-01-25 05:47:58,048 - Scraping log - scraper.py >         <module>(): Line 751 - INFO - Running default scraper on KT_ZG > https://services.geo.zg.ch/ows/Neophyten?SERVICE=WMS&REQUEST=GetCapabilities (source 496/1467)
2026-01-25 05:47:58,506 - Scraping log - scraper.py >         <module>(): Line 759 - WARNING - Scraping KT_ZG > https://services.geo.zg.ch/ows/Neophyten?SERVICE=WMS&REQUEST=GetCapabilities aborted
2026-01-25 05:47:58,506 - Scraping log - scraper.py >         <module>(): Line 751 - INFO - Running default scraper on KT_ZG > https://services.geo.zg.ch/ows/Orthofotos?SERVICE=WMS&REQUEST=GetCapabilities (source 497/1467)
2026-01-25 05:47:58,961 - Scraping log - scraper.py >         <module>(): Line 759 - WARNING - Scraping KT_ZG > https://services.geo.zg.ch/ows/Orthofotos?SERVICE=WMS&REQUEST=GetCapabilities aborted
2026-01-25 05:47:58,961 - Scraping log - scraper.py >         <module>(): Line 751 - INFO - Running default scraper on KT_ZG > https://services.geo.zg.ch/ows/Ortsbildschutz?SERVICE=WMS&REQUEST=GetCapabilities (source 498/1467)
2026-01-25 05:47:59,416 - Scraping log - scraper.py >         <module>(): Line 759 - WARNING - Scraping KT_ZG > https://services.geo.zg.ch/ows/Ortsbildschutz?SERVICE=WMS&REQUEST=GetCapabilities aborted
2026-01-25 05:47:59,416 - Scraping log - scraper.py >         <module>(): Line 751 - INFO - Running default scraper on KT_ZG > https://services.geo.zg.ch/ows/Parkplaetze?SERVICE=WMS&REQUEST=GetCapabilities (source 499/1467)
2026-01-25 05:47:59,872 - Scraping log - scraper.py >         <module>(): Line 759 - WARNING - Scraping KT_ZG > https://services.geo.zg.ch/ows/Parkplaetze?SERVICE=WMS&REQUEST=GetCapabilities aborted
2026-01-25 05:47:59,872 - Scraping log - scraper.py >         <module>(): Line 751 - INFO - Running default scraper on KT_ZG > https://services.geo.zg.ch/ows/Points_of_Interest?SERVICE=WMS&REQUEST=GetCapabilities (source 500/1467)
2026-01-25 05:48:00,327 - Scraping log - scraper.py >         <module>(): Line 759 - WARNING - Scraping KT_ZG > https://services.geo.zg.ch/ows/Points_of_Interest?SERVICE=WMS&REQUEST=GetCapabilities aborted
2026-01-25 05:48:00,327 - Scraping log - scraper.py >         <module>(): Line 751 - INFO - Running default scraper on KT_ZG > https://services.geo.zg.ch/ows/Radwege?SERVICE=WMS&REQUEST=GetCapabilities (source 501/1467)
2026-01-25 05:48:00,785 - Scraping log - scraper.py >         <module>(): Line 759 - WARNING - Scraping KT_ZG > https://services.geo.zg.ch/ows/Radwege?SERVICE=WMS&REQUEST=GetCapabilities aborted
2026-01-25 05:48:00,785 - Scraping log - scraper.py >         <module>(): Line 751 - INFO - Running default scraper on KT_ZG > https://services.geo.zg.ch/ows/Richtplan?SERVICE=WMS&REQUEST=GetCapabilities (source 502/1467)
2026-01-25 05:48:01,250 - Scraping log - scraper.py >         <module>(): Line 759 - WARNING - Scraping KT_ZG > https://services.geo.zg.ch/ows/Richtplan?SERVICE=WMS&REQUEST=GetCapabilities aborted
2026-01-25 05:48:01,250 - Scraping log - scraper.py >         <module>(): Line 751 - INFO - Running default scraper on KT_ZG > https://services.geo.zg.ch/ows/Schulhaeuser_Kindergaerten?SERVICE=WMS&REQUEST=GetCapabilities (source 503/1467)
2026-01-25 05:48:01,728 - Scraping log - scraper.py >         <module>(): Line 759 - WARNING - Scraping KT_ZG > https://services.geo.zg.ch/ows/Schulhaeuser_Kindergaerten?SERVICE=WMS&REQUEST=GetCapabilities aborted
2026-01-25 05:48:01,728 - Scraping log - scraper.py >         <module>(): Line 751 - INFO - Running default scraper on KT_ZG > https://services.geo.zg.ch/ows/Schutzraumbau?SERVICE=WMS&REQUEST=GetCapabilities (source 504/1467)
2026-01-25 05:48:02,193 - Scraping log - scraper.py >         <module>(): Line 759 - WARNING - Scraping KT_ZG > https://services.geo.zg.ch/ows/Schutzraumbau?SERVICE=WMS&REQUEST=GetCapabilities aborted
2026-01-25 05:48:02,193 - Scraping log - scraper.py >         <module>(): Line 751 - INFO - Running default scraper on KT_ZG > https://services.geo.zg.ch/ows/Schutzwald?SERVICE=WMS&REQUEST=GetCapabilities (source 505/1467)
2026-01-25 05:48:02,653 - Scraping log - scraper.py >         <module>(): Line 759 - WARNING - Scraping KT_ZG > https://services.geo.zg.ch/ows/Schutzwald?SERVICE=WMS&REQUEST=GetCapabilities aborted
2026-01-25 05:48:02,653 - Scraping log - scraper.py >         <module>(): Line 751 - INFO - Running default scraper on KT_ZG > https://services.geo.zg.ch/ows/Standorte_Wahlplakate?SERVICE=WMS&REQUEST=GetCapabilities (source 506/1467)
2026-01-25 05:48:03,110 - Scraping log - scraper.py >         <module>(): Line 759 - WARNING - Scraping KT_ZG > https://services.geo.zg.ch/ows/Standorte_Wahlplakate?SERVICE=WMS&REQUEST=GetCapabilities aborted
2026-01-25 05:48:03,110 - Scraping log - scraper.py >         <module>(): Line 751 - INFO - Running default scraper on KT_ZG > https://services.geo.zg.ch/ows/Statische_Waldgrenzen?SERVICE=WMS&REQUEST=GetCapabilities (source 507/1467)
2026-01-25 05:48:03,569 - Scraping log - scraper.py >         <module>(): Line 759 - WARNING - Scraping KT_ZG > https://services.geo.zg.ch/ows/Statische_Waldgrenzen?SERVICE=WMS&REQUEST=GetCapabilities aborted
2026-01-25 05:48:03,569 - Scraping log - scraper.py >         <module>(): Line 751 - INFO - Running default scraper on KT_ZG > https://services.geo.zg.ch/ows/Strassenlaermkataster_Gemeindestrassen?SERVICE=WMS&REQUEST=GetCapabilities (source 508/1467)
2026-01-25 05:48:04,026 - Scraping log - scraper.py >         <module>(): Line 759 - WARNING - Scraping KT_ZG > https://services.geo.zg.ch/ows/Strassenlaermkataster_Gemeindestrassen?SERVICE=WMS&REQUEST=GetCapabilities aborted
2026-01-25 05:48:04,026 - Scraping log - scraper.py >         <module>(): Line 751 - INFO - Running default scraper on KT_ZG > https://services.geo.zg.ch/ows/Strassenlaermkataster_Kantonsstrassen?SERVICE=WMS&REQUEST=GetCapabilities (source 509/1467)
2026-01-25 05:48:04,482 - Scraping log - scraper.py >         <module>(): Line 759 - WARNING - Scraping KT_ZG > https://services.geo.zg.ch/ows/Strassenlaermkataster_Kantonsstrassen?SERVICE=WMS&REQUEST=GetCapabilities aborted
2026-01-25 05:48:04,482 - Scraping log - scraper.py >         <module>(): Line 751 - INFO - Running default scraper on KT_ZG > https://services.geo.zg.ch/ows/Treffpunkte_RDZ?SERVICE=WMS&REQUEST=GetCapabilities (source 510/1467)
2026-01-25 05:48:04,937 - Scraping log - scraper.py >         <module>(): Line 759 - WARNING - Scraping KT_ZG > https://services.geo.zg.ch/ows/Treffpunkte_RDZ?SERVICE=WMS&REQUEST=GetCapabilities aborted
2026-01-25 05:48:04,937 - Scraping log - scraper.py >         <module>(): Line 751 - INFO - Running default scraper on KT_ZG > https://services.geo.zg.ch/ows/Verkehrszaehlung?SERVICE=WMS&REQUEST=GetCapabilities (source 511/1467)
2026-01-25 05:48:05,391 - Scraping log - scraper.py >         <module>(): Line 759 - WARNING - Scraping KT_ZG > https://services.geo.zg.ch/ows/Verkehrszaehlung?SERVICE=WMS&REQUEST=GetCapabilities aborted
2026-01-25 05:48:05,392 - Scraping log - scraper.py >         <module>(): Line 751 - INFO - Running default scraper on KT_ZG > https://services.geo.zg.ch/ows/Zonenplan?SERVICE=WMS&REQUEST=GetCapabilities (source 512/1467)
2026-01-25 05:48:05,845 - Scraping log - scraper.py >         <module>(): Line 759 - WARNING - Scraping KT_ZG > https://services.geo.zg.ch/ows/Zonenplan?SERVICE=WMS&REQUEST=GetCapabilities aborted
2026-01-25 05:48:05,846 - Scraping log - scraper.py >         <module>(): Line 751 - INFO - Running default scraper on KT_ZG > https://services.geo.zg.ch/ows/defibrillatoren?SERVICE=WMS&REQUEST=GetCapabilities (source 513/1467)
2026-01-25 05:48:06,307 - Scraping log - scraper.py >         <module>(): Line 759 - WARNING - Scraping KT_ZG > https://services.geo.zg.ch/ows/defibrillatoren?SERVICE=WMS&REQUEST=GetCapabilities aborted
2026-01-25 05:48:06,307 - Scraping log - scraper.py >         <module>(): Line 751 - INFO - Running default scraper on KT_ZG > https://services.geo.zg.ch/ows/geologisches_aufschlussarchiv?SERVICE=WMS&REQUEST=GetCapabilities (source 514/1467)
2026-01-25 05:48:06,762 - Scraping log - scraper.py >         <module>(): Line 759 - WARNING - Scraping KT_ZG > https://services.geo.zg.ch/ows/geologisches_aufschlussarchiv?SERVICE=WMS&REQUEST=GetCapabilities aborted
2026-01-25 05:48:06,762 - Scraping log - scraper.py >         <module>(): Line 751 - INFO - Running default scraper on KT_ZG > https://services.geo.zg.ch/ows/kbs?SERVICE=WMS&REQUEST=GetCapabilities (source 515/1467)
2026-01-25 05:48:07,230 - Scraping log - scraper.py >         <module>(): Line 759 - WARNING - Scraping KT_ZG > https://services.geo.zg.ch/ows/kbs?SERVICE=WMS&REQUEST=GetCapabilities aborted
2026-01-25 05:48:07,231 - Scraping log - scraper.py >         <module>(): Line 751 - INFO - Running default scraper on KT_ZG > https://services.geo.zg.ch/ows/pbv?SERVICE=WMS&REQUEST=GetCapabilities (source 516/1467)
2026-01-25 05:48:07,687 - Scraping log - scraper.py >         <module>(): Line 759 - WARNING - Scraping KT_ZG > https://services.geo.zg.ch/ows/pbv?SERVICE=WMS&REQUEST=GetCapabilities aborted
2026-01-25 05:48:07,687 - Scraping log - scraper.py >         <module>(): Line 751 - INFO - Running default scraper on KT_ZG > https://services.geo.zg.ch/ows/stand_der_erschliessung?SERVICE=WMS&REQUEST=GetCapabilities (source 517/1467)
2026-01-25 05:48:08,141 - Scraping log - scraper.py >         <module>(): Line 759 - WARNING - Scraping KT_ZG > https://services.geo.zg.ch/ows/stand_der_erschliessung?SERVICE=WMS&REQUEST=GetCapabilities aborted
2026-01-25 05:48:08,141 - Scraping log - scraper.py >         <module>(): Line 751 - INFO - Running default scraper on KT_ZG > https://services.geo.zg.ch/ows/Abfallsammelstellen?SERVICE=WFS&REQUEST=GetCapabilities (source 518/1467)
2026-01-25 05:48:08,597 - Scraping log - scraper.py >         <module>(): Line 759 - WARNING - Scraping KT_ZG > https://services.geo.zg.ch/ows/Abfallsammelstellen?SERVICE=WFS&REQUEST=GetCapabilities aborted
2026-01-25 05:48:08,598 - Scraping log - scraper.py >         <module>(): Line 751 - INFO - Running default scraper on KT_ZG > https://services.geo.zg.ch/ows/Abstandslinien?SERVICE=WFS&REQUEST=GetCapabilities (source 519/1467)
2026-01-25 05:48:09,057 - Scraping log - scraper.py >         <module>(): Line 759 - WARNING - Scraping KT_ZG > https://services.geo.zg.ch/ows/Abstandslinien?SERVICE=WFS&REQUEST=GetCapabilities aborted
2026-01-25 05:48:09,057 - Scraping log - scraper.py >         <module>(): Line 751 - INFO - Running default scraper on KT_ZG > https://services.geo.zg.ch/ows/Amphibienlaichgebiete?SERVICE=WFS&REQUEST=GetCapabilities (source 520/1467)
2026-01-25 05:48:09,513 - Scraping log - scraper.py >         <module>(): Line 759 - WARNING - Scraping KT_ZG > https://services.geo.zg.ch/ows/Amphibienlaichgebiete?SERVICE=WFS&REQUEST=GetCapabilities aborted
2026-01-25 05:48:09,513 - Scraping log - scraper.py >         <module>(): Line 751 - INFO - Running default scraper on KT_ZG > https://services.geo.zg.ch/ows/Baumkataster?SERVICE=WFS&REQUEST=GetCapabilities (source 521/1467)
2026-01-25 05:48:09,971 - Scraping log - scraper.py >         <module>(): Line 759 - WARNING - Scraping KT_ZG > https://services.geo.zg.ch/ows/Baumkataster?SERVICE=WFS&REQUEST=GetCapabilities aborted
2026-01-25 05:48:09,971 - Scraping log - scraper.py >         <module>(): Line 751 - INFO - Running default scraper on KT_ZG > https://services.geo.zg.ch/ows/Bebauungsplan?SERVICE=WFS&REQUEST=GetCapabilities (source 522/1467)
2026-01-25 05:48:10,428 - Scraping log - scraper.py >         <module>(): Line 759 - WARNING - Scraping KT_ZG > https://services.geo.zg.ch/ows/Bebauungsplan?SERVICE=WFS&REQUEST=GetCapabilities aborted
2026-01-25 05:48:10,428 - Scraping log - scraper.py >         <module>(): Line 751 - INFO - Running default scraper on KT_ZG > https://services.geo.zg.ch/ows/Besondere_Waldlebensraeume?SERVICE=WFS&REQUEST=GetCapabilities (source 523/1467)
2026-01-25 05:48:10,884 - Scraping log - scraper.py >         <module>(): Line 759 - WARNING - Scraping KT_ZG > https://services.geo.zg.ch/ows/Besondere_Waldlebensraeume?SERVICE=WFS&REQUEST=GetCapabilities aborted
2026-01-25 05:48:10,884 - Scraping log - scraper.py >         <module>(): Line 751 - INFO - Running default scraper on KT_ZG > https://services.geo.zg.ch/ows/Bodenkarte?SERVICE=WFS&REQUEST=GetCapabilities (source 524/1467)
2026-01-25 05:48:11,339 - Scraping log - scraper.py >         <module>(): Line 759 - WARNING - Scraping KT_ZG > https://services.geo.zg.ch/ows/Bodenkarte?SERVICE=WFS&REQUEST=GetCapabilities aborted
2026-01-25 05:48:11,339 - Scraping log - scraper.py >         <module>(): Line 751 - INFO - Running default scraper on KT_ZG > https://services.geo.zg.ch/ows/Buslinien?SERVICE=WFS&REQUEST=GetCapabilities (source 525/1467)
2026-01-25 05:48:11,795 - Scraping log - scraper.py >         <module>(): Line 759 - WARNING - Scraping KT_ZG > https://services.geo.zg.ch/ows/Buslinien?SERVICE=WFS&REQUEST=GetCapabilities aborted
2026-01-25 05:48:11,795 - Scraping log - scraper.py >         <module>(): Line 751 - INFO - Running default scraper on KT_ZG > https://services.geo.zg.ch/ows/Denkmaeler?SERVICE=WFS&REQUEST=GetCapabilities (source 526/1467)
2026-01-25 05:48:12,258 - Scraping log - scraper.py >         <module>(): Line 759 - WARNING - Scraping KT_ZG > https://services.geo.zg.ch/ows/Denkmaeler?SERVICE=WFS&REQUEST=GetCapabilities aborted
2026-01-25 05:48:12,258 - Scraping log - scraper.py >         <module>(): Line 751 - INFO - Running default scraper on KT_ZG > https://services.geo.zg.ch/ows/Einzelbaeume_K5?SERVICE=WFS&REQUEST=GetCapabilities (source 527/1467)
2026-01-25 05:48:12,713 - Scraping log - scraper.py >         <module>(): Line 759 - WARNING - Scraping KT_ZG > https://services.geo.zg.ch/ows/Einzelbaeume_K5?SERVICE=WFS&REQUEST=GetCapabilities aborted
2026-01-25 05:48:12,713 - Scraping log - scraper.py >         <module>(): Line 751 - INFO - Running default scraper on KT_ZG > https://services.geo.zg.ch/ows/Erdwaermenutzung?SERVICE=WFS&REQUEST=GetCapabilities (source 528/1467)
2026-01-25 05:48:13,174 - Scraping log - scraper.py >         <module>(): Line 759 - WARNING - Scraping KT_ZG > https://services.geo.zg.ch/ows/Erdwaermenutzung?SERVICE=WFS&REQUEST=GetCapabilities aborted
2026-01-25 05:48:13,175 - Scraping log - scraper.py >         <module>(): Line 751 - INFO - Running default scraper on KT_ZG > https://services.geo.zg.ch/ows/Erholungswald?SERVICE=WFS&REQUEST=GetCapabilities (source 529/1467)
2026-01-25 05:48:13,631 - Scraping log - scraper.py >         <module>(): Line 759 - WARNING - Scraping KT_ZG > https://services.geo.zg.ch/ows/Erholungswald?SERVICE=WFS&REQUEST=GetCapabilities aborted
2026-01-25 05:48:13,631 - Scraping log - scraper.py >         <module>(): Line 751 - INFO - Running default scraper on KT_ZG > https://services.geo.zg.ch/ows/Fahrzeuglaengen_geplant?SERVICE=WFS&REQUEST=GetCapabilities (source 530/1467)
2026-01-25 05:48:14,087 - Scraping log - scraper.py >         <module>(): Line 759 - WARNING - Scraping KT_ZG > https://services.geo.zg.ch/ows/Fahrzeuglaengen_geplant?SERVICE=WFS&REQUEST=GetCapabilities aborted
2026-01-25 05:48:14,087 - Scraping log - scraper.py >         <module>(): Line 751 - INFO - Running default scraper on KT_ZG > https://services.geo.zg.ch/ows/Fledermaus-Quartiere?SERVICE=WFS&REQUEST=GetCapabilities (source 531/1467)
2026-01-25 05:48:14,542 - Scraping log - scraper.py >         <module>(): Line 759 - WARNING - Scraping KT_ZG > https://services.geo.zg.ch/ows/Fledermaus-Quartiere?SERVICE=WFS&REQUEST=GetCapabilities aborted
2026-01-25 05:48:14,542 - Scraping log - scraper.py >         <module>(): Line 751 - INFO - Running default scraper on KT_ZG > https://services.geo.zg.ch/ows/Forstreviere?SERVICE=WFS&REQUEST=GetCapabilities (source 532/1467)
2026-01-25 05:48:14,998 - Scraping log - scraper.py >         <module>(): Line 759 - WARNING - Scraping KT_ZG > https://services.geo.zg.ch/ows/Forstreviere?SERVICE=WFS&REQUEST=GetCapabilities aborted
2026-01-25 05:48:14,998 - Scraping log - scraper.py >         <module>(): Line 751 - INFO - Running default scraper on KT_ZG > https://services.geo.zg.ch/ows/Fussgaengerstreifen?SERVICE=WFS&REQUEST=GetCapabilities (source 533/1467)
2026-01-25 05:48:15,473 - Scraping log - scraper.py >         <module>(): Line 759 - WARNING - Scraping KT_ZG > https://services.geo.zg.ch/ows/Fussgaengerstreifen?SERVICE=WFS&REQUEST=GetCapabilities aborted
2026-01-25 05:48:15,473 - Scraping log - scraper.py >         <module>(): Line 751 - INFO - Running default scraper on KT_ZG > https://services.geo.zg.ch/ows/Gebaeudebrueter?SERVICE=WFS&REQUEST=GetCapabilities (source 534/1467)
2026-01-25 05:48:15,929 - Scraping log - scraper.py >         <module>(): Line 759 - WARNING - Scraping KT_ZG > https://services.geo.zg.ch/ows/Gebaeudebrueter?SERVICE=WFS&REQUEST=GetCapabilities aborted
2026-01-25 05:48:15,929 - Scraping log - scraper.py >         <module>(): Line 751 - INFO - Running default scraper on KT_ZG > https://services.geo.zg.ch/ows/Geomorphologie?SERVICE=WFS&REQUEST=GetCapabilities (source 535/1467)
2026-01-25 05:48:16,387 - Scraping log - scraper.py >         <module>(): Line 759 - WARNING - Scraping KT_ZG > https://services.geo.zg.ch/ows/Geomorphologie?SERVICE=WFS&REQUEST=GetCapabilities aborted
2026-01-25 05:48:16,387 - Scraping log - scraper.py >         <module>(): Line 751 - INFO - Running default scraper on KT_ZG > https://services.geo.zg.ch/ows/Gewaessernetz?SERVICE=WFS&REQUEST=GetCapabilities (source 536/1467)
2026-01-25 05:48:16,844 - Scraping log - scraper.py >         <module>(): Line 759 - WARNING - Scraping KT_ZG > https://services.geo.zg.ch/ows/Gewaessernetz?SERVICE=WFS&REQUEST=GetCapabilities aborted
2026-01-25 05:48:16,844 - Scraping log - scraper.py >         <module>(): Line 751 - INFO - Running default scraper on KT_ZG > https://services.geo.zg.ch/ows/Gewaesserschutzkarte?SERVICE=WFS&REQUEST=GetCapabilities (source 537/1467)
2026-01-25 05:48:17,307 - Scraping log - scraper.py >         <module>(): Line 759 - WARNING - Scraping KT_ZG > https://services.geo.zg.ch/ows/Gewaesserschutzkarte?SERVICE=WFS&REQUEST=GetCapabilities aborted
2026-01-25 05:48:17,307 - Scraping log - scraper.py >         <module>(): Line 751 - INFO - Running default scraper on KT_ZG > https://services.geo.zg.ch/ows/Hecken_Feldgehoelze?SERVICE=WFS&REQUEST=GetCapabilities (source 538/1467)
2026-01-25 05:48:17,762 - Scraping log - scraper.py >         <module>(): Line 759 - WARNING - Scraping KT_ZG > https://services.geo.zg.ch/ows/Hecken_Feldgehoelze?SERVICE=WFS&REQUEST=GetCapabilities aborted
2026-01-25 05:48:17,762 - Scraping log - scraper.py >         <module>(): Line 751 - INFO - Running default scraper on KT_ZG > https://services.geo.zg.ch/ows/Hist_Gewaesser?SERVICE=WFS&REQUEST=GetCapabilities (source 539/1467)
2026-01-25 05:48:18,217 - Scraping log - scraper.py >         <module>(): Line 759 - WARNING - Scraping KT_ZG > https://services.geo.zg.ch/ows/Hist_Gewaesser?SERVICE=WFS&REQUEST=GetCapabilities aborted
2026-01-25 05:48:18,218 - Scraping log - scraper.py >         <module>(): Line 751 - INFO - Running default scraper on KT_ZG > https://services.geo.zg.ch/ows/Hoehenkurven_Isobathen?SERVICE=WFS&REQUEST=GetCapabilities (source 540/1467)
2026-01-25 05:48:18,672 - Scraping log - scraper.py >         <module>(): Line 759 - WARNING - Scraping KT_ZG > https://services.geo.zg.ch/ows/Hoehenkurven_Isobathen?SERVICE=WFS&REQUEST=GetCapabilities aborted
2026-01-25 05:48:18,672 - Scraping log - scraper.py >         <module>(): Line 751 - INFO - Running default scraper on KT_ZG > https://services.geo.zg.ch/ows/Jagdbezirke?SERVICE=WFS&REQUEST=GetCapabilities&VERSION=1.1.0 (source 541/1467)
2026-01-25 05:48:19,127 - Scraping log - scraper.py >         <module>(): Line 759 - WARNING - Scraping KT_ZG > https://services.geo.zg.ch/ows/Jagdbezirke?SERVICE=WFS&REQUEST=GetCapabilities&VERSION=1.1.0 aborted
2026-01-25 05:48:19,127 - Scraping log - scraper.py >         <module>(): Line 751 - INFO - Running default scraper on KT_ZG > https://services.geo.zg.ch/ows/Kinderbetreuung?SERVICE=WFS&REQUEST=GetCapabilities (source 542/1467)
2026-01-25 05:48:19,583 - Scraping log - scraper.py >         <module>(): Line 759 - WARNING - Scraping KT_ZG > https://services.geo.zg.ch/ows/Kinderbetreuung?SERVICE=WFS&REQUEST=GetCapabilities aborted
2026-01-25 05:48:19,583 - Scraping log - scraper.py >         <module>(): Line 751 - INFO - Running default scraper on KT_ZG > https://services.geo.zg.ch/ows/Kunstbauten?SERVICE=WFS&REQUEST=GetCapabilities (source 543/1467)
2026-01-25 05:48:20,041 - Scraping log - scraper.py >         <module>(): Line 759 - WARNING - Scraping KT_ZG > https://services.geo.zg.ch/ows/Kunstbauten?SERVICE=WFS&REQUEST=GetCapabilities aborted
2026-01-25 05:48:20,041 - Scraping log - scraper.py >         <module>(): Line 751 - INFO - Running default scraper on KT_ZG > https://services.geo.zg.ch/ows/Landwertzonen_Steuern?SERVICE=WFS&REQUEST=GetCapabilities (source 544/1467)
2026-01-25 05:48:20,498 - Scraping log - scraper.py >         <module>(): Line 759 - WARNING - Scraping KT_ZG > https://services.geo.zg.ch/ows/Landwertzonen_Steuern?SERVICE=WFS&REQUEST=GetCapabilities aborted
2026-01-25 05:48:20,498 - Scraping log - scraper.py >         <module>(): Line 751 - INFO - Running default scraper on KT_ZG > https://services.geo.zg.ch/ows/Landwirtschaft?SERVICE=WFS&REQUEST=GetCapabilities (source 545/1467)
2026-01-25 05:48:20,952 - Scraping log - scraper.py >         <module>(): Line 759 - WARNING - Scraping KT_ZG > https://services.geo.zg.ch/ows/Landwirtschaft?SERVICE=WFS&REQUEST=GetCapabilities aborted
2026-01-25 05:48:20,952 - Scraping log - scraper.py >         <module>(): Line 751 - INFO - Running default scraper on KT_ZG > https://services.geo.zg.ch/ows/Messstellen_an_Gewaessern?SERVICE=WFS&REQUEST=GetCapabilities (source 546/1467)
2026-01-25 05:48:21,408 - Scraping log - scraper.py >         <module>(): Line 759 - WARNING - Scraping KT_ZG > https://services.geo.zg.ch/ows/Messstellen_an_Gewaessern?SERVICE=WFS&REQUEST=GetCapabilities aborted
2026-01-25 05:48:21,408 - Scraping log - scraper.py >         <module>(): Line 751 - INFO - Running default scraper on KT_ZG > https://services.geo.zg.ch/ows/Moorlandschaften?SERVICE=WFS&REQUEST=GetCapabilities (source 547/1467)
2026-01-25 05:48:21,866 - Scraping log - scraper.py >         <module>(): Line 759 - WARNING - Scraping KT_ZG > https://services.geo.zg.ch/ows/Moorlandschaften?SERVICE=WFS&REQUEST=GetCapabilities aborted
2026-01-25 05:48:21,867 - Scraping log - scraper.py >         <module>(): Line 751 - INFO - Running default scraper on KT_ZG > https://services.geo.zg.ch/ows/NGHK_Phaenomene?SERVICE=WFS&REQUEST=GetCapabilities (source 548/1467)
2026-01-25 05:48:22,330 - Scraping log - scraper.py >         <module>(): Line 759 - WARNING - Scraping KT_ZG > https://services.geo.zg.ch/ows/NGHK_Phaenomene?SERVICE=WFS&REQUEST=GetCapabilities aborted
2026-01-25 05:48:22,330 - Scraping log - scraper.py >         <module>(): Line 751 - INFO - Running default scraper on KT_ZG > https://services.geo.zg.ch/ows/NGHK_Prozesse?SERVICE=WFS&REQUEST=GetCapabilities (source 549/1467)
2026-01-25 05:48:22,791 - Scraping log - scraper.py >         <module>(): Line 759 - WARNING - Scraping KT_ZG > https://services.geo.zg.ch/ows/NGHK_Prozesse?SERVICE=WFS&REQUEST=GetCapabilities aborted
2026-01-25 05:48:22,791 - Scraping log - scraper.py >         <module>(): Line 751 - INFO - Running default scraper on KT_ZG > https://services.geo.zg.ch/ows/Naturobjekte?SERVICE=WFS&REQUEST=GetCapabilities (source 550/1467)
2026-01-25 05:48:23,248 - Scraping log - scraper.py >         <module>(): Line 759 - WARNING - Scraping KT_ZG > https://services.geo.zg.ch/ows/Naturobjekte?SERVICE=WFS&REQUEST=GetCapabilities aborted
2026-01-25 05:48:23,248 - Scraping log - scraper.py >         <module>(): Line 751 - INFO - Running default scraper on KT_ZG > https://services.geo.zg.ch/ows/Naturschutz?SERVICE=WFS&REQUEST=GetCapabilities (source 551/1467)
2026-01-25 05:48:23,703 - Scraping log - scraper.py >         <module>(): Line 759 - WARNING - Scraping KT_ZG > https://services.geo.zg.ch/ows/Naturschutz?SERVICE=WFS&REQUEST=GetCapabilities aborted
2026-01-25 05:48:23,704 - Scraping log - scraper.py >         <module>(): Line 751 - INFO - Running default scraper on KT_ZG > https://services.geo.zg.ch/ows/Neophyten?SERVICE=WFS&REQUEST=GetCapabilities (source 552/1467)
2026-01-25 05:48:24,158 - Scraping log - scraper.py >         <module>(): Line 759 - WARNING - Scraping KT_ZG > https://services.geo.zg.ch/ows/Neophyten?SERVICE=WFS&REQUEST=GetCapabilities aborted
2026-01-25 05:48:24,158 - Scraping log - scraper.py >         <module>(): Line 751 - INFO - Running default scraper on KT_ZG > https://services.geo.zg.ch/ows/Ortsbildschutz?SERVICE=WFS&REQUEST=GetCapabilities (source 553/1467)
2026-01-25 05:48:24,614 - Scraping log - scraper.py >         <module>(): Line 759 - WARNING - Scraping KT_ZG > https://services.geo.zg.ch/ows/Ortsbildschutz?SERVICE=WFS&REQUEST=GetCapabilities aborted
2026-01-25 05:48:24,614 - Scraping log - scraper.py >         <module>(): Line 751 - INFO - Running default scraper on KT_ZG > https://services.geo.zg.ch/ows/Parkplaetze?SERVICE=WFS&REQUEST=GetCapabilities (source 554/1467)
2026-01-25 05:48:25,068 - Scraping log - scraper.py >         <module>(): Line 759 - WARNING - Scraping KT_ZG > https://services.geo.zg.ch/ows/Parkplaetze?SERVICE=WFS&REQUEST=GetCapabilities aborted
2026-01-25 05:48:25,068 - Scraping log - scraper.py >         <module>(): Line 751 - INFO - Running default scraper on KT_ZG > https://services.geo.zg.ch/ows/Parkplaetze?SERVICE=WMS&REQUEST=GetCapabilities (source 555/1467)
2026-01-25 05:48:25,522 - Scraping log - scraper.py >         <module>(): Line 759 - WARNING - Scraping KT_ZG > https://services.geo.zg.ch/ows/Parkplaetze?SERVICE=WMS&REQUEST=GetCapabilities aborted
2026-01-25 05:48:25,522 - Scraping log - scraper.py >         <module>(): Line 751 - INFO - Running default scraper on KT_ZG > https://services.geo.zg.ch/ows/Points_of_Interest?SERVICE=WFS&REQUEST=GetCapabilities (source 556/1467)
2026-01-25 05:48:25,977 - Scraping log - scraper.py >         <module>(): Line 759 - WARNING - Scraping KT_ZG > https://services.geo.zg.ch/ows/Points_of_Interest?SERVICE=WFS&REQUEST=GetCapabilities aborted
2026-01-25 05:48:25,977 - Scraping log - scraper.py >         <module>(): Line 751 - INFO - Running default scraper on KT_ZG > https://services.geo.zg.ch/ows/Quartiergestaltungsplanung?SERVICE=WFS&REQUEST=GetCapabilities (source 557/1467)
2026-01-25 05:48:26,435 - Scraping log - scraper.py >         <module>(): Line 759 - WARNING - Scraping KT_ZG > https://services.geo.zg.ch/ows/Quartiergestaltungsplanung?SERVICE=WFS&REQUEST=GetCapabilities aborted
2026-01-25 05:48:26,435 - Scraping log - scraper.py >         <module>(): Line 751 - INFO - Running default scraper on KT_ZG > https://services.geo.zg.ch/ows/Radwege?SERVICE=WFS&REQUEST=GetCapabilities (source 558/1467)
2026-01-25 05:48:26,892 - Scraping log - scraper.py >         <module>(): Line 759 - WARNING - Scraping KT_ZG > https://services.geo.zg.ch/ows/Radwege?SERVICE=WFS&REQUEST=GetCapabilities aborted
2026-01-25 05:48:26,892 - Scraping log - scraper.py >         <module>(): Line 751 - INFO - Running default scraper on KT_ZG > https://services.geo.zg.ch/ows/Richtplan?SERVICE=WFS&REQUEST=GetCapabilities (source 559/1467)
2026-01-25 05:48:27,355 - Scraping log - scraper.py >         <module>(): Line 759 - WARNING - Scraping KT_ZG > https://services.geo.zg.ch/ows/Richtplan?SERVICE=WFS&REQUEST=GetCapabilities aborted
2026-01-25 05:48:27,356 - Scraping log - scraper.py >         <module>(): Line 751 - INFO - Running default scraper on KT_ZG > https://services.geo.zg.ch/ows/Schulhaeuser_Kindergaerten?SERVICE=WFS&REQUEST=GetCapabilities (source 560/1467)
2026-01-25 05:48:27,812 - Scraping log - scraper.py >         <module>(): Line 759 - WARNING - Scraping KT_ZG > https://services.geo.zg.ch/ows/Schulhaeuser_Kindergaerten?SERVICE=WFS&REQUEST=GetCapabilities aborted
2026-01-25 05:48:27,812 - Scraping log - scraper.py >         <module>(): Line 751 - INFO - Running default scraper on KT_ZG > https://services.geo.zg.ch/ows/Schutzraumbau?SERVICE=WFS&REQUEST=GetCapabilities (source 561/1467)
2026-01-25 05:48:28,272 - Scraping log - scraper.py >         <module>(): Line 759 - WARNING - Scraping KT_ZG > https://services.geo.zg.ch/ows/Schutzraumbau?SERVICE=WFS&REQUEST=GetCapabilities aborted
2026-01-25 05:48:28,272 - Scraping log - scraper.py >         <module>(): Line 751 - INFO - Running default scraper on KT_ZG > https://services.geo.zg.ch/ows/Schutzwald?SERVICE=WFS&REQUEST=GetCapabilities (source 562/1467)
2026-01-25 05:48:28,728 - Scraping log - scraper.py >         <module>(): Line 759 - WARNING - Scraping KT_ZG > https://services.geo.zg.ch/ows/Schutzwald?SERVICE=WFS&REQUEST=GetCapabilities aborted
2026-01-25 05:48:28,729 - Scraping log - scraper.py >         <module>(): Line 751 - INFO - Running default scraper on KT_ZG > https://services.geo.zg.ch/ows/Standorte_Wahlplakate?SERVICE=WFS&REQUEST=GetCapabilities (source 563/1467)
2026-01-25 05:48:29,189 - Scraping log - scraper.py >         <module>(): Line 759 - WARNING - Scraping KT_ZG > https://services.geo.zg.ch/ows/Standorte_Wahlplakate?SERVICE=WFS&REQUEST=GetCapabilities aborted
2026-01-25 05:48:29,189 - Scraping log - scraper.py >         <module>(): Line 751 - INFO - Running default scraper on KT_ZG > https://services.geo.zg.ch/ows/Statische_Waldgrenzen?SERVICE=WFS&REQUEST=GetCapabilities (source 564/1467)
2026-01-25 05:48:29,647 - Scraping log - scraper.py >         <module>(): Line 759 - WARNING - Scraping KT_ZG > https://services.geo.zg.ch/ows/Statische_Waldgrenzen?SERVICE=WFS&REQUEST=GetCapabilities aborted
2026-01-25 05:48:29,647 - Scraping log - scraper.py >         <module>(): Line 751 - INFO - Running default scraper on KT_ZG > https://services.geo.zg.ch/ows/Strassenlaermkataster_Gemeindestrassen?SERVICE=WFS&REQUEST=GetCapabilities (source 565/1467)
2026-01-25 05:48:30,103 - Scraping log - scraper.py >         <module>(): Line 759 - WARNING - Scraping KT_ZG > https://services.geo.zg.ch/ows/Strassenlaermkataster_Gemeindestrassen?SERVICE=WFS&REQUEST=GetCapabilities aborted
2026-01-25 05:48:30,103 - Scraping log - scraper.py >         <module>(): Line 751 - INFO - Running default scraper on KT_ZG > https://services.geo.zg.ch/ows/Strassenlaermkataster_Kantonsstrassen?SERVICE=WFS&REQUEST=GetCapabilities (source 566/1467)
2026-01-25 05:48:30,559 - Scraping log - scraper.py >         <module>(): Line 759 - WARNING - Scraping KT_ZG > https://services.geo.zg.ch/ows/Strassenlaermkataster_Kantonsstrassen?SERVICE=WFS&REQUEST=GetCapabilities aborted
2026-01-25 05:48:30,559 - Scraping log - scraper.py >         <module>(): Line 751 - INFO - Running default scraper on KT_ZG > https://services.geo.zg.ch/ows/Treffpunkte_RDZ?SERVICE=WFS&REQUEST=GetCapabilities (source 567/1467)
2026-01-25 05:48:31,014 - Scraping log - scraper.py >         <module>(): Line 759 - WARNING - Scraping KT_ZG > https://services.geo.zg.ch/ows/Treffpunkte_RDZ?SERVICE=WFS&REQUEST=GetCapabilities aborted
2026-01-25 05:48:31,014 - Scraping log - scraper.py >         <module>(): Line 751 - INFO - Running default scraper on KT_ZG > https://services.geo.zg.ch/ows/Verkehrszaehlung?SERVICE=WFS&REQUEST=GetCapabilities (source 568/1467)
2026-01-25 05:48:31,471 - Scraping log - scraper.py >         <module>(): Line 759 - WARNING - Scraping KT_ZG > https://services.geo.zg.ch/ows/Verkehrszaehlung?SERVICE=WFS&REQUEST=GetCapabilities aborted
2026-01-25 05:48:31,471 - Scraping log - scraper.py >         <module>(): Line 751 - INFO - Running default scraper on KT_ZG > https://services.geo.zg.ch/ows/Zonenplan?SERVICE=WFS&REQUEST=GetCapabilities (source 569/1467)
2026-01-25 05:48:31,927 - Scraping log - scraper.py >         <module>(): Line 759 - WARNING - Scraping KT_ZG > https://services.geo.zg.ch/ows/Zonenplan?SERVICE=WFS&REQUEST=GetCapabilities aborted
2026-01-25 05:48:31,927 - Scraping log - scraper.py >         <module>(): Line 751 - INFO - Running default scraper on KT_ZG > https://services.geo.zg.ch/ows/defibrillatoren?SERVICE=WFS&REQUEST=GetCapabilities (source 570/1467)
2026-01-25 05:48:32,387 - Scraping log - scraper.py >         <module>(): Line 759 - WARNING - Scraping KT_ZG > https://services.geo.zg.ch/ows/defibrillatoren?SERVICE=WFS&REQUEST=GetCapabilities aborted
2026-01-25 05:48:32,387 - Scraping log - scraper.py >         <module>(): Line 751 - INFO - Running default scraper on KT_ZG > https://services.geo.zg.ch/ows/geologisches_aufschlussarchiv?SERVICE=WFS&REQUEST=GetCapabilities (source 571/1467)
2026-01-25 05:48:32,845 - Scraping log - scraper.py >         <module>(): Line 759 - WARNING - Scraping KT_ZG > https://services.geo.zg.ch/ows/geologisches_aufschlussarchiv?SERVICE=WFS&REQUEST=GetCapabilities aborted
2026-01-25 05:48:32,845 - Scraping log - scraper.py >         <module>(): Line 751 - INFO - Running default scraper on KT_ZG > https://services.geo.zg.ch/ows/kbs?SERVICE=WFS&REQUEST=GetCapabilities (source 572/1467)
2026-01-25 05:48:33,302 - Scraping log - scraper.py >         <module>(): Line 759 - WARNING - Scraping KT_ZG > https://services.geo.zg.ch/ows/kbs?SERVICE=WFS&REQUEST=GetCapabilities aborted
2026-01-25 05:48:33,302 - Scraping log - scraper.py >         <module>(): Line 751 - INFO - Running default scraper on KT_ZG > https://services.geo.zg.ch/ows/pbv?SERVICE=WFS&REQUEST=GetCapabilities (source 573/1467)
2026-01-25 05:48:33,758 - Scraping log - scraper.py >         <module>(): Line 759 - WARNING - Scraping KT_ZG > https://services.geo.zg.ch/ows/pbv?SERVICE=WFS&REQUEST=GetCapabilities aborted
2026-01-25 05:48:33,758 - Scraping log - scraper.py >         <module>(): Line 751 - INFO - Running default scraper on KT_ZG > https://services.geo.zg.ch/ows/stand_der_erschliessung?SERVICE=WFS&REQUEST=GetCapabilities (source 574/1467)
2026-01-25 05:48:34,215 - Scraping log - scraper.py >         <module>(): Line 759 - WARNING - Scraping KT_ZG > https://services.geo.zg.ch/ows/stand_der_erschliessung?SERVICE=WFS&REQUEST=GetCapabilities aborted
2026-01-25 05:48:34,215 - Scraping log - scraper.py >         <module>(): Line 751 - INFO - Running default scraper on KT_ZG > https://services.geo.zg.ch/tc/wmts/1.0.0/WMTSCapabilities.xml (source 575/1467)
2026-01-25 05:48:34,675 - Scraping log - scraper.py >         <module>(): Line 759 - WARNING - Scraping KT_ZG > https://services.geo.zg.ch/tc/wmts/1.0.0/WMTSCapabilities.xml aborted
2026-01-25 05:48:34,675 - Scraping log - scraper.py >         <module>(): Line 751 - INFO - Running default scraper on KT_ZH > https://wms.zh.ch/ArchWMS?service=WMS&request=GetCapabilities (source 576/1467)
2026-01-25 05:48:38,077 - Scraping log - scraper.py >         <module>(): Line 751 - INFO - Running default scraper on KT_ZH > https://wms.zh.ch/TbaBaustellenZHWMS?service=WMS&request=GetCapabilities (source 577/1467)
2026-01-25 05:48:41,809 - Scraping log - scraper.py >         <module>(): Line 751 - INFO - Running default scraper on KT_ZH > https://wms.zh.ch/TBAAnlagenZHWMS?service=WMS&request=GetCapabilities (source 578/1467)
2026-01-25 05:48:44,367 - Scraping log - scraper.py >         <module>(): Line 751 - INFO - Running default scraper on KT_ZH > https://wms.zh.ch/DenkmalschutzWMS?service=WMS&request=GetCapabilities (source 579/1467)
2026-01-25 05:48:46,767 - Scraping log - scraper.py >         <module>(): Line 751 - INFO - Running default scraper on KT_ZH > https://wms.zh.ch/HaltestellenZHWMS?service=WMS&request=GetCapabilities (source 580/1467)
2026-01-25 05:48:49,105 - Scraping log - scraper.py >         <module>(): Line 751 - INFO - Running default scraper on KT_ZH > https://wms.zh.ch/WaldWNBZHWMS?service=WMS&request=GetCapabilities (source 581/1467)
2026-01-25 05:48:51,645 - Scraping log - scraper.py >         <module>(): Line 751 - INFO - Running default scraper on KT_ZH > https://wms.zh.ch/OrtsbildschutzZHWMS?service=WMS&request=GetCapabilities (source 582/1467)
2026-01-25 05:48:59,974 - Scraping log - scraper.py >         <module>(): Line 751 - INFO - Running default scraper on KT_ZH > https://wms.zh.ch/FnsLRKZHWMS?service=WMS&request=GetCapabilities (source 583/1467)
2026-01-25 05:49:09,844 - Scraping log - scraper.py >         <module>(): Line 751 - INFO - Running default scraper on KT_ZH > https://wms.zh.ch/WaldSWZHWMS?service=WMS&request=GetCapabilities (source 584/1467)
2026-01-25 05:49:13,215 - Scraping log - scraper.py >         <module>(): Line 751 - INFO - Running default scraper on KT_ZH > https://wms.zh.ch/TBAStr3ZHWMS?service=WMS&request=GetCapabilities (source 585/1467)
2026-01-25 05:49:16,222 - Scraping log - scraper.py >         <module>(): Line 751 - INFO - Running default scraper on KT_ZH > https://wms.zh.ch/TBAStr2ZHWMS?service=WMS&request=GetCapabilities (source 586/1467)
2026-01-25 05:49:18,775 - Scraping log - scraper.py >         <module>(): Line 751 - INFO - Running default scraper on KT_ZH > https://wms.zh.ch/TBAStr1ZHWMS?service=WMS&request=GetCapabilities (source 587/1467)
2026-01-25 05:49:21,316 - Scraping log - scraper.py >         <module>(): Line 751 - INFO - Running default scraper on KT_ZH > https://wms.zh.ch/ZVVZHWMS?service=WMS&request=GetCapabilities (source 588/1467)
2026-01-25 05:49:23,539 - Scraping log - scraper.py >         <module>(): Line 751 - INFO - Running default scraper on KT_ZH > https://wms.zh.ch/AFVTempo30ZHWMS?service=WMS&request=GetCapabilities (source 589/1467)
2026-01-25 05:49:26,230 - Scraping log - scraper.py >         <module>(): Line 751 - INFO - Running default scraper on KT_ZH > https://wms.zh.ch/WaldVKWMS?service=WMS&request=GetCapabilities (source 590/1467)
2026-01-25 05:49:28,630 - Scraping log - scraper.py >         <module>(): Line 751 - INFO - Running default scraper on KT_ZH > https://wms.zh.ch/VeloinfrastrukturZHWMS?service=WMS&request=GetCapabilities (source 591/1467)
2026-01-25 05:49:31,349 - Scraping log - scraper.py >         <module>(): Line 751 - INFO - Running default scraper on KT_ZH > https://wms.zh.ch/VelonetzZHWMS?service=WMS&request=GetCapabilities (source 592/1467)
2026-01-25 05:49:35,061 - Scraping log - scraper.py >         <module>(): Line 751 - INFO - Running default scraper on KT_ZH > https://wms.zh.ch/VeloparkieranlagenZHWMS?service=WMS&request=GetCapabilities (source 593/1467)
2026-01-25 05:49:36,004 - Scraping log - scraper.py >      get_version(): Line 113 - WARNING - https://wms.zh.ch/VeloparkieranlagenZHWMS?service=WMS&request=GetCapabilities: Version attribute not found
2026-01-25 05:49:36,005 - Scraping log - scraper.py > get_service_info(): Line 378 - ERROR - KT_ZH > https://wms.zh.ch/VeloparkieranlagenZHWMS?service=WMS&request=GetCapabilities: expected string or bytes-like object
2026-01-25 05:49:36,005 - Scraping log - scraper.py >         <module>(): Line 751 - INFO - Running default scraper on KT_ZH > https://wms.zh.ch/TBAVMSZHWMS?service=WMS&request=GetCapabilities (source 594/1467)
2026-01-25 05:49:38,785 - Scraping log - scraper.py >         <module>(): Line 751 - INFO - Running default scraper on KT_ZH > https://wms.zh.ch/WaldarealZHWMS?service=WMS&request=GetCapabilities (source 595/1467)
2026-01-25 05:49:41,612 - Scraping log - scraper.py >         <module>(): Line 751 - INFO - Running default scraper on KT_ZH > https://wms.zh.ch/WildkarteZHWMS?service=WMS&request=GetCapabilities (source 596/1467)
2026-01-25 05:49:44,421 - Scraping log - scraper.py >         <module>(): Line 751 - INFO - Running default scraper on KT_ZH > https://wms.zh.ch/FnsLWZHWMS?service=WMS&request=GetCapabilities (source 597/1467)
2026-01-25 05:49:50,475 - Scraping log - scraper.py >         <module>(): Line 751 - INFO - Running default scraper on KT_ZH > https://wms.zh.ch/FNSOEQVZHWMS?service=WMS&request=GetCapabilities (source 598/1467)
2026-01-25 05:49:56,440 - Scraping log - scraper.py >         <module>(): Line 751 - INFO - Running default scraper on KT_ZH > https://wms.zh.ch/FNSLRPZHWMS?service=WMS&request=GetCapabilities (source 599/1467)
2026-01-25 05:50:01,894 - Scraping log - scraper.py >         <module>(): Line 751 - INFO - Running default scraper on KT_ZH > https://wms.zh.ch/FnsSVOZHWMS?service=WMS&request=GetCapabilities (source 600/1467)
2026-01-25 05:50:02,844 - Scraping log - scraper.py >      get_version(): Line 113 - WARNING - https://wms.zh.ch/FnsSVOZHWMS?service=WMS&request=GetCapabilities: Version attribute not found
2026-01-25 05:50:02,844 - Scraping log - scraper.py > get_service_info(): Line 378 - ERROR - KT_ZH > https://wms.zh.ch/FnsSVOZHWMS?service=WMS&request=GetCapabilities: expected string or bytes-like object
2026-01-25 05:50:02,844 - Scraping log - scraper.py >         <module>(): Line 751 - INFO - Running default scraper on KT_ZH > https://wms.zh.ch/FnsInvZHWMS?service=WMS&request=GetCapabilities (source 601/1467)
2026-01-25 05:50:07,403 - Scraping log - scraper.py >         <module>(): Line 751 - INFO - Running default scraper on KT_ZH > https://wms.zh.ch/kkgeo_gws_zh?service=WMS&request=GetCapabilities (source 602/1467)
2026-01-25 05:50:08,367 - Scraping log - scraper.py >      get_version(): Line 113 - WARNING - https://wms.zh.ch/kkgeo_gws_zh?service=WMS&request=GetCapabilities: Version attribute not found
2026-01-25 05:50:08,367 - Scraping log - scraper.py > get_service_info(): Line 378 - ERROR - KT_ZH > https://wms.zh.ch/kkgeo_gws_zh?service=WMS&request=GetCapabilities: expected string or bytes-like object
2026-01-25 05:50:08,367 - Scraping log - scraper.py >         <module>(): Line 751 - INFO - Running default scraper on KT_ZH > https://wms.zh.ch/OGDFuJ2ZH?service=WMS&request=GetCapabilities (source 603/1467)
2026-01-25 05:50:09,311 - Scraping log - scraper.py >      get_version(): Line 113 - WARNING - https://wms.zh.ch/OGDFuJ2ZH?service=WMS&request=GetCapabilities: Version attribute not found
2026-01-25 05:50:09,312 - Scraping log - scraper.py > get_service_info(): Line 378 - ERROR - KT_ZH > https://wms.zh.ch/OGDFuJ2ZH?service=WMS&request=GetCapabilities: expected string or bytes-like object
2026-01-25 05:50:09,312 - Scraping log - scraper.py >         <module>(): Line 751 - INFO - Running default scraper on KT_ZH > https://wms.zh.ch/OGDAVswZH?service=WMS&request=GetCapabilities (source 604/1467)
2026-01-25 05:50:20,708 - Scraping log - scraper.py >         <module>(): Line 751 - INFO - Running default scraper on KT_ZH > https://wms.zh.ch/OerebKatasterZHWMS?service=WMS&request=GetCapabilities (source 605/1467)
2026-01-25 05:50:41,958 - Scraping log - scraper.py >         <module>(): Line 751 - INFO - Running default scraper on KT_ZH > https://wms.zh.ch/upwms?service=WMS&request=GetCapabilities (source 606/1467)
2026-01-25 05:50:44,572 - Scraping log - scraper.py >         <module>(): Line 751 - INFO - Running default scraper on KT_ZH > https://wms.zh.ch/OGDAwelFliessZH?service=WMS&request=GetCapabilities (source 607/1467)
2026-01-25 05:50:48,173 - Scraping log - scraper.py >         <module>(): Line 751 - INFO - Running default scraper on KT_ZH > https://wms.zh.ch/AwelWBRevitZHWMS?service=WMS&request=GetCapabilities (source 608/1467)
2026-01-25 05:50:51,504 - Scraping log - scraper.py >         <module>(): Line 751 - INFO - Running default scraper on KT_ZH > https://wms.zh.ch/OGDAVfarbigZH?service=WMS&request=GetCapabilities (source 609/1467)
2026-01-25 05:51:02,851 - Scraping log - scraper.py >         <module>(): Line 751 - INFO - Running default scraper on KT_ZH > https://wms.zh.ch/AwelGKHWsynoptischWMS?service=WMS&request=GetCapabilities (source 610/1467)
2026-01-25 05:51:06,241 - Scraping log - scraper.py >         <module>(): Line 751 - INFO - Running default scraper on KT_ZH > https://wms.zh.ch/OGDAwelHydroStatZH?service=WMS&request=GetCapabilities (source 611/1467)
2026-01-25 05:51:12,079 - Scraping log - scraper.py >         <module>(): Line 751 - INFO - Running default scraper on KT_ZH > https://wms.zh.ch/OGDWaldWEPZH?service=WMS&request=GetCapabilities (source 612/1467)
2026-01-25 05:51:17,831 - Scraping log - scraper.py >         <module>(): Line 751 - INFO - Running default scraper on KT_ZH > https://wms.zh.ch/AwelGSWaermewwwZHWMS?SERVICE=WMS&Request=GetCapabilities (source 613/1467)
2026-01-25 05:51:26,253 - Scraping log - scraper.py >         <module>(): Line 751 - INFO - Running default scraper on KT_ZH > https://wms.zh.ch/AwelGrundWaMWZHWMS?service=WMS&request=GetCapabilities (source 614/1467)
2026-01-25 05:51:33,149 - Scraping log - scraper.py >         <module>(): Line 751 - INFO - Running default scraper on KT_ZH > https://wms.zh.ch/AwelWBhauptZHWMS?service=WMS&request=GetCapabilities (source 615/1467)
2026-01-25 05:51:33,631 - Scraping log - scraper.py >         <module>(): Line 759 - WARNING - Scraping KT_ZH > https://wms.zh.ch/AwelWBhauptZHWMS?service=WMS&request=GetCapabilities aborted
2026-01-25 05:51:33,631 - Scraping log - scraper.py >         <module>(): Line 751 - INFO - Running default scraper on KT_ZH > https://wms.zh.ch/OGDAdminZH?service=WMS&request=GetCapabilities (source 616/1467)
2026-01-25 05:51:39,785 - Scraping log - scraper.py >         <module>(): Line 751 - INFO - Running default scraper on KT_ZH > https://wms.zh.ch/OGDStatGebAlterZH?service=WMS&request=GetCapabilities (source 617/1467)
2026-01-25 05:51:46,062 - Scraping log - scraper.py >         <module>(): Line 751 - INFO - Running default scraper on KT_ZH > https://wms.zh.ch/OGDBoKaZH?service=WMS&request=GetCapabilities (source 618/1467)
2026-01-25 05:51:53,273 - Scraping log - scraper.py >         <module>(): Line 751 - INFO - Running default scraper on KT_ZH > https://wms.zh.ch/OGDAla4wwwZH?service=WMS&request=GetCapabilities (source 619/1467)
2026-01-25 05:52:03,159 - Scraping log - scraper.py >         <module>(): Line 751 - INFO - Running default scraper on KT_ZH > https://wms.zh.ch/avwms?service=WMS&request=GetCapabilities (source 620/1467)
2026-01-25 05:52:24,839 - Scraping log - scraper.py >         <module>(): Line 751 - INFO - Running default scraper on KT_ZH > https://wms.zh.ch/OGDOrthoZH?service=WMS&request=GetCapabilities (source 621/1467)
2026-01-25 05:52:32,710 - Scraping log - scraper.py >         <module>(): Line 751 - INFO - Running default scraper on KT_ZH > https://wms.zh.ch/FnsSchutzanordnungenZHWMS?service=WMS&request=GetCapabilities (source 622/1467)
2026-01-25 05:52:39,898 - Scraping log - scraper.py >         <module>(): Line 751 - INFO - Running default scraper on KT_ZH > https://wms.zh.ch/FaBoFFFZHWMS?service=WMS&request=GetCapabilities (source 623/1467)
2026-01-25 05:52:43,418 - Scraping log - scraper.py >         <module>(): Line 751 - INFO - Running default scraper on KT_ZH > https://wms.zh.ch/AwelWindpotenzialZHWMS?service=WMS&request=GetCapabilities (source 624/1467)
2026-01-25 05:52:44,367 - Scraping log - scraper.py >      get_version(): Line 113 - WARNING - https://wms.zh.ch/AwelWindpotenzialZHWMS?service=WMS&request=GetCapabilities: Version attribute not found
2026-01-25 05:52:44,367 - Scraping log - scraper.py > get_service_info(): Line 378 - ERROR - KT_ZH > https://wms.zh.ch/AwelWindpotenzialZHWMS?service=WMS&request=GetCapabilities: expected string or bytes-like object
2026-01-25 05:52:44,367 - Scraping log - scraper.py >         <module>(): Line 751 - INFO - Running default scraper on KT_ZH > https://wms.zh.ch/uplayerwms?service=WMS&request=GetCapabilities (source 625/1467)
2026-01-25 05:52:56,747 - Scraping log - scraper.py >         <module>(): Line 751 - INFO - Running default scraper on KT_ZH > https://wms.zh.ch/TBAInnerAusserortsZHWMS?service=WMS&request=GetCapabilities (source 626/1467)
2026-01-25 05:52:59,577 - Scraping log - scraper.py >         <module>(): Line 751 - INFO - Running default scraper on KT_ZH > https://wms.zh.ch/OGDAwelLHKlimaPlanhinweisZH?service=WMS&request=GetCapabilities (source 627/1467)
2026-01-25 05:53:11,398 - Scraping log - scraper.py > get_service_info(): Line 319 - ERROR - OGDAwelLHKlimaPlanhinweisZH: HTTPSConnectionPool(host='wms.zh.ch', port=443): Read timed out. (read timeout=10)
2026-01-25 05:53:13,213 - Scraping log - scraper.py >         <module>(): Line 751 - INFO - Running default scraper on KT_ZH > https://wms.zh.ch/OGDARPStandZH?service=WMS&request=GetCapabilities (source 628/1467)
2026-01-25 05:53:18,238 - Scraping log - scraper.py >         <module>(): Line 751 - INFO - Running default scraper on KT_ZH > https://wms.zh.ch/FnsPflegeZHWMS?service=WMS&request=GetCapabilities (source 629/1467)
2026-01-25 05:53:24,633 - Scraping log - scraper.py >         <module>(): Line 751 - INFO - Running default scraper on KT_ZH > https://wms.zh.ch/OGDAwelLHKlimaanalyseZH?service=WMS&request=GetCapabilities (source 630/1467)
2026-01-25 05:53:25,575 - Scraping log - scraper.py >      get_version(): Line 113 - WARNING - https://wms.zh.ch/OGDAwelLHKlimaanalyseZH?service=WMS&request=GetCapabilities: Version attribute not found
2026-01-25 05:53:25,575 - Scraping log - scraper.py > get_service_info(): Line 378 - ERROR - KT_ZH > https://wms.zh.ch/OGDAwelLHKlimaanalyseZH?service=WMS&request=GetCapabilities: expected string or bytes-like object
2026-01-25 05:53:25,575 - Scraping log - scraper.py >         <module>(): Line 751 - INFO - Running default scraper on KT_ZH > https://wms.zh.ch/HistGewKarteZHWMS?service=WMS&request=GetCapabilities (source 631/1467)
2026-01-25 05:53:28,433 - Scraping log - scraper.py >         <module>(): Line 751 - INFO - Running default scraper on KT_ZH > https://wms.zh.ch/OGDARPOerebZH?service=WMS&request=GetCapabilities (source 632/1467)
2026-01-25 05:53:35,481 - Scraping log - scraper.py >         <module>(): Line 751 - INFO - Running default scraper on KT_ZH > https://wms.zh.ch/OGDCMS3ZH?service=WMS&request=GetCapabilities (source 633/1467)
2026-01-25 05:53:40,097 - Scraping log - scraper.py >         <module>(): Line 751 - INFO - Running default scraper on KT_ZH > https://wms.zh.ch/OGDFaboAnthroposolZH?service=WMS&request=GetCapabilities (source 634/1467)
2026-01-25 05:53:46,213 - Scraping log - scraper.py >         <module>(): Line 751 - INFO - Running default scraper on KT_ZH > https://wms.zh.ch/OGDAlnJagdreviereZH?service=WMS&request=GetCapabilities (source 635/1467)
2026-01-25 05:53:51,047 - Scraping log - scraper.py >         <module>(): Line 751 - INFO - Running default scraper on KT_ZH > https://wms.zh.ch/TBA9ZHWMS?service=WMS&request=GetCapabilities (source 636/1467)
2026-01-25 05:53:53,925 - Scraping log - scraper.py >         <module>(): Line 751 - INFO - Running default scraper on KT_ZH > https://wms.zh.ch/AwelWBZustZHWMS?service=WMS&request=GetCapabilities (source 637/1467)
2026-01-25 05:53:59,378 - Scraping log - scraper.py >         <module>(): Line 751 - INFO - Running default scraper on KT_ZH > https://wms.zh.ch/TBAStrassenlaermZHWMS?service=WMS&request=GetCapabilities (source 638/1467)
2026-01-25 05:54:02,121 - Scraping log - scraper.py >         <module>(): Line 751 - INFO - Running default scraper on KT_ZH > https://wms.zh.ch/OGDOrtho81ZH?service=WMS&request=GetCapabilities (source 639/1467)
2026-01-25 05:54:05,248 - Scraping log - scraper.py >         <module>(): Line 751 - INFO - Running default scraper on KT_ZH > https://wms.zh.ch/AwelGKHWwassertiefen1WMS?service=WMS&request=GetCapabilities (source 640/1467)
2026-01-25 05:54:08,802 - Scraping log - scraper.py >         <module>(): Line 751 - INFO - Running default scraper on KT_ZH > https://wms.zh.ch/OGDLidarZH?service=WMS&request=GetCapabilities (source 641/1467)
2026-01-25 05:54:20,325 - Scraping log - scraper.py >         <module>(): Line 751 - INFO - Running default scraper on KT_ZH > https://wms.zh.ch/OGDAwelOekoMorphwwwZH?service=WMS&request=GetCapabilities (source 642/1467)
2026-01-25 05:54:26,450 - Scraping log - scraper.py >         <module>(): Line 751 - INFO - Running default scraper on KT_ZH > https://wms.zh.ch/AwelStromnetzZHWMS?service=WMS&request=GetCapabilities (source 643/1467)
2026-01-25 05:54:29,119 - Scraping log - scraper.py >         <module>(): Line 751 - INFO - Running default scraper on KT_ZH > https://wms.zh.ch/AwelWBwwwZHWMS?service=WMS&request=GetCapabilities (source 644/1467)
2026-01-25 05:54:30,084 - Scraping log - scraper.py >      get_version(): Line 113 - WARNING - https://wms.zh.ch/AwelWBwwwZHWMS?service=WMS&request=GetCapabilities: Version attribute not found
2026-01-25 05:54:30,085 - Scraping log - scraper.py > get_service_info(): Line 378 - ERROR - KT_ZH > https://wms.zh.ch/AwelWBwwwZHWMS?service=WMS&request=GetCapabilities: expected string or bytes-like object
2026-01-25 05:54:30,085 - Scraping log - scraper.py >         <module>(): Line 751 - INFO - Running default scraper on KT_ZH > https://wms.zh.ch/OGDWaldWEP2ZH?service=WMS&request=GetCapabilities (source 645/1467)
2026-01-25 05:54:36,195 - Scraping log - scraper.py >         <module>(): Line 751 - INFO - Running default scraper on KT_ZH > https://wms.zh.ch/OGDFuJRevZH?service=WMS&request=GetCapabilities (source 646/1467)
2026-01-25 05:54:40,515 - Scraping log - scraper.py >         <module>(): Line 751 - INFO - Running default scraper on KT_ZH > https://wms.zh.ch/OGDArchDenkmalZH?service=WMS&request=GetCapabilities (source 647/1467)
2026-01-25 05:54:47,075 - Scraping log - scraper.py >         <module>(): Line 751 - INFO - Running default scraper on KT_ZH > https://wms.zh.ch/AWELWWgwsZHWMS?service=WMS&request=GetCapabilities (source 648/1467)
2026-01-25 05:54:53,116 - Scraping log - scraper.py >         <module>(): Line 751 - INFO - Running default scraper on KT_ZH > https://wms.zh.ch/OGDAwelWBwwwZH?service=WMS&request=GetCapabilities (source 649/1467)
2026-01-25 05:55:01,468 - Scraping log - scraper.py >         <module>(): Line 751 - INFO - Running default scraper on KT_ZH > https://wms.zh.ch/OGDAwelWbAbflussZH?service=WMS&request=GetCapabilities (source 650/1467)
2026-01-25 05:55:07,574 - Scraping log - scraper.py >         <module>(): Line 751 - INFO - Running default scraper on KT_ZH > https://wms.zh.ch/AwelGrundWaHWZHWMS?service=WMS&request=GetCapabilities (source 651/1467)
2026-01-25 05:55:14,630 - Scraping log - scraper.py >         <module>(): Line 751 - INFO - Running default scraper on KT_ZH > https://wms.zh.ch/AwelWbAbflussZHWMS?service=WMS&request=GetCapabilities (source 652/1467)
2026-01-25 05:55:20,512 - Scraping log - scraper.py >         <module>(): Line 751 - INFO - Running default scraper on KT_ZH > https://wms.zh.ch/AwelGKHWwassertiefen2WMS?service=WMS&request=GetCapabilities (source 653/1467)
2026-01-25 05:55:23,634 - Scraping log - scraper.py >         <module>(): Line 751 - INFO - Running default scraper on KT_ZH > https://wms.zh.ch/TBAGeschZHWMS?service=WMS&request=GetCapabilities (source 654/1467)
2026-01-25 05:55:26,133 - Scraping log - scraper.py >         <module>(): Line 751 - INFO - Running default scraper on KT_ZH > https://wms.zh.ch/ImmissionenZHWMS?service=WMS&request=GetCapabilities (source 655/1467)
2026-01-25 05:55:30,281 - Scraping log - scraper.py >         <module>(): Line 751 - INFO - Running default scraper on KT_ZH > https://wms.zh.ch/AwelSBKwwwZHWMS?service=WMS&request=GetCapabilities (source 656/1467)
2026-01-25 05:55:33,896 - Scraping log - scraper.py >         <module>(): Line 751 - INFO - Running default scraper on KT_ZH > https://wms.zh.ch/OGDAwelOberAbflussZH?service=WMS&request=GetCapabilities (source 657/1467)
2026-01-25 05:55:42,488 - Scraping log - scraper.py >         <module>(): Line 751 - INFO - Running default scraper on KT_ZH > https://wms.zh.ch/OrthoZHWMS?service=WMS&request=GetCapabilities (source 658/1467)
2026-01-25 05:55:49,983 - Scraping log - scraper.py >         <module>(): Line 751 - INFO - Running default scraper on KT_ZH > https://wms.zh.ch/AwelGKHWmassenbewegungWMS?service=WMS&request=GetCapabilities (source 659/1467)
2026-01-25 05:55:53,253 - Scraping log - scraper.py >         <module>(): Line 751 - INFO - Running default scraper on KT_ZH > https://wms.zh.ch/AwelEnergieplanZHWMS?service=WMS&request=GetCapabilities (source 660/1467)
2026-01-25 05:55:57,382 - Scraping log - scraper.py >         <module>(): Line 751 - INFO - Running default scraper on KT_ZH > https://wms.zh.ch/OGDAwelLHKlimaszenarienZH?service=WMS&request=GetCapabilities (source 661/1467)
2026-01-25 05:56:03,394 - Scraping log - scraper.py >         <module>(): Line 751 - INFO - Running default scraper on KT_ZH > https://wms.zh.ch/OGDNEKZH?service=WMS&request=GetCapabilities (source 662/1467)
2026-01-25 05:56:11,913 - Scraping log - scraper.py >         <module>(): Line 751 - INFO - Running default scraper on KT_ZH > https://wms.zh.ch/AwelGEBVOLZHWMS?service=WMS&request=GetCapabilities (source 663/1467)
2026-01-25 05:56:14,512 - Scraping log - scraper.py >         <module>(): Line 751 - INFO - Running default scraper on KT_ZH > https://wms.zh.ch/OGDHistLuftZH?service=WMS&request=GetCapabilities (source 664/1467)
2026-01-25 05:56:19,805 - Scraping log - scraper.py >         <module>(): Line 751 - INFO - Running default scraper on KT_ZH > https://wms.zh.ch/OGDWaldWEP3ZH?service=WMS&request=GetCapabilities (source 665/1467)
2026-01-25 05:56:23,795 - Scraping log - scraper.py >         <module>(): Line 751 - INFO - Running default scraper on KT_ZH > https://wms.zh.ch/OGDWildkarteZH?service=WMS&request=GetCapabilities (source 666/1467)
2026-01-25 05:56:27,739 - Scraping log - scraper.py >         <module>(): Line 751 - INFO - Running default scraper on KT_ZH > https://wms.zh.ch/AwelRKHWZHWMS?service=WMS&request=GetCapabilities (source 667/1467)
2026-01-25 05:56:31,059 - Scraping log - scraper.py >         <module>(): Line 751 - INFO - Running default scraper on KT_ZH > https://maps.zh.ch/wfs/OGDZHWFS?service=WFS&request=GetCapabilities (source 668/1467)
2026-01-25 05:57:58,802 - Scraping log - scraper.py >         <module>(): Line 751 - INFO - Running default scraper on KT_ZH > https://maps.zh.ch/wfs/TBAStrassenlaermZHWFS?service=WFS&request=GetCapabilities (source 669/1467)
2026-01-25 05:58:02,471 - Scraping log - scraper.py >         <module>(): Line 751 - INFO - Running default scraper on KT_ZH > https://maps.zh.ch/wfs/TBAStrZHWFS?service=WFS&request=GetCapabilities (source 670/1467)
2026-01-25 05:58:05,612 - Scraping log - scraper.py >         <module>(): Line 751 - INFO - Running default scraper on KT_ZH > https://maps.zh.ch/wfs/TBAGeschZHWFS?service=WFS&request=GetCapabilities (source 671/1467)
2026-01-25 05:58:08,416 - Scraping log - scraper.py >         <module>(): Line 751 - INFO - Running default scraper on KT_ZH > https://maps.zh.ch/wfs/AVZHWFS?service=WFS&request=GetCapabilities (source 672/1467)
2026-01-25 05:58:16,859 - Scraping log - scraper.py >         <module>(): Line 751 - INFO - Running default scraper on KT_ZH > https://maps.zh.ch/wfs/OerebKatasterZHWFS?service=WFS&request=GetCapabilities (source 673/1467)
2026-01-25 05:58:26,165 - Scraping log - scraper.py >         <module>(): Line 751 - INFO - Running default scraper on KT_ZH > https://maps.zh.ch/wfs/DenkmalschutzWFS?service=WFS&request=GetCapabilities (source 674/1467)
2026-01-25 05:58:28,772 - Scraping log - scraper.py >         <module>(): Line 751 - INFO - Running default scraper on KT_ZH > https://maps.zh.ch/wfs/SportanlagenZHWFS?service=WFS&request=GetCapabilities (source 675/1467)
2026-01-25 05:58:31,493 - Scraping log - scraper.py >         <module>(): Line 751 - INFO - Running default scraper on KT_ZH > https://maps.zh.ch/wfs/AwelWbAbflussZHWFS?service=WFS&request=GetCapabilities (source 676/1467)
2026-01-25 05:58:32,478 - Scraping log - scraper.py >      get_version(): Line 113 - WARNING - https://maps.zh.ch/wfs/AwelWbAbflussZHWFS?service=WFS&request=GetCapabilities: Version attribute not found
2026-01-25 05:58:32,478 - Scraping log - scraper.py > get_service_info(): Line 378 - ERROR - KT_ZH > https://maps.zh.ch/wfs/AwelWbAbflussZHWFS?service=WFS&request=GetCapabilities: expected string or bytes-like object
2026-01-25 05:58:32,478 - Scraping log - scraper.py >         <module>(): Line 751 - INFO - Running default scraper on KT_ZH > https://maps.zh.ch/wfs/VeloinfrastrukturZHWFS?service=WFS&request=GetCapabilities (source 677/1467)
2026-01-25 05:58:35,249 - Scraping log - scraper.py >         <module>(): Line 751 - INFO - Running default scraper on KT_ZH > https://maps.zh.ch/wfs/TBAWFS?service=WFS&request=GetCapabilities (source 678/1467)
2026-01-25 05:58:37,855 - Scraping log - scraper.py >         <module>(): Line 751 - INFO - Running default scraper on KT_ZH > https://maps.zh.ch/wfs/AwelGSWaermewwwZHWFS?service=WFS&request=GetCapabilities (source 679/1467)
2026-01-25 05:58:43,299 - Scraping log - scraper.py >         <module>(): Line 751 - INFO - Running default scraper on KT_ZH > https://maps.zh.ch/wfs/AWELEnergieWFS?service=WFS&request=GetCapabilities (source 680/1467)
2026-01-25 05:58:48,390 - Scraping log - scraper.py >         <module>(): Line 751 - INFO - Running default scraper on KT_ZH > https://maps.zh.ch/wfs/VeloparkieranlagenZHWFS?service=WFS&request=GetCapabilities (source 681/1467)
2026-01-25 05:58:49,362 - Scraping log - scraper.py >      get_version(): Line 113 - WARNING - https://maps.zh.ch/wfs/VeloparkieranlagenZHWFS?service=WFS&request=GetCapabilities: Version attribute not found
2026-01-25 05:58:49,362 - Scraping log - scraper.py > get_service_info(): Line 378 - ERROR - KT_ZH > https://maps.zh.ch/wfs/VeloparkieranlagenZHWFS?service=WFS&request=GetCapabilities: expected string or bytes-like object
2026-01-25 05:58:49,362 - Scraping log - scraper.py >         <module>(): Line 751 - INFO - Running default scraper on KT_ZH > https://maps.zh.ch/wfs/TbaBaustellenZHWFS?service=WFS&request=GetCapabilities (source 682/1467)
2026-01-25 05:58:52,165 - Scraping log - scraper.py >         <module>(): Line 751 - INFO - Running default scraper on KT_ZH > https://maps.zh.ch/wfs/ALNWaldarealZHWFS?service=WFS&request=GetCapabilities (source 683/1467)
2026-01-25 05:58:52,639 - Scraping log - scraper.py >         <module>(): Line 759 - WARNING - Scraping KT_ZH > https://maps.zh.ch/wfs/ALNWaldarealZHWFS?service=WFS&request=GetCapabilities aborted
2026-01-25 05:58:52,639 - Scraping log - scraper.py >         <module>(): Line 751 - INFO - Running default scraper on KT_ZH > https://maps.zh.ch/wfs/GemZHWFS?service=WFS&request=GetCapabilities (source 684/1467)
2026-01-25 05:58:55,607 - Scraping log - scraper.py >         <module>(): Line 751 - INFO - Running default scraper on KT_ZH > https://maps.zh.ch/wfs/AwelWWgwsZHWFS?service=WFS&request=GetCapabilities (source 685/1467)
2026-01-25 05:59:01,016 - Scraping log - scraper.py >         <module>(): Line 751 - INFO - Running default scraper on KT_ZH > https://maps.zh.ch/wfs/TBAVMSZHWFS?service=WFS&request=GetCapabilities (source 686/1467)
2026-01-25 05:59:03,617 - Scraping log - scraper.py >         <module>(): Line 751 - INFO - Running default scraper on KT_ZH > https://maps.zh.ch/wfs/AwelGrundWaMWZHWFS?service=WFS&request=GetCapabilities (source 687/1467)
2026-01-25 05:59:11,129 - Scraping log - scraper.py >         <module>(): Line 751 - INFO - Running default scraper on KT_ZH > https://maps.zh.ch/wfs/AwelGrundWaHWZHWFS?service=WFS&request=GetCapabilities (source 688/1467)
2026-01-25 05:59:18,334 - Scraping log - scraper.py >         <module>(): Line 751 - INFO - Running default scraper on KT_ZH > https://maps.zh.ch/wfs/HaltestellenZHWFS?service=WFS&request=GetCapabilities (source 689/1467)
2026-01-25 05:59:20,934 - Scraping log - scraper.py >         <module>(): Line 751 - INFO - Running default scraper on KT_ZH > https://maps.zh.ch/wfs/AwelOekomorphZHWFS?service=WFS&request=GetCapabilities (source 690/1467)
2026-01-25 05:59:24,126 - Scraping log - scraper.py >         <module>(): Line 751 - INFO - Running default scraper on KT_ZH > https://maps.zh.ch/wfs/TBAInnerAusserortsZHWFS?service=WFS&request=GetCapabilities (source 691/1467)
2026-01-25 05:59:26,723 - Scraping log - scraper.py >         <module>(): Line 751 - INFO - Running default scraper on KT_ZH > https://maps.zh.ch/wfs/TBA9ZHWFS?service=WFS&request=GetCapabilities (source 692/1467)
2026-01-25 05:59:29,508 - Scraping log - scraper.py >         <module>(): Line 751 - INFO - Running default scraper on KT_ZH > https://maps.zh.ch/wfs/TBAAnlagenZHWFS?service=WFS&request=GetCapabilities (source 693/1467)
2026-01-25 05:59:32,120 - Scraping log - scraper.py >         <module>(): Line 751 - INFO - Running default scraper on ST_ZH > https://www.ogc.stadt-zuerich.ch/mapproxy/wmts/1.0.0/WMTSCapabilities.xml (source 694/1467)
2026-01-25 05:59:58,392 - Scraping log - scraper.py >         <module>(): Line 751 - INFO - Running default scraper on ST_ZH > https://www.ogc.stadt-zuerich.ch/mapproxy/service?SERVICE=WMS&REQUEST=GetCapabilities (source 695/1467)
2026-01-25 06:01:28,208 - Scraping log - scraper.py >         <module>(): Line 751 - INFO - Running default scraper on KT_VD > https://www.ogc.vd.ch/public/services/OGC/wmsVD/Mapserver/WMSServer?SERVICE=WMS&REQUEST=GetCapabilities (source 696/1467)
2026-01-25 06:08:29,280 - Scraping log - scraper.py > get_service_info(): Line 319 - ERROR - vd.perimetre_plan_legalise: HTTPSConnectionPool(host='www.ogc.vd.ch', port=443): Read timed out. (read timeout=10)
2026-01-25 06:09:11,029 - Scraping log - scraper.py >         <module>(): Line 751 - INFO - Running default scraper on KT_FR > https://geo.fr.ch/ags/services/OpenData/Accidents_de_la_circulation_routiere/MapServer/WFSServer?request=GetCapabilities&service=WFS (source 697/1467)
2026-01-25 06:09:15,338 - Scraping log - scraper.py >         <module>(): Line 751 - INFO - Running default scraper on KT_FR > https://geo.fr.ch/ags/services/OpenData/Accroissement_annuel_de_trafic_2015_2020/MapServer/WFSServer?request=GetCapabilities&service=WFS (source 698/1467)
2026-01-25 06:09:19,498 - Scraping log - scraper.py >         <module>(): Line 751 - INFO - Running default scraper on KT_FR > https://geo.fr.ch/ags/services/OpenData/Admissibilite_des_sondes_geothermiques_SGV/MapServer/WFSServer?request=GetCapabilities&service=WFS (source 699/1467)
2026-01-25 06:09:23,428 - Scraping log - scraper.py >         <module>(): Line 751 - INFO - Running default scraper on KT_FR > https://geo.fr.ch/ags/services/OpenData/Adresses_MO_RegBL_par_rue/MapServer/WFSServer?request=GetCapabilities&service=WFS (source 700/1467)
2026-01-25 06:09:27,111 - Scraping log - scraper.py >         <module>(): Line 751 - INFO - Running default scraper on KT_FR > https://geo.fr.ch/ags/services/OpenData/Adresses_MO_RegBL_RegBAFR/MapServer/WFSServer?request=GetCapabilities&service=WFS (source 701/1467)
2026-01-25 06:09:30,459 - Scraping log - scraper.py >         <module>(): Line 751 - INFO - Running default scraper on KT_FR > https://geo.fr.ch/ags/services/OpenData/Adresses_REGBL/MapServer/WFSServer?request=GetCapabilities&service=WFS (source 702/1467)
2026-01-25 06:09:34,000 - Scraping log - scraper.py >         <module>(): Line 751 - INFO - Running default scraper on KT_FR > https://geo.fr.ch/ags/services/OpenData/Affectations_primaires_RDPPF_affectation/MapServer/WFSServer?request=GetCapabilities&service=WFS (source 703/1467)
2026-01-25 06:09:37,465 - Scraping log - scraper.py >         <module>(): Line 751 - INFO - Running default scraper on KT_FR > https://geo.fr.ch/ags/services/OpenData/Amenagements_longitudinaux_plan_sectoriel_velo/MapServer/WFSServer?request=GetCapabilities&service=WFS (source 704/1467)
2026-01-25 06:09:40,913 - Scraping log - scraper.py >         <module>(): Line 751 - INFO - Running default scraper on KT_FR > https://geo.fr.ch/ags/services/OpenData/Amenagements_ponctuels_plan_sectoriel_velo/MapServer/WFSServer?request=GetCapabilities&service=WFS (source 705/1467)
2026-01-25 06:09:44,463 - Scraping log - scraper.py >         <module>(): Line 751 - INFO - Running default scraper on KT_FR > https://geo.fr.ch/ags/services/OpenData/Animation_socioculturelle_communale/MapServer/WFSServer?request=GetCapabilities&service=WFS (source 706/1467)
2026-01-25 06:09:48,252 - Scraping log - scraper.py >         <module>(): Line 751 - INFO - Running default scraper on KT_FR > https://geo.fr.ch/ags/services/OpenData/Animation_socioculturelle_regionale/MapServer/WFSServer?request=GetCapabilities&service=WFS (source 707/1467)
2026-01-25 06:09:52,077 - Scraping log - scraper.py >         <module>(): Line 751 - INFO - Running default scraper on KT_FR > https://geo.fr.ch/ags/services/OpenData/AOP_Emmental/MapServer/WFSServer?request=GetCapabilities&service=WFS (source 708/1467)
2026-01-25 06:10:02,156 - Scraping log - scraper.py > get_service_info(): Line 372 - WARNING - KT_FR > https://geo.fr.ch/ags/services/OpenData/AOP_Emmental/MapServer/WFSServer?request=GetCapabilities&service=WFS: Service does not seem to be a valid WMS, WMTS or WFS
2026-01-25 06:10:02,157 - Scraping log - scraper.py >         <module>(): Line 751 - INFO - Running default scraper on KT_FR > https://geo.fr.ch/ags/services/OpenData/AOP_Gruyere/MapServer/WFSServer?request=GetCapabilities&service=WFS (source 709/1467)
2026-01-25 06:10:06,086 - Scraping log - scraper.py >         <module>(): Line 751 - INFO - Running default scraper on KT_FR > https://geo.fr.ch/ags/services/OpenData/AOP_Poire_a_botzi/MapServer/WFSServer?request=GetCapabilities&service=WFS (source 710/1467)
2026-01-25 06:10:09,715 - Scraping log - scraper.py >         <module>(): Line 751 - INFO - Running default scraper on KT_FR > https://geo.fr.ch/ags/services/OpenData/AOP_Vacherin_fribourgeois/MapServer/WFSServer?request=GetCapabilities&service=WFS (source 711/1467)
2026-01-25 06:10:13,309 - Scraping log - scraper.py >         <module>(): Line 751 - INFO - Running default scraper on KT_FR > https://geo.fr.ch/ags/services/OpenData/Aptitudes_climatiques/MapServer/WFSServer?request=GetCapabilities&service=WFS (source 712/1467)
2026-01-25 06:10:16,870 - Scraping log - scraper.py >         <module>(): Line 751 - INFO - Running default scraper on KT_FR > https://geo.fr.ch/ags/services/OpenData/Aquiferes_de_l_inventaire_des_eaux_souterraines/MapServer/WFSServer?request=GetCapabilities&service=WFS (source 713/1467)
2026-01-25 06:10:20,682 - Scraping log - scraper.py >         <module>(): Line 751 - INFO - Running default scraper on KT_FR > https://geo.fr.ch/ags/services/OpenData/Arbres_culture/MapServer/WFSServer?request=GetCapabilities&service=WFS (source 714/1467)
2026-01-25 06:10:24,388 - Scraping log - scraper.py >         <module>(): Line 751 - INFO - Running default scraper on KT_FR > https://geo.fr.ch/ags/services/OpenData/Arbres_spectaculaires/MapServer/WFSServer?request=GetCapabilities&service=WFS (source 715/1467)
2026-01-25 06:10:27,923 - Scraping log - scraper.py >         <module>(): Line 751 - INFO - Running default scraper on KT_FR > https://geo.fr.ch/ags/services/OpenData/Arrets_de_transport_public/MapServer/WFSServer?request=GetCapabilities&service=WFS (source 716/1467)
2026-01-25 06:10:31,760 - Scraping log - scraper.py >         <module>(): Line 751 - INFO - Running default scraper on KT_FR > https://geo.fr.ch/ags/services/OpenData/Arrondissements_d_entretien_routes_cantonales/MapServer/WFSServer?request=GetCapabilities&service=WFS (source 717/1467)
2026-01-25 06:10:35,121 - Scraping log - scraper.py >         <module>(): Line 751 - INFO - Running default scraper on KT_FR > https://geo.fr.ch/ags/services/OpenData/Arrondissements_d_inspectorat_ecoles/MapServer/WFSServer?request=GetCapabilities&service=WFS (source 718/1467)
2026-01-25 06:10:38,735 - Scraping log - scraper.py >         <module>(): Line 751 - INFO - Running default scraper on KT_FR > https://geo.fr.ch/ags/services/OpenData/Arrondissements_forestiers/MapServer/WFSServer?request=GetCapabilities&service=WFS (source 719/1467)
2026-01-25 06:10:42,266 - Scraping log - scraper.py >         <module>(): Line 751 - INFO - Running default scraper on KT_FR > https://geo.fr.ch/ags/services/OpenData/Assainissement_de_terrain_drainage/MapServer/WFSServer?request=GetCapabilities&service=WFS (source 720/1467)
2026-01-25 06:10:45,707 - Scraping log - scraper.py >         <module>(): Line 751 - INFO - Running default scraper on KT_FR > https://geo.fr.ch/ags/services/OpenData/Associations_forestieres_remarquables/MapServer/WFSServer?request=GetCapabilities&service=WFS (source 721/1467)
2026-01-25 06:10:49,211 - Scraping log - scraper.py >         <module>(): Line 751 - INFO - Running default scraper on KT_FR > https://geo.fr.ch/ags/services/OpenData/Axes_de_maintenance_SRB/MapServer/WFSServer?request=GetCapabilities&service=WFS (source 722/1467)
2026-01-25 06:10:53,105 - Scraping log - scraper.py >         <module>(): Line 751 - INFO - Running default scraper on KT_FR > https://geo.fr.ch/ags/services/OpenData/Bandes_cyclables_routes_cantonales/MapServer/WFSServer?request=GetCapabilities&service=WFS (source 723/1467)
2026-01-25 06:10:56,876 - Scraping log - scraper.py >         <module>(): Line 751 - INFO - Running default scraper on KT_FR > https://geo.fr.ch/ags/services/OpenData/Bas_marais_d_importance_locale/MapServer/WFSServer?request=GetCapabilities&service=WFS (source 724/1467)
2026-01-25 06:11:01,543 - Scraping log - scraper.py >         <module>(): Line 751 - INFO - Running default scraper on KT_FR > https://geo.fr.ch/ags/services/OpenData/Bas_marais_d_importance_nationale/MapServer/WFSServer?request=GetCapabilities&service=WFS (source 725/1467)
2026-01-25 06:11:05,014 - Scraping log - scraper.py >         <module>(): Line 751 - INFO - Running default scraper on KT_FR > https://geo.fr.ch/ags/services/OpenData/Bas_marais/MapServer/WFSServer?request=GetCapabilities&service=WFS (source 726/1467)
2026-01-25 06:11:05,477 - Scraping log - scraper.py >         <module>(): Line 759 - WARNING - Scraping KT_FR > https://geo.fr.ch/ags/services/OpenData/Bas_marais/MapServer/WFSServer?request=GetCapabilities&service=WFS aborted
2026-01-25 06:11:05,478 - Scraping log - scraper.py >         <module>(): Line 751 - INFO - Running default scraper on KT_FR > https://geo.fr.ch/ags/services/OpenData/Batiments_exposes_aux_dangers_naturels_gravitaires___par_processus/MapServer/WFSServer?request=GetCapabilities&service=WFS (source 727/1467)
2026-01-25 06:11:05,943 - Scraping log - scraper.py >         <module>(): Line 759 - WARNING - Scraping KT_FR > https://geo.fr.ch/ags/services/OpenData/Batiments_exposes_aux_dangers_naturels_gravitaires___par_processus/MapServer/WFSServer?request=GetCapabilities&service=WFS aborted
2026-01-25 06:11:05,943 - Scraping log - scraper.py >         <module>(): Line 751 - INFO - Running default scraper on KT_FR > https://geo.fr.ch/ags/services/OpenData/Batiments_MO_RegBL_par_rue/MapServer/WFSServer?request=GetCapabilities&service=WFS (source 728/1467)
2026-01-25 06:11:09,547 - Scraping log - scraper.py >         <module>(): Line 751 - INFO - Running default scraper on KT_FR > https://geo.fr.ch/ags/services/OpenData/Batiments_MO_RegBL_RegBAFR/MapServer/WFSServer?request=GetCapabilities&service=WFS (source 729/1467)
2026-01-25 06:11:12,922 - Scraping log - scraper.py >         <module>(): Line 751 - INFO - Running default scraper on KT_FR > https://geo.fr.ch/ags/services/OpenData/Batraciens_et_trafic_routier/MapServer/WFSServer?request=GetCapabilities&service=WFS (source 730/1467)
2026-01-25 06:11:13,388 - Scraping log - scraper.py >         <module>(): Line 759 - WARNING - Scraping KT_FR > https://geo.fr.ch/ags/services/OpenData/Batraciens_et_trafic_routier/MapServer/WFSServer?request=GetCapabilities&service=WFS aborted
2026-01-25 06:11:13,389 - Scraping log - scraper.py >         <module>(): Line 751 - INFO - Running default scraper on KT_FR > https://geo.fr.ch/ags/services/OpenData/Belastete_Standorte_Ablagerungsstandorte/MapServer/WFSServer?request=GetCapabilities&service=WFS (source 731/1467)
2026-01-25 06:11:16,913 - Scraping log - scraper.py >         <module>(): Line 751 - INFO - Running default scraper on KT_FR > https://geo.fr.ch/ags/services/OpenData/Belastete_Standorte_Betriebsstandorte/MapServer/WFSServer?request=GetCapabilities&service=WFS (source 732/1467)
2026-01-25 06:11:20,344 - Scraping log - scraper.py >         <module>(): Line 751 - INFO - Running default scraper on KT_FR > https://geo.fr.ch/ags/services/OpenData/Belastete_Standorte_Schiessanlagen/MapServer/WFSServer?request=GetCapabilities&service=WFS (source 733/1467)
2026-01-25 06:11:24,012 - Scraping log - scraper.py >         <module>(): Line 751 - INFO - Running default scraper on KT_FR > https://geo.fr.ch/ags/services/OpenData/Belastete_Standorte_Unfallstandorte/MapServer/WFSServer?request=GetCapabilities&service=WFS (source 734/1467)
2026-01-25 06:11:27,670 - Scraping log - scraper.py >         <module>(): Line 751 - INFO - Running default scraper on KT_FR > https://geo.fr.ch/ags/services/OpenData/Biens_culturels_immeubles_proteges_RBCI_SBC/MapServer/WFSServer?request=GetCapabilities&service=WFS (source 735/1467)
2026-01-25 06:11:31,079 - Scraping log - scraper.py >         <module>(): Line 751 - INFO - Running default scraper on KT_FR > https://geo.fr.ch/ags/services/OpenData/Biens_culturels_immeubles_recenses_RBCI_SBC/MapServer/WFSServer?request=GetCapabilities&service=WFS (source 736/1467)
2026-01-25 06:11:35,079 - Scraping log - scraper.py >         <module>(): Line 751 - INFO - Running default scraper on KT_FR > https://geo.fr.ch/ags/services/OpenData/Blocs_erratiques_d_importance_cantonale_Etude_de_base/MapServer/WFSServer?request=GetCapabilities&service=WFS (source 737/1467)
2026-01-25 06:11:38,427 - Scraping log - scraper.py >         <module>(): Line 751 - INFO - Running default scraper on KT_FR > https://geo.fr.ch/ags/services/OpenData/Bornes_historiques/MapServer/WFSServer?request=GetCapabilities&service=WFS (source 738/1467)
2026-01-25 06:11:41,753 - Scraping log - scraper.py >         <module>(): Line 751 - INFO - Running default scraper on KT_FR > https://geo.fr.ch/ags/services/OpenData/Cadastre_des_evenements_StorMe/MapServer/WFSServer?request=GetCapabilities&service=WFS (source 739/1467)
2026-01-25 06:11:42,220 - Scraping log - scraper.py >         <module>(): Line 759 - WARNING - Scraping KT_FR > https://geo.fr.ch/ags/services/OpenData/Cadastre_des_evenements_StorMe/MapServer/WFSServer?request=GetCapabilities&service=WFS aborted
2026-01-25 06:11:42,220 - Scraping log - scraper.py >         <module>(): Line 751 - INFO - Running default scraper on KT_FR > https://geo.fr.ch/ags/services/OpenData/Cadastre_des_sites_pollues_RDPPF/MapServer/WFSServer?request=GetCapabilities&service=WFS (source 740/1467)
2026-01-25 06:11:45,859 - Scraping log - scraper.py >         <module>(): Line 751 - INFO - Running default scraper on KT_FR > https://geo.fr.ch/ags/services/OpenData/Canton/MapServer/WFSServer?request=GetCapabilities&service=WFS (source 741/1467)
2026-01-25 06:11:49,293 - Scraping log - scraper.py >         <module>(): Line 751 - INFO - Running default scraper on KT_FR > https://geo.fr.ch/ags/services/OpenData/Captages_AquaFri/MapServer/WFSServer?request=GetCapabilities&service=WFS (source 742/1467)
2026-01-25 06:11:53,389 - Scraping log - scraper.py >         <module>(): Line 751 - INFO - Running default scraper on KT_FR > https://geo.fr.ch/ags/services/OpenData/Carte_de_danger___Avalanches/MapServer/WFSServer?request=GetCapabilities&service=WFS (source 743/1467)
2026-01-25 06:11:57,386 - Scraping log - scraper.py >         <module>(): Line 751 - INFO - Running default scraper on KT_FR > https://geo.fr.ch/ags/services/OpenData/Carte_de_danger___Chutes_de_pierres__blocs/MapServer/WFSServer?request=GetCapabilities&service=WFS (source 744/1467)
2026-01-25 06:11:57,850 - Scraping log - scraper.py >         <module>(): Line 759 - WARNING - Scraping KT_FR > https://geo.fr.ch/ags/services/OpenData/Carte_de_danger___Chutes_de_pierres__blocs/MapServer/WFSServer?request=GetCapabilities&service=WFS aborted
2026-01-25 06:11:57,850 - Scraping log - scraper.py >         <module>(): Line 751 - INFO - Running default scraper on KT_FR > https://geo.fr.ch/ags/services/OpenData/Carte_de_danger___Crues/MapServer/WFSServer?request=GetCapabilities&service=WFS (source 745/1467)
2026-01-25 06:12:01,628 - Scraping log - scraper.py >         <module>(): Line 751 - INFO - Running default scraper on KT_FR > https://geo.fr.ch/ags/services/OpenData/Carte_de_danger___Effondrements_de_falaise/MapServer/WFSServer?request=GetCapabilities&service=WFS (source 746/1467)
2026-01-25 06:12:05,600 - Scraping log - scraper.py >         <module>(): Line 751 - INFO - Running default scraper on KT_FR > https://geo.fr.ch/ags/services/OpenData/Carte_de_danger___Glissements_de_terrain/MapServer/WFSServer?request=GetCapabilities&service=WFS (source 747/1467)
2026-01-25 06:12:06,062 - Scraping log - scraper.py >         <module>(): Line 759 - WARNING - Scraping KT_FR > https://geo.fr.ch/ags/services/OpenData/Carte_de_danger___Glissements_de_terrain/MapServer/WFSServer?request=GetCapabilities&service=WFS aborted
2026-01-25 06:12:06,062 - Scraping log - scraper.py >         <module>(): Line 751 - INFO - Running default scraper on KT_FR > https://geo.fr.ch/ags/services/OpenData/Carte_de_danger___Laves_torrentielles/MapServer/WFSServer?request=GetCapabilities&service=WFS (source 748/1467)
2026-01-25 06:12:09,544 - Scraping log - scraper.py >         <module>(): Line 751 - INFO - Running default scraper on KT_FR > https://geo.fr.ch/ags/services/OpenData/Carte_de_protection_des_eaux/MapServer/WFSServer?request=GetCapabilities&service=WFS (source 749/1467)
2026-01-25 06:12:13,300 - Scraping log - scraper.py >         <module>(): Line 751 - INFO - Running default scraper on KT_FR > https://geo.fr.ch/ags/services/OpenData/Carte_des_sols_de_fondation/MapServer/WFSServer?request=GetCapabilities&service=WFS (source 750/1467)
2026-01-25 06:12:16,654 - Scraping log - scraper.py >         <module>(): Line 751 - INFO - Running default scraper on KT_FR > https://geo.fr.ch/ags/services/OpenData/Categorie_de_protection_ISOS/MapServer/WFSServer?request=GetCapabilities&service=WFS (source 751/1467)
2026-01-25 06:12:20,255 - Scraping log - scraper.py >         <module>(): Line 751 - INFO - Running default scraper on KT_FR > https://geo.fr.ch/ags/services/OpenData/Centrales_MCT_AquaFri/MapServer/WFSServer?request=GetCapabilities&service=WFS (source 752/1467)
2026-01-25 06:12:23,881 - Scraping log - scraper.py >         <module>(): Line 751 - INFO - Running default scraper on KT_FR > https://geo.fr.ch/ags/services/OpenData/Centres_d_exploitation_agricole/MapServer/WFSServer?request=GetCapabilities&service=WFS (source 753/1467)
2026-01-25 06:12:27,673 - Scraping log - scraper.py >         <module>(): Line 751 - INFO - Running default scraper on KT_FR > https://geo.fr.ch/ags/services/OpenData/Centres_forestiers/MapServer/WFSServer?request=GetCapabilities&service=WFS (source 754/1467)
2026-01-25 06:12:31,158 - Scraping log - scraper.py >         <module>(): Line 751 - INFO - Running default scraper on KT_FR > https://geo.fr.ch/ags/services/OpenData/Cercles_electoraux_des_anciennes_paroisses_catholiques/MapServer/WFSServer?request=GetCapabilities&service=WFS (source 755/1467)
2026-01-25 06:12:34,926 - Scraping log - scraper.py >         <module>(): Line 751 - INFO - Running default scraper on KT_FR > https://geo.fr.ch/ags/services/OpenData/Cercles_scolaires_primaires_francophones/MapServer/WFSServer?request=GetCapabilities&service=WFS (source 756/1467)
2026-01-25 06:12:38,489 - Scraping log - scraper.py >         <module>(): Line 751 - INFO - Running default scraper on KT_FR > https://geo.fr.ch/ags/services/OpenData/Cercles_scolaires_primaires_germanophones/MapServer/WFSServer?request=GetCapabilities&service=WFS (source 757/1467)
2026-01-25 06:12:41,932 - Scraping log - scraper.py >         <module>(): Line 751 - INFO - Running default scraper on KT_FR > https://geo.fr.ch/ags/services/OpenData/Cercles_scolaires_secondaires_francophones/MapServer/WFSServer?request=GetCapabilities&service=WFS (source 758/1467)
2026-01-25 06:12:45,763 - Scraping log - scraper.py >         <module>(): Line 751 - INFO - Running default scraper on KT_FR > https://geo.fr.ch/ags/services/OpenData/Cercles_scolaires_secondaires_germanophones/MapServer/WFSServer?request=GetCapabilities&service=WFS (source 759/1467)
2026-01-25 06:12:49,196 - Scraping log - scraper.py >         <module>(): Line 751 - INFO - Running default scraper on KT_FR > https://geo.fr.ch/ags/services/OpenData/Chalets_d_alpage_recenses_SBC/MapServer/WFSServer?request=GetCapabilities&service=WFS (source 760/1467)
2026-01-25 06:12:53,278 - Scraping log - scraper.py >         <module>(): Line 751 - INFO - Running default scraper on KT_FR > https://geo.fr.ch/ags/services/OpenData/Chalets_d_alpage_recenses/MapServer/WFSServer?request=GetCapabilities&service=WFS (source 761/1467)
2026-01-25 06:12:53,740 - Scraping log - scraper.py >         <module>(): Line 759 - WARNING - Scraping KT_FR > https://geo.fr.ch/ags/services/OpenData/Chalets_d_alpage_recenses/MapServer/WFSServer?request=GetCapabilities&service=WFS aborted
2026-01-25 06:12:53,740 - Scraping log - scraper.py >         <module>(): Line 751 - INFO - Running default scraper on KT_FR > https://geo.fr.ch/ags/services/OpenData/Chambres_AquaFri/MapServer/WFSServer?request=GetCapabilities&service=WFS (source 762/1467)
2026-01-25 06:12:57,276 - Scraping log - scraper.py >         <module>(): Line 751 - INFO - Running default scraper on KT_FR > https://geo.fr.ch/ags/services/OpenData/Chemins_de_randonnee_pedestre/MapServer/WFSServer?request=GetCapabilities&service=WFS (source 763/1467)
2026-01-25 06:13:00,836 - Scraping log - scraper.py >         <module>(): Line 751 - INFO - Running default scraper on KT_FR > https://geo.fr.ch/ags/services/OpenData/Chroniques_archeologiques/MapServer/WFSServer?request=GetCapabilities&service=WFS (source 764/1467)
2026-01-25 06:13:04,194 - Scraping log - scraper.py >         <module>(): Line 751 - INFO - Running default scraper on KT_FR > https://geo.fr.ch/ags/services/OpenData/Circonscriptions_des_gardes_faune/MapServer/WFSServer?request=GetCapabilities&service=WFS (source 765/1467)
2026-01-25 06:13:07,306 - Scraping log - scraper.py >         <module>(): Line 751 - INFO - Running default scraper on KT_FR > https://geo.fr.ch/ags/services/OpenData/Collecteurs_fonction_canalisations_routes_cantonales/MapServer/WFSServer?request=GetCapabilities&service=WFS (source 766/1467)
2026-01-25 06:13:10,952 - Scraping log - scraper.py >         <module>(): Line 751 - INFO - Running default scraper on KT_FR > https://geo.fr.ch/ags/services/OpenData/Collecteurs_proprietaire_canalisations_routes_cantonales/MapServer/WFSServer?request=GetCapabilities&service=WFS (source 767/1467)
2026-01-25 06:13:14,777 - Scraping log - scraper.py >         <module>(): Line 751 - INFO - Running default scraper on KT_FR > https://geo.fr.ch/ags/services/OpenData/Colonies_de_bouquetins/MapServer/WFSServer?request=GetCapabilities&service=WFS (source 768/1467)
2026-01-25 06:13:18,721 - Scraping log - scraper.py >         <module>(): Line 751 - INFO - Running default scraper on KT_FR > https://geo.fr.ch/ags/services/OpenData/Communes_partenaires_d_easyvote/MapServer/WFSServer?request=GetCapabilities&service=WFS (source 769/1467)
2026-01-25 06:13:22,525 - Scraping log - scraper.py >         <module>(): Line 751 - INFO - Running default scraper on KT_FR > https://geo.fr.ch/ags/services/OpenData/Communes_partenaires_d_engage_ch/MapServer/WFSServer?request=GetCapabilities&service=WFS (source 770/1467)
2026-01-25 06:13:26,032 - Scraping log - scraper.py >         <module>(): Line 751 - INFO - Running default scraper on KT_FR > https://geo.fr.ch/ags/services/OpenData/Communes/MapServer/WFSServer?request=GetCapabilities&service=WFS (source 771/1467)
2026-01-25 06:13:29,269 - Scraping log - scraper.py >         <module>(): Line 751 - INFO - Running default scraper on KT_FR > https://geo.fr.ch/ags/services/OpenData/Conduites_AquaFri/MapServer/WFSServer?request=GetCapabilities&service=WFS (source 772/1467)
2026-01-25 06:13:32,729 - Scraping log - scraper.py >         <module>(): Line 751 - INFO - Running default scraper on KT_FR > https://geo.fr.ch/ags/services/OpenData/Conduites/MapServer/WFSServer?request=GetCapabilities&service=WFS (source 773/1467)
2026-01-25 06:13:36,112 - Scraping log - scraper.py >         <module>(): Line 751 - INFO - Running default scraper on KT_FR > https://geo.fr.ch/ags/services/OpenData/Conseil_d_enfants_ou_de_jeunes_projets_de_participation_politique/MapServer/WFSServer?request=GetCapabilities&service=WFS (source 774/1467)
2026-01-25 06:13:39,513 - Scraping log - scraper.py >         <module>(): Line 751 - INFO - Running default scraper on KT_FR > https://geo.fr.ch/ags/services/OpenData/Contenus_lineaires_RDPPF_affectation/MapServer/WFSServer?request=GetCapabilities&service=WFS (source 775/1467)
2026-01-25 06:13:42,983 - Scraping log - scraper.py >         <module>(): Line 751 - INFO - Running default scraper on KT_FR > https://geo.fr.ch/ags/services/OpenData/Contenus_ponctuels_RDPPF_affectation/MapServer/WFSServer?request=GetCapabilities&service=WFS (source 776/1467)
2026-01-25 06:13:46,395 - Scraping log - scraper.py >         <module>(): Line 751 - INFO - Running default scraper on KT_FR > https://geo.fr.ch/ags/services/OpenData/Contrats_d_exploitation_en_vertu_de_la_loi_sur_la_protection_de_la_nature/MapServer/WFSServer?request=GetCapabilities&service=WFS (source 777/1467)
2026-01-25 06:13:49,705 - Scraping log - scraper.py >         <module>(): Line 751 - INFO - Running default scraper on KT_FR > https://geo.fr.ch/ags/services/OpenData/Corridors_a_faune/MapServer/WFSServer?request=GetCapabilities&service=WFS (source 778/1467)
2026-01-25 06:13:52,929 - Scraping log - scraper.py >         <module>(): Line 751 - INFO - Running default scraper on KT_FR > https://geo.fr.ch/ags/services/OpenData/Couverture_des_places_protegees_dans_le_canton/MapServer/WFSServer?request=GetCapabilities&service=WFS (source 779/1467)
2026-01-25 06:13:56,860 - Scraping log - scraper.py >         <module>(): Line 751 - INFO - Running default scraper on KT_FR > https://geo.fr.ch/ags/services/OpenData/Couverture_du_sol/MapServer/WFSServer?request=GetCapabilities&service=WFS (source 780/1467)
2026-01-25 06:14:00,937 - Scraping log - scraper.py >         <module>(): Line 751 - INFO - Running default scraper on KT_FR > https://geo.fr.ch/ags/services/OpenData/Cultures/MapServer/WFSServer?request=GetCapabilities&service=WFS (source 781/1467)
2026-01-25 06:14:01,404 - Scraping log - scraper.py >         <module>(): Line 759 - WARNING - Scraping KT_FR > https://geo.fr.ch/ags/services/OpenData/Cultures/MapServer/WFSServer?request=GetCapabilities&service=WFS aborted
2026-01-25 06:14:01,404 - Scraping log - scraper.py >         <module>(): Line 751 - INFO - Running default scraper on KT_FR > https://geo.fr.ch/ags/services/OpenData/Decoupage_du_MNS_swissSURFACE3D_Raster_pour_telechargement_par_tuile/MapServer/WFSServer?request=GetCapabilities&service=WFS (source 782/1467)
2026-01-25 06:14:05,131 - Scraping log - scraper.py >         <module>(): Line 751 - INFO - Running default scraper on KT_FR > https://geo.fr.ch/ags/services/OpenData/Decoupage_du_MNT_swissALTI3D_pour_telechargement_par_tuile/MapServer/WFSServer?request=GetCapabilities&service=WFS (source 783/1467)
2026-01-25 06:14:08,400 - Scraping log - scraper.py >         <module>(): Line 751 - INFO - Running default scraper on KT_FR > https://geo.fr.ch/ags/services/OpenData/Decoupage_du_nuage_de_points_classifies_swissSURFACE3D_pour_telechargement_par_tuile/MapServer/WFSServer?request=GetCapabilities&service=WFS (source 784/1467)
2026-01-25 06:14:12,025 - Scraping log - scraper.py >         <module>(): Line 751 - INFO - Running default scraper on KT_FR > https://geo.fr.ch/ags/services/OpenData/Degre_de_sensibilite_au_bruit_dans_les_zones_d_affectation_RDPPF/MapServer/WFSServer?request=GetCapabilities&service=WFS (source 785/1467)
2026-01-25 06:14:15,913 - Scraping log - scraper.py >         <module>(): Line 751 - INFO - Running default scraper on KT_FR > https://geo.fr.ch/ags/services/OpenData/Demandes_de_permis_de_construire_en_traitement/MapServer/WFSServer?request=GetCapabilities&service=WFS (source 786/1467)
2026-01-25 06:14:19,399 - Scraping log - scraper.py >         <module>(): Line 751 - INFO - Running default scraper on KT_FR > https://geo.fr.ch/ags/services/OpenData/Depots_d_entretien_routes_cantonales/MapServer/WFSServer?request=GetCapabilities&service=WFS (source 787/1467)
2026-01-25 06:14:23,030 - Scraping log - scraper.py >         <module>(): Line 751 - INFO - Running default scraper on KT_FR > https://geo.fr.ch/ags/services/OpenData/Disponibilite_cadastre_RDPPF_par_commune/MapServer/WFSServer?request=GetCapabilities&service=WFS (source 788/1467)
2026-01-25 06:14:23,492 - Scraping log - scraper.py >         <module>(): Line 759 - WARNING - Scraping KT_FR > https://geo.fr.ch/ags/services/OpenData/Disponibilite_cadastre_RDPPF_par_commune/MapServer/WFSServer?request=GetCapabilities&service=WFS aborted
2026-01-25 06:14:23,492 - Scraping log - scraper.py >         <module>(): Line 751 - INFO - Running default scraper on KT_FR > https://geo.fr.ch/ags/services/OpenData/Distances_par_rapport_a_la_foret_RDPPF/MapServer/WFSServer?request=GetCapabilities&service=WFS (source 789/1467)
2026-01-25 06:14:26,933 - Scraping log - scraper.py >         <module>(): Line 751 - INFO - Running default scraper on KT_FR > https://geo.fr.ch/ags/services/OpenData/Distances_par_rapport_a_la_foret/MapServer/WFSServer?request=GetCapabilities&service=WFS (source 790/1467)
2026-01-25 06:14:27,394 - Scraping log - scraper.py >         <module>(): Line 759 - WARNING - Scraping KT_FR > https://geo.fr.ch/ags/services/OpenData/Distances_par_rapport_a_la_foret/MapServer/WFSServer?request=GetCapabilities&service=WFS aborted
2026-01-25 06:14:27,394 - Scraping log - scraper.py >         <module>(): Line 751 - INFO - Running default scraper on KT_FR > https://geo.fr.ch/ags/services/OpenData/Districts_francs/MapServer/WFSServer?request=GetCapabilities&service=WFS (source 791/1467)
2026-01-25 06:14:30,830 - Scraping log - scraper.py >         <module>(): Line 751 - INFO - Running default scraper on KT_FR > https://geo.fr.ch/ags/services/OpenData/Districts/MapServer/WFSServer?request=GetCapabilities&service=WFS (source 792/1467)
2026-01-25 06:14:34,403 - Scraping log - scraper.py >         <module>(): Line 751 - INFO - Running default scraper on KT_FR > https://geo.fr.ch/ags/services/OpenData/Donnees_FRIBO_sol_agricole/MapServer/WFSServer?request=GetCapabilities&service=WFS (source 793/1467)
2026-01-25 06:14:37,901 - Scraping log - scraper.py >         <module>(): Line 751 - INFO - Running default scraper on KT_FR > https://geo.fr.ch/ags/services/OpenData/Ecoles_primaires_batiments/MapServer/WFSServer?request=GetCapabilities&service=WFS (source 794/1467)
2026-01-25 06:14:41,235 - Scraping log - scraper.py >         <module>(): Line 751 - INFO - Running default scraper on KT_FR > https://geo.fr.ch/ags/services/OpenData/Ecoles_secondaires_batiments/MapServer/WFSServer?request=GetCapabilities&service=WFS (source 795/1467)
2026-01-25 06:14:44,907 - Scraping log - scraper.py >         <module>(): Line 751 - INFO - Running default scraper on KT_FR > https://geo.fr.ch/ags/services/OpenData/EGID_REGBL/MapServer/WFSServer?request=GetCapabilities&service=WFS (source 796/1467)
2026-01-25 06:14:48,320 - Scraping log - scraper.py >         <module>(): Line 751 - INFO - Running default scraper on KT_FR > https://geo.fr.ch/ags/services/OpenData/Elements_superposes_de_type_affectation_RDPPF_affectation/MapServer/WFSServer?request=GetCapabilities&service=WFS (source 797/1467)
2026-01-25 06:14:52,097 - Scraping log - scraper.py >         <module>(): Line 751 - INFO - Running default scraper on KT_FR > https://geo.fr.ch/ags/services/OpenData/Elements_superposes_de_type_protection_RDPPF_affectation/MapServer/WFSServer?request=GetCapabilities&service=WFS (source 798/1467)
2026-01-25 06:14:56,224 - Scraping log - scraper.py >         <module>(): Line 751 - INFO - Running default scraper on KT_FR > https://geo.fr.ch/ags/services/OpenData/Emplacement_des_barrieres_a_batraciens/MapServer/WFSServer?request=GetCapabilities&service=WFS (source 799/1467)
2026-01-25 06:14:59,671 - Scraping log - scraper.py >         <module>(): Line 751 - INFO - Running default scraper on KT_FR > https://geo.fr.ch/ags/services/OpenData/Entites_paysageres_CQP/MapServer/WFSServer?request=GetCapabilities&service=WFS (source 800/1467)
2026-01-25 06:15:03,426 - Scraping log - scraper.py >         <module>(): Line 751 - INFO - Running default scraper on KT_FR > https://geo.fr.ch/ags/services/OpenData/Entreprises_approuvees/MapServer/WFSServer?request=GetCapabilities&service=WFS (source 801/1467)
2026-01-25 06:15:06,836 - Scraping log - scraper.py >         <module>(): Line 751 - INFO - Running default scraper on KT_FR > https://geo.fr.ch/ags/services/OpenData/Entreprises_en_cours/MapServer/WFSServer?request=GetCapabilities&service=WFS (source 802/1467)
2026-01-25 06:15:10,672 - Scraping log - scraper.py >         <module>(): Line 751 - INFO - Running default scraper on KT_FR > https://geo.fr.ch/ags/services/OpenData/Entreprises_planifiees/MapServer/WFSServer?request=GetCapabilities&service=WFS (source 803/1467)
2026-01-25 06:15:14,165 - Scraping log - scraper.py >         <module>(): Line 751 - INFO - Running default scraper on KT_FR > https://geo.fr.ch/ags/services/OpenData/Equipes_d_arrondissement_routes_cantonales/MapServer/WFSServer?request=GetCapabilities&service=WFS (source 804/1467)
2026-01-25 06:15:14,631 - Scraping log - scraper.py >         <module>(): Line 759 - WARNING - Scraping KT_FR > https://geo.fr.ch/ags/services/OpenData/Equipes_d_arrondissement_routes_cantonales/MapServer/WFSServer?request=GetCapabilities&service=WFS aborted
2026-01-25 06:15:14,632 - Scraping log - scraper.py >         <module>(): Line 751 - INFO - Running default scraper on KT_FR > https://geo.fr.ch/ags/services/OpenData/Etat_des_cartes_de_dangers/MapServer/WFSServer?request=GetCapabilities&service=WFS (source 805/1467)
2026-01-25 06:15:18,081 - Scraping log - scraper.py >         <module>(): Line 751 - INFO - Running default scraper on KT_FR > https://geo.fr.ch/ags/services/OpenData/Etat_du_registre_foncier/MapServer/WFSServer?request=GetCapabilities&service=WFS (source 806/1467)
2026-01-25 06:15:21,645 - Scraping log - scraper.py >         <module>(): Line 751 - INFO - Running default scraper on KT_FR > https://geo.fr.ch/ags/services/OpenData/Etudes_geologiques_geotechniques/MapServer/WFSServer?request=GetCapabilities&service=WFS (source 807/1467)
2026-01-25 06:15:26,573 - Scraping log - scraper.py >         <module>(): Line 751 - INFO - Running default scraper on KT_FR > https://geo.fr.ch/ags/services/OpenData/Exploitations_de_materiaux_et_decharges/MapServer/WFSServer?request=GetCapabilities&service=WFS (source 808/1467)
2026-01-25 06:15:29,985 - Scraping log - scraper.py >         <module>(): Line 751 - INFO - Running default scraper on KT_FR > https://geo.fr.ch/ags/services/OpenData/Forages_lies_a_des_constructions/MapServer/WFSServer?request=GetCapabilities&service=WFS (source 809/1467)
2026-01-25 06:15:34,595 - Scraping log - scraper.py >         <module>(): Line 751 - INFO - Running default scraper on KT_FR > https://geo.fr.ch/ags/services/OpenData/Forages_lies_a_des_sites_pollues/MapServer/WFSServer?request=GetCapabilities&service=WFS (source 810/1467)
2026-01-25 06:15:38,453 - Scraping log - scraper.py >         <module>(): Line 751 - INFO - Running default scraper on KT_FR > https://geo.fr.ch/ags/services/OpenData/Forages_lies_a_des_sondes_geothermiques/MapServer/WFSServer?request=GetCapabilities&service=WFS (source 811/1467)
2026-01-25 06:15:42,351 - Scraping log - scraper.py >         <module>(): Line 751 - INFO - Running default scraper on KT_FR > https://geo.fr.ch/ags/services/OpenData/Foret_de_protection_contre_les_dangers_naturels/MapServer/WFSServer?request=GetCapabilities&service=WFS (source 812/1467)
2026-01-25 06:15:45,985 - Scraping log - scraper.py >         <module>(): Line 751 - INFO - Running default scraper on KT_FR > https://geo.fr.ch/ags/services/OpenData/Foret_en_zones_S_de_protection_des_eaux_souterraines/MapServer/WFSServer?request=GetCapabilities&service=WFS (source 813/1467)
2026-01-25 06:15:46,449 - Scraping log - scraper.py >         <module>(): Line 759 - WARNING - Scraping KT_FR > https://geo.fr.ch/ags/services/OpenData/Foret_en_zones_S_de_protection_des_eaux_souterraines/MapServer/WFSServer?request=GetCapabilities&service=WFS aborted
2026-01-25 06:15:46,449 - Scraping log - scraper.py >         <module>(): Line 751 - INFO - Running default scraper on KT_FR > https://geo.fr.ch/ags/services/OpenData/Gazoducs_OPAM/MapServer/WFSServer?request=GetCapabilities&service=WFS (source 814/1467)
2026-01-25 06:15:49,907 - Scraping log - scraper.py >         <module>(): Line 751 - INFO - Running default scraper on KT_FR > https://geo.fr.ch/ags/services/OpenData/Geotopes_d_importance_cantonale_GIC_Etude_de_base/MapServer/WFSServer?request=GetCapabilities&service=WFS (source 815/1467)
2026-01-25 06:15:53,616 - Scraping log - scraper.py >         <module>(): Line 751 - INFO - Running default scraper on KT_FR > https://geo.fr.ch/ags/services/OpenData/Geotopes/MapServer/WFSServer?request=GetCapabilities&service=WFS (source 816/1467)
2026-01-25 06:15:54,082 - Scraping log - scraper.py >         <module>(): Line 759 - WARNING - Scraping KT_FR > https://geo.fr.ch/ags/services/OpenData/Geotopes/MapServer/WFSServer?request=GetCapabilities&service=WFS aborted
2026-01-25 06:15:54,082 - Scraping log - scraper.py >         <module>(): Line 751 - INFO - Running default scraper on KT_FR > https://geo.fr.ch/ags/services/OpenData/Hauts_marais_d_importance_nationale/MapServer/WFSServer?request=GetCapabilities&service=WFS (source 817/1467)
2026-01-25 06:15:57,829 - Scraping log - scraper.py >         <module>(): Line 751 - INFO - Running default scraper on KT_FR > https://geo.fr.ch/ags/services/OpenData/Hierarchie_du_reseau_cyclable_plan_sectoriel_velo/MapServer/WFSServer?request=GetCapabilities&service=WFS (source 818/1467)
2026-01-25 06:16:01,451 - Scraping log - scraper.py >         <module>(): Line 751 - INFO - Running default scraper on KT_FR > https://geo.fr.ch/ags/services/OpenData/Horizons_sourciers_de_l_inventaire_des_eaux_souterraines/MapServer/WFSServer?request=GetCapabilities&service=WFS (source 819/1467)
2026-01-25 06:16:05,215 - Scraping log - scraper.py >         <module>(): Line 751 - INFO - Running default scraper on KT_FR > https://geo.fr.ch/ags/services/OpenData/Hors_reseau_AquaFri/MapServer/WFSServer?request=GetCapabilities&service=WFS (source 820/1467)
2026-01-25 06:16:08,698 - Scraping log - scraper.py >         <module>(): Line 751 - INFO - Running default scraper on KT_FR > https://geo.fr.ch/ags/services/OpenData/Hydrants_AquaFri/MapServer/WFSServer?request=GetCapabilities&service=WFS (source 821/1467)
2026-01-25 06:16:12,310 - Scraping log - scraper.py >         <module>(): Line 751 - INFO - Running default scraper on KT_FR > https://geo.fr.ch/ags/services/OpenData/Immeubles_en_vigueur/MapServer/WFSServer?request=GetCapabilities&service=WFS (source 822/1467)
2026-01-25 06:16:15,548 - Scraping log - scraper.py >         <module>(): Line 751 - INFO - Running default scraper on KT_FR > https://geo.fr.ch/ags/services/OpenData/Immeubles_projetes/MapServer/WFSServer?request=GetCapabilities&service=WFS (source 823/1467)
2026-01-25 06:16:19,521 - Scraping log - scraper.py >         <module>(): Line 751 - INFO - Running default scraper on KT_FR > https://geo.fr.ch/ags/services/OpenData/Infrastructures_d_accueil_en_foret_lignes/MapServer/WFSServer?request=GetCapabilities&service=WFS (source 824/1467)
2026-01-25 06:16:23,011 - Scraping log - scraper.py >         <module>(): Line 751 - INFO - Running default scraper on KT_FR > https://geo.fr.ch/ags/services/OpenData/Infrastructures_d_accueil_en_foret_points/MapServer/WFSServer?request=GetCapabilities&service=WFS (source 825/1467)
2026-01-25 06:16:27,277 - Scraping log - scraper.py >         <module>(): Line 751 - INFO - Running default scraper on KT_FR > https://geo.fr.ch/ags/services/OpenData/Instabilites_de_terrain_morphologie/MapServer/WFSServer?request=GetCapabilities&service=WFS (source 826/1467)
2026-01-25 06:16:27,848 - Scraping log - scraper.py >         <module>(): Line 759 - WARNING - Scraping KT_FR > https://geo.fr.ch/ags/services/OpenData/Instabilites_de_terrain_morphologie/MapServer/WFSServer?request=GetCapabilities&service=WFS aborted
2026-01-25 06:16:27,848 - Scraping log - scraper.py >         <module>(): Line 751 - INFO - Running default scraper on KT_FR > https://geo.fr.ch/ags/services/OpenData/Instabilites_de_terrain_typologie/MapServer/WFSServer?request=GetCapabilities&service=WFS (source 827/1467)
2026-01-25 06:16:28,309 - Scraping log - scraper.py >         <module>(): Line 759 - WARNING - Scraping KT_FR > https://geo.fr.ch/ags/services/OpenData/Instabilites_de_terrain_typologie/MapServer/WFSServer?request=GetCapabilities&service=WFS aborted
2026-01-25 06:16:28,310 - Scraping log - scraper.py >         <module>(): Line 751 - INFO - Running default scraper on KT_FR > https://geo.fr.ch/ags/services/OpenData/Installations_de_mesure_AquaFri/MapServer/WFSServer?request=GetCapabilities&service=WFS (source 828/1467)
2026-01-25 06:16:31,979 - Scraping log - scraper.py >         <module>(): Line 751 - INFO - Running default scraper on KT_FR > https://geo.fr.ch/ags/services/OpenData/Installations_de_traitement_AquaFri/MapServer/WFSServer?request=GetCapabilities&service=WFS (source 829/1467)
2026-01-25 06:16:35,926 - Scraping log - scraper.py >         <module>(): Line 751 - INFO - Running default scraper on KT_FR > https://geo.fr.ch/ags/services/OpenData/Installations_stationnaires_OPAM/MapServer/WFSServer?request=GetCapabilities&service=WFS (source 830/1467)
2026-01-25 06:16:39,640 - Scraping log - scraper.py >         <module>(): Line 751 - INFO - Running default scraper on KT_FR > https://geo.fr.ch/ags/services/OpenData/Irrigation/MapServer/WFSServer?request=GetCapabilities&service=WFS (source 831/1467)
2026-01-25 06:16:43,066 - Scraping log - scraper.py >         <module>(): Line 751 - INFO - Running default scraper on KT_FR > https://geo.fr.ch/ags/services/OpenData/Itineraire_d_agglomeration_planifie_plan_sectoriel_velo/MapServer/WFSServer?request=GetCapabilities&service=WFS (source 832/1467)
2026-01-25 06:16:46,692 - Scraping log - scraper.py >         <module>(): Line 751 - INFO - Running default scraper on KT_FR > https://geo.fr.ch/ags/services/OpenData/Itineraires_a_ski/MapServer/WFSServer?request=GetCapabilities&service=WFS (source 833/1467)
2026-01-25 06:16:50,132 - Scraping log - scraper.py >         <module>(): Line 751 - INFO - Running default scraper on KT_FR > https://geo.fr.ch/ags/services/OpenData/Itineraires_convois_exceptionnels/MapServer/WFSServer?request=GetCapabilities&service=WFS (source 834/1467)
2026-01-25 06:16:53,760 - Scraping log - scraper.py >         <module>(): Line 751 - INFO - Running default scraper on KT_FR > https://geo.fr.ch/ags/services/OpenData/Itineraires_en_raquette/MapServer/WFSServer?request=GetCapabilities&service=WFS (source 835/1467)
2026-01-25 06:16:57,544 - Scraping log - scraper.py >         <module>(): Line 751 - INFO - Running default scraper on KT_FR > https://geo.fr.ch/ags/services/OpenData/Itineraires_SuisseMobile_randonnee_pedestre/MapServer/WFSServer?request=GetCapabilities&service=WFS (source 836/1467)
2026-01-25 06:17:01,317 - Scraping log - scraper.py >         <module>(): Line 751 - INFO - Running default scraper on KT_FR > https://geo.fr.ch/ags/services/OpenData/Itineraires_SuisseMobile_roller/MapServer/WFSServer?request=GetCapabilities&service=WFS (source 837/1467)
2026-01-25 06:17:04,710 - Scraping log - scraper.py >         <module>(): Line 751 - INFO - Running default scraper on KT_FR > https://geo.fr.ch/ags/services/OpenData/Itineraires_SuisseMobile_velo/MapServer/WFSServer?request=GetCapabilities&service=WFS (source 838/1467)
2026-01-25 06:17:08,295 - Scraping log - scraper.py >         <module>(): Line 751 - INFO - Running default scraper on KT_FR > https://geo.fr.ch/ags/services/OpenData/Itineraires_SuisseMobile_VTT/MapServer/WFSServer?request=GetCapabilities&service=WFS (source 839/1467)
2026-01-25 06:17:11,715 - Scraping log - scraper.py >         <module>(): Line 751 - INFO - Running default scraper on KT_FR > https://geo.fr.ch/ags/services/OpenData/Lieux_de_detention_d_animaux/MapServer/WFSServer?request=GetCapabilities&service=WFS (source 840/1467)
2026-01-25 06:17:15,432 - Scraping log - scraper.py >         <module>(): Line 751 - INFO - Running default scraper on KT_FR > https://geo.fr.ch/ags/services/OpenData/Lieux_denommes_en_couleurs/MapServer/WFSServer?request=GetCapabilities&service=WFS (source 841/1467)
2026-01-25 06:17:18,805 - Scraping log - scraper.py >         <module>(): Line 751 - INFO - Running default scraper on KT_FR > https://geo.fr.ch/ags/services/OpenData/Lieux_denommes/MapServer/WFSServer?request=GetCapabilities&service=WFS (source 842/1467)
2026-01-25 06:17:22,499 - Scraping log - scraper.py >         <module>(): Line 751 - INFO - Running default scraper on KT_FR > https://geo.fr.ch/ags/services/OpenData/Lignes_de_transport_public/MapServer/WFSServer?request=GetCapabilities&service=WFS (source 843/1467)
2026-01-25 06:17:25,907 - Scraping log - scraper.py >         <module>(): Line 751 - INFO - Running default scraper on KT_FR > https://geo.fr.ch/ags/services/OpenData/Limitations_de_vitesse_routes_cantonales/MapServer/WFSServer?request=GetCapabilities&service=WFS (source 844/1467)
2026-01-25 06:17:29,226 - Scraping log - scraper.py >         <module>(): Line 751 - INFO - Running default scraper on KT_FR > https://geo.fr.ch/ags/services/OpenData/Limite_du_canton/MapServer/WFSServer?request=GetCapabilities&service=WFS (source 845/1467)
2026-01-25 06:17:32,820 - Scraping log - scraper.py >         <module>(): Line 751 - INFO - Running default scraper on KT_FR > https://geo.fr.ch/ags/services/OpenData/Limites_de_communes/MapServer/WFSServer?request=GetCapabilities&service=WFS (source 846/1467)
2026-01-25 06:17:36,079 - Scraping log - scraper.py >         <module>(): Line 751 - INFO - Running default scraper on KT_FR > https://geo.fr.ch/ags/services/OpenData/Limites_de_districts/MapServer/WFSServer?request=GetCapabilities&service=WFS (source 847/1467)
2026-01-25 06:17:39,905 - Scraping log - scraper.py >         <module>(): Line 751 - INFO - Running default scraper on KT_FR > https://geo.fr.ch/ags/services/OpenData/Limites_des_stations_forestieres/MapServer/WFSServer?request=GetCapabilities&service=WFS (source 848/1467)
2026-01-25 06:17:43,688 - Scraping log - scraper.py >         <module>(): Line 751 - INFO - Running default scraper on KT_FR > https://geo.fr.ch/ags/services/OpenData/Limites_des_zones_agricoles/MapServer/WFSServer?request=GetCapabilities&service=WFS (source 849/1467)
2026-01-25 06:17:47,417 - Scraping log - scraper.py >         <module>(): Line 751 - INFO - Running default scraper on KT_FR > https://geo.fr.ch/ags/services/OpenData/Limites_forestieres_statiques_RDPPF/MapServer/WFSServer?request=GetCapabilities&service=WFS (source 850/1467)
2026-01-25 06:17:50,752 - Scraping log - scraper.py >         <module>(): Line 751 - INFO - Running default scraper on KT_FR > https://geo.fr.ch/ags/services/OpenData/Limites_forestieres_statiques/MapServer/WFSServer?request=GetCapabilities&service=WFS (source 851/1467)
2026-01-25 06:17:51,218 - Scraping log - scraper.py >         <module>(): Line 759 - WARNING - Scraping KT_FR > https://geo.fr.ch/ags/services/OpenData/Limites_forestieres_statiques/MapServer/WFSServer?request=GetCapabilities&service=WFS aborted
2026-01-25 06:17:51,218 - Scraping log - scraper.py >         <module>(): Line 751 - INFO - Running default scraper on KT_FR > https://geo.fr.ch/ags/services/OpenData/Localisation_des_sondes_geothermiques_SGV/MapServer/WFSServer?request=GetCapabilities&service=WFS (source 852/1467)
2026-01-25 06:17:54,899 - Scraping log - scraper.py >         <module>(): Line 751 - INFO - Running default scraper on KT_FR > https://geo.fr.ch/ags/services/OpenData/Localites_avec_presence_d_un_chauffage_a_distance/MapServer/WFSServer?request=GetCapabilities&service=WFS (source 853/1467)
2026-01-25 06:17:59,011 - Scraping log - scraper.py >         <module>(): Line 751 - INFO - Running default scraper on KT_FR > https://geo.fr.ch/ags/services/OpenData/Lots_de_mise_a_jour_periodique/MapServer/WFSServer?request=GetCapabilities&service=WFS (source 854/1467)
2026-01-25 06:18:02,155 - Scraping log - scraper.py >         <module>(): Line 751 - INFO - Running default scraper on KT_FR > https://geo.fr.ch/ags/services/OpenData/Lots_de_peche_affermee/MapServer/WFSServer?request=GetCapabilities&service=WFS (source 855/1467)
2026-01-25 06:18:05,714 - Scraping log - scraper.py >         <module>(): Line 751 - INFO - Running default scraper on KT_FR > https://geo.fr.ch/ags/services/OpenData/Lots_pour_la_pisciculture/MapServer/WFSServer?request=GetCapabilities&service=WFS (source 856/1467)
2026-01-25 06:18:09,655 - Scraping log - scraper.py >         <module>(): Line 751 - INFO - Running default scraper on KT_FR > https://geo.fr.ch/ags/services/OpenData/Materiau_et_diametre_des_conduites_AquaFri/MapServer/WFSServer?request=GetCapabilities&service=WFS (source 857/1467)
2026-01-25 06:18:13,260 - Scraping log - scraper.py >         <module>(): Line 751 - INFO - Running default scraper on KT_FR > https://geo.fr.ch/ags/services/OpenData/Modification_RCU_ou_revision_PAL_d_un_secteur_amenagement_local/MapServer/WFSServer?request=GetCapabilities&service=WFS (source 858/1467)
2026-01-25 06:18:16,465 - Scraping log - scraper.py >         <module>(): Line 751 - INFO - Running default scraper on KT_FR > https://geo.fr.ch/ags/services/OpenData/Muehleberg_Zone_de_danger_de_la_centrale/MapServer/WFSServer?request=GetCapabilities&service=WFS (source 859/1467)
2026-01-25 06:18:19,664 - Scraping log - scraper.py >         <module>(): Line 751 - INFO - Running default scraper on KT_FR > https://geo.fr.ch/ags/services/OpenData/Muehleberg_Zones_de_distribution_de_comprimes_d_iode/MapServer/WFSServer?request=GetCapabilities&service=WFS (source 860/1467)
2026-01-25 06:18:23,173 - Scraping log - scraper.py >         <module>(): Line 751 - INFO - Running default scraper on KT_FR > https://geo.fr.ch/ags/services/OpenData/Noeuds_de_trafic_routes_cantonales/MapServer/WFSServer?request=GetCapabilities&service=WFS (source 861/1467)
2026-01-25 06:18:27,214 - Scraping log - scraper.py >         <module>(): Line 751 - INFO - Running default scraper on KT_FR > https://geo.fr.ch/ags/services/OpenData/Noms_de_rues_et_de_lieux_denommes/MapServer/WFSServer?request=GetCapabilities&service=WFS (source 862/1467)
2026-01-25 06:18:30,810 - Scraping log - scraper.py >         <module>(): Line 751 - INFO - Running default scraper on KT_FR > https://geo.fr.ch/ags/services/OpenData/Noms_locaux/MapServer/WFSServer?request=GetCapabilities&service=WFS (source 863/1467)
2026-01-25 06:18:34,690 - Scraping log - scraper.py >         <module>(): Line 751 - INFO - Running default scraper on KT_FR > https://geo.fr.ch/ags/services/OpenData/NPA_et_localites/MapServer/WFSServer?request=GetCapabilities&service=WFS (source 864/1467)
2026-01-25 06:18:39,206 - Scraping log - scraper.py >         <module>(): Line 751 - INFO - Running default scraper on KT_FR > https://geo.fr.ch/ags/services/OpenData/Numeros_d_immeubles_en_vigueur/MapServer/WFSServer?request=GetCapabilities&service=WFS (source 865/1467)
2026-01-25 06:18:42,442 - Scraping log - scraper.py >         <module>(): Line 751 - INFO - Running default scraper on KT_FR > https://geo.fr.ch/ags/services/OpenData/Numeros_d_immeubles_projetes/MapServer/WFSServer?request=GetCapabilities&service=WFS (source 866/1467)
2026-01-25 06:18:45,913 - Scraping log - scraper.py >         <module>(): Line 751 - INFO - Running default scraper on KT_FR > https://geo.fr.ch/ags/services/OpenData/Numeros_de_maisons/MapServer/WFSServer?request=GetCapabilities&service=WFS (source 867/1467)
2026-01-25 06:18:49,675 - Scraping log - scraper.py >         <module>(): Line 751 - INFO - Running default scraper on KT_FR > https://geo.fr.ch/ags/services/OpenData/Numeros_des_batiments_et_noms_Labels_CS/MapServer/WFSServer?request=GetCapabilities&service=WFS (source 868/1467)
2026-01-25 06:18:53,371 - Scraping log - scraper.py >         <module>(): Line 751 - INFO - Running default scraper on KT_FR > https://geo.fr.ch/ags/services/OpenData/Objets_divers_lineaires/MapServer/WFSServer?request=GetCapabilities&service=WFS (source 869/1467)
2026-01-25 06:18:57,184 - Scraping log - scraper.py >         <module>(): Line 751 - INFO - Running default scraper on KT_FR > https://geo.fr.ch/ags/services/OpenData/Objets_divers_ponctuels/MapServer/WFSServer?request=GetCapabilities&service=WFS (source 870/1467)
2026-01-25 06:19:01,158 - Scraping log - scraper.py >         <module>(): Line 751 - INFO - Running default scraper on KT_FR > https://geo.fr.ch/ags/services/OpenData/Objets_divers_surfaciques/MapServer/WFSServer?request=GetCapabilities&service=WFS (source 871/1467)
2026-01-25 06:19:04,672 - Scraping log - scraper.py >         <module>(): Line 751 - INFO - Running default scraper on KT_FR > https://geo.fr.ch/ags/services/OpenData/Obstacles_convois_exceptionnels/MapServer/WFSServer?request=GetCapabilities&service=WFS (source 872/1467)
2026-01-25 06:19:08,634 - Scraping log - scraper.py >         <module>(): Line 751 - INFO - Running default scraper on KT_FR > https://geo.fr.ch/ags/services/OpenData/Organes_communaux_de_conduite_ORCOC/MapServer/WFSServer?request=GetCapabilities&service=WFS (source 873/1467)
2026-01-25 06:19:12,590 - Scraping log - scraper.py >         <module>(): Line 751 - INFO - Running default scraper on KT_FR > https://geo.fr.ch/ags/services/OpenData/Organisation_de_la_protection_civile/MapServer/WFSServer?request=GetCapabilities&service=WFS (source 874/1467)
2026-01-25 06:19:15,971 - Scraping log - scraper.py >         <module>(): Line 751 - INFO - Running default scraper on KT_FR > https://geo.fr.ch/ags/services/OpenData/Ouvrages_d_art_routes_cantonales/MapServer/WFSServer?request=GetCapabilities&service=WFS (source 875/1467)
2026-01-25 06:19:19,438 - Scraping log - scraper.py >         <module>(): Line 751 - INFO - Running default scraper on KT_FR > https://geo.fr.ch/ags/services/OpenData/Ouvrages_de_protection_lineaires_contre_les_instabilites_de_terrain_et_avalanches/MapServer/WFSServer?request=GetCapabilities&service=WFS (source 876/1467)
2026-01-25 06:19:23,287 - Scraping log - scraper.py >         <module>(): Line 751 - INFO - Running default scraper on KT_FR > https://geo.fr.ch/ags/services/OpenData/Ouvrages_de_protection_ponctuels_contre_les_instabilites_de_terrain_et_avalanches/MapServer/WFSServer?request=GetCapabilities&service=WFS (source 877/1467)
2026-01-25 06:19:27,768 - Scraping log - scraper.py >         <module>(): Line 751 - INFO - Running default scraper on KT_FR > https://geo.fr.ch/ags/services/OpenData/Ouvrages_de_protection_surfaciques_contre_les_instabilites_de_terrain_et_avalanches/MapServer/WFSServer?request=GetCapabilities&service=WFS (source 878/1467)
2026-01-25 06:19:31,791 - Scraping log - scraper.py >         <module>(): Line 751 - INFO - Running default scraper on KT_FR > https://geo.fr.ch/ags/services/OpenData/Ouvrages_fonction_canalisations_routes_cantonales/MapServer/WFSServer?request=GetCapabilities&service=WFS (source 879/1467)
2026-01-25 06:19:35,001 - Scraping log - scraper.py >         <module>(): Line 751 - INFO - Running default scraper on KT_FR > https://geo.fr.ch/ags/services/OpenData/Ouvrages_type_canalisations_routes_cantonales/MapServer/WFSServer?request=GetCapabilities&service=WFS (source 880/1467)
2026-01-25 06:19:39,158 - Scraping log - scraper.py >         <module>(): Line 751 - INFO - Running default scraper on KT_FR > https://geo.fr.ch/ags/services/OpenData/Parcs_naturels/MapServer/WFSServer?request=GetCapabilities&service=WFS (source 881/1467)
2026-01-25 06:19:39,628 - Scraping log - scraper.py >         <module>(): Line 759 - WARNING - Scraping KT_FR > https://geo.fr.ch/ags/services/OpenData/Parcs_naturels/MapServer/WFSServer?request=GetCapabilities&service=WFS aborted
2026-01-25 06:19:39,628 - Scraping log - scraper.py >         <module>(): Line 751 - INFO - Running default scraper on KT_FR > https://geo.fr.ch/ags/services/OpenData/Paroisses_catholiques/MapServer/WFSServer?request=GetCapabilities&service=WFS (source 882/1467)
2026-01-25 06:19:43,407 - Scraping log - scraper.py >         <module>(): Line 751 - INFO - Running default scraper on KT_FR > https://geo.fr.ch/ags/services/OpenData/Paroisses_reformees/MapServer/WFSServer?request=GetCapabilities&service=WFS (source 883/1467)
2026-01-25 06:19:46,918 - Scraping log - scraper.py >         <module>(): Line 751 - INFO - Running default scraper on KT_FR > https://geo.fr.ch/ags/services/OpenData/Paysages_IFP/MapServer/WFSServer?request=GetCapabilities&service=WFS (source 884/1467)
2026-01-25 06:19:47,492 - Scraping log - scraper.py >         <module>(): Line 759 - WARNING - Scraping KT_FR > https://geo.fr.ch/ags/services/OpenData/Paysages_IFP/MapServer/WFSServer?request=GetCapabilities&service=WFS aborted
2026-01-25 06:19:47,492 - Scraping log - scraper.py >         <module>(): Line 751 - INFO - Running default scraper on KT_FR > https://geo.fr.ch/ags/services/OpenData/Perimetre_de_couverture_Sirenes_de_la_PCi/MapServer/WFSServer?request=GetCapabilities&service=WFS (source 885/1467)
2026-01-25 06:19:51,188 - Scraping log - scraper.py >         <module>(): Line 751 - INFO - Running default scraper on KT_FR > https://geo.fr.ch/ags/services/OpenData/Perimetres_archeologiques/MapServer/WFSServer?request=GetCapabilities&service=WFS (source 886/1467)
2026-01-25 06:19:54,644 - Scraping log - scraper.py >         <module>(): Line 751 - INFO - Running default scraper on KT_FR > https://geo.fr.ch/ags/services/OpenData/Perimetres_d_epuration/MapServer/WFSServer?request=GetCapabilities&service=WFS (source 887/1467)
2026-01-25 06:19:57,908 - Scraping log - scraper.py >         <module>(): Line 751 - INFO - Running default scraper on KT_FR > https://geo.fr.ch/ags/services/OpenData/Perimetres_d_etude_detaillee___Crues_et_laves_torrentielles/MapServer/WFSServer?request=GetCapabilities&service=WFS (source 888/1467)
2026-01-25 06:20:01,581 - Scraping log - scraper.py >         <module>(): Line 751 - INFO - Running default scraper on KT_FR > https://geo.fr.ch/ags/services/OpenData/Perimetres_d_etude_detaillee___Instabilites_et_avalanches/MapServer/WFSServer?request=GetCapabilities&service=WFS (source 889/1467)
2026-01-25 06:20:05,021 - Scraping log - scraper.py >         <module>(): Line 751 - INFO - Running default scraper on KT_FR > https://geo.fr.ch/ags/services/OpenData/Perimetres_de_noms_locaux/MapServer/WFSServer?request=GetCapabilities&service=WFS (source 890/1467)
2026-01-25 06:20:08,685 - Scraping log - scraper.py >         <module>(): Line 751 - INFO - Running default scraper on KT_FR > https://geo.fr.ch/ags/services/OpenData/Perimetres_de_protection_des_eaux_souterraines_RDPPF/MapServer/WFSServer?request=GetCapabilities&service=WFS (source 891/1467)
2026-01-25 06:20:12,416 - Scraping log - scraper.py >         <module>(): Line 751 - INFO - Running default scraper on KT_FR > https://geo.fr.ch/ags/services/OpenData/Pistes_cyclables_routes_cantonales/MapServer/WFSServer?request=GetCapabilities&service=WFS (source 892/1467)
2026-01-25 06:20:16,006 - Scraping log - scraper.py >         <module>(): Line 751 - INFO - Running default scraper on KT_FR > https://geo.fr.ch/ags/services/OpenData/Plan_sectoriel_pour_l_exploitation_de_materiaux_PSEM/MapServer/WFSServer?request=GetCapabilities&service=WFS (source 893/1467)
2026-01-25 06:20:19,486 - Scraping log - scraper.py >         <module>(): Line 751 - INFO - Running default scraper on KT_FR > https://geo.fr.ch/ags/services/OpenData/Planification_cantonale_parcs_relais/MapServer/WFSServer?request=GetCapabilities&service=WFS (source 894/1467)
2026-01-25 06:20:22,723 - Scraping log - scraper.py >         <module>(): Line 751 - INFO - Running default scraper on KT_FR > https://geo.fr.ch/ags/services/OpenData/Points_de_limite_territoriale/MapServer/WFSServer?request=GetCapabilities&service=WFS (source 895/1467)
2026-01-25 06:20:26,709 - Scraping log - scraper.py >         <module>(): Line 751 - INFO - Running default scraper on KT_FR > https://geo.fr.ch/ags/services/OpenData/Points_de_Repere_SRB/MapServer/WFSServer?request=GetCapabilities&service=WFS (source 896/1467)
2026-01-25 06:20:30,325 - Scraping log - scraper.py >         <module>(): Line 751 - INFO - Running default scraper on KT_FR > https://geo.fr.ch/ags/services/OpenData/Points_fixes/MapServer/WFSServer?request=GetCapabilities&service=WFS (source 897/1467)
2026-01-25 06:20:34,138 - Scraping log - scraper.py >         <module>(): Line 751 - INFO - Running default scraper on KT_FR > https://geo.fr.ch/ags/services/OpenData/Points_limites_projetes/MapServer/WFSServer?request=GetCapabilities&service=WFS (source 898/1467)
2026-01-25 06:20:38,131 - Scraping log - scraper.py >         <module>(): Line 751 - INFO - Running default scraper on KT_FR > https://geo.fr.ch/ags/services/OpenData/Points_limites/MapServer/WFSServer?request=GetCapabilities&service=WFS (source 899/1467)
2026-01-25 06:20:41,372 - Scraping log - scraper.py >         <module>(): Line 751 - INFO - Running default scraper on KT_FR > https://geo.fr.ch/ags/services/OpenData/Pompes_AquaFri/MapServer/WFSServer?request=GetCapabilities&service=WFS (source 900/1467)
2026-01-25 06:20:45,049 - Scraping log - scraper.py >         <module>(): Line 751 - INFO - Running default scraper on KT_FR > https://geo.fr.ch/ags/services/OpenData/Postes_de_comptage_de_trafic/MapServer/WFSServer?request=GetCapabilities&service=WFS (source 901/1467)
2026-01-25 06:20:48,538 - Scraping log - scraper.py >         <module>(): Line 751 - INFO - Running default scraper on KT_FR > https://geo.fr.ch/ags/services/OpenData/Prairies_et_paturages_secs_d_importance_cantonale/MapServer/WFSServer?request=GetCapabilities&service=WFS (source 902/1467)
2026-01-25 06:20:49,000 - Scraping log - scraper.py >         <module>(): Line 759 - WARNING - Scraping KT_FR > https://geo.fr.ch/ags/services/OpenData/Prairies_et_paturages_secs_d_importance_cantonale/MapServer/WFSServer?request=GetCapabilities&service=WFS aborted
2026-01-25 06:20:49,000 - Scraping log - scraper.py >         <module>(): Line 751 - INFO - Running default scraper on KT_FR > https://geo.fr.ch/ags/services/OpenData/Prairies_et_paturages_secs_d_importance_nationale/MapServer/WFSServer?request=GetCapabilities&service=WFS (source 903/1467)
2026-01-25 06:20:49,573 - Scraping log - scraper.py >         <module>(): Line 759 - WARNING - Scraping KT_FR > https://geo.fr.ch/ags/services/OpenData/Prairies_et_paturages_secs_d_importance_nationale/MapServer/WFSServer?request=GetCapabilities&service=WFS aborted
2026-01-25 06:20:49,573 - Scraping log - scraper.py >         <module>(): Line 751 - INFO - Running default scraper on KT_FR > https://geo.fr.ch/ags/services/OpenData/Pression_statique_des_hydrants_AquaFri/MapServer/WFSServer?request=GetCapabilities&service=WFS (source 904/1467)
2026-01-25 06:20:53,366 - Scraping log - scraper.py >         <module>(): Line 751 - INFO - Running default scraper on KT_FR > https://geo.fr.ch/ags/services/OpenData/Produits_d_alpage/MapServer/WFSServer?request=GetCapabilities&service=WFS (source 905/1467)
2026-01-25 06:20:57,027 - Scraping log - scraper.py >         <module>(): Line 751 - INFO - Running default scraper on KT_FR > https://geo.fr.ch/ags/services/OpenData/Produits_de_montagne/MapServer/WFSServer?request=GetCapabilities&service=WFS (source 906/1467)
2026-01-25 06:21:01,006 - Scraping log - scraper.py >         <module>(): Line 751 - INFO - Running default scraper on KT_FR > https://geo.fr.ch/ags/services/OpenData/Projets_paysage_CQP/MapServer/WFSServer?request=GetCapabilities&service=WFS (source 907/1467)
2026-01-25 06:21:04,874 - Scraping log - scraper.py >         <module>(): Line 751 - INFO - Running default scraper on KT_FR > https://geo.fr.ch/ags/services/OpenData/Projets_VALTRALOC/MapServer/WFSServer?request=GetCapabilities&service=WFS (source 908/1467)
2026-01-25 06:21:05,342 - Scraping log - scraper.py >         <module>(): Line 759 - WARNING - Scraping KT_FR > https://geo.fr.ch/ags/services/OpenData/Projets_VALTRALOC/MapServer/WFSServer?request=GetCapabilities&service=WFS aborted
2026-01-25 06:21:05,343 - Scraping log - scraper.py >         <module>(): Line 751 - INFO - Running default scraper on KT_FR > https://geo.fr.ch/ags/services/OpenData/Proportion_du_bati_expose_aux_dangers_naturels_par_commune/MapServer/WFSServer?request=GetCapabilities&service=WFS (source 909/1467)
2026-01-25 06:21:08,688 - Scraping log - scraper.py >         <module>(): Line 751 - INFO - Running default scraper on KT_FR > https://geo.fr.ch/ags/services/OpenData/Qualite_des_donnees_descriptives/MapServer/WFSServer?request=GetCapabilities&service=WFS (source 910/1467)
2026-01-25 06:21:12,020 - Scraping log - scraper.py >         <module>(): Line 751 - INFO - Running default scraper on KT_FR > https://geo.fr.ch/ags/services/OpenData/Qualite_des_immeubles_en_vigueur/MapServer/WFSServer?request=GetCapabilities&service=WFS (source 911/1467)
2026-01-25 06:21:15,569 - Scraping log - scraper.py >         <module>(): Line 751 - INFO - Running default scraper on KT_FR > https://geo.fr.ch/ags/services/OpenData/Qualite_des_immeubles_projetes/MapServer/WFSServer?request=GetCapabilities&service=WFS (source 912/1467)
2026-01-25 06:21:18,895 - Scraping log - scraper.py >         <module>(): Line 751 - INFO - Running default scraper on KT_FR > https://geo.fr.ch/ags/services/OpenData/Reducteurs_AquaFri/MapServer/WFSServer?request=GetCapabilities&service=WFS (source 913/1467)
2026-01-25 06:21:22,541 - Scraping log - scraper.py >         <module>(): Line 751 - INFO - Running default scraper on KT_FR > https://geo.fr.ch/ags/services/OpenData/Remaniements_parcellaires/MapServer/WFSServer?request=GetCapabilities&service=WFS (source 914/1467)
2026-01-25 06:21:26,399 - Scraping log - scraper.py >         <module>(): Line 751 - INFO - Running default scraper on KT_FR > https://geo.fr.ch/ags/services/OpenData/Repartition_des_niveaux_de_tolerance/MapServer/WFSServer?request=GetCapabilities&service=WFS (source 915/1467)
2026-01-25 06:21:29,709 - Scraping log - scraper.py >         <module>(): Line 751 - INFO - Running default scraper on KT_FR > https://geo.fr.ch/ags/services/OpenData/Repartitions_des_plans/MapServer/WFSServer?request=GetCapabilities&service=WFS (source 916/1467)
2026-01-25 06:21:33,140 - Scraping log - scraper.py >         <module>(): Line 751 - INFO - Running default scraper on KT_FR > https://geo.fr.ch/ags/services/OpenData/Reseau_d_itineraires_en_zones_de_tranquillite/MapServer/WFSServer?request=GetCapabilities&service=WFS (source 917/1467)
2026-01-25 06:21:37,037 - Scraping log - scraper.py >         <module>(): Line 751 - INFO - Running default scraper on KT_FR > https://geo.fr.ch/ags/services/OpenData/Reseaux_ecologiques/MapServer/WFSServer?request=GetCapabilities&service=WFS (source 918/1467)
2026-01-25 06:21:40,363 - Scraping log - scraper.py >         <module>(): Line 751 - INFO - Running default scraper on KT_FR > https://geo.fr.ch/ags/services/OpenData/Reseaux_integres_dans_AquaFri/MapServer/WFSServer?request=GetCapabilities&service=WFS (source 919/1467)
2026-01-25 06:21:44,012 - Scraping log - scraper.py >         <module>(): Line 751 - INFO - Running default scraper on KT_FR > https://geo.fr.ch/ags/services/OpenData/Reseaux_non_integres_dans_AquaFri/MapServer/WFSServer?request=GetCapabilities&service=WFS (source 920/1467)
2026-01-25 06:21:47,394 - Scraping log - scraper.py >         <module>(): Line 751 - INFO - Running default scraper on KT_FR > https://geo.fr.ch/ags/services/OpenData/Reserve_mycologique/MapServer/WFSServer?request=GetCapabilities&service=WFS (source 921/1467)
2026-01-25 06:21:50,857 - Scraping log - scraper.py >         <module>(): Line 751 - INFO - Running default scraper on KT_FR > https://geo.fr.ch/ags/services/OpenData/Reserves_d_oiseaux_d_eau_et_migrateurs/MapServer/WFSServer?request=GetCapabilities&service=WFS (source 922/1467)
2026-01-25 06:21:54,374 - Scraping log - scraper.py >         <module>(): Line 751 - INFO - Running default scraper on KT_FR > https://geo.fr.ch/ags/services/OpenData/Reserves_de_faune_pour_la_chasse/MapServer/WFSServer?request=GetCapabilities&service=WFS (source 923/1467)
2026-01-25 06:21:57,826 - Scraping log - scraper.py >         <module>(): Line 751 - INFO - Running default scraper on KT_FR > https://geo.fr.ch/ags/services/OpenData/Reserves_forestieres_cantonales/MapServer/WFSServer?request=GetCapabilities&service=WFS (source 924/1467)
2026-01-25 06:21:58,286 - Scraping log - scraper.py >         <module>(): Line 759 - WARNING - Scraping KT_FR > https://geo.fr.ch/ags/services/OpenData/Reserves_forestieres_cantonales/MapServer/WFSServer?request=GetCapabilities&service=WFS aborted
2026-01-25 06:21:58,286 - Scraping log - scraper.py >         <module>(): Line 751 - INFO - Running default scraper on KT_FR > https://geo.fr.ch/ags/services/OpenData/Reserves_forestieres_RDPPF/MapServer/WFSServer?request=GetCapabilities&service=WFS (source 925/1467)
2026-01-25 06:22:01,940 - Scraping log - scraper.py >         <module>(): Line 751 - INFO - Running default scraper on KT_FR > https://geo.fr.ch/ags/services/OpenData/Reserves_forestieres/MapServer/WFSServer?request=GetCapabilities&service=WFS (source 926/1467)
2026-01-25 06:22:05,277 - Scraping log - scraper.py >         <module>(): Line 751 - INFO - Running default scraper on KT_FR > https://geo.fr.ch/ags/services/OpenData/Reserves_naturelles_cantonales/MapServer/WFSServer?request=GetCapabilities&service=WFS (source 927/1467)
2026-01-25 06:22:08,928 - Scraping log - scraper.py >         <module>(): Line 751 - INFO - Running default scraper on KT_FR > https://geo.fr.ch/ags/services/OpenData/Reserves_paysageres_cantonales/MapServer/WFSServer?request=GetCapabilities&service=WFS (source 928/1467)
2026-01-25 06:22:12,170 - Scraping log - scraper.py >         <module>(): Line 751 - INFO - Running default scraper on KT_FR > https://geo.fr.ch/ags/services/OpenData/Reservoirs_AquaFri/MapServer/WFSServer?request=GetCapabilities&service=WFS (source 929/1467)
2026-01-25 06:22:15,790 - Scraping log - scraper.py >         <module>(): Line 751 - INFO - Running default scraper on KT_FR > https://geo.fr.ch/ags/services/OpenData/Ressources___sources_et_puits___de_l_inventaire_des_eaux_souterraines/MapServer/WFSServer?request=GetCapabilities&service=WFS (source 930/1467)
2026-01-25 06:22:19,648 - Scraping log - scraper.py >         <module>(): Line 751 - INFO - Running default scraper on KT_FR > https://geo.fr.ch/ags/services/OpenData/Revetements_phono_absorbants_routes_cantonales/MapServer/WFSServer?request=GetCapabilities&service=WFS (source 931/1467)
2026-01-25 06:22:23,154 - Scraping log - scraper.py >         <module>(): Line 751 - INFO - Running default scraper on KT_FR > https://geo.fr.ch/ags/services/OpenData/Revision_generale_PAL_amenagement_local/MapServer/WFSServer?request=GetCapabilities&service=WFS (source 932/1467)
2026-01-25 06:22:26,778 - Scraping log - scraper.py >         <module>(): Line 751 - INFO - Running default scraper on KT_FR > https://geo.fr.ch/ags/services/OpenData/Routes_Cantonales_ORGT___OUMin/MapServer/WFSServer?request=GetCapabilities&service=WFS (source 933/1467)
2026-01-25 06:22:30,505 - Scraping log - scraper.py >         <module>(): Line 751 - INFO - Running default scraper on KT_FR > https://geo.fr.ch/ags/services/OpenData/Routes_Cantonales_OSR/MapServer/WFSServer?request=GetCapabilities&service=WFS (source 934/1467)
2026-01-25 06:22:34,191 - Scraping log - scraper.py >         <module>(): Line 751 - INFO - Running default scraper on KT_FR > https://geo.fr.ch/ags/services/OpenData/Routes_lineaires_OPAM/MapServer/WFSServer?request=GetCapabilities&service=WFS (source 935/1467)
2026-01-25 06:22:37,862 - Scraping log - scraper.py >         <module>(): Line 751 - INFO - Running default scraper on KT_FR > https://geo.fr.ch/ags/services/OpenData/Routes_Nationales/MapServer/WFSServer?request=GetCapabilities&service=WFS (source 936/1467)
2026-01-25 06:22:41,283 - Scraping log - scraper.py >         <module>(): Line 751 - INFO - Running default scraper on KT_FR > https://geo.fr.ch/ags/services/OpenData/Routes_surfaciques_OPAM/MapServer/WFSServer?request=GetCapabilities&service=WFS (source 937/1467)
2026-01-25 06:22:45,585 - Scraping log - scraper.py >         <module>(): Line 751 - INFO - Running default scraper on KT_FR > https://geo.fr.ch/ags/services/OpenData/Ruisseaux_utilises_par_l_Etat/MapServer/WFSServer?request=GetCapabilities&service=WFS (source 938/1467)
2026-01-25 06:22:49,427 - Scraping log - scraper.py >         <module>(): Line 751 - INFO - Running default scraper on KT_FR > https://geo.fr.ch/ags/services/OpenData/Salamandre_tachetee/MapServer/WFSServer?request=GetCapabilities&service=WFS (source 939/1467)
2026-01-25 06:22:49,887 - Scraping log - scraper.py >         <module>(): Line 759 - WARNING - Scraping KT_FR > https://geo.fr.ch/ags/services/OpenData/Salamandre_tachetee/MapServer/WFSServer?request=GetCapabilities&service=WFS aborted
2026-01-25 06:22:49,887 - Scraping log - scraper.py >         <module>(): Line 751 - INFO - Running default scraper on KT_FR > https://geo.fr.ch/ags/services/OpenData/Secteur_de_dangers_naturels_RDPPF_affectation/MapServer/WFSServer?request=GetCapabilities&service=WFS (source 940/1467)
2026-01-25 06:22:53,348 - Scraping log - scraper.py >         <module>(): Line 751 - INFO - Running default scraper on KT_FR > https://geo.fr.ch/ags/services/OpenData/Secteurs_a_objectifs_de_protection_du_patrimoine_PAL/MapServer/WFSServer?request=GetCapabilities&service=WFS (source 941/1467)
2026-01-25 06:22:57,247 - Scraping log - scraper.py >         <module>(): Line 751 - INFO - Running default scraper on KT_FR > https://geo.fr.ch/ags/services/OpenData/Secteurs_de_faune/MapServer/WFSServer?request=GetCapabilities&service=WFS (source 942/1467)
2026-01-25 06:23:00,779 - Scraping log - scraper.py >         <module>(): Line 751 - INFO - Running default scraper on KT_FR > https://geo.fr.ch/ags/services/OpenData/Secteurs_de_protection_du_patrimoine_ayant_passe_l_enquete_publique_PAL_en_revison/MapServer/WFSServer?request=GetCapabilities&service=WFS (source 943/1467)
2026-01-25 06:23:04,307 - Scraping log - scraper.py >         <module>(): Line 751 - INFO - Running default scraper on KT_FR > https://geo.fr.ch/ags/services/OpenData/Secteurs_soumis_a_PAD_amenagement_local/MapServer/WFSServer?request=GetCapabilities&service=WFS (source 944/1467)
2026-01-25 06:23:09,024 - Scraping log - scraper.py >         <module>(): Line 751 - INFO - Running default scraper on KT_FR > https://geo.fr.ch/ags/services/OpenData/Servitudes_Labels/MapServer/WFSServer?request=GetCapabilities&service=WFS (source 945/1467)
2026-01-25 06:23:12,768 - Scraping log - scraper.py >         <module>(): Line 751 - INFO - Running default scraper on KT_FR > https://geo.fr.ch/ags/services/OpenData/Servitudes_Lignes/MapServer/WFSServer?request=GetCapabilities&service=WFS (source 946/1467)
2026-01-25 06:23:16,020 - Scraping log - scraper.py >         <module>(): Line 751 - INFO - Running default scraper on KT_FR > https://geo.fr.ch/ags/services/OpenData/Servitudes_Points/MapServer/WFSServer?request=GetCapabilities&service=WFS (source 947/1467)
2026-01-25 06:23:20,015 - Scraping log - scraper.py >         <module>(): Line 751 - INFO - Running default scraper on KT_FR > https://geo.fr.ch/ags/services/OpenData/Servitudes_Surfaces/MapServer/WFSServer?request=GetCapabilities&service=WFS (source 948/1467)
2026-01-25 06:23:23,638 - Scraping log - scraper.py >         <module>(): Line 751 - INFO - Running default scraper on KT_FR > https://geo.fr.ch/ags/services/OpenData/Sirenes_de_la_PCi/MapServer/WFSServer?request=GetCapabilities&service=WFS (source 949/1467)
2026-01-25 06:23:27,053 - Scraping log - scraper.py >         <module>(): Line 751 - INFO - Running default scraper on KT_FR > https://geo.fr.ch/ags/services/OpenData/Sites_a_batraciens_annexe_1/MapServer/WFSServer?request=GetCapabilities&service=WFS (source 950/1467)
2026-01-25 06:23:27,628 - Scraping log - scraper.py >         <module>(): Line 759 - WARNING - Scraping KT_FR > https://geo.fr.ch/ags/services/OpenData/Sites_a_batraciens_annexe_1/MapServer/WFSServer?request=GetCapabilities&service=WFS aborted
2026-01-25 06:23:27,628 - Scraping log - scraper.py >         <module>(): Line 751 - INFO - Running default scraper on KT_FR > https://geo.fr.ch/ags/services/OpenData/Sites_a_batraciens_annexe_2/MapServer/WFSServer?request=GetCapabilities&service=WFS (source 951/1467)
2026-01-25 06:23:28,089 - Scraping log - scraper.py >         <module>(): Line 759 - WARNING - Scraping KT_FR > https://geo.fr.ch/ags/services/OpenData/Sites_a_batraciens_annexe_2/MapServer/WFSServer?request=GetCapabilities&service=WFS aborted
2026-01-25 06:23:28,089 - Scraping log - scraper.py >         <module>(): Line 751 - INFO - Running default scraper on KT_FR > https://geo.fr.ch/ags/services/OpenData/Sites_a_batraciens_annexe_3/MapServer/WFSServer?request=GetCapabilities&service=WFS (source 952/1467)
2026-01-25 06:23:28,667 - Scraping log - scraper.py >         <module>(): Line 759 - WARNING - Scraping KT_FR > https://geo.fr.ch/ags/services/OpenData/Sites_a_batraciens_annexe_3/MapServer/WFSServer?request=GetCapabilities&service=WFS aborted
2026-01-25 06:23:28,667 - Scraping log - scraper.py >         <module>(): Line 751 - INFO - Running default scraper on KT_FR > https://geo.fr.ch/ags/services/OpenData/Sites_a_batraciens_objets_fixes/MapServer/WFSServer?request=GetCapabilities&service=WFS (source 953/1467)
2026-01-25 06:23:29,129 - Scraping log - scraper.py >         <module>(): Line 759 - WARNING - Scraping KT_FR > https://geo.fr.ch/ags/services/OpenData/Sites_a_batraciens_objets_fixes/MapServer/WFSServer?request=GetCapabilities&service=WFS aborted
2026-01-25 06:23:29,129 - Scraping log - scraper.py >         <module>(): Line 751 - INFO - Running default scraper on KT_FR > https://geo.fr.ch/ags/services/OpenData/Sites_a_batraciens_objets_itinerants/MapServer/WFSServer?request=GetCapabilities&service=WFS (source 954/1467)
2026-01-25 06:23:29,589 - Scraping log - scraper.py >         <module>(): Line 759 - WARNING - Scraping KT_FR > https://geo.fr.ch/ags/services/OpenData/Sites_a_batraciens_objets_itinerants/MapServer/WFSServer?request=GetCapabilities&service=WFS aborted
2026-01-25 06:23:29,589 - Scraping log - scraper.py >         <module>(): Line 751 - INFO - Running default scraper on KT_FR > https://geo.fr.ch/ags/services/OpenData/Sites_bases_sur_l_ISOS/MapServer/WFSServer?request=GetCapabilities&service=WFS (source 955/1467)
2026-01-25 06:23:33,316 - Scraping log - scraper.py >         <module>(): Line 751 - INFO - Running default scraper on KT_FR > https://geo.fr.ch/ags/services/OpenData/Sites_de_reproduction_de_batraciens_d_importance_locale/MapServer/WFSServer?request=GetCapabilities&service=WFS (source 956/1467)
2026-01-25 06:23:36,936 - Scraping log - scraper.py >         <module>(): Line 751 - INFO - Running default scraper on KT_FR > https://geo.fr.ch/ags/services/OpenData/Sites_marecageux_d_importance_nationale/MapServer/WFSServer?request=GetCapabilities&service=WFS (source 957/1467)
2026-01-25 06:23:40,714 - Scraping log - scraper.py >         <module>(): Line 751 - INFO - Running default scraper on KT_FR > https://geo.fr.ch/ags/services/OpenData/Sites_prioritaires_prairies_et_paturages_secs/MapServer/WFSServer?request=GetCapabilities&service=WFS (source 958/1467)
2026-01-25 06:23:43,944 - Scraping log - scraper.py >         <module>(): Line 751 - INFO - Running default scraper on KT_FR > https://geo.fr.ch/ags/services/OpenData/Stations_d_epuration/MapServer/WFSServer?request=GetCapabilities&service=WFS (source 959/1467)
2026-01-25 06:23:47,412 - Scraping log - scraper.py >         <module>(): Line 751 - INFO - Running default scraper on KT_FR > https://geo.fr.ch/ags/services/OpenData/Stations_de_fecondation_des_abeilles/MapServer/WFSServer?request=GetCapabilities&service=WFS (source 960/1467)
2026-01-25 06:23:51,038 - Scraping log - scraper.py >         <module>(): Line 751 - INFO - Running default scraper on KT_FR > https://geo.fr.ch/ags/services/OpenData/Stations_forestieres/MapServer/WFSServer?request=GetCapabilities&service=WFS (source 961/1467)
2026-01-25 06:23:54,796 - Scraping log - scraper.py >         <module>(): Line 751 - INFO - Running default scraper on KT_FR > https://geo.fr.ch/ags/services/OpenData/Stations_meteo_degres_jours_et_temperatures_moyennes/MapServer/WFSServer?request=GetCapabilities&service=WFS (source 962/1467)
2026-01-25 06:23:55,262 - Scraping log - scraper.py >         <module>(): Line 759 - WARNING - Scraping KT_FR > https://geo.fr.ch/ags/services/OpenData/Stations_meteo_degres_jours_et_temperatures_moyennes/MapServer/WFSServer?request=GetCapabilities&service=WFS aborted
2026-01-25 06:23:55,262 - Scraping log - scraper.py >         <module>(): Line 751 - INFO - Running default scraper on KT_FR > https://geo.fr.ch/ags/services/OpenData/Statuts_des_donnees_descriptives/MapServer/WFSServer?request=GetCapabilities&service=WFS (source 963/1467)
2026-01-25 06:23:58,919 - Scraping log - scraper.py >         <module>(): Line 751 - INFO - Running default scraper on KT_FR > https://geo.fr.ch/ags/services/OpenData/Statuts_des_immeubles_en_vigueur/MapServer/WFSServer?request=GetCapabilities&service=WFS (source 964/1467)
2026-01-25 06:24:03,187 - Scraping log - scraper.py >         <module>(): Line 751 - INFO - Running default scraper on KT_FR > https://geo.fr.ch/ags/services/OpenData/Statuts_des_immeubles_projetes/MapServer/WFSServer?request=GetCapabilities&service=WFS (source 965/1467)
2026-01-25 06:24:06,561 - Scraping log - scraper.py >         <module>(): Line 751 - INFO - Running default scraper on KT_FR > https://geo.fr.ch/ags/services/OpenData/Structures_d_accueil/MapServer/WFSServer?request=GetCapabilities&service=WFS (source 966/1467)
2026-01-25 06:24:10,086 - Scraping log - scraper.py >         <module>(): Line 751 - INFO - Running default scraper on KT_FR > https://geo.fr.ch/ags/services/OpenData/Structures_d_activites_de_promotion_enfance_jeunesse/MapServer/WFSServer?request=GetCapabilities&service=WFS (source 967/1467)
2026-01-25 06:24:13,931 - Scraping log - scraper.py >         <module>(): Line 751 - INFO - Running default scraper on KT_FR > https://geo.fr.ch/ags/services/OpenData/Surface_agricole_utile/MapServer/WFSServer?request=GetCapabilities&service=WFS (source 968/1467)
2026-01-25 06:24:14,394 - Scraping log - scraper.py >         <module>(): Line 759 - WARNING - Scraping KT_FR > https://geo.fr.ch/ags/services/OpenData/Surface_agricole_utile/MapServer/WFSServer?request=GetCapabilities&service=WFS aborted
2026-01-25 06:24:14,394 - Scraping log - scraper.py >         <module>(): Line 751 - INFO - Running default scraper on KT_FR > https://geo.fr.ch/ags/services/OpenData/Surface_chaussee_routes_cantonales/MapServer/WFSServer?request=GetCapabilities&service=WFS (source 969/1467)
2026-01-25 06:24:18,100 - Scraping log - scraper.py >         <module>(): Line 751 - INFO - Running default scraper on KT_FR > https://geo.fr.ch/ags/services/OpenData/Surface_de_couverture_Sirenes_de_la_PCi/MapServer/WFSServer?request=GetCapabilities&service=WFS (source 970/1467)
2026-01-25 06:24:21,414 - Scraping log - scraper.py >         <module>(): Line 751 - INFO - Running default scraper on KT_FR > https://geo.fr.ch/ags/services/OpenData/Surfaces_a_aptitude_reduite_pour_la_culture_des_champs/MapServer/WFSServer?request=GetCapabilities&service=WFS (source 971/1467)
2026-01-25 06:24:25,201 - Scraping log - scraper.py >         <module>(): Line 751 - INFO - Running default scraper on KT_FR > https://geo.fr.ch/ags/services/OpenData/Surfaces_d_assolement/MapServer/WFSServer?request=GetCapabilities&service=WFS (source 972/1467)
2026-01-25 06:24:29,007 - Scraping log - scraper.py >         <module>(): Line 751 - INFO - Running default scraper on KT_FR > https://geo.fr.ch/ags/services/OpenData/Surfaces_de_promotion_de_la_biodiversite_SPB_I/MapServer/WFSServer?request=GetCapabilities&service=WFS (source 973/1467)
2026-01-25 06:24:32,771 - Scraping log - scraper.py >         <module>(): Line 751 - INFO - Running default scraper on KT_FR > https://geo.fr.ch/ags/services/OpenData/Surfaces_de_promotion_de_la_biodiversite_SPB_II_Estivage/MapServer/WFSServer?request=GetCapabilities&service=WFS (source 974/1467)
2026-01-25 06:24:36,632 - Scraping log - scraper.py >         <module>(): Line 751 - INFO - Running default scraper on KT_FR > https://geo.fr.ch/ags/services/OpenData/Surfaces_de_promotion_de_la_biodiversite_SPB_II_Plaine/MapServer/WFSServer?request=GetCapabilities&service=WFS (source 975/1467)
2026-01-25 06:24:39,911 - Scraping log - scraper.py >         <module>(): Line 751 - INFO - Running default scraper on KT_FR > https://geo.fr.ch/ags/services/OpenData/Syndicats_de_chemins_alpestres/MapServer/WFSServer?request=GetCapabilities&service=WFS (source 976/1467)
2026-01-25 06:24:43,645 - Scraping log - scraper.py >         <module>(): Line 751 - INFO - Running default scraper on KT_FR > https://geo.fr.ch/ags/services/OpenData/Talus_a_valeur_ecologique_routes_cantonales/MapServer/WFSServer?request=GetCapabilities&service=WFS (source 977/1467)
2026-01-25 06:24:47,269 - Scraping log - scraper.py >         <module>(): Line 751 - INFO - Running default scraper on KT_FR > https://geo.fr.ch/ags/services/OpenData/Terrains_en_pente/MapServer/WFSServer?request=GetCapabilities&service=WFS (source 978/1467)
2026-01-25 06:24:50,578 - Scraping log - scraper.py >         <module>(): Line 751 - INFO - Running default scraper on KT_FR > https://geo.fr.ch/ags/services/OpenData/Territoires_de_chasse_en_montagne/MapServer/WFSServer?request=GetCapabilities&service=WFS (source 979/1467)
2026-01-25 06:24:54,324 - Scraping log - scraper.py >         <module>(): Line 751 - INFO - Running default scraper on KT_FR > https://geo.fr.ch/ags/services/OpenData/Trafic_journalier_moyen/MapServer/WFSServer?request=GetCapabilities&service=WFS (source 980/1467)
2026-01-25 06:24:58,237 - Scraping log - scraper.py >         <module>(): Line 751 - INFO - Running default scraper on KT_FR > https://geo.fr.ch/ags/services/OpenData/Trafic_poids_lourds/MapServer/WFSServer?request=GetCapabilities&service=WFS (source 981/1467)
2026-01-25 06:25:01,865 - Scraping log - scraper.py >         <module>(): Line 751 - INFO - Running default scraper on KT_FR > https://geo.fr.ch/ags/services/OpenData/Triages_forestiers/MapServer/WFSServer?request=GetCapabilities&service=WFS (source 982/1467)
2026-01-25 06:25:05,679 - Scraping log - scraper.py >         <module>(): Line 751 - INFO - Running default scraper on KT_FR > https://geo.fr.ch/ags/services/OpenData/Troncons_de_rues_en_couleurs/MapServer/WFSServer?request=GetCapabilities&service=WFS (source 983/1467)
2026-01-25 06:25:09,011 - Scraping log - scraper.py >         <module>(): Line 751 - INFO - Running default scraper on KT_FR > https://geo.fr.ch/ags/services/OpenData/Troncons_de_rues/MapServer/WFSServer?request=GetCapabilities&service=WFS (source 984/1467)
2026-01-25 06:25:12,858 - Scraping log - scraper.py >         <module>(): Line 751 - INFO - Running default scraper on KT_FR > https://geo.fr.ch/ags/services/OpenData/Type_d_objet_ISOS___Ligne/MapServer/WFSServer?request=GetCapabilities&service=WFS (source 985/1467)
2026-01-25 06:25:16,189 - Scraping log - scraper.py >         <module>(): Line 751 - INFO - Running default scraper on KT_FR > https://geo.fr.ch/ags/services/OpenData/Type_d_objet_ISOS___Polygone/MapServer/WFSServer?request=GetCapabilities&service=WFS (source 986/1467)
2026-01-25 06:25:19,274 - Scraping log - scraper.py >         <module>(): Line 751 - INFO - Running default scraper on KT_FR > https://geo.fr.ch/ags/services/OpenData/Unites_d_exploitation/MapServer/WFSServer?request=GetCapabilities&service=WFS (source 987/1467)
2026-01-25 06:25:23,382 - Scraping log - scraper.py >         <module>(): Line 751 - INFO - Running default scraper on KT_FR > https://geo.fr.ch/ags/services/OpenData/Unites_de_gestion_des_forets_publiques/MapServer/WFSServer?request=GetCapabilities&service=WFS (source 988/1467)
2026-01-25 06:25:27,104 - Scraping log - scraper.py >         <module>(): Line 751 - INFO - Running default scraper on KT_FR > https://geo.fr.ch/ags/services/OpenData/Unites_pastorales_catholiques/MapServer/WFSServer?request=GetCapabilities&service=WFS (source 989/1467)
2026-01-25 06:25:30,950 - Scraping log - scraper.py >         <module>(): Line 751 - INFO - Running default scraper on KT_FR > https://geo.fr.ch/ags/services/OpenData/Vannes_AquaFri/MapServer/WFSServer?request=GetCapabilities&service=WFS (source 990/1467)
2026-01-25 06:25:34,845 - Scraping log - scraper.py >         <module>(): Line 751 - INFO - Running default scraper on KT_FR > https://geo.fr.ch/ags/services/OpenData/Vigne_en_production_AOC/MapServer/WFSServer?request=GetCapabilities&service=WFS (source 991/1467)
2026-01-25 06:25:38,680 - Scraping log - scraper.py >         <module>(): Line 751 - INFO - Running default scraper on KT_FR > https://geo.fr.ch/ags/services/OpenData/Vignobles_en_pente/MapServer/WFSServer?request=GetCapabilities&service=WFS (source 992/1467)
2026-01-25 06:25:42,192 - Scraping log - scraper.py >         <module>(): Line 751 - INFO - Running default scraper on KT_FR > https://geo.fr.ch/ags/services/OpenData/Voies_historiques_IVS/MapServer/WFSServer?request=GetCapabilities&service=WFS (source 993/1467)
2026-01-25 06:25:45,793 - Scraping log - scraper.py >         <module>(): Line 751 - INFO - Running default scraper on KT_FR > https://geo.fr.ch/ags/services/OpenData/Zones_a_batir_et_perimetre_d_habitat_a_maintenir_amenagement_local_PAZ/MapServer/WFSServer?request=GetCapabilities&service=WFS (source 994/1467)
2026-01-25 06:25:46,263 - Scraping log - scraper.py >         <module>(): Line 759 - WARNING - Scraping KT_FR > https://geo.fr.ch/ags/services/OpenData/Zones_a_batir_et_perimetre_d_habitat_a_maintenir_amenagement_local_PAZ/MapServer/WFSServer?request=GetCapabilities&service=WFS aborted
2026-01-25 06:25:46,263 - Scraping log - scraper.py >         <module>(): Line 751 - INFO - Running default scraper on KT_FR > https://geo.fr.ch/ags/services/OpenData/Zones_alluviales_d_importance_locale/MapServer/WFSServer?request=GetCapabilities&service=WFS (source 995/1467)
2026-01-25 06:25:49,726 - Scraping log - scraper.py >         <module>(): Line 751 - INFO - Running default scraper on KT_FR > https://geo.fr.ch/ags/services/OpenData/Zones_alluviales_d_importance_nationale/MapServer/WFSServer?request=GetCapabilities&service=WFS (source 996/1467)
2026-01-25 06:25:53,173 - Scraping log - scraper.py >         <module>(): Line 751 - INFO - Running default scraper on KT_FR > https://geo.fr.ch/ags/services/OpenData/Zones_alluviales/MapServer/WFSServer?request=GetCapabilities&service=WFS (source 997/1467)
2026-01-25 06:25:53,639 - Scraping log - scraper.py >         <module>(): Line 759 - WARNING - Scraping KT_FR > https://geo.fr.ch/ags/services/OpenData/Zones_alluviales/MapServer/WFSServer?request=GetCapabilities&service=WFS aborted
2026-01-25 06:25:53,639 - Scraping log - scraper.py >         <module>(): Line 751 - INFO - Running default scraper on KT_FR > https://geo.fr.ch/ags/services/OpenData/Zones_de_contribution_federale_MO/MapServer/WFSServer?request=GetCapabilities&service=WFS (source 998/1467)
2026-01-25 06:25:57,113 - Scraping log - scraper.py >         <module>(): Line 751 - INFO - Running default scraper on KT_FR > https://geo.fr.ch/ags/services/OpenData/Zones_de_desserte_de_l_approvisionnement_en_electricite/MapServer/WFSServer?request=GetCapabilities&service=WFS (source 999/1467)
2026-01-25 06:26:00,745 - Scraping log - scraper.py >         <module>(): Line 751 - INFO - Running default scraper on KT_FR > https://geo.fr.ch/ags/services/OpenData/Zones_de_protection_des_eaux_souterraines_RDPPF/MapServer/WFSServer?request=GetCapabilities&service=WFS (source 1000/1467)
2026-01-25 06:26:04,201 - Scraping log - scraper.py >         <module>(): Line 751 - INFO - Running default scraper on KT_FR > https://geo.fr.ch/ags/services/OpenData/Zones_de_recrutement_des_etablissements_primaires_francophones/MapServer/WFSServer?request=GetCapabilities&service=WFS (source 1001/1467)
2026-01-25 06:26:07,778 - Scraping log - scraper.py >         <module>(): Line 751 - INFO - Running default scraper on KT_FR > https://geo.fr.ch/ags/services/OpenData/Zones_de_recrutement_des_etablissements_primaires_germanophones/MapServer/WFSServer?request=GetCapabilities&service=WFS (source 1002/1467)
2026-01-25 06:26:11,203 - Scraping log - scraper.py >         <module>(): Line 751 - INFO - Running default scraper on KT_FR > https://geo.fr.ch/ags/services/OpenData/Zones_de_recrutement_des_etablissements_secondaires_francophones/MapServer/WFSServer?request=GetCapabilities&service=WFS (source 1003/1467)
2026-01-25 06:26:14,945 - Scraping log - scraper.py >         <module>(): Line 751 - INFO - Running default scraper on KT_FR > https://geo.fr.ch/ags/services/OpenData/Zones_de_recrutement_des_etablissements_secondaires_germanophones/MapServer/WFSServer?request=GetCapabilities&service=WFS (source 1004/1467)
2026-01-25 06:26:18,656 - Scraping log - scraper.py >         <module>(): Line 751 - INFO - Running default scraper on KT_FR > https://geo.fr.ch/ags/services/OpenData/Zones_de_tensions_negligeables/MapServer/WFSServer?request=GetCapabilities&service=WFS (source 1005/1467)
2026-01-25 06:26:22,245 - Scraping log - scraper.py >         <module>(): Line 751 - INFO - Running default scraper on KT_FR > https://geo.fr.ch/ags/services/OpenData/Zones_de_tranquillite/MapServer/WFSServer?request=GetCapabilities&service=WFS (source 1006/1467)
2026-01-25 06:26:25,888 - Scraping log - scraper.py >         <module>(): Line 751 - INFO - Running default scraper on KT_FR > https://geo.fr.ch/ags/services/OpenData/Zones_et_reserves_de_peche_cours_d_eau/MapServer/WFSServer?request=GetCapabilities&service=WFS (source 1007/1467)
2026-01-25 06:26:26,465 - Scraping log - scraper.py >         <module>(): Line 759 - WARNING - Scraping KT_FR > https://geo.fr.ch/ags/services/OpenData/Zones_et_reserves_de_peche_cours_d_eau/MapServer/WFSServer?request=GetCapabilities&service=WFS aborted
2026-01-25 06:26:26,465 - Scraping log - scraper.py >         <module>(): Line 751 - INFO - Running default scraper on KT_FR > https://geo.fr.ch/ags/services/OpenData/Zones_et_reserves_de_peche_lacs/MapServer/WFSServer?request=GetCapabilities&service=WFS (source 1008/1467)
2026-01-25 06:26:26,929 - Scraping log - scraper.py >         <module>(): Line 759 - WARNING - Scraping KT_FR > https://geo.fr.ch/ags/services/OpenData/Zones_et_reserves_de_peche_lacs/MapServer/WFSServer?request=GetCapabilities&service=WFS aborted
2026-01-25 06:26:26,929 - Scraping log - scraper.py >         <module>(): Line 751 - INFO - Running default scraper on KT_FR > https://geo.fr.ch/ags/services/OpenData/Zones_humides_Ramsar/MapServer/WFSServer?request=GetCapabilities&service=WFS (source 1009/1467)
2026-01-25 06:26:30,381 - Scraping log - scraper.py >         <module>(): Line 751 - INFO - Running default scraper on KT_FR > https://geo.fr.ch/ags/services/OpenData/Zones_interdites_au_kitesurfing/MapServer/WFSServer?request=GetCapabilities&service=WFS (source 1010/1467)
2026-01-25 06:26:34,028 - Scraping log - scraper.py >         <module>(): Line 751 - INFO - Running default scraper on KT_FR > https://geo.fr.ch/ags/services/OpenData/Zones_reservees_des_routes_cantonales_RDPPF/MapServer/WFSServer?request=GetCapabilities&service=WFS (source 1011/1467)
2026-01-25 06:26:37,567 - Scraping log - scraper.py >         <module>(): Line 751 - INFO - Running default scraper on KT_FR > https://geo.fr.ch/ags/services/OpenData/Zones_reservees_RDPPF_affectation/MapServer/WFSServer?request=GetCapabilities&service=WFS (source 1012/1467)
2026-01-25 06:26:41,493 - Scraping log - scraper.py >         <module>(): Line 751 - INFO - Running default scraper on KT_FR > https://geo.fr.ch/ags/services/OpenData/Zones_superposees_de_protection_de_la_nature_et_du_paysage/MapServer/WFSServer?request=GetCapabilities&service=WFS (source 1013/1467)
2026-01-25 06:26:41,960 - Scraping log - scraper.py >         <module>(): Line 759 - WARNING - Scraping KT_FR > https://geo.fr.ch/ags/services/OpenData/Zones_superposees_de_protection_de_la_nature_et_du_paysage/MapServer/WFSServer?request=GetCapabilities&service=WFS aborted
2026-01-25 06:26:41,960 - Scraping log - scraper.py >         <module>(): Line 751 - INFO - Running default scraper on KT_FR > https://geo.fr.ch/ags/services/OpenData/Accidents_de_la_circulation_routiere/MapServer/WMSServer?request=GetCapabilities&service=WMS (source 1014/1467)
2026-01-25 06:26:45,019 - Scraping log - scraper.py >         <module>(): Line 751 - INFO - Running default scraper on KT_FR > https://geo.fr.ch/ags/services/OpenData/Accroissement_annuel_de_trafic_2015_2020/MapServer/WMSServer?request=GetCapabilities&service=WMS (source 1015/1467)
2026-01-25 06:26:47,620 - Scraping log - scraper.py >         <module>(): Line 751 - INFO - Running default scraper on KT_FR > https://geo.fr.ch/ags/services/OpenData/Admissibilite_des_sondes_geothermiques_SGV/MapServer/WMSServer?request=GetCapabilities&service=WMS (source 1016/1467)
2026-01-25 06:26:50,417 - Scraping log - scraper.py >         <module>(): Line 751 - INFO - Running default scraper on KT_FR > https://geo.fr.ch/ags/services/OpenData/Adresses_MO_RegBL_par_rue/MapServer/WMSServer?request=GetCapabilities&service=WMS (source 1017/1467)
2026-01-25 06:26:53,194 - Scraping log - scraper.py >         <module>(): Line 751 - INFO - Running default scraper on KT_FR > https://geo.fr.ch/ags/services/OpenData/Adresses_MO_RegBL_RegBAFR/MapServer/WMSServer?request=GetCapabilities&service=WMS (source 1018/1467)
2026-01-25 06:26:55,429 - Scraping log - scraper.py >         <module>(): Line 751 - INFO - Running default scraper on KT_FR > https://geo.fr.ch/ags/services/OpenData/Adresses_REGBL/MapServer/WMSServer?request=GetCapabilities&service=WMS (source 1019/1467)
2026-01-25 06:26:58,480 - Scraping log - scraper.py >         <module>(): Line 751 - INFO - Running default scraper on KT_FR > https://geo.fr.ch/ags/services/OpenData/Affectations_primaires_RDPPF_affectation/MapServer/WMSServer?request=GetCapabilities&service=WMS (source 1020/1467)
2026-01-25 06:27:02,590 - Scraping log - scraper.py >         <module>(): Line 751 - INFO - Running default scraper on KT_FR > https://geo.fr.ch/ags/services/OpenData/Amenagements_longitudinaux_plan_sectoriel_velo/MapServer/WMSServer?request=GetCapabilities&service=WMS (source 1021/1467)
2026-01-25 06:27:05,502 - Scraping log - scraper.py >         <module>(): Line 751 - INFO - Running default scraper on KT_FR > https://geo.fr.ch/ags/services/OpenData/Amenagements_ponctuels_plan_sectoriel_velo/MapServer/WMSServer?request=GetCapabilities&service=WMS (source 1022/1467)
2026-01-25 06:27:07,962 - Scraping log - scraper.py >         <module>(): Line 751 - INFO - Running default scraper on KT_FR > https://geo.fr.ch/ags/services/OpenData/Animation_socioculturelle_communale/MapServer/WMSServer?request=GetCapabilities&service=WMS (source 1023/1467)
2026-01-25 06:27:10,905 - Scraping log - scraper.py >         <module>(): Line 751 - INFO - Running default scraper on KT_FR > https://geo.fr.ch/ags/services/OpenData/Animation_socioculturelle_regionale/MapServer/WMSServer?request=GetCapabilities&service=WMS (source 1024/1467)
2026-01-25 06:27:13,290 - Scraping log - scraper.py >         <module>(): Line 751 - INFO - Running default scraper on KT_FR > https://geo.fr.ch/ags/services/OpenData/AOP_Emmental/MapServer/WMSServer?request=GetCapabilities&service=WMS (source 1025/1467)
2026-01-25 06:27:15,822 - Scraping log - scraper.py >         <module>(): Line 751 - INFO - Running default scraper on KT_FR > https://geo.fr.ch/ags/services/OpenData/AOP_Gruyere/MapServer/WMSServer?request=GetCapabilities&service=WMS (source 1026/1467)
2026-01-25 06:27:18,361 - Scraping log - scraper.py >         <module>(): Line 751 - INFO - Running default scraper on KT_FR > https://geo.fr.ch/ags/services/OpenData/AOP_Poire_a_botzi/MapServer/WMSServer?request=GetCapabilities&service=WMS (source 1027/1467)
2026-01-25 06:27:21,231 - Scraping log - scraper.py >         <module>(): Line 751 - INFO - Running default scraper on KT_FR > https://geo.fr.ch/ags/services/OpenData/AOP_Vacherin_fribourgeois/MapServer/WMSServer?request=GetCapabilities&service=WMS (source 1028/1467)
2026-01-25 06:27:23,667 - Scraping log - scraper.py >         <module>(): Line 751 - INFO - Running default scraper on KT_FR > https://geo.fr.ch/ags/services/OpenData/Aptitudes_climatiques/MapServer/WMSServer?request=GetCapabilities&service=WMS (source 1029/1467)
2026-01-25 06:27:26,514 - Scraping log - scraper.py >         <module>(): Line 751 - INFO - Running default scraper on KT_FR > https://geo.fr.ch/ags/services/OpenData/Aquiferes_de_l_inventaire_des_eaux_souterraines/MapServer/WMSServer?request=GetCapabilities&service=WMS (source 1030/1467)
2026-01-25 06:27:29,053 - Scraping log - scraper.py >         <module>(): Line 751 - INFO - Running default scraper on KT_FR > https://geo.fr.ch/ags/services/OpenData/Arbres_culture/MapServer/WMSServer?request=GetCapabilities&service=WMS (source 1031/1467)
2026-01-25 06:27:31,628 - Scraping log - scraper.py >         <module>(): Line 751 - INFO - Running default scraper on KT_FR > https://geo.fr.ch/ags/services/OpenData/Arbres_spectaculaires/MapServer/WMSServer?request=GetCapabilities&service=WMS (source 1032/1467)
2026-01-25 06:27:34,381 - Scraping log - scraper.py >         <module>(): Line 751 - INFO - Running default scraper on KT_FR > https://geo.fr.ch/ags/services/OpenData/Arrets_de_transport_public/MapServer/WMSServer?request=GetCapabilities&service=WMS (source 1033/1467)
2026-01-25 06:27:38,044 - Scraping log - scraper.py >         <module>(): Line 751 - INFO - Running default scraper on KT_FR > https://geo.fr.ch/ags/services/OpenData/Arrondissements_d_entretien_routes_cantonales/MapServer/WMSServer?request=GetCapabilities&service=WMS (source 1034/1467)
2026-01-25 06:27:40,809 - Scraping log - scraper.py >         <module>(): Line 751 - INFO - Running default scraper on KT_FR > https://geo.fr.ch/ags/services/OpenData/Arrondissements_d_inspectorat_ecoles/MapServer/WMSServer?request=GetCapabilities&service=WMS (source 1035/1467)
2026-01-25 06:27:43,530 - Scraping log - scraper.py >         <module>(): Line 751 - INFO - Running default scraper on KT_FR > https://geo.fr.ch/ags/services/OpenData/Arrondissements_forestiers/MapServer/WMSServer?request=GetCapabilities&service=WMS (source 1036/1467)
2026-01-25 06:27:46,150 - Scraping log - scraper.py >         <module>(): Line 751 - INFO - Running default scraper on KT_FR > https://geo.fr.ch/ags/services/OpenData/Assainissement_de_terrain_drainage/MapServer/WMSServer?request=GetCapabilities&service=WMS (source 1037/1467)
2026-01-25 06:27:48,998 - Scraping log - scraper.py >         <module>(): Line 751 - INFO - Running default scraper on KT_FR > https://geo.fr.ch/ags/services/OpenData/Associations_forestieres_remarquables/MapServer/WMSServer?request=GetCapabilities&service=WMS (source 1038/1467)
2026-01-25 06:27:51,553 - Scraping log - scraper.py >         <module>(): Line 751 - INFO - Running default scraper on KT_FR > https://geo.fr.ch/ags/services/OpenData/Axes_de_maintenance_SRB/MapServer/WMSServer?request=GetCapabilities&service=WMS (source 1039/1467)
2026-01-25 06:27:54,361 - Scraping log - scraper.py >         <module>(): Line 751 - INFO - Running default scraper on KT_FR > https://geo.fr.ch/ags/services/OpenData/Bandes_cyclables_routes_cantonales/MapServer/WMSServer?request=GetCapabilities&service=WMS (source 1040/1467)
2026-01-25 06:27:57,275 - Scraping log - scraper.py >         <module>(): Line 751 - INFO - Running default scraper on KT_FR > https://geo.fr.ch/ags/services/OpenData/Bas_marais_d_importance_locale/MapServer/WMSServer?request=GetCapabilities&service=WMS (source 1041/1467)
2026-01-25 06:28:00,180 - Scraping log - scraper.py >         <module>(): Line 751 - INFO - Running default scraper on KT_FR > https://geo.fr.ch/ags/services/OpenData/Bas_marais_d_importance_nationale/MapServer/WMSServer?request=GetCapabilities&service=WMS (source 1042/1467)
2026-01-25 06:28:02,608 - Scraping log - scraper.py >         <module>(): Line 751 - INFO - Running default scraper on KT_FR > https://geo.fr.ch/ags/services/OpenData/Bas_marais/MapServer/WMSServer?request=GetCapabilities&service=WMS (source 1043/1467)
2026-01-25 06:28:03,097 - Scraping log - scraper.py >         <module>(): Line 759 - WARNING - Scraping KT_FR > https://geo.fr.ch/ags/services/OpenData/Bas_marais/MapServer/WMSServer?request=GetCapabilities&service=WMS aborted
2026-01-25 06:28:03,097 - Scraping log - scraper.py >         <module>(): Line 751 - INFO - Running default scraper on KT_FR > https://geo.fr.ch/ags/services/OpenData/Batiments_exposes_aux_dangers_naturels_gravitaires___par_processus/MapServer/WMSServer?request=GetCapabilities&service=WMS (source 1044/1467)
2026-01-25 06:28:03,564 - Scraping log - scraper.py >         <module>(): Line 759 - WARNING - Scraping KT_FR > https://geo.fr.ch/ags/services/OpenData/Batiments_exposes_aux_dangers_naturels_gravitaires___par_processus/MapServer/WMSServer?request=GetCapabilities&service=WMS aborted
2026-01-25 06:28:03,564 - Scraping log - scraper.py >         <module>(): Line 751 - INFO - Running default scraper on KT_FR > https://geo.fr.ch/ags/services/OpenData/Batiments_MO_RegBL_par_rue/MapServer/WMSServer?request=GetCapabilities&service=WMS (source 1045/1467)
2026-01-25 06:28:06,515 - Scraping log - scraper.py >         <module>(): Line 751 - INFO - Running default scraper on KT_FR > https://geo.fr.ch/ags/services/OpenData/Batiments_MO_RegBL_RegBAFR/MapServer/WMSServer?request=GetCapabilities&service=WMS (source 1046/1467)
2026-01-25 06:28:08,943 - Scraping log - scraper.py >         <module>(): Line 751 - INFO - Running default scraper on KT_FR > https://geo.fr.ch/ags/services/OpenData/Batraciens_et_trafic_routier/MapServer/WMSServer?request=GetCapabilities&service=WMS (source 1047/1467)
2026-01-25 06:28:09,410 - Scraping log - scraper.py >         <module>(): Line 759 - WARNING - Scraping KT_FR > https://geo.fr.ch/ags/services/OpenData/Batraciens_et_trafic_routier/MapServer/WMSServer?request=GetCapabilities&service=WMS aborted
2026-01-25 06:28:09,410 - Scraping log - scraper.py >         <module>(): Line 751 - INFO - Running default scraper on KT_FR > https://geo.fr.ch/ags/services/OpenData/Belastete_Standorte_Ablagerungsstandorte/MapServer/WMSServer?request=GetCapabilities&service=WMS (source 1048/1467)
2026-01-25 06:28:12,128 - Scraping log - scraper.py >         <module>(): Line 751 - INFO - Running default scraper on KT_FR > https://geo.fr.ch/ags/services/OpenData/Belastete_Standorte_Betriebsstandorte/MapServer/WMSServer?request=GetCapabilities&service=WMS (source 1049/1467)
2026-01-25 06:28:14,606 - Scraping log - scraper.py >         <module>(): Line 751 - INFO - Running default scraper on KT_FR > https://geo.fr.ch/ags/services/OpenData/Belastete_Standorte_Schiessanlagen/MapServer/WMSServer?request=GetCapabilities&service=WMS (source 1050/1467)
2026-01-25 06:28:17,293 - Scraping log - scraper.py >         <module>(): Line 751 - INFO - Running default scraper on KT_FR > https://geo.fr.ch/ags/services/OpenData/Belastete_Standorte_Unfallstandorte/MapServer/WMSServer?request=GetCapabilities&service=WMS (source 1051/1467)
2026-01-25 06:28:19,859 - Scraping log - scraper.py >         <module>(): Line 751 - INFO - Running default scraper on KT_FR > https://geo.fr.ch/ags/services/OpenData/Biens_culturels_immeubles_proteges_RBCI_SBC/MapServer/WMSServer?request=GetCapabilities&service=WMS (source 1052/1467)
2026-01-25 06:28:22,653 - Scraping log - scraper.py >         <module>(): Line 751 - INFO - Running default scraper on KT_FR > https://geo.fr.ch/ags/services/OpenData/Biens_culturels_immeubles_recenses_RBCI_SBC/MapServer/WMSServer?request=GetCapabilities&service=WMS (source 1053/1467)
2026-01-25 06:28:25,609 - Scraping log - scraper.py >         <module>(): Line 751 - INFO - Running default scraper on KT_FR > https://geo.fr.ch/ags/services/OpenData/Blocs_erratiques_d_importance_cantonale_Etude_de_base/MapServer/WMSServer?request=GetCapabilities&service=WMS (source 1054/1467)
2026-01-25 06:28:28,449 - Scraping log - scraper.py >         <module>(): Line 751 - INFO - Running default scraper on KT_FR > https://geo.fr.ch/ags/services/OpenData/Bornes_historiques/MapServer/WMSServer?request=GetCapabilities&service=WMS (source 1055/1467)
2026-01-25 06:28:31,395 - Scraping log - scraper.py >         <module>(): Line 751 - INFO - Running default scraper on KT_FR > https://geo.fr.ch/ags/services/OpenData/Cadastre_des_evenements_StorMe/MapServer/WMSServer?request=GetCapabilities&service=WMS (source 1056/1467)
2026-01-25 06:28:31,857 - Scraping log - scraper.py >         <module>(): Line 759 - WARNING - Scraping KT_FR > https://geo.fr.ch/ags/services/OpenData/Cadastre_des_evenements_StorMe/MapServer/WMSServer?request=GetCapabilities&service=WMS aborted
2026-01-25 06:28:31,857 - Scraping log - scraper.py >         <module>(): Line 751 - INFO - Running default scraper on KT_FR > https://geo.fr.ch/ags/services/OpenData/Cadastre_des_sites_pollues_RDPPF/MapServer/WMSServer?request=GetCapabilities&service=WMS (source 1057/1467)
2026-01-25 06:28:34,696 - Scraping log - scraper.py >         <module>(): Line 751 - INFO - Running default scraper on KT_FR > https://geo.fr.ch/ags/services/OpenData/Canton/MapServer/WMSServer?request=GetCapabilities&service=WMS (source 1058/1467)
2026-01-25 06:28:37,401 - Scraping log - scraper.py >         <module>(): Line 751 - INFO - Running default scraper on KT_FR > https://geo.fr.ch/ags/services/OpenData/Captages_AquaFri/MapServer/WMSServer?request=GetCapabilities&service=WMS (source 1059/1467)
2026-01-25 06:28:42,653 - Scraping log - scraper.py >         <module>(): Line 751 - INFO - Running default scraper on KT_FR > https://geo.fr.ch/ags/services/OpenData/Carte_de_danger___Avalanches/MapServer/WMSServer?request=GetCapabilities&service=WMS (source 1060/1467)
2026-01-25 06:28:45,386 - Scraping log - scraper.py >         <module>(): Line 751 - INFO - Running default scraper on KT_FR > https://geo.fr.ch/ags/services/OpenData/Carte_de_danger___Chutes_de_pierres___blocs/MapServer/WMSServer?request=GetCapabilities&service=WMS (source 1061/1467)
2026-01-25 06:28:45,960 - Scraping log - scraper.py >         <module>(): Line 759 - WARNING - Scraping KT_FR > https://geo.fr.ch/ags/services/OpenData/Carte_de_danger___Chutes_de_pierres___blocs/MapServer/WMSServer?request=GetCapabilities&service=WMS aborted
2026-01-25 06:28:45,960 - Scraping log - scraper.py >         <module>(): Line 751 - INFO - Running default scraper on KT_FR > https://geo.fr.ch/ags/services/OpenData/Carte_de_danger___Chutes_de_pierres__blocs/MapServer/WMSServer?request=GetCapabilities&service=WMS (source 1062/1467)
2026-01-25 06:28:46,530 - Scraping log - scraper.py >         <module>(): Line 759 - WARNING - Scraping KT_FR > https://geo.fr.ch/ags/services/OpenData/Carte_de_danger___Chutes_de_pierres__blocs/MapServer/WMSServer?request=GetCapabilities&service=WMS aborted
2026-01-25 06:28:46,530 - Scraping log - scraper.py >         <module>(): Line 751 - INFO - Running default scraper on KT_FR > https://geo.fr.ch/ags/services/OpenData/Carte_de_danger___Crues/MapServer/WMSServer?request=GetCapabilities&service=WMS (source 1063/1467)
2026-01-25 06:28:49,001 - Scraping log - scraper.py >         <module>(): Line 751 - INFO - Running default scraper on KT_FR > https://geo.fr.ch/ags/services/OpenData/Carte_de_danger___Effondrements_de_falaise/MapServer/WMSServer?request=GetCapabilities&service=WMS (source 1064/1467)
2026-01-25 06:28:51,953 - Scraping log - scraper.py >         <module>(): Line 751 - INFO - Running default scraper on KT_FR > https://geo.fr.ch/ags/services/OpenData/Carte_de_danger___Glissements_de_terrain/MapServer/WMSServer?request=GetCapabilities&service=WMS (source 1065/1467)
2026-01-25 06:28:52,413 - Scraping log - scraper.py >         <module>(): Line 759 - WARNING - Scraping KT_FR > https://geo.fr.ch/ags/services/OpenData/Carte_de_danger___Glissements_de_terrain/MapServer/WMSServer?request=GetCapabilities&service=WMS aborted
2026-01-25 06:28:52,413 - Scraping log - scraper.py >         <module>(): Line 751 - INFO - Running default scraper on KT_FR > https://geo.fr.ch/ags/services/OpenData/Carte_de_danger___Laves_torrentielles/MapServer/WMSServer?request=GetCapabilities&service=WMS (source 1066/1467)
2026-01-25 06:28:55,236 - Scraping log - scraper.py >         <module>(): Line 751 - INFO - Running default scraper on KT_FR > https://geo.fr.ch/ags/services/OpenData/Carte_de_protection_des_eaux/MapServer/WMSServer?request=GetCapabilities&service=WMS (source 1067/1467)
2026-01-25 06:28:57,945 - Scraping log - scraper.py >         <module>(): Line 751 - INFO - Running default scraper on KT_FR > https://geo.fr.ch/ags/services/OpenData/Carte_des_sols_de_fondation/MapServer/WMSServer?request=GetCapabilities&service=WMS (source 1068/1467)
2026-01-25 06:29:00,495 - Scraping log - scraper.py >         <module>(): Line 751 - INFO - Running default scraper on KT_FR > https://geo.fr.ch/ags/services/OpenData/Categorie_de_protection_ISOS/MapServer/WMSServer?request=GetCapabilities&service=WMS (source 1069/1467)
2026-01-25 06:29:03,072 - Scraping log - scraper.py >         <module>(): Line 751 - INFO - Running default scraper on KT_FR > https://geo.fr.ch/ags/services/OpenData/Centrales_MCT_AquaFri/MapServer/WMSServer?request=GetCapabilities&service=WMS (source 1070/1467)
2026-01-25 06:29:05,611 - Scraping log - scraper.py >         <module>(): Line 751 - INFO - Running default scraper on KT_FR > https://geo.fr.ch/ags/services/OpenData/Centres_d_exploitation_agricole/MapServer/WMSServer?request=GetCapabilities&service=WMS (source 1071/1467)
2026-01-25 06:29:08,229 - Scraping log - scraper.py >         <module>(): Line 751 - INFO - Running default scraper on KT_FR > https://geo.fr.ch/ags/services/OpenData/Centres_forestiers/MapServer/WMSServer?request=GetCapabilities&service=WMS (source 1072/1467)
2026-01-25 06:29:11,123 - Scraping log - scraper.py >         <module>(): Line 751 - INFO - Running default scraper on KT_FR > https://geo.fr.ch/ags/services/OpenData/Cercles_electoraux_des_anciennes_paroisses_catholiques/MapServer/WMSServer?request=GetCapabilities&service=WMS (source 1073/1467)
2026-01-25 06:29:13,358 - Scraping log - scraper.py >         <module>(): Line 751 - INFO - Running default scraper on KT_FR > https://geo.fr.ch/ags/services/OpenData/Cercles_scolaires_primaires_francophones/MapServer/WMSServer?request=GetCapabilities&service=WMS (source 1074/1467)
2026-01-25 06:29:16,343 - Scraping log - scraper.py >         <module>(): Line 751 - INFO - Running default scraper on KT_FR > https://geo.fr.ch/ags/services/OpenData/Cercles_scolaires_primaires_germanophones/MapServer/WMSServer?request=GetCapabilities&service=WMS (source 1075/1467)
2026-01-25 06:29:18,840 - Scraping log - scraper.py >         <module>(): Line 751 - INFO - Running default scraper on KT_FR > https://geo.fr.ch/ags/services/OpenData/Cercles_scolaires_secondaires_francophones/MapServer/WMSServer?request=GetCapabilities&service=WMS (source 1076/1467)
2026-01-25 06:29:21,585 - Scraping log - scraper.py >         <module>(): Line 751 - INFO - Running default scraper on KT_FR > https://geo.fr.ch/ags/services/OpenData/Cercles_scolaires_secondaires_germanophones/MapServer/WMSServer?request=GetCapabilities&service=WMS (source 1077/1467)
2026-01-25 06:29:24,198 - Scraping log - scraper.py >         <module>(): Line 751 - INFO - Running default scraper on KT_FR > https://geo.fr.ch/ags/services/OpenData/Chalets_d_alpage_recenses_SBC/MapServer/WMSServer?request=GetCapabilities&service=WMS (source 1078/1467)
2026-01-25 06:29:26,717 - Scraping log - scraper.py >         <module>(): Line 751 - INFO - Running default scraper on KT_FR > https://geo.fr.ch/ags/services/OpenData/Chalets_d_alpage_recenses/MapServer/WMSServer?request=GetCapabilities&service=WMS (source 1079/1467)
2026-01-25 06:29:27,182 - Scraping log - scraper.py >         <module>(): Line 759 - WARNING - Scraping KT_FR > https://geo.fr.ch/ags/services/OpenData/Chalets_d_alpage_recenses/MapServer/WMSServer?request=GetCapabilities&service=WMS aborted
2026-01-25 06:29:27,182 - Scraping log - scraper.py >         <module>(): Line 751 - INFO - Running default scraper on KT_FR > https://geo.fr.ch/ags/services/OpenData/Chambres_AquaFri/MapServer/WMSServer?request=GetCapabilities&service=WMS (source 1080/1467)
2026-01-25 06:29:29,985 - Scraping log - scraper.py >         <module>(): Line 751 - INFO - Running default scraper on KT_FR > https://geo.fr.ch/ags/services/OpenData/Chemins_de_randonnee_pedestre/MapServer/WMSServer?request=GetCapabilities&service=WMS (source 1081/1467)
2026-01-25 06:29:32,638 - Scraping log - scraper.py >         <module>(): Line 751 - INFO - Running default scraper on KT_FR > https://geo.fr.ch/ags/services/OpenData/Chroniques_archeologiques/MapServer/WMSServer?request=GetCapabilities&service=WMS (source 1082/1467)
2026-01-25 06:29:35,337 - Scraping log - scraper.py >         <module>(): Line 751 - INFO - Running default scraper on KT_FR > https://geo.fr.ch/ags/services/OpenData/Circonscriptions_des_gardes_faune/MapServer/WMSServer?request=GetCapabilities&service=WMS (source 1083/1467)
2026-01-25 06:29:37,908 - Scraping log - scraper.py >         <module>(): Line 751 - INFO - Running default scraper on KT_FR > https://geo.fr.ch/ags/services/OpenData/Collecteurs_fonction_canalisations_routes_cantonales/MapServer/WMSServer?request=GetCapabilities&service=WMS (source 1084/1467)
2026-01-25 06:29:45,147 - Scraping log - scraper.py >         <module>(): Line 751 - INFO - Running default scraper on KT_FR > https://geo.fr.ch/ags/services/OpenData/Collecteurs_proprietaire_canalisations_routes_cantonales/MapServer/WMSServer?request=GetCapabilities&service=WMS (source 1085/1467)
2026-01-25 06:29:49,405 - Scraping log - scraper.py >         <module>(): Line 751 - INFO - Running default scraper on KT_FR > https://geo.fr.ch/ags/services/OpenData/Colonies_de_bouquetins/MapServer/WMSServer?request=GetCapabilities&service=WMS (source 1086/1467)
2026-01-25 06:29:51,998 - Scraping log - scraper.py >         <module>(): Line 751 - INFO - Running default scraper on KT_FR > https://geo.fr.ch/ags/services/OpenData/Communes_partenaires_d_easyvote/MapServer/WMSServer?request=GetCapabilities&service=WMS (source 1087/1467)
2026-01-25 06:29:54,421 - Scraping log - scraper.py >         <module>(): Line 751 - INFO - Running default scraper on KT_FR > https://geo.fr.ch/ags/services/OpenData/Communes_partenaires_d_engage_ch/MapServer/WMSServer?request=GetCapabilities&service=WMS (source 1088/1467)
2026-01-25 06:29:56,732 - Scraping log - scraper.py >         <module>(): Line 751 - INFO - Running default scraper on KT_FR > https://geo.fr.ch/ags/services/OpenData/Communes/MapServer/WMSServer?request=GetCapabilities&service=WMS (source 1089/1467)
2026-01-25 06:29:58,994 - Scraping log - scraper.py >         <module>(): Line 751 - INFO - Running default scraper on KT_FR > https://geo.fr.ch/ags/services/OpenData/Conduites_AquaFri/MapServer/WMSServer?request=GetCapabilities&service=WMS (source 1090/1467)
2026-01-25 06:30:01,586 - Scraping log - scraper.py >         <module>(): Line 751 - INFO - Running default scraper on KT_FR > https://geo.fr.ch/ags/services/OpenData/Conduites/MapServer/WMSServer?request=GetCapabilities&service=WMS (source 1091/1467)
2026-01-25 06:30:04,232 - Scraping log - scraper.py >         <module>(): Line 751 - INFO - Running default scraper on KT_FR > https://geo.fr.ch/ags/services/OpenData/Conseil_d_enfants_ou_de_jeunes_projets_de_participation_politique/MapServer/WMSServer?request=GetCapabilities&service=WMS (source 1092/1467)
2026-01-25 06:30:06,539 - Scraping log - scraper.py >         <module>(): Line 751 - INFO - Running default scraper on KT_FR > https://geo.fr.ch/ags/services/OpenData/Contenus_lineaires_RDPPF_affectation/MapServer/WMSServer?request=GetCapabilities&service=WMS (source 1093/1467)
2026-01-25 06:30:09,382 - Scraping log - scraper.py >         <module>(): Line 751 - INFO - Running default scraper on KT_FR > https://geo.fr.ch/ags/services/OpenData/Contenus_ponctuels_RDPPF_affectation/MapServer/WMSServer?request=GetCapabilities&service=WMS (source 1094/1467)
2026-01-25 06:30:12,944 - Scraping log - scraper.py >         <module>(): Line 751 - INFO - Running default scraper on KT_FR > https://geo.fr.ch/ags/services/OpenData/Contrats_d_exploitation_en_vertu_de_la_loi_sur_la_protection_de_la_nature/MapServer/WMSServer?request=GetCapabilities&service=WMS (source 1095/1467)
2026-01-25 06:30:15,520 - Scraping log - scraper.py >         <module>(): Line 751 - INFO - Running default scraper on KT_FR > https://geo.fr.ch/ags/services/OpenData/Corridors_a_faune/MapServer/WMSServer?request=GetCapabilities&service=WMS (source 1096/1467)
2026-01-25 06:30:17,990 - Scraping log - scraper.py >         <module>(): Line 751 - INFO - Running default scraper on KT_FR > https://geo.fr.ch/ags/services/OpenData/Couverture_des_places_protegees_dans_le_canton/MapServer/WMSServer?request=GetCapabilities&service=WMS (source 1097/1467)
2026-01-25 06:30:20,579 - Scraping log - scraper.py >         <module>(): Line 751 - INFO - Running default scraper on KT_FR > https://geo.fr.ch/ags/services/OpenData/Couverture_du_sol/MapServer/WMSServer?request=GetCapabilities&service=WMS (source 1098/1467)
2026-01-25 06:30:23,309 - Scraping log - scraper.py >         <module>(): Line 751 - INFO - Running default scraper on KT_FR > https://geo.fr.ch/ags/services/OpenData/Cultures/MapServer/WMSServer?request=GetCapabilities&service=WMS (source 1099/1467)
2026-01-25 06:30:23,770 - Scraping log - scraper.py >         <module>(): Line 759 - WARNING - Scraping KT_FR > https://geo.fr.ch/ags/services/OpenData/Cultures/MapServer/WMSServer?request=GetCapabilities&service=WMS aborted
2026-01-25 06:30:23,770 - Scraping log - scraper.py >         <module>(): Line 751 - INFO - Running default scraper on KT_FR > https://geo.fr.ch/ags/services/OpenData/Decoupage_du_MNS_swissSURFACE3D_Raster_pour_telechargement_par_tuile/MapServer/WMSServer?request=GetCapabilities&service=WMS (source 1100/1467)
2026-01-25 06:30:26,451 - Scraping log - scraper.py >         <module>(): Line 751 - INFO - Running default scraper on KT_FR > https://geo.fr.ch/ags/services/OpenData/Decoupage_du_MNT_swissALTI3D_pour_telechargement_par_tuile/MapServer/WMSServer?request=GetCapabilities&service=WMS (source 1101/1467)
2026-01-25 06:30:29,283 - Scraping log - scraper.py >         <module>(): Line 751 - INFO - Running default scraper on KT_FR > https://geo.fr.ch/ags/services/OpenData/Decoupage_du_nuage_de_points_classifies_swissSURFACE3D_pour_telechargement_par_tuile/MapServer/WMSServer?request=GetCapabilities&service=WMS (source 1102/1467)
2026-01-25 06:30:31,867 - Scraping log - scraper.py >         <module>(): Line 751 - INFO - Running default scraper on KT_FR > https://geo.fr.ch/ags/services/OpenData/Degre_de_sensibilite_au_bruit_dans_les_zones_d_affectation_RDPPF/MapServer/WMSServer?request=GetCapabilities&service=WMS (source 1103/1467)
2026-01-25 06:30:34,498 - Scraping log - scraper.py >         <module>(): Line 751 - INFO - Running default scraper on KT_FR > https://geo.fr.ch/ags/services/OpenData/Demandes_de_permis_de_construire_en_traitement/MapServer/WMSServer?request=GetCapabilities&service=WMS (source 1104/1467)
2026-01-25 06:30:37,134 - Scraping log - scraper.py >         <module>(): Line 751 - INFO - Running default scraper on KT_FR > https://geo.fr.ch/ags/services/OpenData/Depots_d_entretien_routes_cantonales/MapServer/WMSServer?request=GetCapabilities&service=WMS (source 1105/1467)
2026-01-25 06:30:39,740 - Scraping log - scraper.py >         <module>(): Line 751 - INFO - Running default scraper on KT_FR > https://geo.fr.ch/ags/services/OpenData/Disponibilite_cadastre_RDPPF_par_commune/MapServer/WMSServer?request=GetCapabilities&service=WMS (source 1106/1467)
2026-01-25 06:30:40,207 - Scraping log - scraper.py >         <module>(): Line 759 - WARNING - Scraping KT_FR > https://geo.fr.ch/ags/services/OpenData/Disponibilite_cadastre_RDPPF_par_commune/MapServer/WMSServer?request=GetCapabilities&service=WMS aborted
2026-01-25 06:30:40,207 - Scraping log - scraper.py >         <module>(): Line 751 - INFO - Running default scraper on KT_FR > https://geo.fr.ch/ags/services/OpenData/Distances_par_rapport_a_la_foret_RDPPF/MapServer/WMSServer?request=GetCapabilities&service=WMS (source 1107/1467)
2026-01-25 06:30:43,045 - Scraping log - scraper.py >         <module>(): Line 751 - INFO - Running default scraper on KT_FR > https://geo.fr.ch/ags/services/OpenData/Distances_par_rapport_a_la_foret/MapServer/WMSServer?request=GetCapabilities&service=WMS (source 1108/1467)
2026-01-25 06:30:43,510 - Scraping log - scraper.py >         <module>(): Line 759 - WARNING - Scraping KT_FR > https://geo.fr.ch/ags/services/OpenData/Distances_par_rapport_a_la_foret/MapServer/WMSServer?request=GetCapabilities&service=WMS aborted
2026-01-25 06:30:43,510 - Scraping log - scraper.py >         <module>(): Line 751 - INFO - Running default scraper on KT_FR > https://geo.fr.ch/ags/services/OpenData/Districts_francs/MapServer/WMSServer?request=GetCapabilities&service=WMS (source 1109/1467)
2026-01-25 06:30:46,092 - Scraping log - scraper.py >         <module>(): Line 751 - INFO - Running default scraper on KT_FR > https://geo.fr.ch/ags/services/OpenData/Districts/MapServer/WMSServer?request=GetCapabilities&service=WMS (source 1110/1467)
2026-01-25 06:30:48,515 - Scraping log - scraper.py >         <module>(): Line 751 - INFO - Running default scraper on KT_FR > https://geo.fr.ch/ags/services/OpenData/Donnees_FRIBO_sol_agricole/MapServer/WMSServer?request=GetCapabilities&service=WMS (source 1111/1467)
2026-01-25 06:30:51,373 - Scraping log - scraper.py >         <module>(): Line 751 - INFO - Running default scraper on KT_FR > https://geo.fr.ch/ags/services/OpenData/Ecoles_primaires_batiments/MapServer/WMSServer?request=GetCapabilities&service=WMS (source 1112/1467)
2026-01-25 06:30:54,210 - Scraping log - scraper.py >         <module>(): Line 751 - INFO - Running default scraper on KT_FR > https://geo.fr.ch/ags/services/OpenData/Ecoles_secondaires_batiments/MapServer/WMSServer?request=GetCapabilities&service=WMS (source 1113/1467)
2026-01-25 06:30:56,636 - Scraping log - scraper.py >         <module>(): Line 751 - INFO - Running default scraper on KT_FR > https://geo.fr.ch/ags/services/OpenData/EGID_REGBL/MapServer/WMSServer?request=GetCapabilities&service=WMS (source 1114/1467)
2026-01-25 06:30:59,394 - Scraping log - scraper.py >         <module>(): Line 751 - INFO - Running default scraper on KT_FR > https://geo.fr.ch/ags/services/OpenData/Elements_superposes_de_type_affectation_RDPPF_affectation/MapServer/WMSServer?request=GetCapabilities&service=WMS (source 1115/1467)
2026-01-25 06:31:02,398 - Scraping log - scraper.py >         <module>(): Line 751 - INFO - Running default scraper on KT_FR > https://geo.fr.ch/ags/services/OpenData/Elements_superposes_de_type_protection_RDPPF_affectation/MapServer/WMSServer?request=GetCapabilities&service=WMS (source 1116/1467)
2026-01-25 06:31:05,138 - Scraping log - scraper.py >         <module>(): Line 751 - INFO - Running default scraper on KT_FR > https://geo.fr.ch/ags/services/OpenData/Emplacement_des_barrieres_a_batraciens/MapServer/WMSServer?request=GetCapabilities&service=WMS (source 1117/1467)
2026-01-25 06:31:07,918 - Scraping log - scraper.py >         <module>(): Line 751 - INFO - Running default scraper on KT_FR > https://geo.fr.ch/ags/services/OpenData/Entites_paysageres_CQP/MapServer/WMSServer?request=GetCapabilities&service=WMS (source 1118/1467)
2026-01-25 06:31:10,497 - Scraping log - scraper.py >         <module>(): Line 751 - INFO - Running default scraper on KT_FR > https://geo.fr.ch/ags/services/OpenData/Entreprises_approuvees/MapServer/WMSServer?request=GetCapabilities&service=WMS (source 1119/1467)
2026-01-25 06:31:13,273 - Scraping log - scraper.py >         <module>(): Line 751 - INFO - Running default scraper on KT_FR > https://geo.fr.ch/ags/services/OpenData/Entreprises_en_cours/MapServer/WMSServer?request=GetCapabilities&service=WMS (source 1120/1467)
2026-01-25 06:31:15,970 - Scraping log - scraper.py >         <module>(): Line 751 - INFO - Running default scraper on KT_FR > https://geo.fr.ch/ags/services/OpenData/Entreprises_planifiees/MapServer/WMSServer?request=GetCapabilities&service=WMS (source 1121/1467)
2026-01-25 06:31:19,694 - Scraping log - scraper.py >         <module>(): Line 751 - INFO - Running default scraper on KT_FR > https://geo.fr.ch/ags/services/OpenData/Equipes_d_arrondissement_routes_cantonales/MapServer/WMSServer?request=GetCapabilities&service=WMS (source 1122/1467)
2026-01-25 06:31:20,268 - Scraping log - scraper.py >         <module>(): Line 759 - WARNING - Scraping KT_FR > https://geo.fr.ch/ags/services/OpenData/Equipes_d_arrondissement_routes_cantonales/MapServer/WMSServer?request=GetCapabilities&service=WMS aborted
2026-01-25 06:31:20,268 - Scraping log - scraper.py >         <module>(): Line 751 - INFO - Running default scraper on KT_FR > https://geo.fr.ch/ags/services/OpenData/Etat_des_cartes_de_dangers/MapServer/WMSServer?request=GetCapabilities&service=WMS (source 1123/1467)
2026-01-25 06:31:22,881 - Scraping log - scraper.py >         <module>(): Line 751 - INFO - Running default scraper on KT_FR > https://geo.fr.ch/ags/services/OpenData/Etat_du_registre_foncier/MapServer/WMSServer?request=GetCapabilities&service=WMS (source 1124/1467)
2026-01-25 06:31:25,471 - Scraping log - scraper.py >         <module>(): Line 751 - INFO - Running default scraper on KT_FR > https://geo.fr.ch/ags/services/OpenData/Etudes_geologiques_geotechniques/MapServer/WMSServer?request=GetCapabilities&service=WMS (source 1125/1467)
2026-01-25 06:31:29,411 - Scraping log - scraper.py >         <module>(): Line 751 - INFO - Running default scraper on KT_FR > https://geo.fr.ch/ags/services/OpenData/Exploitations_de_materiaux_et_decharges/MapServer/WMSServer?request=GetCapabilities&service=WMS (source 1126/1467)
2026-01-25 06:31:32,137 - Scraping log - scraper.py >         <module>(): Line 751 - INFO - Running default scraper on KT_FR > https://geo.fr.ch/ags/services/OpenData/Forages_lies_a_des_constructions/MapServer/WMSServer?request=GetCapabilities&service=WMS (source 1127/1467)
2026-01-25 06:31:35,425 - Scraping log - scraper.py >         <module>(): Line 751 - INFO - Running default scraper on KT_FR > https://geo.fr.ch/ags/services/OpenData/Forages_lies_a_des_sites_pollues/MapServer/WMSServer?request=GetCapabilities&service=WMS (source 1128/1467)
2026-01-25 06:31:38,244 - Scraping log - scraper.py >         <module>(): Line 751 - INFO - Running default scraper on KT_FR > https://geo.fr.ch/ags/services/OpenData/Forages_lies_a_des_sondes_geothermiques/MapServer/WMSServer?request=GetCapabilities&service=WMS (source 1129/1467)
2026-01-25 06:31:41,733 - Scraping log - scraper.py >         <module>(): Line 751 - INFO - Running default scraper on KT_FR > https://geo.fr.ch/ags/services/OpenData/Foret_de_protection_contre_les_dangers_naturels/MapServer/WMSServer?request=GetCapabilities&service=WMS (source 1130/1467)
2026-01-25 06:31:46,504 - Scraping log - scraper.py >         <module>(): Line 751 - INFO - Running default scraper on KT_FR > https://geo.fr.ch/ags/services/OpenData/Foret_en_zones_S_de_protection_des_eaux_souterraines/MapServer/WMSServer?request=GetCapabilities&service=WMS (source 1131/1467)
2026-01-25 06:31:46,971 - Scraping log - scraper.py >         <module>(): Line 759 - WARNING - Scraping KT_FR > https://geo.fr.ch/ags/services/OpenData/Foret_en_zones_S_de_protection_des_eaux_souterraines/MapServer/WMSServer?request=GetCapabilities&service=WMS aborted
2026-01-25 06:31:46,971 - Scraping log - scraper.py >         <module>(): Line 751 - INFO - Running default scraper on KT_FR > https://geo.fr.ch/ags/services/OpenData/Gazoducs_OPAM/MapServer/WMSServer?request=GetCapabilities&service=WMS (source 1132/1467)
2026-01-25 06:31:49,560 - Scraping log - scraper.py >         <module>(): Line 751 - INFO - Running default scraper on KT_FR > https://geo.fr.ch/ags/services/OpenData/Geotopes_d_importance_cantonale_GIC_Etude_de_base/MapServer/WMSServer?request=GetCapabilities&service=WMS (source 1133/1467)
2026-01-25 06:31:52,230 - Scraping log - scraper.py >         <module>(): Line 751 - INFO - Running default scraper on KT_FR > https://geo.fr.ch/ags/services/OpenData/Geotopes/MapServer/WMSServer?request=GetCapabilities&service=WMS (source 1134/1467)
2026-01-25 06:31:52,693 - Scraping log - scraper.py >         <module>(): Line 759 - WARNING - Scraping KT_FR > https://geo.fr.ch/ags/services/OpenData/Geotopes/MapServer/WMSServer?request=GetCapabilities&service=WMS aborted
2026-01-25 06:31:52,693 - Scraping log - scraper.py >         <module>(): Line 751 - INFO - Running default scraper on KT_FR > https://geo.fr.ch/ags/services/OpenData/Hauts_marais_d_importance_nationale/MapServer/WMSServer?request=GetCapabilities&service=WMS (source 1135/1467)
2026-01-25 06:31:55,399 - Scraping log - scraper.py >         <module>(): Line 751 - INFO - Running default scraper on KT_FR > https://geo.fr.ch/ags/services/OpenData/Hierarchie_du_reseau_cyclable_plan_sectoriel_velo/MapServer/WMSServer?request=GetCapabilities&service=WMS (source 1136/1467)
2026-01-25 06:31:58,272 - Scraping log - scraper.py >         <module>(): Line 751 - INFO - Running default scraper on KT_FR > https://geo.fr.ch/ags/services/OpenData/Horizons_sourciers_de_l_inventaire_des_eaux_souterraines/MapServer/WMSServer?request=GetCapabilities&service=WMS (source 1137/1467)
2026-01-25 06:32:00,754 - Scraping log - scraper.py >         <module>(): Line 751 - INFO - Running default scraper on KT_FR > https://geo.fr.ch/ags/services/OpenData/Hors_reseau_AquaFri/MapServer/WMSServer?request=GetCapabilities&service=WMS (source 1138/1467)
2026-01-25 06:32:03,360 - Scraping log - scraper.py >         <module>(): Line 751 - INFO - Running default scraper on KT_FR > https://geo.fr.ch/ags/services/OpenData/Hydrants_AquaFri/MapServer/WMSServer?request=GetCapabilities&service=WMS (source 1139/1467)
2026-01-25 06:32:06,127 - Scraping log - scraper.py >         <module>(): Line 751 - INFO - Running default scraper on KT_FR > https://geo.fr.ch/ags/services/OpenData/Immeubles_en_vigueur/MapServer/WMSServer?request=GetCapabilities&service=WMS (source 1140/1467)
2026-01-25 06:32:08,455 - Scraping log - scraper.py >         <module>(): Line 751 - INFO - Running default scraper on KT_FR > https://geo.fr.ch/ags/services/OpenData/Immeubles_projetes/MapServer/WMSServer?request=GetCapabilities&service=WMS (source 1141/1467)
2026-01-25 06:32:11,037 - Scraping log - scraper.py >         <module>(): Line 751 - INFO - Running default scraper on KT_FR > https://geo.fr.ch/ags/services/OpenData/Infrastructures_d_accueil_en_foret_lignes/MapServer/WMSServer?request=GetCapabilities&service=WMS (source 1142/1467)
2026-01-25 06:32:13,576 - Scraping log - scraper.py >         <module>(): Line 751 - INFO - Running default scraper on KT_FR > https://geo.fr.ch/ags/services/OpenData/Infrastructures_d_accueil_en_foret_points/MapServer/WMSServer?request=GetCapabilities&service=WMS (source 1143/1467)
2026-01-25 06:32:16,535 - Scraping log - scraper.py >         <module>(): Line 751 - INFO - Running default scraper on KT_FR > https://geo.fr.ch/ags/services/OpenData/Instabilites_de_terrain_morphologie/MapServer/WMSServer?request=GetCapabilities&service=WMS (source 1144/1467)
2026-01-25 06:32:17,002 - Scraping log - scraper.py >         <module>(): Line 759 - WARNING - Scraping KT_FR > https://geo.fr.ch/ags/services/OpenData/Instabilites_de_terrain_morphologie/MapServer/WMSServer?request=GetCapabilities&service=WMS aborted
2026-01-25 06:32:17,002 - Scraping log - scraper.py >         <module>(): Line 751 - INFO - Running default scraper on KT_FR > https://geo.fr.ch/ags/services/OpenData/Instabilites_de_terrain_typologie/MapServer/WMSServer?request=GetCapabilities&service=WMS (source 1145/1467)
2026-01-25 06:32:17,468 - Scraping log - scraper.py >         <module>(): Line 759 - WARNING - Scraping KT_FR > https://geo.fr.ch/ags/services/OpenData/Instabilites_de_terrain_typologie/MapServer/WMSServer?request=GetCapabilities&service=WMS aborted
2026-01-25 06:32:17,468 - Scraping log - scraper.py >         <module>(): Line 751 - INFO - Running default scraper on KT_FR > https://geo.fr.ch/ags/services/OpenData/Installations_de_mesure_AquaFri/MapServer/WMSServer?request=GetCapabilities&service=WMS (source 1146/1467)
2026-01-25 06:32:20,179 - Scraping log - scraper.py >         <module>(): Line 751 - INFO - Running default scraper on KT_FR > https://geo.fr.ch/ags/services/OpenData/Installations_de_traitement_AquaFri/MapServer/WMSServer?request=GetCapabilities&service=WMS (source 1147/1467)
2026-01-25 06:32:23,081 - Scraping log - scraper.py >         <module>(): Line 751 - INFO - Running default scraper on KT_FR > https://geo.fr.ch/ags/services/OpenData/Installations_stationnaires_OPAM/MapServer/WMSServer?request=GetCapabilities&service=WMS (source 1148/1467)
2026-01-25 06:32:25,692 - Scraping log - scraper.py >         <module>(): Line 751 - INFO - Running default scraper on KT_FR > https://geo.fr.ch/ags/services/OpenData/Irrigation/MapServer/WMSServer?request=GetCapabilities&service=WMS (source 1149/1467)
2026-01-25 06:32:28,294 - Scraping log - scraper.py >         <module>(): Line 751 - INFO - Running default scraper on KT_FR > https://geo.fr.ch/ags/services/OpenData/Itineraire_d_agglomeration_planifie_plan_sectoriel_velo/MapServer/WMSServer?request=GetCapabilities&service=WMS (source 1150/1467)
2026-01-25 06:32:30,888 - Scraping log - scraper.py >         <module>(): Line 751 - INFO - Running default scraper on KT_FR > https://geo.fr.ch/ags/services/OpenData/Itineraires_a_ski/MapServer/WMSServer?request=GetCapabilities&service=WMS (source 1151/1467)
2026-01-25 06:32:33,657 - Scraping log - scraper.py >         <module>(): Line 751 - INFO - Running default scraper on KT_FR > https://geo.fr.ch/ags/services/OpenData/Itineraires_convois_exceptionnels/MapServer/WMSServer?request=GetCapabilities&service=WMS (source 1152/1467)
2026-01-25 06:32:36,211 - Scraping log - scraper.py >         <module>(): Line 751 - INFO - Running default scraper on KT_FR > https://geo.fr.ch/ags/services/OpenData/Itineraires_en_raquette/MapServer/WMSServer?request=GetCapabilities&service=WMS (source 1153/1467)
2026-01-25 06:32:38,697 - Scraping log - scraper.py >         <module>(): Line 751 - INFO - Running default scraper on KT_FR > https://geo.fr.ch/ags/services/OpenData/Itineraires_SuisseMobile_randonnee_pedestre/MapServer/WMSServer?request=GetCapabilities&service=WMS (source 1154/1467)
2026-01-25 06:32:41,338 - Scraping log - scraper.py >         <module>(): Line 751 - INFO - Running default scraper on KT_FR > https://geo.fr.ch/ags/services/OpenData/Itineraires_SuisseMobile_roller/MapServer/WMSServer?request=GetCapabilities&service=WMS (source 1155/1467)
2026-01-25 06:32:43,837 - Scraping log - scraper.py >         <module>(): Line 751 - INFO - Running default scraper on KT_FR > https://geo.fr.ch/ags/services/OpenData/Itineraires_SuisseMobile_velo/MapServer/WMSServer?request=GetCapabilities&service=WMS (source 1156/1467)
2026-01-25 06:32:46,388 - Scraping log - scraper.py >         <module>(): Line 751 - INFO - Running default scraper on KT_FR > https://geo.fr.ch/ags/services/OpenData/Itineraires_SuisseMobile_VTT/MapServer/WMSServer?request=GetCapabilities&service=WMS (source 1157/1467)
2026-01-25 06:32:49,188 - Scraping log - scraper.py >         <module>(): Line 751 - INFO - Running default scraper on KT_FR > https://geo.fr.ch/ags/services/OpenData/Lieux_de_detention_d_animaux/MapServer/WMSServer?request=GetCapabilities&service=WMS (source 1158/1467)
2026-01-25 06:32:51,660 - Scraping log - scraper.py >         <module>(): Line 751 - INFO - Running default scraper on KT_FR > https://geo.fr.ch/ags/services/OpenData/Lieux_denommes_en_couleurs/MapServer/WMSServer?request=GetCapabilities&service=WMS (source 1159/1467)
2026-01-25 06:32:54,243 - Scraping log - scraper.py >         <module>(): Line 751 - INFO - Running default scraper on KT_FR > https://geo.fr.ch/ags/services/OpenData/Lieux_denommes/MapServer/WMSServer?request=GetCapabilities&service=WMS (source 1160/1467)
2026-01-25 06:32:56,814 - Scraping log - scraper.py >         <module>(): Line 751 - INFO - Running default scraper on KT_FR > https://geo.fr.ch/ags/services/OpenData/Lignes_de_transport_public/MapServer/WMSServer?request=GetCapabilities&service=WMS (source 1161/1467)
2026-01-25 06:33:00,888 - Scraping log - scraper.py >         <module>(): Line 751 - INFO - Running default scraper on KT_FR > https://geo.fr.ch/ags/services/OpenData/Limitations_de_vitesse_routes_cantonales/MapServer/WMSServer?request=GetCapabilities&service=WMS (source 1162/1467)
2026-01-25 06:33:03,589 - Scraping log - scraper.py >         <module>(): Line 751 - INFO - Running default scraper on KT_FR > https://geo.fr.ch/ags/services/OpenData/Limite_du_canton/MapServer/WMSServer?request=GetCapabilities&service=WMS (source 1163/1467)
2026-01-25 06:33:06,274 - Scraping log - scraper.py >         <module>(): Line 751 - INFO - Running default scraper on KT_FR > https://geo.fr.ch/ags/services/OpenData/Limites_de_communes/MapServer/WMSServer?request=GetCapabilities&service=WMS (source 1164/1467)
2026-01-25 06:33:08,541 - Scraping log - scraper.py >         <module>(): Line 751 - INFO - Running default scraper on KT_FR > https://geo.fr.ch/ags/services/OpenData/Limites_de_districts/MapServer/WMSServer?request=GetCapabilities&service=WMS (source 1165/1467)
2026-01-25 06:33:10,951 - Scraping log - scraper.py >         <module>(): Line 751 - INFO - Running default scraper on KT_FR > https://geo.fr.ch/ags/services/OpenData/Limites_des_stations_forestieres/MapServer/WMSServer?request=GetCapabilities&service=WMS (source 1166/1467)
2026-01-25 06:33:13,568 - Scraping log - scraper.py >         <module>(): Line 751 - INFO - Running default scraper on KT_FR > https://geo.fr.ch/ags/services/OpenData/Limites_des_zones_agricoles/MapServer/WMSServer?request=GetCapabilities&service=WMS (source 1167/1467)
2026-01-25 06:33:16,018 - Scraping log - scraper.py >         <module>(): Line 751 - INFO - Running default scraper on KT_FR > https://geo.fr.ch/ags/services/OpenData/Limites_forestieres_statiques_RDPPF/MapServer/WMSServer?request=GetCapabilities&service=WMS (source 1168/1467)
2026-01-25 06:33:18,764 - Scraping log - scraper.py >         <module>(): Line 751 - INFO - Running default scraper on KT_FR > https://geo.fr.ch/ags/services/OpenData/Limites_forestieres_statiques/MapServer/WMSServer?request=GetCapabilities&service=WMS (source 1169/1467)
2026-01-25 06:33:19,343 - Scraping log - scraper.py >         <module>(): Line 759 - WARNING - Scraping KT_FR > https://geo.fr.ch/ags/services/OpenData/Limites_forestieres_statiques/MapServer/WMSServer?request=GetCapabilities&service=WMS aborted
2026-01-25 06:33:19,343 - Scraping log - scraper.py >         <module>(): Line 751 - INFO - Running default scraper on KT_FR > https://geo.fr.ch/ags/services/OpenData/Localisation_des_sondes_geothermiques_SGV/MapServer/WMSServer?request=GetCapabilities&service=WMS (source 1170/1467)
2026-01-25 06:33:24,972 - Scraping log - scraper.py >         <module>(): Line 751 - INFO - Running default scraper on KT_FR > https://geo.fr.ch/ags/services/OpenData/Localites_avec_presence_d_un_chauffage_a_distance/MapServer/WMSServer?request=GetCapabilities&service=WMS (source 1171/1467)
2026-01-25 06:33:27,842 - Scraping log - scraper.py >         <module>(): Line 751 - INFO - Running default scraper on KT_FR > https://geo.fr.ch/ags/services/OpenData/Lots_de_mise_a_jour_periodique/MapServer/WMSServer?request=GetCapabilities&service=WMS (source 1172/1467)
2026-01-25 06:33:30,371 - Scraping log - scraper.py >         <module>(): Line 751 - INFO - Running default scraper on KT_FR > https://geo.fr.ch/ags/services/OpenData/Lots_de_peche_affermee/MapServer/WMSServer?request=GetCapabilities&service=WMS (source 1173/1467)
2026-01-25 06:33:32,998 - Scraping log - scraper.py >         <module>(): Line 751 - INFO - Running default scraper on KT_FR > https://geo.fr.ch/ags/services/OpenData/Lots_pour_la_pisciculture/MapServer/WMSServer?request=GetCapabilities&service=WMS (source 1174/1467)
2026-01-25 06:33:35,553 - Scraping log - scraper.py >         <module>(): Line 751 - INFO - Running default scraper on KT_FR > https://geo.fr.ch/ags/services/OpenData/Materiau_et_diametre_des_conduites_AquaFri/MapServer/WMSServer?request=GetCapabilities&service=WMS (source 1175/1467)
2026-01-25 06:33:38,343 - Scraping log - scraper.py >         <module>(): Line 751 - INFO - Running default scraper on KT_FR > https://geo.fr.ch/ags/services/OpenData/Modification_RCU_ou_revision_PAL_d_un_secteur_amenagement_local/MapServer/WMSServer?request=GetCapabilities&service=WMS (source 1176/1467)
2026-01-25 06:33:40,800 - Scraping log - scraper.py >         <module>(): Line 751 - INFO - Running default scraper on KT_FR > https://geo.fr.ch/ags/services/OpenData/Muehleberg_Zone_de_danger_de_la_centrale/MapServer/WMSServer?request=GetCapabilities&service=WMS (source 1177/1467)
2026-01-25 06:33:43,283 - Scraping log - scraper.py >         <module>(): Line 751 - INFO - Running default scraper on KT_FR > https://geo.fr.ch/ags/services/OpenData/Muehleberg_Zones_de_distribution_de_comprimes_d_iode/MapServer/WMSServer?request=GetCapabilities&service=WMS (source 1178/1467)
2026-01-25 06:33:45,826 - Scraping log - scraper.py >         <module>(): Line 751 - INFO - Running default scraper on KT_FR > https://geo.fr.ch/ags/services/OpenData/Noeuds_de_trafic_routes_cantonales/MapServer/WMSServer?request=GetCapabilities&service=WMS (source 1179/1467)
2026-01-25 06:33:48,521 - Scraping log - scraper.py >         <module>(): Line 751 - INFO - Running default scraper on KT_FR > https://geo.fr.ch/ags/services/OpenData/Noms_de_rues_et_de_lieux_denommes/MapServer/WMSServer?request=GetCapabilities&service=WMS (source 1180/1467)
2026-01-25 06:33:51,155 - Scraping log - scraper.py >         <module>(): Line 751 - INFO - Running default scraper on KT_FR > https://geo.fr.ch/ags/services/OpenData/Noms_locaux/MapServer/WMSServer?request=GetCapabilities&service=WMS (source 1181/1467)
2026-01-25 06:33:53,934 - Scraping log - scraper.py >         <module>(): Line 751 - INFO - Running default scraper on KT_FR > https://geo.fr.ch/ags/services/OpenData/NPA_et_localites/MapServer/WMSServer?request=GetCapabilities&service=WMS (source 1182/1467)
2026-01-25 06:33:57,123 - Scraping log - scraper.py >         <module>(): Line 751 - INFO - Running default scraper on KT_FR > https://geo.fr.ch/ags/services/OpenData/Numeros_d_immeubles_en_vigueur/MapServer/WMSServer?request=GetCapabilities&service=WMS (source 1183/1467)
2026-01-25 06:33:59,342 - Scraping log - scraper.py >         <module>(): Line 751 - INFO - Running default scraper on KT_FR > https://geo.fr.ch/ags/services/OpenData/Numeros_d_immeubles_projetes/MapServer/WMSServer?request=GetCapabilities&service=WMS (source 1184/1467)
2026-01-25 06:34:01,957 - Scraping log - scraper.py >         <module>(): Line 751 - INFO - Running default scraper on KT_FR > https://geo.fr.ch/ags/services/OpenData/Numeros_de_maisons/MapServer/WMSServer?request=GetCapabilities&service=WMS (source 1185/1467)
2026-01-25 06:34:04,460 - Scraping log - scraper.py >         <module>(): Line 751 - INFO - Running default scraper on KT_FR > https://geo.fr.ch/ags/services/OpenData/Numeros_des_batiments_et_noms_Labels_CS/MapServer/WMSServer?request=GetCapabilities&service=WMS (source 1186/1467)
2026-01-25 06:34:06,953 - Scraping log - scraper.py >         <module>(): Line 751 - INFO - Running default scraper on KT_FR > https://geo.fr.ch/ags/services/OpenData/Objets_divers_lineaires/MapServer/WMSServer?request=GetCapabilities&service=WMS (source 1187/1467)
2026-01-25 06:34:09,690 - Scraping log - scraper.py >         <module>(): Line 751 - INFO - Running default scraper on KT_FR > https://geo.fr.ch/ags/services/OpenData/Objets_divers_ponctuels/MapServer/WMSServer?request=GetCapabilities&service=WMS (source 1188/1467)
2026-01-25 06:34:12,763 - Scraping log - scraper.py >         <module>(): Line 751 - INFO - Running default scraper on KT_FR > https://geo.fr.ch/ags/services/OpenData/Objets_divers_surfaciques/MapServer/WMSServer?request=GetCapabilities&service=WMS (source 1189/1467)
2026-01-25 06:34:15,439 - Scraping log - scraper.py >         <module>(): Line 751 - INFO - Running default scraper on KT_FR > https://geo.fr.ch/ags/services/OpenData/Obstacles_convois_exceptionnels/MapServer/WMSServer?request=GetCapabilities&service=WMS (source 1190/1467)
2026-01-25 06:34:18,165 - Scraping log - scraper.py >         <module>(): Line 751 - INFO - Running default scraper on KT_FR > https://geo.fr.ch/ags/services/OpenData/Organes_communaux_de_conduite_ORCOC/MapServer/WMSServer?request=GetCapabilities&service=WMS (source 1191/1467)
2026-01-25 06:34:20,679 - Scraping log - scraper.py >         <module>(): Line 751 - INFO - Running default scraper on KT_FR > https://geo.fr.ch/ags/services/OpenData/Organisation_de_la_protection_civile/MapServer/WMSServer?request=GetCapabilities&service=WMS (source 1192/1467)
2026-01-25 06:34:23,292 - Scraping log - scraper.py >         <module>(): Line 751 - INFO - Running default scraper on KT_FR > https://geo.fr.ch/ags/services/OpenData/Ouvrages_d_art_routes_cantonales/MapServer/WMSServer?request=GetCapabilities&service=WMS (source 1193/1467)
2026-01-25 06:34:26,277 - Scraping log - scraper.py >         <module>(): Line 751 - INFO - Running default scraper on KT_FR > https://geo.fr.ch/ags/services/OpenData/Ouvrages_de_protection_lineaires_contre_les_instabilites_de_terrain_et_avalanches/MapServer/WMSServer?request=GetCapabilities&service=WMS (source 1194/1467)
2026-01-25 06:34:29,300 - Scraping log - scraper.py >         <module>(): Line 751 - INFO - Running default scraper on KT_FR > https://geo.fr.ch/ags/services/OpenData/Ouvrages_de_protection_ponctuels_contre_les_instabilites_de_terrain_et_avalanches/MapServer/WMSServer?request=GetCapabilities&service=WMS (source 1195/1467)
2026-01-25 06:34:32,024 - Scraping log - scraper.py >         <module>(): Line 751 - INFO - Running default scraper on KT_FR > https://geo.fr.ch/ags/services/OpenData/Ouvrages_de_protection_surfaciques_contre_les_instabilites_de_terrain_et_avalanches/MapServer/WMSServer?request=GetCapabilities&service=WMS (source 1196/1467)
2026-01-25 06:34:34,933 - Scraping log - scraper.py >         <module>(): Line 751 - INFO - Running default scraper on KT_FR > https://geo.fr.ch/ags/services/OpenData/Ouvrages_fonction_canalisations_routes_cantonales/MapServer/WMSServer?request=GetCapabilities&service=WMS (source 1197/1467)
2026-01-25 06:34:37,542 - Scraping log - scraper.py >         <module>(): Line 751 - INFO - Running default scraper on KT_FR > https://geo.fr.ch/ags/services/OpenData/Ouvrages_type_canalisations_routes_cantonales/MapServer/WMSServer?request=GetCapabilities&service=WMS (source 1198/1467)
2026-01-25 06:34:40,189 - Scraping log - scraper.py >         <module>(): Line 751 - INFO - Running default scraper on KT_FR > https://geo.fr.ch/ags/services/OpenData/Parcs_naturels/MapServer/WMSServer?request=GetCapabilities&service=WMS (source 1199/1467)
2026-01-25 06:34:40,656 - Scraping log - scraper.py >         <module>(): Line 759 - WARNING - Scraping KT_FR > https://geo.fr.ch/ags/services/OpenData/Parcs_naturels/MapServer/WMSServer?request=GetCapabilities&service=WMS aborted
2026-01-25 06:34:40,656 - Scraping log - scraper.py >         <module>(): Line 751 - INFO - Running default scraper on KT_FR > https://geo.fr.ch/ags/services/OpenData/Paroisses_catholiques/MapServer/WMSServer?request=GetCapabilities&service=WMS (source 1200/1467)
2026-01-25 06:34:43,298 - Scraping log - scraper.py >         <module>(): Line 751 - INFO - Running default scraper on KT_FR > https://geo.fr.ch/ags/services/OpenData/Paroisses_reformees/MapServer/WMSServer?request=GetCapabilities&service=WMS (source 1201/1467)
2026-01-25 06:34:45,881 - Scraping log - scraper.py >         <module>(): Line 751 - INFO - Running default scraper on KT_FR > https://geo.fr.ch/ags/services/OpenData/Paysages_IFP/MapServer/WMSServer?request=GetCapabilities&service=WMS (source 1202/1467)
2026-01-25 06:34:46,341 - Scraping log - scraper.py >         <module>(): Line 759 - WARNING - Scraping KT_FR > https://geo.fr.ch/ags/services/OpenData/Paysages_IFP/MapServer/WMSServer?request=GetCapabilities&service=WMS aborted
2026-01-25 06:34:46,341 - Scraping log - scraper.py >         <module>(): Line 751 - INFO - Running default scraper on KT_FR > https://geo.fr.ch/ags/services/OpenData/Perimetre_de_couverture_Sirenes_de_la_PCi/MapServer/WMSServer?request=GetCapabilities&service=WMS (source 1203/1467)
2026-01-25 06:34:48,906 - Scraping log - scraper.py >         <module>(): Line 751 - INFO - Running default scraper on KT_FR > https://geo.fr.ch/ags/services/OpenData/Perimetres_archeologiques/MapServer/WMSServer?request=GetCapabilities&service=WMS (source 1204/1467)
2026-01-25 06:34:51,595 - Scraping log - scraper.py >         <module>(): Line 751 - INFO - Running default scraper on KT_FR > https://geo.fr.ch/ags/services/OpenData/Perimetres_d_epuration/MapServer/WMSServer?request=GetCapabilities&service=WMS (source 1205/1467)
2026-01-25 06:34:54,049 - Scraping log - scraper.py >         <module>(): Line 751 - INFO - Running default scraper on KT_FR > https://geo.fr.ch/ags/services/OpenData/Perimetres_d_etude_detaillee___Crues_et_laves_torrentielles/MapServer/WMSServer?request=GetCapabilities&service=WMS (source 1206/1467)
2026-01-25 06:34:56,629 - Scraping log - scraper.py >         <module>(): Line 751 - INFO - Running default scraper on KT_FR > https://geo.fr.ch/ags/services/OpenData/Perimetres_d_etude_detaillee___Instabilites_et_avalanches/MapServer/WMSServer?request=GetCapabilities&service=WMS (source 1207/1467)
2026-01-25 06:34:59,310 - Scraping log - scraper.py >         <module>(): Line 751 - INFO - Running default scraper on KT_FR > https://geo.fr.ch/ags/services/OpenData/Perimetres_de_noms_locaux/MapServer/WMSServer?request=GetCapabilities&service=WMS (source 1208/1467)
2026-01-25 06:35:01,902 - Scraping log - scraper.py >         <module>(): Line 751 - INFO - Running default scraper on KT_FR > https://geo.fr.ch/ags/services/OpenData/Perimetres_de_protection_des_eaux_souterraines_RDPPF/MapServer/WMSServer?request=GetCapabilities&service=WMS (source 1209/1467)
2026-01-25 06:35:04,367 - Scraping log - scraper.py >         <module>(): Line 751 - INFO - Running default scraper on KT_FR > https://geo.fr.ch/ags/services/OpenData/Pistes_cyclables_routes_cantonales/MapServer/WMSServer?request=GetCapabilities&service=WMS (source 1210/1467)
2026-01-25 06:35:07,226 - Scraping log - scraper.py >         <module>(): Line 751 - INFO - Running default scraper on KT_FR > https://geo.fr.ch/ags/services/OpenData/Plan_sectoriel_pour_l_exploitation_de_materiaux_PSEM/MapServer/WMSServer?request=GetCapabilities&service=WMS (source 1211/1467)
2026-01-25 06:35:09,891 - Scraping log - scraper.py >         <module>(): Line 751 - INFO - Running default scraper on KT_FR > https://geo.fr.ch/ags/services/OpenData/Planification_cantonale_parcs_relais/MapServer/WMSServer?request=GetCapabilities&service=WMS (source 1212/1467)
2026-01-25 06:35:12,648 - Scraping log - scraper.py >         <module>(): Line 751 - INFO - Running default scraper on KT_FR > https://geo.fr.ch/ags/services/OpenData/Points_de_limite_territoriale/MapServer/WMSServer?request=GetCapabilities&service=WMS (source 1213/1467)
2026-01-25 06:35:15,334 - Scraping log - scraper.py >         <module>(): Line 751 - INFO - Running default scraper on KT_FR > https://geo.fr.ch/ags/services/OpenData/Points_de_Repere_SRB/MapServer/WMSServer?request=GetCapabilities&service=WMS (source 1214/1467)
2026-01-25 06:35:17,838 - Scraping log - scraper.py >         <module>(): Line 751 - INFO - Running default scraper on KT_FR > https://geo.fr.ch/ags/services/OpenData/Points_fixes/MapServer/WMSServer?request=GetCapabilities&service=WMS (source 1215/1467)
2026-01-25 06:35:20,570 - Scraping log - scraper.py >         <module>(): Line 751 - INFO - Running default scraper on KT_FR > https://geo.fr.ch/ags/services/OpenData/Points_limites_projetes/MapServer/WMSServer?request=GetCapabilities&service=WMS (source 1216/1467)
2026-01-25 06:35:23,202 - Scraping log - scraper.py >         <module>(): Line 751 - INFO - Running default scraper on KT_FR > https://geo.fr.ch/ags/services/OpenData/Points_limites/MapServer/WMSServer?request=GetCapabilities&service=WMS (source 1217/1467)
2026-01-25 06:35:25,550 - Scraping log - scraper.py >         <module>(): Line 751 - INFO - Running default scraper on KT_FR > https://geo.fr.ch/ags/services/OpenData/Pompes_AquaFri/MapServer/WMSServer?request=GetCapabilities&service=WMS (source 1218/1467)
2026-01-25 06:35:28,140 - Scraping log - scraper.py >         <module>(): Line 751 - INFO - Running default scraper on KT_FR > https://geo.fr.ch/ags/services/OpenData/Postes_de_comptage_de_trafic/MapServer/WMSServer?request=GetCapabilities&service=WMS (source 1219/1467)
2026-01-25 06:35:30,763 - Scraping log - scraper.py >         <module>(): Line 751 - INFO - Running default scraper on KT_FR > https://geo.fr.ch/ags/services/OpenData/Prairies_et_paturages_secs_d_importance_cantonale/MapServer/WMSServer?request=GetCapabilities&service=WMS (source 1220/1467)
2026-01-25 06:35:31,228 - Scraping log - scraper.py >         <module>(): Line 759 - WARNING - Scraping KT_FR > https://geo.fr.ch/ags/services/OpenData/Prairies_et_paturages_secs_d_importance_cantonale/MapServer/WMSServer?request=GetCapabilities&service=WMS aborted
2026-01-25 06:35:31,228 - Scraping log - scraper.py >         <module>(): Line 751 - INFO - Running default scraper on KT_FR > https://geo.fr.ch/ags/services/OpenData/Prairies_et_paturages_secs_d_importance_nationale/MapServer/WMSServer?request=GetCapabilities&service=WMS (source 1221/1467)
2026-01-25 06:35:31,689 - Scraping log - scraper.py >         <module>(): Line 759 - WARNING - Scraping KT_FR > https://geo.fr.ch/ags/services/OpenData/Prairies_et_paturages_secs_d_importance_nationale/MapServer/WMSServer?request=GetCapabilities&service=WMS aborted
2026-01-25 06:35:31,690 - Scraping log - scraper.py >         <module>(): Line 751 - INFO - Running default scraper on KT_FR > https://geo.fr.ch/ags/services/OpenData/Pression_statique_des_hydrants_AquaFri/MapServer/WMSServer?request=GetCapabilities&service=WMS (source 1222/1467)
2026-01-25 06:35:34,246 - Scraping log - scraper.py >         <module>(): Line 751 - INFO - Running default scraper on KT_FR > https://geo.fr.ch/ags/services/OpenData/Produits_d_alpage/MapServer/WMSServer?request=GetCapabilities&service=WMS (source 1223/1467)
2026-01-25 06:35:36,842 - Scraping log - scraper.py >         <module>(): Line 751 - INFO - Running default scraper on KT_FR > https://geo.fr.ch/ags/services/OpenData/Produits_de_montagne/MapServer/WMSServer?request=GetCapabilities&service=WMS (source 1224/1467)
2026-01-25 06:35:39,502 - Scraping log - scraper.py >         <module>(): Line 751 - INFO - Running default scraper on KT_FR > https://geo.fr.ch/ags/services/OpenData/Projets_paysage_CQP/MapServer/WMSServer?request=GetCapabilities&service=WMS (source 1225/1467)
2026-01-25 06:35:42,069 - Scraping log - scraper.py >         <module>(): Line 751 - INFO - Running default scraper on KT_FR > https://geo.fr.ch/ags/services/OpenData/Projets_VALTRALOC/MapServer/WMSServer?request=GetCapabilities&service=WMS (source 1226/1467)
2026-01-25 06:35:42,652 - Scraping log - scraper.py >         <module>(): Line 759 - WARNING - Scraping KT_FR > https://geo.fr.ch/ags/services/OpenData/Projets_VALTRALOC/MapServer/WMSServer?request=GetCapabilities&service=WMS aborted
2026-01-25 06:35:42,652 - Scraping log - scraper.py >         <module>(): Line 751 - INFO - Running default scraper on KT_FR > https://geo.fr.ch/ags/services/OpenData/Proportion_du_bati_expose_aux_dangers_naturels_par_commune/MapServer/WMSServer?request=GetCapabilities&service=WMS (source 1227/1467)
2026-01-25 06:35:45,258 - Scraping log - scraper.py >         <module>(): Line 751 - INFO - Running default scraper on KT_FR > https://geo.fr.ch/ags/services/OpenData/Qualite_des_donnees_descriptives/MapServer/WMSServer?request=GetCapabilities&service=WMS (source 1228/1467)
2026-01-25 06:35:47,973 - Scraping log - scraper.py >         <module>(): Line 751 - INFO - Running default scraper on KT_FR > https://geo.fr.ch/ags/services/OpenData/Qualite_des_immeubles_en_vigueur/MapServer/WMSServer?request=GetCapabilities&service=WMS (source 1229/1467)
2026-01-25 06:35:50,484 - Scraping log - scraper.py >         <module>(): Line 751 - INFO - Running default scraper on KT_FR > https://geo.fr.ch/ags/services/OpenData/Qualite_des_immeubles_projetes/MapServer/WMSServer?request=GetCapabilities&service=WMS (source 1230/1467)
2026-01-25 06:35:53,311 - Scraping log - scraper.py >         <module>(): Line 751 - INFO - Running default scraper on KT_FR > https://geo.fr.ch/ags/services/OpenData/Reducteurs_AquaFri/MapServer/WMSServer?request=GetCapabilities&service=WMS (source 1231/1467)
2026-01-25 06:35:55,824 - Scraping log - scraper.py >         <module>(): Line 751 - INFO - Running default scraper on KT_FR > https://geo.fr.ch/ags/services/OpenData/Remaniements_parcellaires/MapServer/WMSServer?request=GetCapabilities&service=WMS (source 1232/1467)
2026-01-25 06:35:58,433 - Scraping log - scraper.py >         <module>(): Line 751 - INFO - Running default scraper on KT_FR > https://geo.fr.ch/ags/services/OpenData/Repartition_des_niveaux_de_tolerance/MapServer/WMSServer?request=GetCapabilities&service=WMS (source 1233/1467)
2026-01-25 06:36:00,980 - Scraping log - scraper.py >         <module>(): Line 751 - INFO - Running default scraper on KT_FR > https://geo.fr.ch/ags/services/OpenData/Repartitions_des_plans/MapServer/WMSServer?request=GetCapabilities&service=WMS (source 1234/1467)
2026-01-25 06:36:03,472 - Scraping log - scraper.py >         <module>(): Line 751 - INFO - Running default scraper on KT_FR > https://geo.fr.ch/ags/services/OpenData/Reseau_d_itineraires_en_zones_de_tranquillite/MapServer/WMSServer?request=GetCapabilities&service=WMS (source 1235/1467)
2026-01-25 06:36:05,934 - Scraping log - scraper.py >         <module>(): Line 751 - INFO - Running default scraper on KT_FR > https://geo.fr.ch/ags/services/OpenData/Reseaux_ecologiques/MapServer/WMSServer?request=GetCapabilities&service=WMS (source 1236/1467)
2026-01-25 06:36:08,534 - Scraping log - scraper.py >         <module>(): Line 751 - INFO - Running default scraper on KT_FR > https://geo.fr.ch/ags/services/OpenData/Reseaux_integres_dans_AquaFri/MapServer/WMSServer?request=GetCapabilities&service=WMS (source 1237/1467)
2026-01-25 06:36:11,032 - Scraping log - scraper.py >         <module>(): Line 751 - INFO - Running default scraper on KT_FR > https://geo.fr.ch/ags/services/OpenData/Reseaux_non_integres_dans_AquaFri/MapServer/WMSServer?request=GetCapabilities&service=WMS (source 1238/1467)
2026-01-25 06:36:13,447 - Scraping log - scraper.py >         <module>(): Line 751 - INFO - Running default scraper on KT_FR > https://geo.fr.ch/ags/services/OpenData/Reserve_mycologique/MapServer/WMSServer?request=GetCapabilities&service=WMS (source 1239/1467)
2026-01-25 06:36:16,134 - Scraping log - scraper.py >         <module>(): Line 751 - INFO - Running default scraper on KT_FR > https://geo.fr.ch/ags/services/OpenData/Reserves_d_oiseaux_d_eau_et_migrateurs/MapServer/WMSServer?request=GetCapabilities&service=WMS (source 1240/1467)
2026-01-25 06:36:18,736 - Scraping log - scraper.py >         <module>(): Line 751 - INFO - Running default scraper on KT_FR > https://geo.fr.ch/ags/services/OpenData/Reserves_de_faune_pour_la_chasse/MapServer/WMSServer?request=GetCapabilities&service=WMS (source 1241/1467)
2026-01-25 06:36:21,202 - Scraping log - scraper.py >         <module>(): Line 751 - INFO - Running default scraper on KT_FR > https://geo.fr.ch/ags/services/OpenData/Reserves_forestieres_cantonales/MapServer/WMSServer?request=GetCapabilities&service=WMS (source 1242/1467)
2026-01-25 06:36:21,667 - Scraping log - scraper.py >         <module>(): Line 759 - WARNING - Scraping KT_FR > https://geo.fr.ch/ags/services/OpenData/Reserves_forestieres_cantonales/MapServer/WMSServer?request=GetCapabilities&service=WMS aborted
2026-01-25 06:36:21,667 - Scraping log - scraper.py >         <module>(): Line 751 - INFO - Running default scraper on KT_FR > https://geo.fr.ch/ags/services/OpenData/Reserves_forestieres_RDPPF/MapServer/WMSServer?request=GetCapabilities&service=WMS (source 1243/1467)
2026-01-25 06:36:24,330 - Scraping log - scraper.py >         <module>(): Line 751 - INFO - Running default scraper on KT_FR > https://geo.fr.ch/ags/services/OpenData/Reserves_forestieres/MapServer/WMSServer?request=GetCapabilities&service=WMS (source 1244/1467)
2026-01-25 06:36:26,832 - Scraping log - scraper.py >         <module>(): Line 751 - INFO - Running default scraper on KT_FR > https://geo.fr.ch/ags/services/OpenData/Reserves_naturelles_cantonales/MapServer/WMSServer?request=GetCapabilities&service=WMS (source 1245/1467)
2026-01-25 06:36:29,420 - Scraping log - scraper.py >         <module>(): Line 751 - INFO - Running default scraper on KT_FR > https://geo.fr.ch/ags/services/OpenData/Reserves_paysageres_cantonales/MapServer/WMSServer?request=GetCapabilities&service=WMS (source 1246/1467)
2026-01-25 06:36:32,186 - Scraping log - scraper.py >         <module>(): Line 751 - INFO - Running default scraper on KT_FR > https://geo.fr.ch/ags/services/OpenData/Reservoirs_AquaFri/MapServer/WMSServer?request=GetCapabilities&service=WMS (source 1247/1467)
2026-01-25 06:36:36,087 - Scraping log - scraper.py >         <module>(): Line 751 - INFO - Running default scraper on KT_FR > https://geo.fr.ch/ags/services/OpenData/Ressources___sources_et_puits___de_l_inventaire_des_eaux_souterraines/MapServer/WMSServer?request=GetCapabilities&service=WMS (source 1248/1467)
2026-01-25 06:36:38,730 - Scraping log - scraper.py >         <module>(): Line 751 - INFO - Running default scraper on KT_FR > https://geo.fr.ch/ags/services/OpenData/Revetements_phono_absorbants_routes_cantonales/MapServer/WMSServer?request=GetCapabilities&service=WMS (source 1249/1467)
2026-01-25 06:36:41,261 - Scraping log - scraper.py >         <module>(): Line 751 - INFO - Running default scraper on KT_FR > https://geo.fr.ch/ags/services/OpenData/Revision_generale_PAL_amenagement_local/MapServer/WMSServer?request=GetCapabilities&service=WMS (source 1250/1467)
2026-01-25 06:36:43,821 - Scraping log - scraper.py >         <module>(): Line 751 - INFO - Running default scraper on KT_FR > https://geo.fr.ch/ags/services/OpenData/Routes_Cantonales_LR/MapServer/WMSServer?request=GetCapabilities&service=WMS (source 1251/1467)
2026-01-25 06:36:44,282 - Scraping log - scraper.py >         <module>(): Line 759 - WARNING - Scraping KT_FR > https://geo.fr.ch/ags/services/OpenData/Routes_Cantonales_LR/MapServer/WMSServer?request=GetCapabilities&service=WMS aborted
2026-01-25 06:36:44,282 - Scraping log - scraper.py >         <module>(): Line 751 - INFO - Running default scraper on KT_FR > https://geo.fr.ch/ags/services/OpenData/Routes_Cantonales_ORGT___OUMin/MapServer/WMSServer?request=GetCapabilities&service=WMS (source 1252/1467)
2026-01-25 06:36:46,930 - Scraping log - scraper.py >         <module>(): Line 751 - INFO - Running default scraper on KT_FR > https://geo.fr.ch/ags/services/OpenData/Routes_Cantonales_OSR/MapServer/WMSServer?request=GetCapabilities&service=WMS (source 1253/1467)
2026-01-25 06:36:49,497 - Scraping log - scraper.py >         <module>(): Line 751 - INFO - Running default scraper on KT_FR > https://geo.fr.ch/ags/services/OpenData/Routes_lineaires_OPAM/MapServer/WMSServer?request=GetCapabilities&service=WMS (source 1254/1467)
2026-01-25 06:36:52,068 - Scraping log - scraper.py >         <module>(): Line 751 - INFO - Running default scraper on KT_FR > https://geo.fr.ch/ags/services/OpenData/Routes_Nationales/MapServer/WMSServer?request=GetCapabilities&service=WMS (source 1255/1467)
2026-01-25 06:36:54,787 - Scraping log - scraper.py >         <module>(): Line 751 - INFO - Running default scraper on KT_FR > https://geo.fr.ch/ags/services/OpenData/Routes_surfaciques_OPAM/MapServer/WMSServer?request=GetCapabilities&service=WMS (source 1256/1467)
2026-01-25 06:36:57,417 - Scraping log - scraper.py >         <module>(): Line 751 - INFO - Running default scraper on KT_FR > https://geo.fr.ch/ags/services/OpenData/Ruisseaux_utilises_par_l_Etat/MapServer/WMSServer?request=GetCapabilities&service=WMS (source 1257/1467)
2026-01-25 06:37:00,026 - Scraping log - scraper.py >         <module>(): Line 751 - INFO - Running default scraper on KT_FR > https://geo.fr.ch/ags/services/OpenData/Ruisseaux_utilises_par_les_societes_de_peche/MapServer/WMSServer?request=GetCapabilities&service=WMS (source 1258/1467)
2026-01-25 06:37:02,742 - Scraping log - scraper.py >         <module>(): Line 751 - INFO - Running default scraper on KT_FR > https://geo.fr.ch/ags/services/OpenData/Salamandre_tachetee/MapServer/WMSServer?request=GetCapabilities&service=WMS (source 1259/1467)
2026-01-25 06:37:03,202 - Scraping log - scraper.py >         <module>(): Line 759 - WARNING - Scraping KT_FR > https://geo.fr.ch/ags/services/OpenData/Salamandre_tachetee/MapServer/WMSServer?request=GetCapabilities&service=WMS aborted
2026-01-25 06:37:03,203 - Scraping log - scraper.py >         <module>(): Line 751 - INFO - Running default scraper on KT_FR > https://geo.fr.ch/ags/services/OpenData/Secteur_de_dangers_naturels_RDPPF_affectation/MapServer/WMSServer?request=GetCapabilities&service=WMS (source 1260/1467)
2026-01-25 06:37:06,533 - Scraping log - scraper.py >         <module>(): Line 751 - INFO - Running default scraper on KT_FR > https://geo.fr.ch/ags/services/OpenData/Secteurs_a_objectifs_de_protection_du_patrimoine_PAL/MapServer/WMSServer?request=GetCapabilities&service=WMS (source 1261/1467)
2026-01-25 06:37:09,265 - Scraping log - scraper.py >         <module>(): Line 751 - INFO - Running default scraper on KT_FR > https://geo.fr.ch/ags/services/OpenData/Secteurs_de_faune/MapServer/WMSServer?request=GetCapabilities&service=WMS (source 1262/1467)
2026-01-25 06:37:11,787 - Scraping log - scraper.py >         <module>(): Line 751 - INFO - Running default scraper on KT_FR > https://geo.fr.ch/ags/services/OpenData/Secteurs_de_protection_du_patrimoine_ayant_passe_l_enquete_publique_PAL_en_revison/MapServer/WMSServer?request=GetCapabilities&service=WMS (source 1263/1467)
2026-01-25 06:37:14,641 - Scraping log - scraper.py >         <module>(): Line 751 - INFO - Running default scraper on KT_FR > https://geo.fr.ch/ags/services/OpenData/Secteurs_soumis_a_PAD_amenagement_local/MapServer/WMSServer?request=GetCapabilities&service=WMS (source 1264/1467)
2026-01-25 06:37:17,274 - Scraping log - scraper.py >         <module>(): Line 751 - INFO - Running default scraper on KT_FR > https://geo.fr.ch/ags/services/OpenData/Servitudes_Labels/MapServer/WMSServer?request=GetCapabilities&service=WMS (source 1265/1467)
2026-01-25 06:37:19,855 - Scraping log - scraper.py >         <module>(): Line 751 - INFO - Running default scraper on KT_FR > https://geo.fr.ch/ags/services/OpenData/Servitudes_Lignes/MapServer/WMSServer?request=GetCapabilities&service=WMS (source 1266/1467)
2026-01-25 06:37:22,518 - Scraping log - scraper.py >         <module>(): Line 751 - INFO - Running default scraper on KT_FR > https://geo.fr.ch/ags/services/OpenData/Servitudes_Points/MapServer/WMSServer?request=GetCapabilities&service=WMS (source 1267/1467)
2026-01-25 06:37:25,102 - Scraping log - scraper.py >         <module>(): Line 751 - INFO - Running default scraper on KT_FR > https://geo.fr.ch/ags/services/OpenData/Servitudes_Surfaces/MapServer/WMSServer?request=GetCapabilities&service=WMS (source 1268/1467)
2026-01-25 06:37:27,770 - Scraping log - scraper.py >         <module>(): Line 751 - INFO - Running default scraper on KT_FR > https://geo.fr.ch/ags/services/OpenData/Sirenes_de_la_PCi/MapServer/WMSServer?request=GetCapabilities&service=WMS (source 1269/1467)
2026-01-25 06:37:30,666 - Scraping log - scraper.py >         <module>(): Line 751 - INFO - Running default scraper on KT_FR > https://geo.fr.ch/ags/services/OpenData/Sites_a_batraciens_annexe_1/MapServer/WMSServer?request=GetCapabilities&service=WMS (source 1270/1467)
2026-01-25 06:37:31,129 - Scraping log - scraper.py >         <module>(): Line 759 - WARNING - Scraping KT_FR > https://geo.fr.ch/ags/services/OpenData/Sites_a_batraciens_annexe_1/MapServer/WMSServer?request=GetCapabilities&service=WMS aborted
2026-01-25 06:37:31,129 - Scraping log - scraper.py >         <module>(): Line 751 - INFO - Running default scraper on KT_FR > https://geo.fr.ch/ags/services/OpenData/Sites_a_batraciens_annexe_2/MapServer/WMSServer?request=GetCapabilities&service=WMS (source 1271/1467)
2026-01-25 06:37:31,595 - Scraping log - scraper.py >         <module>(): Line 759 - WARNING - Scraping KT_FR > https://geo.fr.ch/ags/services/OpenData/Sites_a_batraciens_annexe_2/MapServer/WMSServer?request=GetCapabilities&service=WMS aborted
2026-01-25 06:37:31,595 - Scraping log - scraper.py >         <module>(): Line 751 - INFO - Running default scraper on KT_FR > https://geo.fr.ch/ags/services/OpenData/Sites_a_batraciens_annexe_3/MapServer/WMSServer?request=GetCapabilities&service=WMS (source 1272/1467)
2026-01-25 06:37:32,058 - Scraping log - scraper.py >         <module>(): Line 759 - WARNING - Scraping KT_FR > https://geo.fr.ch/ags/services/OpenData/Sites_a_batraciens_annexe_3/MapServer/WMSServer?request=GetCapabilities&service=WMS aborted
2026-01-25 06:37:32,058 - Scraping log - scraper.py >         <module>(): Line 751 - INFO - Running default scraper on KT_FR > https://geo.fr.ch/ags/services/OpenData/Sites_a_batraciens_objets_fixes/MapServer/WMSServer?request=GetCapabilities&service=WMS (source 1273/1467)
2026-01-25 06:37:32,635 - Scraping log - scraper.py >         <module>(): Line 759 - WARNING - Scraping KT_FR > https://geo.fr.ch/ags/services/OpenData/Sites_a_batraciens_objets_fixes/MapServer/WMSServer?request=GetCapabilities&service=WMS aborted
2026-01-25 06:37:32,635 - Scraping log - scraper.py >         <module>(): Line 751 - INFO - Running default scraper on KT_FR > https://geo.fr.ch/ags/services/OpenData/Sites_a_batraciens_objets_itinerants/MapServer/WMSServer?request=GetCapabilities&service=WMS (source 1274/1467)
2026-01-25 06:37:33,098 - Scraping log - scraper.py >         <module>(): Line 759 - WARNING - Scraping KT_FR > https://geo.fr.ch/ags/services/OpenData/Sites_a_batraciens_objets_itinerants/MapServer/WMSServer?request=GetCapabilities&service=WMS aborted
2026-01-25 06:37:33,099 - Scraping log - scraper.py >         <module>(): Line 751 - INFO - Running default scraper on KT_FR > https://geo.fr.ch/ags/services/OpenData/Sites_bases_sur_l_ISOS/MapServer/WMSServer?request=GetCapabilities&service=WMS (source 1275/1467)
2026-01-25 06:37:35,632 - Scraping log - scraper.py >         <module>(): Line 751 - INFO - Running default scraper on KT_FR > https://geo.fr.ch/ags/services/OpenData/Sites_de_reproduction_de_batraciens_d_importance_locale/MapServer/WMSServer?request=GetCapabilities&service=WMS (source 1276/1467)
2026-01-25 06:37:38,414 - Scraping log - scraper.py >         <module>(): Line 751 - INFO - Running default scraper on KT_FR > https://geo.fr.ch/ags/services/OpenData/Sites_marecageux_d_importance_nationale/MapServer/WMSServer?request=GetCapabilities&service=WMS (source 1277/1467)
2026-01-25 06:37:40,870 - Scraping log - scraper.py >         <module>(): Line 751 - INFO - Running default scraper on KT_FR > https://geo.fr.ch/ags/services/OpenData/Sites_prioritaires_prairies_et_paturages_secs/MapServer/WMSServer?request=GetCapabilities&service=WMS (source 1278/1467)
2026-01-25 06:37:43,363 - Scraping log - scraper.py >         <module>(): Line 751 - INFO - Running default scraper on KT_FR > https://geo.fr.ch/ags/services/OpenData/Stations_d_epuration/MapServer/WMSServer?request=GetCapabilities&service=WMS (source 1279/1467)
2026-01-25 06:37:46,031 - Scraping log - scraper.py >         <module>(): Line 751 - INFO - Running default scraper on KT_FR > https://geo.fr.ch/ags/services/OpenData/Stations_de_fecondation_des_abeilles/MapServer/WMSServer?request=GetCapabilities&service=WMS (source 1280/1467)
2026-01-25 06:37:48,586 - Scraping log - scraper.py >         <module>(): Line 751 - INFO - Running default scraper on KT_FR > https://geo.fr.ch/ags/services/OpenData/Stations_forestieres/MapServer/WMSServer?request=GetCapabilities&service=WMS (source 1281/1467)
2026-01-25 06:37:51,544 - Scraping log - scraper.py >         <module>(): Line 751 - INFO - Running default scraper on KT_FR > https://geo.fr.ch/ags/services/OpenData/Stations_meteo_degres_jours_et_temperatures_moyennes/MapServer/WMSServer?request=GetCapabilities&service=WMS (source 1282/1467)
2026-01-25 06:37:52,119 - Scraping log - scraper.py >         <module>(): Line 759 - WARNING - Scraping KT_FR > https://geo.fr.ch/ags/services/OpenData/Stations_meteo_degres_jours_et_temperatures_moyennes/MapServer/WMSServer?request=GetCapabilities&service=WMS aborted
2026-01-25 06:37:52,119 - Scraping log - scraper.py >         <module>(): Line 751 - INFO - Running default scraper on KT_FR > https://geo.fr.ch/ags/services/OpenData/Statuts_des_donnees_descriptives/MapServer/WMSServer?request=GetCapabilities&service=WMS (source 1283/1467)
2026-01-25 06:37:54,608 - Scraping log - scraper.py >         <module>(): Line 751 - INFO - Running default scraper on KT_FR > https://geo.fr.ch/ags/services/OpenData/Statuts_des_immeubles_en_vigueur/MapServer/WMSServer?request=GetCapabilities&service=WMS (source 1284/1467)
2026-01-25 06:37:57,079 - Scraping log - scraper.py >         <module>(): Line 751 - INFO - Running default scraper on KT_FR > https://geo.fr.ch/ags/services/OpenData/Statuts_des_immeubles_projetes/MapServer/WMSServer?request=GetCapabilities&service=WMS (source 1285/1467)
2026-01-25 06:37:59,729 - Scraping log - scraper.py >         <module>(): Line 751 - INFO - Running default scraper on KT_FR > https://geo.fr.ch/ags/services/OpenData/Structures_d_accueil/MapServer/WMSServer?request=GetCapabilities&service=WMS (source 1286/1467)
2026-01-25 06:38:02,789 - Scraping log - scraper.py >         <module>(): Line 751 - INFO - Running default scraper on KT_FR > https://geo.fr.ch/ags/services/OpenData/Structures_d_activites_de_promotion_enfance_jeunesse/MapServer/WMSServer?request=GetCapabilities&service=WMS (source 1287/1467)
2026-01-25 06:38:05,685 - Scraping log - scraper.py >         <module>(): Line 751 - INFO - Running default scraper on KT_FR > https://geo.fr.ch/ags/services/OpenData/Surface_agricole_utile/MapServer/WMSServer?request=GetCapabilities&service=WMS (source 1288/1467)
2026-01-25 06:38:06,260 - Scraping log - scraper.py >         <module>(): Line 759 - WARNING - Scraping KT_FR > https://geo.fr.ch/ags/services/OpenData/Surface_agricole_utile/MapServer/WMSServer?request=GetCapabilities&service=WMS aborted
2026-01-25 06:38:06,260 - Scraping log - scraper.py >         <module>(): Line 751 - INFO - Running default scraper on KT_FR > https://geo.fr.ch/ags/services/OpenData/Surface_chaussee_routes_cantonales/MapServer/WMSServer?request=GetCapabilities&service=WMS (source 1289/1467)
2026-01-25 06:38:09,181 - Scraping log - scraper.py >         <module>(): Line 751 - INFO - Running default scraper on KT_FR > https://geo.fr.ch/ags/services/OpenData/Surface_de_couverture_Sirenes_de_la_PCi/MapServer/WMSServer?request=GetCapabilities&service=WMS (source 1290/1467)
2026-01-25 06:38:11,980 - Scraping log - scraper.py >         <module>(): Line 751 - INFO - Running default scraper on KT_FR > https://geo.fr.ch/ags/services/OpenData/Surfaces_a_aptitude_reduite_pour_la_culture_des_champs/MapServer/WMSServer?request=GetCapabilities&service=WMS (source 1291/1467)
2026-01-25 06:38:14,445 - Scraping log - scraper.py >         <module>(): Line 751 - INFO - Running default scraper on KT_FR > https://geo.fr.ch/ags/services/OpenData/Surfaces_d_assolement/MapServer/WMSServer?request=GetCapabilities&service=WMS (source 1292/1467)
2026-01-25 06:38:17,023 - Scraping log - scraper.py >         <module>(): Line 751 - INFO - Running default scraper on KT_FR > https://geo.fr.ch/ags/services/OpenData/Surfaces_de_promotion_de_la_biodiversite_SPB_II_Estivage/MapServer/WMSServer?request=GetCapabilities&service=WMS (source 1293/1467)
2026-01-25 06:38:19,501 - Scraping log - scraper.py >         <module>(): Line 751 - INFO - Running default scraper on KT_FR > https://geo.fr.ch/ags/services/OpenData/Surfaces_de_promotion_de_la_biodiversite_SPB_II_Plaine/MapServer/WMSServer?request=GetCapabilities&service=WMS (source 1294/1467)
2026-01-25 06:38:22,055 - Scraping log - scraper.py >         <module>(): Line 751 - INFO - Running default scraper on KT_FR > https://geo.fr.ch/ags/services/OpenData/Surfaces_de_promotion_de_la_biodiversite_SPB_I/MapServer/WMSServer?request=GetCapabilities&service=WMS (source 1295/1467)
2026-01-25 06:38:24,736 - Scraping log - scraper.py >         <module>(): Line 751 - INFO - Running default scraper on KT_FR > https://geo.fr.ch/ags/services/OpenData/Syndicats_de_chemins_alpestres/MapServer/WMSServer?request=GetCapabilities&service=WMS (source 1296/1467)
2026-01-25 06:38:27,259 - Scraping log - scraper.py >         <module>(): Line 751 - INFO - Running default scraper on KT_FR > https://geo.fr.ch/ags/services/OpenData/Talus_a_valeur_ecologique_routes_cantonales/MapServer/WMSServer?request=GetCapabilities&service=WMS (source 1297/1467)
2026-01-25 06:38:29,789 - Scraping log - scraper.py >         <module>(): Line 751 - INFO - Running default scraper on KT_FR > https://geo.fr.ch/ags/services/OpenData/Terrains_en_pente/MapServer/WMSServer?request=GetCapabilities&service=WMS (source 1298/1467)
2026-01-25 06:38:32,261 - Scraping log - scraper.py >         <module>(): Line 751 - INFO - Running default scraper on KT_FR > https://geo.fr.ch/ags/services/OpenData/Territoires_de_chasse_en_montagne/MapServer/WMSServer?request=GetCapabilities&service=WMS (source 1299/1467)
2026-01-25 06:38:34,992 - Scraping log - scraper.py >         <module>(): Line 751 - INFO - Running default scraper on KT_FR > https://geo.fr.ch/ags/services/OpenData/Trafic_journalier_moyen/MapServer/WMSServer?request=GetCapabilities&service=WMS (source 1300/1467)
2026-01-25 06:38:37,823 - Scraping log - scraper.py >         <module>(): Line 751 - INFO - Running default scraper on KT_FR > https://geo.fr.ch/ags/services/OpenData/Trafic_poids_lourds/MapServer/WMSServer?request=GetCapabilities&service=WMS (source 1301/1467)
2026-01-25 06:38:40,377 - Scraping log - scraper.py >         <module>(): Line 751 - INFO - Running default scraper on KT_FR > https://geo.fr.ch/ags/services/OpenData/Triages_forestiers/MapServer/WMSServer?request=GetCapabilities&service=WMS (source 1302/1467)
2026-01-25 06:38:43,011 - Scraping log - scraper.py >         <module>(): Line 751 - INFO - Running default scraper on KT_FR > https://geo.fr.ch/ags/services/OpenData/Troncons_de_rues_en_couleurs/MapServer/WMSServer?request=GetCapabilities&service=WMS (source 1303/1467)
2026-01-25 06:38:45,398 - Scraping log - scraper.py >         <module>(): Line 751 - INFO - Running default scraper on KT_FR > https://geo.fr.ch/ags/services/OpenData/Troncons_de_rues/MapServer/WMSServer?request=GetCapabilities&service=WMS (source 1304/1467)
2026-01-25 06:38:47,975 - Scraping log - scraper.py >         <module>(): Line 751 - INFO - Running default scraper on KT_FR > https://geo.fr.ch/ags/services/OpenData/Type_d_objet_ISOS___Ligne/MapServer/WMSServer?request=GetCapabilities&service=WMS (source 1305/1467)
2026-01-25 06:38:50,760 - Scraping log - scraper.py >         <module>(): Line 751 - INFO - Running default scraper on KT_FR > https://geo.fr.ch/ags/services/OpenData/Type_d_objet_ISOS___Polygone/MapServer/WMSServer?request=GetCapabilities&service=WMS (source 1306/1467)
2026-01-25 06:38:53,268 - Scraping log - scraper.py >         <module>(): Line 751 - INFO - Running default scraper on KT_FR > https://geo.fr.ch/ags/services/OpenData/Unites_d_exploitation/MapServer/WMSServer?request=GetCapabilities&service=WMS (source 1307/1467)
2026-01-25 06:38:55,965 - Scraping log - scraper.py >         <module>(): Line 751 - INFO - Running default scraper on KT_FR > https://geo.fr.ch/ags/services/OpenData/Unites_de_gestion_des_forets_publiques/MapServer/WMSServer?request=GetCapabilities&service=WMS (source 1308/1467)
2026-01-25 06:38:58,639 - Scraping log - scraper.py >         <module>(): Line 751 - INFO - Running default scraper on KT_FR > https://geo.fr.ch/ags/services/OpenData/Unites_pastorales_catholiques/MapServer/WMSServer?request=GetCapabilities&service=WMS (source 1309/1467)
2026-01-25 06:39:01,243 - Scraping log - scraper.py >         <module>(): Line 751 - INFO - Running default scraper on KT_FR > https://geo.fr.ch/ags/services/OpenData/Vannes_AquaFri/MapServer/WMSServer?request=GetCapabilities&service=WMS (source 1310/1467)
2026-01-25 06:39:03,981 - Scraping log - scraper.py >         <module>(): Line 751 - INFO - Running default scraper on KT_FR > https://geo.fr.ch/ags/services/OpenData/Vigne_en_production_AOC/MapServer/WMSServer?request=GetCapabilities&service=WMS (source 1311/1467)
2026-01-25 06:39:06,456 - Scraping log - scraper.py >         <module>(): Line 751 - INFO - Running default scraper on KT_FR > https://geo.fr.ch/ags/services/OpenData/Vignobles_en_pente/MapServer/WMSServer?request=GetCapabilities&service=WMS (source 1312/1467)
2026-01-25 06:39:08,967 - Scraping log - scraper.py >         <module>(): Line 751 - INFO - Running default scraper on KT_FR > https://geo.fr.ch/ags/services/OpenData/Voies_historiques_IVS/MapServer/WMSServer?request=GetCapabilities&service=WMS (source 1313/1467)
2026-01-25 06:39:11,694 - Scraping log - scraper.py >         <module>(): Line 751 - INFO - Running default scraper on KT_FR > https://geo.fr.ch/ags/services/OpenData/Zones_a_batir_et_perimetre_d_habitat_a_maintenir_amenagement_local_PAZ/MapServer/WMSServer?request=GetCapabilities&service=WMS (source 1314/1467)
2026-01-25 06:39:12,263 - Scraping log - scraper.py >         <module>(): Line 759 - WARNING - Scraping KT_FR > https://geo.fr.ch/ags/services/OpenData/Zones_a_batir_et_perimetre_d_habitat_a_maintenir_amenagement_local_PAZ/MapServer/WMSServer?request=GetCapabilities&service=WMS aborted
2026-01-25 06:39:12,263 - Scraping log - scraper.py >         <module>(): Line 751 - INFO - Running default scraper on KT_FR > https://geo.fr.ch/ags/services/OpenData/Zones_alluviales_d_importance_locale/MapServer/WMSServer?request=GetCapabilities&service=WMS (source 1315/1467)
2026-01-25 06:39:14,958 - Scraping log - scraper.py >         <module>(): Line 751 - INFO - Running default scraper on KT_FR > https://geo.fr.ch/ags/services/OpenData/Zones_alluviales_d_importance_nationale/MapServer/WMSServer?request=GetCapabilities&service=WMS (source 1316/1467)
2026-01-25 06:39:17,426 - Scraping log - scraper.py >         <module>(): Line 751 - INFO - Running default scraper on KT_FR > https://geo.fr.ch/ags/services/OpenData/Zones_alluviales/MapServer/WMSServer?request=GetCapabilities&service=WMS (source 1317/1467)
2026-01-25 06:39:17,892 - Scraping log - scraper.py >         <module>(): Line 759 - WARNING - Scraping KT_FR > https://geo.fr.ch/ags/services/OpenData/Zones_alluviales/MapServer/WMSServer?request=GetCapabilities&service=WMS aborted
2026-01-25 06:39:17,892 - Scraping log - scraper.py >         <module>(): Line 751 - INFO - Running default scraper on KT_FR > https://geo.fr.ch/ags/services/OpenData/Zones_de_contribution_federale_MO/MapServer/WMSServer?request=GetCapabilities&service=WMS (source 1318/1467)
2026-01-25 06:39:20,566 - Scraping log - scraper.py >         <module>(): Line 751 - INFO - Running default scraper on KT_FR > https://geo.fr.ch/ags/services/OpenData/Zones_de_desserte_de_l_approvisionnement_en_electricite/MapServer/WMSServer?request=GetCapabilities&service=WMS (source 1319/1467)
2026-01-25 06:39:23,222 - Scraping log - scraper.py >         <module>(): Line 751 - INFO - Running default scraper on KT_FR > https://geo.fr.ch/ags/services/OpenData/Zones_de_protection_des_eaux_souterraines_RDPPF/MapServer/WMSServer?request=GetCapabilities&service=WMS (source 1320/1467)
2026-01-25 06:39:25,806 - Scraping log - scraper.py >         <module>(): Line 751 - INFO - Running default scraper on KT_FR > https://geo.fr.ch/ags/services/OpenData/Zones_de_recrutement_des_etablissements_primaires_francophones/MapServer/WMSServer?request=GetCapabilities&service=WMS (source 1321/1467)
2026-01-25 06:39:28,449 - Scraping log - scraper.py >         <module>(): Line 751 - INFO - Running default scraper on KT_FR > https://geo.fr.ch/ags/services/OpenData/Zones_de_recrutement_des_etablissements_primaires_germanophones/MapServer/WMSServer?request=GetCapabilities&service=WMS (source 1322/1467)
2026-01-25 06:39:30,995 - Scraping log - scraper.py >         <module>(): Line 751 - INFO - Running default scraper on KT_FR > https://geo.fr.ch/ags/services/OpenData/Zones_de_recrutement_des_etablissements_secondaires_francophones/MapServer/WMSServer?request=GetCapabilities&service=WMS (source 1323/1467)
2026-01-25 06:39:34,063 - Scraping log - scraper.py >         <module>(): Line 751 - INFO - Running default scraper on KT_FR > https://geo.fr.ch/ags/services/OpenData/Zones_de_recrutement_des_etablissements_secondaires_germanophones/MapServer/WMSServer?request=GetCapabilities&service=WMS (source 1324/1467)
2026-01-25 06:39:36,681 - Scraping log - scraper.py >         <module>(): Line 751 - INFO - Running default scraper on KT_FR > https://geo.fr.ch/ags/services/OpenData/Zones_de_tensions_negligeables/MapServer/WMSServer?request=GetCapabilities&service=WMS (source 1325/1467)
2026-01-25 06:39:39,781 - Scraping log - scraper.py >         <module>(): Line 751 - INFO - Running default scraper on KT_FR > https://geo.fr.ch/ags/services/OpenData/Zones_de_tranquillite/MapServer/WMSServer?request=GetCapabilities&service=WMS (source 1326/1467)
2026-01-25 06:39:43,423 - Scraping log - scraper.py >         <module>(): Line 751 - INFO - Running default scraper on KT_FR > https://geo.fr.ch/ags/services/OpenData/Zones_et_reserves_de_peche_cours_d_eau/MapServer/WMSServer?request=GetCapabilities&service=WMS (source 1327/1467)
2026-01-25 06:39:43,885 - Scraping log - scraper.py >         <module>(): Line 759 - WARNING - Scraping KT_FR > https://geo.fr.ch/ags/services/OpenData/Zones_et_reserves_de_peche_cours_d_eau/MapServer/WMSServer?request=GetCapabilities&service=WMS aborted
2026-01-25 06:39:43,886 - Scraping log - scraper.py >         <module>(): Line 751 - INFO - Running default scraper on KT_FR > https://geo.fr.ch/ags/services/OpenData/Zones_et_reserves_de_peche_lacs/MapServer/WMSServer?request=GetCapabilities&service=WMS (source 1328/1467)
2026-01-25 06:39:44,347 - Scraping log - scraper.py >         <module>(): Line 759 - WARNING - Scraping KT_FR > https://geo.fr.ch/ags/services/OpenData/Zones_et_reserves_de_peche_lacs/MapServer/WMSServer?request=GetCapabilities&service=WMS aborted
2026-01-25 06:39:44,347 - Scraping log - scraper.py >         <module>(): Line 751 - INFO - Running default scraper on KT_FR > https://geo.fr.ch/ags/services/OpenData/Zones_humides_Ramsar/MapServer/WMSServer?request=GetCapabilities&service=WMS (source 1329/1467)
2026-01-25 06:39:46,841 - Scraping log - scraper.py >         <module>(): Line 751 - INFO - Running default scraper on KT_FR > https://geo.fr.ch/ags/services/OpenData/Zones_interdites_au_kitesurfing/MapServer/WMSServer?request=GetCapabilities&service=WMS (source 1330/1467)
2026-01-25 06:39:49,334 - Scraping log - scraper.py >         <module>(): Line 751 - INFO - Running default scraper on KT_FR > https://geo.fr.ch/ags/services/OpenData/Zones_reservees_des_routes_cantonales_RDPPF/MapServer/WMSServer?request=GetCapabilities&service=WMS (source 1331/1467)
2026-01-25 06:39:52,013 - Scraping log - scraper.py >         <module>(): Line 751 - INFO - Running default scraper on KT_FR > https://geo.fr.ch/ags/services/OpenData/Zones_reservees_RDPPF_affectation/MapServer/WMSServer?request=GetCapabilities&service=WMS (source 1332/1467)
2026-01-25 06:39:54,620 - Scraping log - scraper.py >         <module>(): Line 751 - INFO - Running default scraper on KT_FR > https://geo.fr.ch/ags/services/OpenData/Zones_reservees_routes_cantonales/MapServer/WMSServer?request=GetCapabilities&service=WMS (source 1333/1467)
2026-01-25 06:39:55,195 - Scraping log - scraper.py >         <module>(): Line 759 - WARNING - Scraping KT_FR > https://geo.fr.ch/ags/services/OpenData/Zones_reservees_routes_cantonales/MapServer/WMSServer?request=GetCapabilities&service=WMS aborted
2026-01-25 06:39:55,195 - Scraping log - scraper.py >         <module>(): Line 751 - INFO - Running default scraper on KT_FR > https://geo.fr.ch/ags/services/OpenData/Zones_superposees_de_protection_de_la_nature_et_du_paysage/MapServer/WMSServer?request=GetCapabilities&service=WMS (source 1334/1467)
2026-01-25 06:39:55,665 - Scraping log - scraper.py >         <module>(): Line 759 - WARNING - Scraping KT_FR > https://geo.fr.ch/ags/services/OpenData/Zones_superposees_de_protection_de_la_nature_et_du_paysage/MapServer/WMSServer?request=GetCapabilities&service=WMS aborted
2026-01-25 06:39:55,665 - Scraping log - scraper.py >         <module>(): Line 751 - INFO - Running default scraper on KT_FR > https://geo.fr.ch/ags/services/OpenData_Raster/Altitude_du_toit_du_rocher__msm_/MapServer/WMSServer?request=GetCapabilities&service=WMS (source 1335/1467)
2026-01-25 06:39:56,235 - Scraping log - scraper.py >         <module>(): Line 759 - WARNING - Scraping KT_FR > https://geo.fr.ch/ags/services/OpenData_Raster/Altitude_du_toit_du_rocher__msm_/MapServer/WMSServer?request=GetCapabilities&service=WMS aborted
2026-01-25 06:39:56,235 - Scraping log - scraper.py >         <module>(): Line 751 - INFO - Running default scraper on KT_FR > https://geo.fr.ch/ags/services/OpenData_Raster/Atlas_geologique_25000_AG25/MapServer/WMSServer?request=GetCapabilities&service=WMS (source 1336/1467)
2026-01-25 06:39:59,352 - Scraping log - scraper.py >         <module>(): Line 751 - INFO - Running default scraper on KT_FR > https://geo.fr.ch/ags/services/OpenData_Raster/Carte_de_l_alea_ruissellement/MapServer/WMSServer?request=GetCapabilities&service=WMS (source 1337/1467)
2026-01-25 06:39:59,817 - Scraping log - scraper.py >         <module>(): Line 759 - WARNING - Scraping KT_FR > https://geo.fr.ch/ags/services/OpenData_Raster/Carte_de_l_alea_ruissellement/MapServer/WMSServer?request=GetCapabilities&service=WMS aborted
2026-01-25 06:39:59,817 - Scraping log - scraper.py >         <module>(): Line 751 - INFO - Running default scraper on KT_FR > https://geo.fr.ch/ags/services/OpenData_Raster/Carte_geologique_200000_GGK200/MapServer/WMSServer?request=GetCapabilities&service=WMS (source 1338/1467)
2026-01-25 06:40:02,634 - Scraping log - scraper.py >         <module>(): Line 751 - INFO - Running default scraper on KT_FR > https://geo.fr.ch/ags/services/OpenData_Raster/Carte_geologique_500000_GK500_Geol/MapServer/WMSServer?request=GetCapabilities&service=WMS (source 1339/1467)
2026-01-25 06:40:05,301 - Scraping log - scraper.py >         <module>(): Line 751 - INFO - Running default scraper on KT_FR > https://geo.fr.ch/ags/services/OpenData_Raster/Carte_tectonique_500000_GK500_Tekto/MapServer/WMSServer?request=GetCapabilities&service=WMS (source 1340/1467)
2026-01-25 06:40:07,754 - Scraping log - scraper.py >         <module>(): Line 751 - INFO - Running default scraper on KT_FR > https://geo.fr.ch/ags/services/OpenData_Raster/CN1000_NB/MapServer/WMSServer?request=GetCapabilities&service=WMS (source 1341/1467)
2026-01-25 06:40:10,327 - Scraping log - scraper.py >         <module>(): Line 751 - INFO - Running default scraper on KT_FR > https://geo.fr.ch/ags/services/OpenData_Raster/CN1000/MapServer/WMSServer?request=GetCapabilities&service=WMS (source 1342/1467)
2026-01-25 06:40:12,989 - Scraping log - scraper.py >         <module>(): Line 751 - INFO - Running default scraper on KT_FR > https://geo.fr.ch/ags/services/OpenData_Raster/CN100_NB/MapServer/WMSServer?request=GetCapabilities&service=WMS (source 1343/1467)
2026-01-25 06:40:15,686 - Scraping log - scraper.py >         <module>(): Line 751 - INFO - Running default scraper on KT_FR > https://geo.fr.ch/ags/services/OpenData_Raster/CN100/MapServer/WMSServer?request=GetCapabilities&service=WMS (source 1344/1467)
2026-01-25 06:40:18,345 - Scraping log - scraper.py >         <module>(): Line 751 - INFO - Running default scraper on KT_FR > https://geo.fr.ch/ags/services/OpenData_Raster/CN10_NB/MapServer/WMSServer?request=GetCapabilities&service=WMS (source 1345/1467)
2026-01-25 06:40:21,185 - Scraping log - scraper.py >         <module>(): Line 751 - INFO - Running default scraper on KT_FR > https://geo.fr.ch/ags/services/OpenData_Raster/CN10/MapServer/WMSServer?request=GetCapabilities&service=WMS (source 1346/1467)
2026-01-25 06:40:24,039 - Scraping log - scraper.py >         <module>(): Line 751 - INFO - Running default scraper on KT_FR > https://geo.fr.ch/ags/services/OpenData_Raster/CN200_NB/MapServer/WMSServer?request=GetCapabilities&service=WMS (source 1347/1467)
2026-01-25 06:40:26,529 - Scraping log - scraper.py >         <module>(): Line 751 - INFO - Running default scraper on KT_FR > https://geo.fr.ch/ags/services/OpenData_Raster/CN200/MapServer/WMSServer?request=GetCapabilities&service=WMS (source 1348/1467)
2026-01-25 06:40:29,441 - Scraping log - scraper.py >         <module>(): Line 751 - INFO - Running default scraper on KT_FR > https://geo.fr.ch/ags/services/OpenData_Raster/CN25_NB/MapServer/WMSServer?request=GetCapabilities&service=WMS (source 1349/1467)
2026-01-25 06:40:32,154 - Scraping log - scraper.py >         <module>(): Line 751 - INFO - Running default scraper on KT_FR > https://geo.fr.ch/ags/services/OpenData_Raster/CN25/MapServer/WMSServer?request=GetCapabilities&service=WMS (source 1350/1467)
2026-01-25 06:40:35,120 - Scraping log - scraper.py >         <module>(): Line 751 - INFO - Running default scraper on KT_FR > https://geo.fr.ch/ags/services/OpenData_Raster/CN500_NB/MapServer/WMSServer?request=GetCapabilities&service=WMS (source 1351/1467)
2026-01-25 06:40:37,718 - Scraping log - scraper.py >         <module>(): Line 751 - INFO - Running default scraper on KT_FR > https://geo.fr.ch/ags/services/OpenData_Raster/CN500/MapServer/WMSServer?request=GetCapabilities&service=WMS (source 1352/1467)
2026-01-25 06:40:40,503 - Scraping log - scraper.py >         <module>(): Line 751 - INFO - Running default scraper on KT_FR > https://geo.fr.ch/ags/services/OpenData_Raster/CN50_NB/MapServer/WMSServer?request=GetCapabilities&service=WMS (source 1353/1467)
2026-01-25 06:40:43,087 - Scraping log - scraper.py >         <module>(): Line 751 - INFO - Running default scraper on KT_FR > https://geo.fr.ch/ags/services/OpenData_Raster/CN50/MapServer/WMSServer?request=GetCapabilities&service=WMS (source 1354/1467)
2026-01-25 06:40:45,654 - Scraping log - scraper.py >         <module>(): Line 751 - INFO - Running default scraper on KT_FR > https://geo.fr.ch/ags/services/OpenData_Raster/Courbes_de_niveau_2016/MapServer/WMSServer?request=GetCapabilities&service=WMS (source 1355/1467)
2026-01-25 06:40:49,645 - Scraping log - scraper.py >         <module>(): Line 751 - INFO - Running default scraper on KT_FR > https://geo.fr.ch/ags/services/OpenData_Raster/Decoupage_des_courbes_de_niveau_LIDAR_2016_pour_telechargement_par_tuile/MapServer/WMSServer?request=GetCapabilities&service=WMS (source 1356/1467)
2026-01-25 06:40:52,244 - Scraping log - scraper.py >         <module>(): Line 751 - INFO - Running default scraper on KT_FR > https://geo.fr.ch/ags/services/OpenData_Raster/Densite_de_points_au_sol_LIDAR_2016/MapServer/WMSServer?request=GetCapabilities&service=WMS (source 1357/1467)
2026-01-25 06:40:54,924 - Scraping log - scraper.py >         <module>(): Line 751 - INFO - Running default scraper on KT_FR > https://geo.fr.ch/ags/services/OpenData_Raster/Densite_de_points_globale_LIDAR_2016/MapServer/WMSServer?request=GetCapabilities&service=WMS (source 1358/1467)
2026-01-25 06:40:57,479 - Scraping log - scraper.py >         <module>(): Line 751 - INFO - Running default scraper on KT_FR > https://geo.fr.ch/ags/services/OpenData_Raster/Direction_d_ecoulement_1_12500/MapServer/WMSServer?request=GetCapabilities&service=WMS (source 1359/1467)
2026-01-25 06:41:00,167 - Scraping log - scraper.py >         <module>(): Line 751 - INFO - Running default scraper on KT_FR > https://geo.fr.ch/ags/services/OpenData_Raster/Direction_d_ecoulement_1_3000/MapServer/WMSServer?request=GetCapabilities&service=WMS (source 1360/1467)
2026-01-25 06:41:02,671 - Scraping log - scraper.py >         <module>(): Line 751 - INFO - Running default scraper on KT_FR > https://geo.fr.ch/ags/services/OpenData_Raster/Direction_d_ecoulement_1_6000/MapServer/WMSServer?request=GetCapabilities&service=WMS (source 1361/1467)
2026-01-25 06:41:05,145 - Scraping log - scraper.py >         <module>(): Line 751 - INFO - Running default scraper on KT_FR > https://geo.fr.ch/ags/services/OpenData_Raster/Epaisseur_du_Quaternaire__m_/MapServer/WMSServer?request=GetCapabilities&service=WMS (source 1362/1467)
2026-01-25 06:41:07,753 - Scraping log - scraper.py >         <module>(): Line 751 - INFO - Running default scraper on KT_FR > https://geo.fr.ch/ags/services/OpenData_Raster/Habitat_potentiel_du_bouquetin/MapServer/WMSServer?request=GetCapabilities&service=WMS (source 1363/1467)
2026-01-25 06:41:10,057 - Scraping log - scraper.py >         <module>(): Line 751 - INFO - Running default scraper on KT_FR > https://geo.fr.ch/ags/services/OpenData_Raster/Habitat_potentiel_du_cerf/MapServer/WMSServer?request=GetCapabilities&service=WMS (source 1364/1467)
2026-01-25 06:41:12,366 - Scraping log - scraper.py >         <module>(): Line 751 - INFO - Running default scraper on KT_FR > https://geo.fr.ch/ags/services/OpenData_Raster/Habitat_potentiel_du_chamois/MapServer/WMSServer?request=GetCapabilities&service=WMS (source 1365/1467)
2026-01-25 06:41:14,807 - Scraping log - scraper.py >         <module>(): Line 751 - INFO - Running default scraper on KT_FR > https://geo.fr.ch/ags/services/OpenData_Raster/Habitat_potentiel_du_chevreuil/MapServer/WMSServer?request=GetCapabilities&service=WMS (source 1366/1467)
2026-01-25 06:41:17,105 - Scraping log - scraper.py >         <module>(): Line 751 - INFO - Running default scraper on KT_FR > https://geo.fr.ch/ags/services/OpenData_Raster/Image_aerienne_1998/MapServer/WMSServer?request=GetCapabilities&service=WMS (source 1367/1467)
2026-01-25 06:41:20,012 - Scraping log - scraper.py >         <module>(): Line 751 - INFO - Running default scraper on KT_FR > https://geo.fr.ch/ags/services/OpenData_Raster/Image_aerienne_2005/MapServer/WMSServer?request=GetCapabilities&service=WMS (source 1368/1467)
2026-01-25 06:41:22,905 - Scraping log - scraper.py >         <module>(): Line 751 - INFO - Running default scraper on KT_FR > https://geo.fr.ch/ags/services/OpenData_Raster/Image_aerienne_2009/MapServer/WMSServer?request=GetCapabilities&service=WMS (source 1369/1467)
2026-01-25 06:41:25,468 - Scraping log - scraper.py >         <module>(): Line 751 - INFO - Running default scraper on KT_FR > https://geo.fr.ch/ags/services/OpenData_Raster/Image_aerienne_2010/MapServer/WMSServer?request=GetCapabilities&service=WMS (source 1370/1467)
2026-01-25 06:41:28,161 - Scraping log - scraper.py >         <module>(): Line 751 - INFO - Running default scraper on KT_FR > https://geo.fr.ch/ags/services/OpenData_Raster/Image_aerienne_2013/MapServer/WMSServer?request=GetCapabilities&service=WMS (source 1371/1467)
2026-01-25 06:41:30,822 - Scraping log - scraper.py >         <module>(): Line 751 - INFO - Running default scraper on KT_FR > https://geo.fr.ch/ags/services/OpenData_Raster/Image_aerienne_2016/MapServer/WMSServer?request=GetCapabilities&service=WMS (source 1372/1467)
2026-01-25 06:41:33,370 - Scraping log - scraper.py >         <module>(): Line 751 - INFO - Running default scraper on KT_FR > https://geo.fr.ch/ags/services/OpenData_Raster/Image_aerienne_2017/MapServer/WMSServer?request=GetCapabilities&service=WMS (source 1373/1467)
2026-01-25 06:41:36,022 - Scraping log - scraper.py >         <module>(): Line 751 - INFO - Running default scraper on KT_FR > https://geo.fr.ch/ags/services/OpenData_Raster/Image_aerienne_2020/MapServer/WMSServer?request=GetCapabilities&service=WMS (source 1374/1467)
2026-01-25 06:41:39,037 - Scraping log - scraper.py >         <module>(): Line 751 - INFO - Running default scraper on KT_FR > https://geo.fr.ch/ags/services/OpenData_Raster/Isobathes_2012_2016/MapServer/WMSServer?request=GetCapabilities&service=WMS (source 1375/1467)
2026-01-25 06:41:39,504 - Scraping log - scraper.py >         <module>(): Line 759 - WARNING - Scraping KT_FR > https://geo.fr.ch/ags/services/OpenData_Raster/Isobathes_2012_2016/MapServer/WMSServer?request=GetCapabilities&service=WMS aborted
2026-01-25 06:41:39,504 - Scraping log - scraper.py >         <module>(): Line 751 - INFO - Running default scraper on KT_FR > https://geo.fr.ch/ags/services/OpenData_Raster/Lignes_de_vol_LIDAR_2015_2017/MapServer/WMSServer?request=GetCapabilities&service=WMS (source 1376/1467)
2026-01-25 06:41:42,109 - Scraping log - scraper.py >         <module>(): Line 751 - INFO - Running default scraper on KT_FR > https://geo.fr.ch/ags/services/OpenData_Raster/Minutes_originales_MCA/MapServer/WMSServer?request=GetCapabilities&service=WMS (source 1377/1467)
2026-01-25 06:41:44,613 - Scraping log - scraper.py >         <module>(): Line 751 - INFO - Running default scraper on KT_FR > https://geo.fr.ch/ags/services/OpenData_Raster/Minutes_originales_MFA/MapServer/WMSServer?request=GetCapabilities&service=WMS (source 1378/1467)
2026-01-25 06:41:47,246 - Scraping log - scraper.py >         <module>(): Line 751 - INFO - Running default scraper on KT_FR > https://geo.fr.ch/ags/services/OpenData_Raster/MNS_swissSURFACE3D_Raster/MapServer/WMSServer?request=GetCapabilities&service=WMS (source 1379/1467)
2026-01-25 06:41:49,677 - Scraping log - scraper.py >         <module>(): Line 751 - INFO - Running default scraper on KT_FR > https://geo.fr.ch/ags/services/OpenData_Raster/MNT_lacs/MapServer/WMSServer?request=GetCapabilities&service=WMS (source 1380/1467)
2026-01-25 06:41:52,086 - Scraping log - scraper.py >         <module>(): Line 751 - INFO - Running default scraper on KT_FR > https://geo.fr.ch/ags/services/OpenData_Raster/MNT_swissALTI3D/MapServer/WMSServer?request=GetCapabilities&service=WMS (source 1381/1467)
2026-01-25 06:41:54,427 - Scraping log - scraper.py >         <module>(): Line 751 - INFO - Running default scraper on KT_FR > https://geo.fr.ch/ags/services/OpenData_Raster/Modele_numerique_de_hauteur_MNH_2016/MapServer/WMSServer?request=GetCapabilities&service=WMS (source 1382/1467)
2026-01-25 06:41:56,882 - Scraping log - scraper.py >         <module>(): Line 751 - INFO - Running default scraper on KT_FR > https://geo.fr.ch/ags/services/OpenData_Raster/Modele_numerique_de_hauteur_MNH_2021/MapServer/WMSServer?request=GetCapabilities&service=WMS (source 1383/1467)
2026-01-25 06:41:59,257 - Scraping log - scraper.py >         <module>(): Line 751 - INFO - Running default scraper on KT_FR > https://geo.fr.ch/ags/services/OpenData_Raster/Nomenclature_1935_fond_blanc/MapServer/WMSServer?request=GetCapabilities&service=WMS (source 1384/1467)
2026-01-25 06:42:01,733 - Scraping log - scraper.py >         <module>(): Line 751 - INFO - Running default scraper on KT_FR > https://geo.fr.ch/ags/services/OpenData_Raster/Nomenclature_1935/MapServer/WMSServer?request=GetCapabilities&service=WMS (source 1385/1467)
2026-01-25 06:42:04,252 - Scraping log - scraper.py >         <module>(): Line 751 - INFO - Running default scraper on KT_FR > https://geo.fr.ch/ags/services/OpenData_Raster/Orientation_des_pentes_2016/MapServer/WMSServer?request=GetCapabilities&service=WMS (source 1386/1467)
2026-01-25 06:42:06,774 - Scraping log - scraper.py >         <module>(): Line 751 - INFO - Running default scraper on KT_FR > https://geo.fr.ch/ags/services/OpenData_Raster/Orientation_des_pentes_2021/MapServer/WMSServer?request=GetCapabilities&service=WMS (source 1387/1467)
2026-01-25 06:42:09,102 - Scraping log - scraper.py >         <module>(): Line 751 - INFO - Running default scraper on KT_FR > https://geo.fr.ch/ags/services/OpenData_Raster/Orthophoto_technique_LIDAR_2016/MapServer/WMSServer?request=GetCapabilities&service=WMS (source 1388/1467)
2026-01-25 06:42:11,967 - Scraping log - scraper.py >         <module>(): Line 751 - INFO - Running default scraper on KT_FR > https://geo.fr.ch/ags/services/OpenData_Raster/PB_MO_couleur_1_2500/MapServer/WMSServer?request=GetCapabilities&service=WMS (source 1389/1467)
2026-01-25 06:42:12,541 - Scraping log - scraper.py >         <module>(): Line 759 - WARNING - Scraping KT_FR > https://geo.fr.ch/ags/services/OpenData_Raster/PB_MO_couleur_1_2500/MapServer/WMSServer?request=GetCapabilities&service=WMS aborted
2026-01-25 06:42:12,541 - Scraping log - scraper.py >         <module>(): Line 751 - INFO - Running default scraper on KT_FR > https://geo.fr.ch/ags/services/OpenData_Raster/PB_MO_NB_1_2500_fond_transparent/MapServer/WMSServer?request=GetCapabilities&service=WMS (source 1390/1467)
2026-01-25 06:42:13,005 - Scraping log - scraper.py >         <module>(): Line 759 - WARNING - Scraping KT_FR > https://geo.fr.ch/ags/services/OpenData_Raster/PB_MO_NB_1_2500_fond_transparent/MapServer/WMSServer?request=GetCapabilities&service=WMS aborted
2026-01-25 06:42:13,005 - Scraping log - scraper.py >         <module>(): Line 751 - INFO - Running default scraper on KT_FR > https://geo.fr.ch/ags/services/OpenData_Raster/PB_MO_NB_1_2500/MapServer/WMSServer?request=GetCapabilities&service=WMS (source 1391/1467)
2026-01-25 06:42:13,471 - Scraping log - scraper.py >         <module>(): Line 759 - WARNING - Scraping KT_FR > https://geo.fr.ch/ags/services/OpenData_Raster/PB_MO_NB_1_2500/MapServer/WMSServer?request=GetCapabilities&service=WMS aborted
2026-01-25 06:42:13,471 - Scraping log - scraper.py >         <module>(): Line 751 - INFO - Running default scraper on KT_FR > https://geo.fr.ch/ags/services/OpenData_Raster/Pente_en_degres_2016/MapServer/WMSServer?request=GetCapabilities&service=WMS (source 1392/1467)
2026-01-25 06:42:15,798 - Scraping log - scraper.py >         <module>(): Line 751 - INFO - Running default scraper on KT_FR > https://geo.fr.ch/ags/services/OpenData_Raster/Pente_en_degres_2021/MapServer/WMSServer?request=GetCapabilities&service=WMS (source 1393/1467)
2026-01-25 06:42:18,251 - Scraping log - scraper.py >         <module>(): Line 751 - INFO - Running default scraper on KT_FR > https://geo.fr.ch/ags/services/OpenData_Raster/Pente_en_pourcentage_2016/MapServer/WMSServer?request=GetCapabilities&service=WMS (source 1394/1467)
2026-01-25 06:42:20,548 - Scraping log - scraper.py >         <module>(): Line 751 - INFO - Running default scraper on KT_FR > https://geo.fr.ch/ags/services/OpenData_Raster/Pente_en_pourcentage_2021/MapServer/WMSServer?request=GetCapabilities&service=WMS (source 1395/1467)
2026-01-25 06:42:22,876 - Scraping log - scraper.py >         <module>(): Line 751 - INFO - Running default scraper on KT_FR > https://geo.fr.ch/ags/services/OpenData_Raster/Pente_et_orientation_combinees_2016/MapServer/WMSServer?request=GetCapabilities&service=WMS (source 1396/1467)
2026-01-25 06:42:25,228 - Scraping log - scraper.py >         <module>(): Line 751 - INFO - Running default scraper on KT_FR > https://geo.fr.ch/ags/services/OpenData_Raster/Pente_et_orientation_combinees_2021/MapServer/WMSServer?request=GetCapabilities&service=WMS (source 1397/1467)
2026-01-25 06:42:27,822 - Scraping log - scraper.py >         <module>(): Line 751 - INFO - Running default scraper on KT_FR > https://geo.fr.ch/ags/services/OpenData_Raster/Plan_d_ensemble_1_10000_1990/MapServer/WMSServer?request=GetCapabilities&service=WMS (source 1398/1467)
2026-01-25 06:42:30,154 - Scraping log - scraper.py >         <module>(): Line 751 - INFO - Running default scraper on KT_FR > https://geo.fr.ch/ags/services/OpenData_Raster/Plan_d_ensemble_1_5000_2010/MapServer/WMSServer?request=GetCapabilities&service=WMS (source 1399/1467)
2026-01-25 06:42:32,525 - Scraping log - scraper.py >         <module>(): Line 751 - INFO - Running default scraper on KT_FR > https://geo.fr.ch/ags/services/OpenData_Raster/Plans_cadastraux_sur_plaque_aluminium/MapServer/WMSServer?request=GetCapabilities&service=WMS (source 1400/1467)
2026-01-25 06:42:35,303 - Scraping log - scraper.py >         <module>(): Line 751 - INFO - Running default scraper on KT_FR > https://geo.fr.ch/ags/services/OpenData_Raster/Plans_d_ensemble_couleur_1930_1940/MapServer/WMSServer?request=GetCapabilities&service=WMS (source 1401/1467)
2026-01-25 06:42:38,026 - Scraping log - scraper.py >         <module>(): Line 751 - INFO - Running default scraper on KT_FR > https://geo.fr.ch/ags/services/OpenData_Raster/Plans_topographiques_du_19eme_siecle/MapServer/WMSServer?request=GetCapabilities&service=WMS (source 1402/1467)
2026-01-25 06:42:40,511 - Scraping log - scraper.py >         <module>(): Line 751 - INFO - Running default scraper on KT_FR > https://geo.fr.ch/ags/services/OpenData_Raster/Relief_de_surface_ombre_MNS_2002/MapServer/WMSServer?request=GetCapabilities&service=WMS (source 1403/1467)
2026-01-25 06:42:42,968 - Scraping log - scraper.py >         <module>(): Line 751 - INFO - Running default scraper on KT_FR > https://geo.fr.ch/ags/services/OpenData_Raster/Relief_de_surface_ombre_MNS_2016/MapServer/WMSServer?request=GetCapabilities&service=WMS (source 1404/1467)
2026-01-25 06:42:45,587 - Scraping log - scraper.py >         <module>(): Line 751 - INFO - Running default scraper on KT_FR > https://geo.fr.ch/ags/services/OpenData_Raster/Relief_de_surface_ombre_MNS_swissSURFACE3D_Raster_2018_2019/MapServer/WMSServer?request=GetCapabilities&service=WMS (source 1405/1467)
2026-01-25 06:42:48,127 - Scraping log - scraper.py >         <module>(): Line 751 - INFO - Running default scraper on KT_FR > https://geo.fr.ch/ags/services/OpenData_Raster/Relief_de_terrain_ombre_MNT_2002/MapServer/WMSServer?request=GetCapabilities&service=WMS (source 1406/1467)
2026-01-25 06:42:50,536 - Scraping log - scraper.py >         <module>(): Line 751 - INFO - Running default scraper on KT_FR > https://geo.fr.ch/ags/services/OpenData_Raster/Relief_de_terrain_ombre_MNT_2016/MapServer/WMSServer?request=GetCapabilities&service=WMS (source 1407/1467)
2026-01-25 06:42:52,854 - Scraping log - scraper.py >         <module>(): Line 751 - INFO - Running default scraper on KT_FR > https://geo.fr.ch/ags/services/OpenData_Raster/Relief_de_terrain_ombre_MNT_lacs_de_Morat_et_Neuchatel/MapServer/WMSServer?request=GetCapabilities&service=WMS (source 1408/1467)
2026-01-25 06:42:55,380 - Scraping log - scraper.py >         <module>(): Line 751 - INFO - Running default scraper on KT_FR > https://geo.fr.ch/ags/services/OpenData_Raster/Relief_de_terrain_ombre_MNT_swissALTI3D_2021/MapServer/WMSServer?request=GetCapabilities&service=WMS (source 1409/1467)
2026-01-25 06:42:57,693 - Scraping log - scraper.py >         <module>(): Line 751 - INFO - Running default scraper on KT_FR > https://geo.fr.ch/ags/services/OpenData_Raster/Relief_ombre_swissALTI3D_2010/MapServer/WMSServer?request=GetCapabilities&service=WMS (source 1410/1467)
2026-01-25 06:43:00,122 - Scraping log - scraper.py >         <module>(): Line 751 - INFO - Running default scraper on KT_FR > https://geo.fr.ch/ags/services/OpenData_Raster/Toit_du_rocher___Isohypses__msm_/MapServer/WMSServer?request=GetCapabilities&service=WMS (source 1411/1467)
2026-01-25 06:43:02,605 - Scraping log - scraper.py >         <module>(): Line 751 - INFO - Running default scraper on FL_LI > https://service.geo.llv.li/service/wms?service=WMS&request=GetCapabilities (source 1412/1467)
2026-01-25 06:43:16,562 - Scraping log - scraper.py > get_service_info(): Line 319 - ERROR - WMSLI: HTTPSConnectionPool(host='service.geo.llv.li', port=443): Read timed out. (read timeout=10)
2026-01-25 06:44:09,196 - Scraping log - scraper.py >         <module>(): Line 751 - INFO - Running default scraper on Geodienste > https://geodienste.ch/db/av/deu?SERVICE=WMS&REQUEST=GetCapabilities (source 1413/1467)
2026-01-25 06:44:24,870 - Scraping log - scraper.py >         <module>(): Line 751 - INFO - Running default scraper on Geodienste > https://geodienste.ch/db/av_situationsplan/deu?SERVICE=WMS&REQUEST=GetCapabilities (source 1414/1467)
2026-01-25 06:44:57,426 - Scraping log - scraper.py >         <module>(): Line 751 - INFO - Running default scraper on Geodienste > https://geodienste.ch/db/fruchtfolgeflaechen/deu?SERVICE=WMS&REQUEST=GetCapabilities (source 1415/1467)
2026-01-25 06:45:01,508 - Scraping log - scraper.py >         <module>(): Line 751 - INFO - Running default scraper on Geodienste > https://geodienste.ch/db/gefahrenkarten_v1_3_0/deu?SERVICE=WMS&REQUEST=GetCapabilities (source 1416/1467)
2026-01-25 06:45:28,300 - Scraping log - scraper.py >         <module>(): Line 751 - INFO - Running default scraper on Geodienste > https://geodienste.ch/db/kantonale_ausnahmetransportrouten/deu?SERVICE=WMS&REQUEST=GetCapabilities (source 1417/1467)
2026-01-25 06:45:32,977 - Scraping log - scraper.py >         <module>(): Line 751 - INFO - Running default scraper on Geodienste > https://geodienste.ch/db/kataster_belasteter_standorte/deu?SERVICE=WMS&REQUEST=GetCapabilities (source 1418/1467)
2026-01-25 06:45:37,355 - Scraping log - scraper.py >         <module>(): Line 751 - INFO - Running default scraper on Geodienste > https://geodienste.ch/db/lwb_bewirtschaftungseinheit/deu?SERVICE=WMS&REQUEST=GetCapabilities (source 1419/1467)
2026-01-25 06:45:42,525 - Scraping log - scraper.py >         <module>(): Line 751 - INFO - Running default scraper on Geodienste > https://geodienste.ch/db/lwb_biodiversitaetsfoerderflaechen/deu?SERVICE=WMS&REQUEST=GetCapabilities (source 1420/1467)
2026-01-25 06:45:47,075 - Scraping log - scraper.py >         <module>(): Line 751 - INFO - Running default scraper on Geodienste > https://geodienste.ch/db/lwb_nutzungsflaechen/deu?SERVICE=WMS&REQUEST=GetCapabilities (source 1421/1467)
2026-01-25 06:45:52,259 - Scraping log - scraper.py >         <module>(): Line 751 - INFO - Running default scraper on Geodienste > https://geodienste.ch/db/lwb_perimeter_ln_sf/deu?SERVICE=WMS&REQUEST=GetCapabilities (source 1422/1467)
2026-01-25 06:45:56,218 - Scraping log - scraper.py >         <module>(): Line 751 - INFO - Running default scraper on Geodienste > https://geodienste.ch/db/lwb_perimeter_terrassenreben/deu?SERVICE=WMS&REQUEST=GetCapabilities (source 1423/1467)
2026-01-25 06:46:00,210 - Scraping log - scraper.py >         <module>(): Line 751 - INFO - Running default scraper on Geodienste > https://geodienste.ch/db/lwb_rebbaukataster/deu?SERVICE=WMS&REQUEST=GetCapabilities (source 1424/1467)
2026-01-25 06:46:04,230 - Scraping log - scraper.py >         <module>(): Line 751 - INFO - Running default scraper on Geodienste > https://geodienste.ch/db/npl_laermempfindlichkeitsstufen/deu?SERVICE=WMS&REQUEST=GetCapabilities (source 1425/1467)
2026-01-25 06:46:08,213 - Scraping log - scraper.py >         <module>(): Line 751 - INFO - Running default scraper on Geodienste > https://geodienste.ch/db/npl_nutzungsplanung/deu?SERVICE=WMS&REQUEST=GetCapabilities (source 1426/1467)
2026-01-25 06:46:13,471 - Scraping log - scraper.py >         <module>(): Line 751 - INFO - Running default scraper on Geodienste > https://geodienste.ch/db/planerischer_gewaesserschutz_v1_1_1/deu?SERVICE=WMS&REQUEST=GetCapabilities (source 1427/1467)
2026-01-25 06:46:37,297 - Scraping log - scraper.py >         <module>(): Line 751 - INFO - Running default scraper on Geodienste > https://geodienste.ch/db/npl_waldabstandslinien/deu?SERVICE=WMS&REQUEST=GetCapabilities (source 1428/1467)
2026-01-25 06:46:43,783 - Scraping log - scraper.py >         <module>(): Line 751 - INFO - Running default scraper on Geodienste > https://geodienste.ch/db/npl_waldgrenzen/deu?SERVICE=WMS&REQUEST=GetCapabilities (source 1429/1467)
2026-01-25 06:46:47,764 - Scraping log - scraper.py >         <module>(): Line 751 - INFO - Running default scraper on Geodienste > https://geodienste.ch/db/planungszonen_v1_0_0/deu?SERVICE=WMS&REQUEST=GetCapabilities (source 1430/1467)
2026-01-25 06:46:48,163 - Scraping log - scraper.py >         <module>(): Line 759 - WARNING - Scraping Geodienste > https://geodienste.ch/db/planungszonen_v1_0_0/deu?SERVICE=WMS&REQUEST=GetCapabilities aborted
2026-01-25 06:46:48,163 - Scraping log - scraper.py >         <module>(): Line 751 - INFO - Running default scraper on Geodienste > https://geodienste.ch/db/richtplanung_erneuerbare_energien_v1_0_0/deu?SERVICE=WMS&REQUEST=GetCapabilities (source 1431/1467)
2026-01-25 06:46:58,619 - Scraping log - scraper.py >         <module>(): Line 751 - INFO - Running default scraper on Geodienste > https://geodienste.ch/db/stromversorgungssicherheit_netzgebiete_v1_2_0/deu?SERVICE=WMS&REQUEST=GetCapabilities (source 1432/1467)
2026-01-25 06:47:03,266 - Scraping log - scraper.py >         <module>(): Line 751 - INFO - Running default scraper on Geodienste > https://geodienste.ch/db/waldreservate/deu?SERVICE=WMS&REQUEST=GetCapabilities (source 1433/1467)
2026-01-25 06:47:07,294 - Scraping log - scraper.py >         <module>(): Line 751 - INFO - Running default scraper on Geodienste > https://geodienste.ch/db/wildruhezonen_v2_1_1/deu?SERVICE=WMS&REQUEST=GetCapabilities (source 1434/1467)
2026-01-25 06:47:11,948 - Scraping log - scraper.py >         <module>(): Line 751 - INFO - Running default scraper on Geodienste > https://geodienste.ch/db/av/deu?SERVICE=WFS&REQUEST=GetCapabilities (source 1435/1467)
2026-01-25 06:47:18,767 - Scraping log - scraper.py >         <module>(): Line 751 - INFO - Running default scraper on Geodienste > https://geodienste.ch/db/av_situationsplan/deu?SERVICE=WFS&REQUEST=GetCapabilities (source 1436/1467)
2026-01-25 06:47:28,773 - Scraping log - scraper.py >         <module>(): Line 751 - INFO - Running default scraper on Geodienste > https://geodienste.ch/db/fruchtfolgeflaechen/deu?SERVICE=WFS&REQUEST=GetCapabilities (source 1437/1467)
2026-01-25 06:47:30,969 - Scraping log - scraper.py >         <module>(): Line 751 - INFO - Running default scraper on Geodienste > https://geodienste.ch/db/gefahrenkarten_v1_3_0/deu?SERVICE=WFS&REQUEST=GetCapabilities (source 1438/1467)
2026-01-25 06:47:40,926 - Scraping log - scraper.py >         <module>(): Line 751 - INFO - Running default scraper on Geodienste > https://geodienste.ch/db/kantonale_ausnahmetransportrouten/deu?SERVICE=WFS&REQUEST=GetCapabilities (source 1439/1467)
2026-01-25 06:47:43,337 - Scraping log - scraper.py >         <module>(): Line 751 - INFO - Running default scraper on Geodienste > https://geodienste.ch/db/kataster_belasteter_standorte/deu?SERVICE=WFS&REQUEST=GetCapabilities (source 1440/1467)
2026-01-25 06:47:45,752 - Scraping log - scraper.py >         <module>(): Line 751 - INFO - Running default scraper on Geodienste > https://geodienste.ch/db/lwb_bewirtschaftungseinheit/deu?SERVICE=WFS&REQUEST=GetCapabilities (source 1441/1467)
2026-01-25 06:47:48,348 - Scraping log - scraper.py >         <module>(): Line 751 - INFO - Running default scraper on Geodienste > https://geodienste.ch/db/lwb_biodiversitaetsfoerderflaechen/deu?SERVICE=WFS&REQUEST=GetCapabilities (source 1442/1467)
2026-01-25 06:47:50,813 - Scraping log - scraper.py >         <module>(): Line 751 - INFO - Running default scraper on Geodienste > https://geodienste.ch/db/lwb_nutzungsflaechen/deu?SERVICE=WFS&REQUEST=GetCapabilities (source 1443/1467)
2026-01-25 06:47:53,166 - Scraping log - scraper.py >         <module>(): Line 751 - INFO - Running default scraper on Geodienste > https://geodienste.ch/db/lwb_perimeter_ln_sf/deu?SERVICE=WFS&REQUEST=GetCapabilities (source 1444/1467)
2026-01-25 06:47:55,597 - Scraping log - scraper.py >         <module>(): Line 751 - INFO - Running default scraper on Geodienste > https://geodienste.ch/db/lwb_perimeter_terrassenreben/deu?SERVICE=WFS&REQUEST=GetCapabilities (source 1445/1467)
2026-01-25 06:47:57,992 - Scraping log - scraper.py >         <module>(): Line 751 - INFO - Running default scraper on Geodienste > https://geodienste.ch/db/lwb_rebbaukataster/deu?SERVICE=WFS&REQUEST=GetCapabilities (source 1446/1467)
2026-01-25 06:48:00,368 - Scraping log - scraper.py >         <module>(): Line 751 - INFO - Running default scraper on Geodienste > https://geodienste.ch/db/npl_laermempfindlichkeitsstufen/deu?SERVICE=WFS&REQUEST=GetCapabilities (source 1447/1467)
2026-01-25 06:48:02,768 - Scraping log - scraper.py >         <module>(): Line 751 - INFO - Running default scraper on Geodienste > https://geodienste.ch/db/npl_nutzungsplanung/deu?SERVICE=WFS&REQUEST=GetCapabilities (source 1448/1467)
2026-01-25 06:48:05,937 - Scraping log - scraper.py >         <module>(): Line 751 - INFO - Running default scraper on Geodienste > https://geodienste.ch/db/planerischer_gewaesserschutz_v1_1_1/deu?SERVICE=WFS&REQUEST=GetCapabilities (source 1449/1467)
2026-01-25 06:48:13,999 - Scraping log - scraper.py >         <module>(): Line 751 - INFO - Running default scraper on Geodienste > https://geodienste.ch/db/npl_waldabstandslinien/deu?SERVICE=WFS&REQUEST=GetCapabilities (source 1450/1467)
2026-01-25 06:48:16,213 - Scraping log - scraper.py >         <module>(): Line 751 - INFO - Running default scraper on Geodienste > https://geodienste.ch/db/npl_waldgrenzen/deu?SERVICE=WFS&REQUEST=GetCapabilities (source 1451/1467)
2026-01-25 06:48:18,568 - Scraping log - scraper.py >         <module>(): Line 751 - INFO - Running default scraper on Geodienste > https://geodienste.ch/db/planungszonen_v1_0_0/deu?SERVICE=WFS&REQUEST=GetCapabilities (source 1452/1467)
2026-01-25 06:48:19,005 - Scraping log - scraper.py >         <module>(): Line 759 - WARNING - Scraping Geodienste > https://geodienste.ch/db/planungszonen_v1_0_0/deu?SERVICE=WFS&REQUEST=GetCapabilities aborted
2026-01-25 06:48:19,005 - Scraping log - scraper.py >         <module>(): Line 751 - INFO - Running default scraper on Geodienste > https://geodienste.ch/db/richtplanung_erneuerbare_energien_v1_0_0/deu?SERVICE=WFS&REQUEST=GetCapabilities (source 1453/1467)
2026-01-25 06:48:25,130 - Scraping log - scraper.py >         <module>(): Line 751 - INFO - Running default scraper on Geodienste > https://geodienste.ch/db/stromversorgungssicherheit_netzgebiete_v1_2_0/deu?SERVICE=WFS&REQUEST=GetCapabilities (source 1454/1467)
2026-01-25 06:48:27,950 - Scraping log - scraper.py >         <module>(): Line 751 - INFO - Running default scraper on Geodienste > https://geodienste.ch/db/waldreservate/deu?SERVICE=WFS&REQUEST=GetCapabilities (source 1455/1467)
2026-01-25 06:48:30,305 - Scraping log - scraper.py >         <module>(): Line 751 - INFO - Running default scraper on Geodienste > https://geodienste.ch/db/wildruhezonen_v2_1_1/deu?SERVICE=WFS&REQUEST=GetCapabilities (source 1456/1467)
2026-01-25 06:48:32,822 - Scraping log - scraper.py >         <module>(): Line 751 - INFO - Running default scraper on Geodienste > https://geodienste.ch/db/avc/deu?SERVICE=WFS&REQUEST=GetCapabilities (source 1457/1467)
2026-01-25 06:48:39,679 - Scraping log - scraper.py >         <module>(): Line 751 - INFO - Running default scraper on Geodienste > https://geodienste.ch/db/naturereigniskataster_v1_0_0/deu?SERVICE=WFS&REQUEST=GetCapabilities (source 1458/1467)
2026-01-25 06:48:44,274 - Scraping log - scraper.py >         <module>(): Line 751 - INFO - Running default scraper on Geodienste > https://geodienste.ch/db/luftbild/deu?SERVICE=WFS&REQUEST=GetCapabilities (source 1459/1467)
2026-01-25 06:48:51,752 - Scraping log - scraper.py >         <module>(): Line 751 - INFO - Running default scraper on Geodienste > https://geodienste.ch/db/avc/deu?SERVICE=WMS&REQUEST=GetCapabilities (source 1460/1467)
2026-01-25 06:49:06,203 - Scraping log - scraper.py >         <module>(): Line 751 - INFO - Running default scraper on Geodienste > https://geodienste.ch/db/naturereigniskataster_v1_0_0/deu?SERVICE=WMS&REQUEST=GetCapabilities (source 1461/1467)
2026-01-25 06:49:17,176 - Scraping log - scraper.py >         <module>(): Line 751 - INFO - Running default scraper on Geodienste > https://geodienste.ch/db/luftbild/deu?SERVICE=WMS&REQUEST=GetCapabilities (source 1462/1467)
2026-01-25 06:49:40,523 - Scraping log - scraper.py >         <module>(): Line 751 - INFO - Running default scraper on Bund >  https://wmts.geo.admin.ch/EPSG/3857/1.0.0/WMTSCapabilities.xml (source 1463/1467)
2026-01-25 06:54:12,431 - Scraping log - scraper.py >         <module>(): Line 751 - INFO - Running default scraper on Bund >  https://wms.geo.admin.ch/?SERVICE=WMS&VERSION=1.3.0&REQUEST=GetCapabilities (source 1464/1467)
2026-01-25 06:56:35,104 - Scraping log - scraper.py > get_service_info(): Line 319 - ERROR - ch.swisstopo.swisstlm3d-strassen: HTTPSConnectionPool(host='wms.geo.admin.ch', port=443): Read timed out. (read timeout=10)
2026-01-25 06:56:50,245 - Scraping log - scraper.py > get_service_info(): Line 319 - ERROR - ch.swisstopo.swisstne-base: HTTPSConnectionPool(host='wms.geo.admin.ch', port=443): Read timed out. (read timeout=10)
2026-01-25 06:57:18,133 - Scraping log - scraper.py > get_service_info(): Line 319 - ERROR - ch.swisstopo.vec25-gebaeude: HTTPSConnectionPool(host='wms.geo.admin.ch', port=443): Read timed out. (read timeout=10)
2026-01-25 06:58:52,683 - Scraping log - scraper.py > get_service_info(): Line 319 - ERROR - ch.blw.landwirtschaftliche-nutzungsflaechen: HTTPSConnectionPool(host='wms.geo.admin.ch', port=443): Read timed out. (read timeout=10)
2026-01-25 06:59:03,845 - Scraping log - scraper.py > get_service_info(): Line 319 - ERROR - ch.blw.steil_terrassenlagen_rebbau: HTTPSConnectionPool(host='wms.geo.admin.ch', port=443): Read timed out. (read timeout=10)
2026-01-25 06:59:18,798 - Scraping log - scraper.py > get_service_info(): Line 319 - ERROR - ch.blw.hang_steillagen: HTTPSConnectionPool(host='wms.geo.admin.ch', port=443): Read timed out. (read timeout=10)
2026-01-25 06:59:34,610 - Scraping log - scraper.py > get_service_info(): Line 319 - ERROR - ch.bfs.gebaeude_wohnungs_register_waermequelle_heizung: HTTPSConnectionPool(host='wms.geo.admin.ch', port=443): Read timed out. (read timeout=10)
2026-01-25 07:02:29,870 - Scraping log - scraper.py > get_service_info(): Line 319 - ERROR - ch.bafu.gefaehrdungskarte-oberflaechenabfluss: HTTPSConnectionPool(host='wms.geo.admin.ch', port=443): Read timed out. (read timeout=10)
2026-01-25 07:03:23,843 - Scraping log - scraper.py > get_service_info(): Line 319 - ERROR - ch.bafu.klima-co2_ausstoss_gebaeude: HTTPSConnectionPool(host='wms.geo.admin.ch', port=443): Read timed out. (read timeout=10)
2026-01-25 07:03:55,863 - Scraping log - scraper.py > get_service_info(): Line 316 - WARNING - ch.bafu.neophyten-carolina_nachtschatten: GetMap request is blocked for this layer
2026-01-25 07:04:12,372 - Scraping log - scraper.py > get_service_info(): Line 316 - WARNING - ch.bafu.neophyten-portulak_heusenkraut: GetMap request is blocked for this layer
2026-01-25 07:06:46,389 - Scraping log - scraper.py > get_service_info(): Line 319 - ERROR - ch.are.solaranlagen-pruefenswerte_gebiete_vektor: HTTPSConnectionPool(host='wms.geo.admin.ch', port=443): Read timed out. (read timeout=10)
2026-01-25 07:07:13,160 - Scraping log - scraper.py > get_service_info(): Line 319 - ERROR - ch.agroscope.amphibien-bedeutung_parzellen: HTTPSConnectionPool(host='wms.geo.admin.ch', port=443): Read timed out. (read timeout=10)
2026-01-25 07:07:36,968 - Scraping log - scraper.py >         <module>(): Line 751 - INFO - Running default scraper on ASIT >  https://wmts.asit-asso.ch/wmts/1.0.0/WMTSCapabilities.xml (source 1465/1467)
2026-01-25 07:07:40,145 - Scraping log - scraper.py >         <module>(): Line 751 - INFO - Running default scraper on SOSM > https://tile.osm.ch/1.0.0/WMTSCapabilities.xml (source 1466/1467)
2026-01-25 07:07:42,562 - Scraping log - scraper.py >         <module>(): Line 751 - INFO - Running default scraper on ST_BE > https://map.bern.ch/arcgis/rest/services/Geoportal/STEK2016_Entwicklungspotenziale/MapServer/WMTS/1.0.0/WMTSCapabilities.xml (source 1467/1467)
2026-01-25 07:07:44,268 - Scraping log - scraper.py >         <module>(): Line 766 - INFO - Scraping took: 315 mins
2026-01-25 07:27:09,338 - Scraping log - scraper.py >         <module>(): Line 777 - INFO - Keeping 585 datasets from old database without processing
2026-01-25 07:41:02,844 - Scraping log - scraper.py >         <module>(): Line 782 - INFO - Found 49084 datasets for processing
2026-01-25 07:41:03,674 - Scraping log - scraper.py >         <module>(): Line 792 - INFO - Job took: 348 mins
