2026-01-11 01:50:22,719 - Scraping log - scraper.py >         <module>(): Line 706 - INFO - Running scraper with a limit of 
2026-01-11 01:50:22,724 - Scraping log - scraper.py >         <module>(): Line 737 - INFO - Startup time until scraping: 0 mins
2026-01-11 01:50:22,724 - Scraping log - scraper.py >         <module>(): Line 751 - INFO - Running default scraper on KT_AI > https://www.geoportal.ch/services/wms/ktai?SERVICE=WMS&REQUEST=GetCapabilities (source 1/1467)
2026-01-11 01:50:27,889 - Scraping log - scraper.py > get_service_info(): Line 319 - ERROR - ch.geoportal.ktai: 500 Server Error: Internal Server Error for url: https://www.geoportal.ch/services/wms/ktai?service=WMS&version=1.3.0&request=GetMap&layers=ch.geoportal.ktai&styles=&width=256&height=256&crs=EPSG%3A4326&bbox=47.225%2C9.297%2C47.453%2C9.632&format=image%2Fpng&transparent=TRUE&exceptions=XML&bgcolor=0xFFFFFF
2026-01-11 01:50:28,761 - Scraping log - scraper.py >         <module>(): Line 751 - INFO - Running default scraper on KT_AR > https://www.geoportal.ch/services/wms/ktar?SERVICE=WMS&REQUEST=GetCapabilities (source 2/1467)
2026-01-11 01:50:33,333 - Scraping log - scraper.py > get_service_info(): Line 319 - ERROR - ch.geoportal.ktar: 500 Server Error: Internal Server Error for url: https://www.geoportal.ch/services/wms/ktar?service=WMS&version=1.3.0&request=GetMap&layers=ch.geoportal.ktar&styles=&width=256&height=256&crs=EPSG%3A4326&bbox=47.238%2C9.178%2C47.478%2C9.644&format=image%2Fpng&transparent=TRUE&exceptions=XML&bgcolor=0xFFFFFF
2026-01-11 01:50:35,892 - Scraping log - scraper.py >         <module>(): Line 751 - INFO - Running default scraper on KT_AG > https://wms.geo.ag.ch/public/ows?SERVICE=WMS (source 3/1467)
2026-01-11 01:54:04,928 - Scraping log - scraper.py > get_service_info(): Line 319 - ERROR - ch_ag_geo_aw_wbep: HTTPSConnectionPool(host='wms.geo.ag.ch', port=443): Read timed out. (read timeout=10)
2026-01-11 01:54:15,780 - Scraping log - scraper.py > get_service_info(): Line 319 - ERROR - ch_ag_geo_aw_wbsp: HTTPSConnectionPool(host='wms.geo.ag.ch', port=443): Read timed out. (read timeout=10)
2026-01-11 01:54:49,159 - Scraping log - scraper.py >         <module>(): Line 751 - INFO - Running default scraper on KT_BL > https://tile.geoview.bl.ch/1.0.0/WMTSCapabilities.xml (source 4/1467)
2026-01-11 01:54:51,858 - Scraping log - scraper.py >         <module>(): Line 751 - INFO - Running default scraper on KT_BL > http://geowms.bl.ch/?SERVICE=WMS&VERSION=1.3.0&REQUEST=GetCapabilities (source 5/1467)
2026-01-11 01:55:02,895 - Scraping log - scraper.py > get_service_info(): Line 319 - ERROR - OpenWMS_BL: msWMSApplyTime: WMS server error. No Time value was given, and the default time value 2023 is invalid or outside the time extent defined 2011/2022/P1Y msStyleSetGeomTransform(): General error message. unknown transform expression
2026-01-11 02:01:31,816 - Scraping log - scraper.py >         <module>(): Line 751 - INFO - Running default scraper on KT_BS > https://wfs.geo.bs.ch/?SERVICE=WFS&REQUEST=GetCapabilities (source 6/1467)
2026-01-11 02:02:06,857 - Scraping log - scraper.py >         <module>(): Line 751 - INFO - Running default scraper on KT_BS > https://wmts.geo.bs.ch/EPSG/3857/1.0.0/WMTSCapabilities.xml (source 7/1467)
2026-01-11 02:02:15,514 - Scraping log - scraper.py >         <module>(): Line 751 - INFO - Running default scraper on KT_BS > https://wms.geo.bs.ch/?SERVICE=WMS&REQUEST=GetCapabilities (source 8/1467)
2026-01-11 02:02:28,951 - Scraping log - scraper.py > get_service_info(): Line 319 - ERROR - WMS_BS: HTTPSConnectionPool(host='wms.geo.bs.ch', port=443): Read timed out. (read timeout=10)
2026-01-11 02:03:09,325 - Scraping log - scraper.py > get_service_info(): Line 316 - WARNING - Parzellenplan_Bodenbedeckung_sw: GetMap request is blocked for this layer
2026-01-11 02:03:21,722 - Scraping log - scraper.py > get_service_info(): Line 316 - WARNING - AF_AbfuhrzoneGemeindeBasel: GetMap request is blocked for this layer
2026-01-11 02:03:31,738 - Scraping log - scraper.py > get_service_info(): Line 316 - WARNING - AI_GebietseinteilungArbeitsinspektorat: GetMap request is blocked for this layer
2026-01-11 02:03:41,752 - Scraping log - scraper.py > get_service_info(): Line 316 - WARNING - AK_KatasterDerBelastetenStandorte: GetMap request is blocked for this layer
2026-01-11 02:03:51,767 - Scraping log - scraper.py > get_service_info(): Line 316 - WARNING - AL_Alterspflegeheime: GetMap request is blocked for this layer
2026-01-11 02:04:01,781 - Scraping log - scraper.py > get_service_info(): Line 316 - WARNING - AQ_AnsprechpartnerImQuartier: GetMap request is blocked for this layer
2026-01-11 02:04:11,795 - Scraping log - scraper.py > get_service_info(): Line 316 - WARNING - AS_Akutspitaeler: GetMap request is blocked for this layer
2026-01-11 02:04:21,811 - Scraping log - scraper.py > get_service_info(): Line 316 - WARNING - AT_Ausnahmetransportrouten: GetMap request is blocked for this layer
2026-01-11 02:04:31,826 - Scraping log - scraper.py > get_service_info(): Line 316 - WARNING - AVBS_3000_farbig: GetMap request is blocked for this layer
2026-01-11 02:04:42,085 - Scraping log - scraper.py > get_service_info(): Line 316 - WARNING - AVBS_3000_grau: GetMap request is blocked for this layer
2026-01-11 02:04:52,295 - Scraping log - scraper.py > get_service_info(): Line 316 - WARNING - AVBS_3000_sw: GetMap request is blocked for this layer
2026-01-11 02:05:02,510 - Scraping log - scraper.py > get_service_info(): Line 316 - WARNING - BA_Baeume: GetMap request is blocked for this layer
2026-01-11 02:05:12,735 - Scraping log - scraper.py > get_service_info(): Line 316 - WARNING - BA_FaellUndBaumersatzliste: GetMap request is blocked for this layer
2026-01-11 02:05:22,750 - Scraping log - scraper.py > get_service_info(): Line 316 - WARNING - Bodenkarten: GetMap request is blocked for this layer
2026-01-11 02:05:33,239 - Scraping log - scraper.py > get_service_info(): Line 316 - WARNING - Nutzungseignungskarte: GetMap request is blocked for this layer
2026-01-11 02:05:43,615 - Scraping log - scraper.py > get_service_info(): Line 316 - WARNING - Risikostufe: GetMap request is blocked for this layer
2026-01-11 02:05:57,074 - Scraping log - scraper.py > get_service_info(): Line 319 - ERROR - BH_Bienenstaende: HTTPSConnectionPool(host='wms.geo.bs.ch', port=443): Read timed out. (read timeout=10)
2026-01-11 02:06:07,303 - Scraping log - scraper.py > get_service_info(): Line 319 - ERROR - BI_FreizeitSport: HTTPSConnectionPool(host='wms.geo.bs.ch', port=443): Read timed out. (read timeout=10)
2026-01-11 02:06:40,026 - Scraping log - scraper.py > get_service_info(): Line 316 - WARNING - BI_Grenzen: GetMap request is blocked for this layer
2026-01-11 02:06:50,040 - Scraping log - scraper.py > get_service_info(): Line 316 - WARNING - BI_Landmarks: GetMap request is blocked for this layer
2026-01-11 02:07:00,054 - Scraping log - scraper.py > get_service_info(): Line 316 - WARNING - BI_OEV: GetMap request is blocked for this layer
2026-01-11 02:07:10,165 - Scraping log - scraper.py > get_service_info(): Line 316 - WARNING - BI_Symbole: GetMap request is blocked for this layer
2026-01-11 02:07:20,175 - Scraping log - scraper.py > get_service_info(): Line 316 - WARNING - BI_Beschriftung: GetMap request is blocked for this layer
2026-01-11 02:07:30,290 - Scraping log - scraper.py > get_service_info(): Line 316 - WARNING - Bohrungen verrohrt: GetMap request is blocked for this layer
2026-01-11 02:07:40,431 - Scraping log - scraper.py > get_service_info(): Line 316 - WARNING - BK_BohrungenVerrohrt_DurchmesserKleiner200mm_A: GetMap request is blocked for this layer
2026-01-11 02:07:50,446 - Scraping log - scraper.py > get_service_info(): Line 316 - WARNING - BK_BohrungenVerrohrt_DurchmesserKleiner200mm_B: GetMap request is blocked for this layer
2026-01-11 02:08:00,461 - Scraping log - scraper.py > get_service_info(): Line 316 - WARNING - BK_BohrungenVerrohrt_DurchmesserGroesserGleich200mm_A: GetMap request is blocked for this layer
2026-01-11 02:08:10,574 - Scraping log - scraper.py > get_service_info(): Line 316 - WARNING - BK_BohrungenVerrohrt_DurchmesserGroesserGleich200mm_B: GetMap request is blocked for this layer
2026-01-11 02:08:20,687 - Scraping log - scraper.py > get_service_info(): Line 316 - WARNING - BK_BohrungenVerrohrt_Kassiert_A: GetMap request is blocked for this layer
2026-01-11 02:08:30,791 - Scraping log - scraper.py > get_service_info(): Line 316 - WARNING - BK_BohrungenVerrohrt_Kassiert_B: GetMap request is blocked for this layer
2026-01-11 02:08:40,903 - Scraping log - scraper.py > get_service_info(): Line 316 - WARNING - BK_Erdwaermebohrung: GetMap request is blocked for this layer
2026-01-11 02:08:50,989 - Scraping log - scraper.py > get_service_info(): Line 316 - WARNING - BK_GeplanteBohrung: GetMap request is blocked for this layer
2026-01-11 02:09:01,085 - Scraping log - scraper.py > get_service_info(): Line 316 - WARNING - BK_Sondierbohrung: GetMap request is blocked for this layer
2026-01-11 02:09:11,175 - Scraping log - scraper.py > get_service_info(): Line 316 - WARNING - BK_alleBohrungen: GetMap request is blocked for this layer
2026-01-11 02:09:25,720 - Scraping log - scraper.py > get_service_info(): Line 319 - ERROR - BP_Oeffnungszeiten: HTTPSConnectionPool(host='wms.geo.bs.ch', port=443): Read timed out. (read timeout=10)
2026-01-11 02:09:43,584 - Scraping log - scraper.py > get_service_info(): Line 316 - WARNING - BS_GebaeudeProjektiert_Gebaeudenummer_200: GetMap request is blocked for this layer
2026-01-11 02:09:56,287 - Scraping log - scraper.py > get_service_info(): Line 316 - WARNING - Bodenbedeckung: GetMap request is blocked for this layer
2026-01-11 02:10:08,988 - Scraping log - scraper.py > get_service_info(): Line 316 - WARNING - BS_Bodenbedeckungen_befestigt_Gewaesservorland: GetMap request is blocked for this layer
2026-01-11 02:10:21,199 - Scraping log - scraper.py > get_service_info(): Line 316 - WARNING - BS_Bodenbedeckungen_befestigt_StrasseWeg: GetMap request is blocked for this layer
2026-01-11 02:10:31,214 - Scraping log - scraper.py > get_service_info(): Line 316 - WARNING - BS_Bodenbedeckungen_befestigt_Tramareal: GetMap request is blocked for this layer
2026-01-11 02:10:41,427 - Scraping log - scraper.py > get_service_info(): Line 316 - WARNING - BS_Bodenbedeckungen_befestigt_Trottoir: GetMap request is blocked for this layer
2026-01-11 02:10:51,442 - Scraping log - scraper.py > get_service_info(): Line 316 - WARNING - BS_Bodenbedeckungen_befestigt_Verkehrsinsel: GetMap request is blocked for this layer
2026-01-11 02:11:01,468 - Scraping log - scraper.py > get_service_info(): Line 316 - WARNING - BS_Bodenbedeckungen_befestigt_Wasserbecken: GetMap request is blocked for this layer
2026-01-11 02:11:11,483 - Scraping log - scraper.py > get_service_info(): Line 316 - WARNING - BS_Bodenbedeckungen_befestigt_uebrigeBefestigte: GetMap request is blocked for this layer
2026-01-11 02:11:21,498 - Scraping log - scraper.py > get_service_info(): Line 316 - WARNING - BS_Bodenbedeckungen_bestockt_geschlossenerWald: GetMap request is blocked for this layer
2026-01-11 02:11:31,612 - Scraping log - scraper.py > get_service_info(): Line 316 - WARNING - BS_Bodenbedeckungen_bestockt_uebrigeBestockte: GetMap request is blocked for this layer
2026-01-11 02:11:41,717 - Scraping log - scraper.py > get_service_info(): Line 316 - WARNING - BS_Bodenbedeckungen_Gebaeude_Gebaeude: GetMap request is blocked for this layer
2026-01-11 02:11:51,825 - Scraping log - scraper.py > get_service_info(): Line 316 - WARNING - BS_Bodenbedeckungen_Gebaeude_Tank: GetMap request is blocked for this layer
2026-01-11 02:12:01,936 - Scraping log - scraper.py > get_service_info(): Line 316 - WARNING - BS_Bodenbedeckungen_Gewaesser_fliessendes: GetMap request is blocked for this layer
2026-01-11 02:12:13,255 - Scraping log - scraper.py > get_service_info(): Line 316 - WARNING - BS_Bodenbedeckungen_humusiert_AckerWieseWeide: GetMap request is blocked for this layer
2026-01-11 02:12:35,070 - Scraping log - scraper.py > get_service_info(): Line 316 - WARNING - BS_Bodenbedeckungen_humusiert_Tierpark: GetMap request is blocked for this layer
2026-01-11 02:12:46,401 - Scraping log - scraper.py > get_service_info(): Line 316 - WARNING - BS_Bodenbedeckungen_humusiert_Intensivkultur: GetMap request is blocked for this layer
2026-01-11 02:12:56,415 - Scraping log - scraper.py > get_service_info(): Line 316 - WARNING - BS_Bodenbedeckungen_humusiert_Gewaesservorland: GetMap request is blocked for this layer
2026-01-11 02:13:06,429 - Scraping log - scraper.py > get_service_info(): Line 316 - WARNING - BS_Bodenbedeckungen_humusiert_uebrigeHumusierte: GetMap request is blocked for this layer
2026-01-11 02:13:16,444 - Scraping log - scraper.py > get_service_info(): Line 316 - WARNING - Bogeninformation: GetMap request is blocked for this layer
2026-01-11 02:13:26,509 - Scraping log - scraper.py > get_service_info(): Line 316 - WARNING - BS_Bogeninformation_Bogeninformation: GetMap request is blocked for this layer
2026-01-11 02:13:36,616 - Scraping log - scraper.py > get_service_info(): Line 316 - WARNING - BS_Bogeninformation_BoegenTheoretisch: GetMap request is blocked for this layer
2026-01-11 02:13:46,630 - Scraping log - scraper.py > get_service_info(): Line 316 - WARNING - Einzelobjekte: GetMap request is blocked for this layer
2026-01-11 02:13:56,739 - Scraping log - scraper.py > get_service_info(): Line 316 - WARNING - Hoheitsgrenzen: GetMap request is blocked for this layer
2026-01-11 02:14:06,879 - Scraping log - scraper.py > get_service_info(): Line 316 - WARNING - Liegenschaften: GetMap request is blocked for this layer
2026-01-11 02:14:17,812 - Scraping log - scraper.py > get_service_info(): Line 316 - WARNING - Grundstücke: GetMap request is blocked for this layer
2026-01-11 02:14:28,033 - Scraping log - scraper.py > get_service_info(): Line 316 - WARNING - BS_Liegenschaften_Liegenschaftsnummer: GetMap request is blocked for this layer
2026-01-11 02:14:38,048 - Scraping log - scraper.py > get_service_info(): Line 316 - WARNING - Grundstücke (projektiert): GetMap request is blocked for this layer
2026-01-11 02:14:48,307 - Scraping log - scraper.py > get_service_info(): Line 316 - WARNING - BS_Liegenschaften_GrundstueckeProjektiert_andereDienstbarkeit_Geometrie: GetMap request is blocked for this layer
2026-01-11 02:14:58,410 - Scraping log - scraper.py > get_service_info(): Line 316 - WARNING - BS_Liegenschaften_GrundstueckeProjektiert_andereDienstbarkeit_IndexUnter700: GetMap request is blocked for this layer
2026-01-11 02:15:08,524 - Scraping log - scraper.py > get_service_info(): Line 316 - WARNING - BS_Liegenschaften_GrundstueckeProjektiert_andereDienstbarkeit_NummerUnter700: GetMap request is blocked for this layer
2026-01-11 02:15:18,634 - Scraping log - scraper.py > get_service_info(): Line 316 - WARNING - BS_Liegenschaften_GrundstueckeProjektiert_andereDienstbarkeit_Nummer700bis2000: GetMap request is blocked for this layer
2026-01-11 02:15:31,327 - Scraping log - scraper.py > get_service_info(): Line 316 - WARNING - BS_Liegenschaften_GrundstueckeProjektiert_Baurecht: GetMap request is blocked for this layer
2026-01-11 02:15:41,505 - Scraping log - scraper.py > get_service_info(): Line 316 - WARNING - BS_Liegenschaften_GrundstueckeProjektiert_Unterbaurecht: GetMap request is blocked for this layer
2026-01-11 02:15:54,261 - Scraping log - scraper.py > get_service_info(): Line 316 - WARNING - BS_Nomenklatur_Flurname_Flaeche: GetMap request is blocked for this layer
2026-01-11 02:16:04,376 - Scraping log - scraper.py > get_service_info(): Line 316 - WARNING - BS_Rohrleitungen_Rohrleitung: GetMap request is blocked for this layer
2026-01-11 02:16:14,383 - Scraping log - scraper.py > get_service_info(): Line 316 - WARNING - Servitute: GetMap request is blocked for this layer
2026-01-11 02:16:24,623 - Scraping log - scraper.py > get_service_info(): Line 316 - WARNING - BS_Servitute_Servitute_Servitutflaechenelement: GetMap request is blocked for this layer
2026-01-11 02:16:34,647 - Scraping log - scraper.py > get_service_info(): Line 316 - WARNING - BS_Servitute_Servitute_Servitutlinienelement: GetMap request is blocked for this layer
2026-01-11 02:16:44,762 - Scraping log - scraper.py > get_service_info(): Line 316 - WARNING - BS_Servitute_Servitute_Servitutkennzeichen: GetMap request is blocked for this layer
2026-01-11 02:16:54,777 - Scraping log - scraper.py > get_service_info(): Line 316 - WARNING - BS_Servitute_ServituteProjektiert_Servitutflaechenelement: GetMap request is blocked for this layer
2026-01-11 02:17:04,887 - Scraping log - scraper.py > get_service_info(): Line 316 - WARNING - BS_Servitute_ServituteProjektiert_Servitutlinienelement: GetMap request is blocked for this layer
2026-01-11 02:17:14,893 - Scraping log - scraper.py > get_service_info(): Line 316 - WARNING - BS_Servitute_ServituteProjektiert_Servitutkennzeichen: GetMap request is blocked for this layer
2026-01-11 02:17:25,011 - Scraping log - scraper.py > get_service_info(): Line 316 - WARNING - BS_SE_Servitut_Schlagwort: GetMap request is blocked for this layer
2026-01-11 02:17:35,274 - Scraping log - scraper.py > get_service_info(): Line 316 - WARNING - Vermessungseinteilungen: GetMap request is blocked for this layer
2026-01-11 02:17:45,423 - Scraping log - scraper.py > get_service_info(): Line 316 - WARNING - BS_Vermessungseinteilungen_Toleranzstufen_Flaeche: GetMap request is blocked for this layer
2026-01-11 02:17:55,545 - Scraping log - scraper.py > get_service_info(): Line 316 - WARNING - BS_Vermessungseinteilungen_Toleranzstufen_Text: GetMap request is blocked for this layer
2026-01-11 02:18:05,653 - Scraping log - scraper.py > get_service_info(): Line 316 - WARNING - Vermessungspunkte: GetMap request is blocked for this layer
2026-01-11 02:18:22,230 - Scraping log - scraper.py > get_service_info(): Line 319 - ERROR - BS_Vermessungspunkte_Grenzpunkte_GrenzpunktStein: HTTPSConnectionPool(host='wms.geo.bs.ch', port=443): Read timed out. (read timeout=10)
2026-01-11 02:18:32,328 - Scraping log - scraper.py > get_service_info(): Line 316 - WARNING - BS_Vermessungspunkte_Grenzpunkte_GrenzpunktKunststoffzeichen: GetMap request is blocked for this layer
2026-01-11 02:18:46,550 - Scraping log - scraper.py > get_service_info(): Line 319 - ERROR - BS_Vermessungspunkte_Grenzpunkte_Grenzpunktunversichert: HTTPSConnectionPool(host='wms.geo.bs.ch', port=443): Read timed out. (read timeout=10)
2026-01-11 02:19:11,043 - Scraping log - scraper.py > get_service_info(): Line 316 - WARNING - BS_Vermessungspunkte_Lagefixpunkte_LFP3Hilfspunkte: GetMap request is blocked for this layer
2026-01-11 02:19:21,225 - Scraping log - scraper.py > get_service_info(): Line 316 - WARNING - BS_Vermessungspunkte_Servitutpunkte_ServitutPunkt: GetMap request is blocked for this layer
2026-01-11 02:19:31,323 - Scraping log - scraper.py > get_service_info(): Line 316 - WARNING - BS_Postleitzahlenkreis: GetMap request is blocked for this layer
2026-01-11 02:19:41,340 - Scraping log - scraper.py > get_service_info(): Line 316 - WARNING - BV_Baukontrolle: GetMap request is blocked for this layer
2026-01-11 02:19:51,355 - Scraping log - scraper.py > get_service_info(): Line 316 - WARNING - BW_Allmendbewilligungen_Bauinstallation: GetMap request is blocked for this layer
2026-01-11 02:20:01,379 - Scraping log - scraper.py > get_service_info(): Line 316 - WARNING - BW_Allmendbewilligungen_BoulevardVerkaufsflaeche: GetMap request is blocked for this layer
2026-01-11 02:20:11,394 - Scraping log - scraper.py > get_service_info(): Line 316 - WARNING - BW_Allmendbewilligungen_OeffentlicheBaustelle: GetMap request is blocked for this layer
2026-01-11 02:20:21,408 - Scraping log - scraper.py > get_service_info(): Line 316 - WARNING - BW_Allmendbewilligungen_Umleitung: GetMap request is blocked for this layer
2026-01-11 02:20:31,423 - Scraping log - scraper.py > get_service_info(): Line 316 - WARNING - BW_Allmendbewilligungen_Veranstaltung: GetMap request is blocked for this layer
2026-01-11 02:20:41,448 - Scraping log - scraper.py > get_service_info(): Line 316 - WARNING - BW_Allmendbewilligungen_Weitere: GetMap request is blocked for this layer
2026-01-11 02:20:51,560 - Scraping log - scraper.py > get_service_info(): Line 316 - WARNING - BW_Aufgrabungssperren_SperrungDurchErledigteAufgrabung: GetMap request is blocked for this layer
2026-01-11 02:21:01,574 - Scraping log - scraper.py > get_service_info(): Line 316 - WARNING - BW_Aufgrabungssperren_SperrungFuerZukuenftigeAufgrabung: GetMap request is blocked for this layer
2026-01-11 02:21:11,589 - Scraping log - scraper.py > get_service_info(): Line 316 - WARNING - DF_Defibrillator: GetMap request is blocked for this layer
2026-01-11 02:21:21,701 - Scraping log - scraper.py > get_service_info(): Line 316 - WARNING - DI_Denkmalinventar_Anlage: GetMap request is blocked for this layer
2026-01-11 02:21:31,716 - Scraping log - scraper.py > get_service_info(): Line 316 - WARNING - DI_Denkmalinventar_Objekt: GetMap request is blocked for this layer
2026-01-11 02:21:41,735 - Scraping log - scraper.py > get_service_info(): Line 316 - WARNING - DI_Denkmalinventar_Erarbeitet: GetMap request is blocked for this layer
2026-01-11 02:21:51,856 - Scraping log - scraper.py > get_service_info(): Line 316 - WARNING - Datenmarkt - Gebäudepunkt: GetMap request is blocked for this layer
2026-01-11 02:22:02,208 - Scraping log - scraper.py > get_service_info(): Line 319 - ERROR - Datenmarkt - Gebäude: HTTPSConnectionPool(host='wms.geo.bs.ch', port=443): Read timed out. (read timeout=10)
2026-01-11 02:22:12,466 - Scraping log - scraper.py > get_service_info(): Line 319 - ERROR - DM_Gebaeudeinformationen_DatenmarktGebaeudekategorie: HTTPSConnectionPool(host='wms.geo.bs.ch', port=443): Read timed out. (read timeout=10)
2026-01-11 02:22:46,059 - Scraping log - scraper.py > get_service_info(): Line 316 - WARNING - FE_Graeber: GetMap request is blocked for this layer
2026-01-11 02:22:56,074 - Scraping log - scraper.py > get_service_info(): Line 316 - WARNING - FE_Sektionen: GetMap request is blocked for this layer
2026-01-11 02:23:06,098 - Scraping log - scraper.py > get_service_info(): Line 316 - WARNING - FF_Fruchtfolgeflaechen: GetMap request is blocked for this layer
2026-01-11 02:23:16,205 - Scraping log - scraper.py > get_service_info(): Line 316 - WARNING - FF_Hinweisflaechen: GetMap request is blocked for this layer
2026-01-11 02:23:26,220 - Scraping log - scraper.py > get_service_info(): Line 316 - WARNING - Betriebe: GetMap request is blocked for this layer
2026-01-11 02:23:36,322 - Scraping log - scraper.py > get_service_info(): Line 316 - WARNING - GE_Eisenbahnen_Eisenbahn: GetMap request is blocked for this layer
2026-01-11 02:23:46,445 - Scraping log - scraper.py > get_service_info(): Line 316 - WARNING - GE_Nationalstrassen_Nationalstrasse: GetMap request is blocked for this layer
2026-01-11 02:23:56,551 - Scraping log - scraper.py > get_service_info(): Line 316 - WARNING - GE_KantonaleStrassen_KantonaleStrasse: GetMap request is blocked for this layer
2026-01-11 02:24:06,567 - Scraping log - scraper.py > get_service_info(): Line 316 - WARNING - GE_Rhein_Rhein: GetMap request is blocked for this layer
2026-01-11 02:24:16,581 - Scraping log - scraper.py > get_service_info(): Line 316 - WARNING - GE_Erdgashochdruckleitungen_Erdgashochdruckleitung: GetMap request is blocked for this layer
2026-01-11 02:24:26,693 - Scraping log - scraper.py > get_service_info(): Line 316 - WARNING - GF_GebietseinteilungFeuerpolizei: GetMap request is blocked for this layer
2026-01-11 02:24:38,067 - Scraping log - scraper.py > get_service_info(): Line 316 - WARNING - GL_Toleranzzone: GetMap request is blocked for this layer
2026-01-11 02:24:49,206 - Scraping log - scraper.py > get_service_info(): Line 316 - WARNING - GL_AbschnittsStoergrade: GetMap request is blocked for this layer
2026-01-11 02:25:01,610 - Scraping log - scraper.py > get_service_info(): Line 316 - WARNING - GN_GrundwasserleiterLockergestein: GetMap request is blocked for this layer
2026-01-11 02:25:12,836 - Scraping log - scraper.py > get_service_info(): Line 316 - WARNING - GO_GueteklassenOeV: GetMap request is blocked for this layer
2026-01-11 02:25:24,073 - Scraping log - scraper.py > get_service_info(): Line 316 - WARNING - GR_Grundwasserschutzzonen: GetMap request is blocked for this layer
2026-01-11 02:25:34,088 - Scraping log - scraper.py > get_service_info(): Line 316 - WARNING - GR_Gewaesserschutzbereiche: GetMap request is blocked for this layer
2026-01-11 02:25:44,199 - Scraping log - scraper.py > get_service_info(): Line 316 - WARNING - GU_Gebietseinteilung: GetMap request is blocked for this layer
2026-01-11 02:25:54,310 - Scraping log - scraper.py > get_service_info(): Line 316 - WARNING - Ökomorphologisches Bezugssystem: GetMap request is blocked for this layer
2026-01-11 02:26:04,411 - Scraping log - scraper.py > get_service_info(): Line 316 - WARNING - GW_OekomorphologischesBezugssystem_OekomorphologischeKilometrierung_1000m: GetMap request is blocked for this layer
2026-01-11 02:26:14,435 - Scraping log - scraper.py > get_service_info(): Line 316 - WARNING - GW_OekomorphologischesBezugssystem_OekomorphologischeKilometrierung_100m: GetMap request is blocked for this layer
2026-01-11 02:26:24,447 - Scraping log - scraper.py > get_service_info(): Line 316 - WARNING - GW_OekomorphologischesBezugssystem_OekomorphologischeKilometrierung_50m: GetMap request is blocked for this layer
2026-01-11 02:26:34,452 - Scraping log - scraper.py > get_service_info(): Line 316 - WARNING - GW_OekomorphologischesBezugssystem_OekomorphologischeKilometrierung_StartEnd: GetMap request is blocked for this layer
2026-01-11 02:26:44,467 - Scraping log - scraper.py > get_service_info(): Line 316 - WARNING - Ökomorphologie: GetMap request is blocked for this layer
2026-01-11 02:26:54,599 - Scraping log - scraper.py > get_service_info(): Line 316 - WARNING - Revitalisierung: GetMap request is blocked for this layer
2026-01-11 02:27:04,741 - Scraping log - scraper.py > get_service_info(): Line 316 - WARNING - GZ_Gewaesserachse: GetMap request is blocked for this layer
2026-01-11 02:27:14,854 - Scraping log - scraper.py > get_service_info(): Line 316 - WARNING - GZ_Eindolung: GetMap request is blocked for this layer
2026-01-11 02:27:24,869 - Scraping log - scraper.py > get_service_info(): Line 316 - WARNING - HB_Hochbauprojekt: GetMap request is blocked for this layer
2026-01-11 02:27:34,981 - Scraping log - scraper.py > get_service_info(): Line 316 - WARNING - HK_Haupthoehenlinien: GetMap request is blocked for this layer
2026-01-11 02:27:45,092 - Scraping log - scraper.py > get_service_info(): Line 316 - WARNING - HK_Nebenhoehenlinien: GetMap request is blocked for this layer
2026-01-11 02:27:55,198 - Scraping log - scraper.py > get_service_info(): Line 316 - WARNING - HM_DOM_Hillshade_2021_25cm: GetMap request is blocked for this layer
2026-01-11 02:28:05,432 - Scraping log - scraper.py > get_service_info(): Line 319 - ERROR - HM_DTM_Hillshade_2021_25cm: HTTPSConnectionPool(host='wms.geo.bs.ch', port=443): Read timed out. (read timeout=10)
2026-01-11 02:28:24,930 - Scraping log - scraper.py > get_service_info(): Line 316 - WARNING - SF_Siegfriedkarte_1921: GetMap request is blocked for this layer
2026-01-11 02:28:36,897 - Scraping log - scraper.py > get_service_info(): Line 316 - WARNING - SF_Siegfriedkarte_1931: GetMap request is blocked for this layer
2026-01-11 02:28:50,188 - Scraping log - scraper.py > get_service_info(): Line 316 - WARNING - Basel: GetMap request is blocked for this layer
2026-01-11 02:29:03,486 - Scraping log - scraper.py > get_service_info(): Line 316 - WARNING - HP_Uebersichtsplan_Basel_1820: GetMap request is blocked for this layer
2026-01-11 02:29:13,498 - Scraping log - scraper.py > get_service_info(): Line 316 - WARNING - HP_Uebersichtsplan_Basel_1860: GetMap request is blocked for this layer
2026-01-11 02:29:23,610 - Scraping log - scraper.py > get_service_info(): Line 316 - WARNING - HP_Uebersichtsplan_Basel_1896: GetMap request is blocked for this layer
2026-01-11 02:29:33,625 - Scraping log - scraper.py > get_service_info(): Line 316 - WARNING - HP_Uebersichtsplan_Basel_1905: GetMap request is blocked for this layer
2026-01-11 02:29:43,737 - Scraping log - scraper.py > get_service_info(): Line 316 - WARNING - HP_Uebersichtsplan_Basel_1940: GetMap request is blocked for this layer
2026-01-11 02:29:53,843 - Scraping log - scraper.py > get_service_info(): Line 316 - WARNING - HP_Uebersichtsplan_Basel_1961: GetMap request is blocked for this layer
2026-01-11 02:30:03,967 - Scraping log - scraper.py > get_service_info(): Line 316 - WARNING - HP_Uebersichtsplan_Basel_digital_1961: GetMap request is blocked for this layer
2026-01-11 02:30:14,080 - Scraping log - scraper.py > get_service_info(): Line 316 - WARNING - HP_Situationsplan_Basel_1862: GetMap request is blocked for this layer
2026-01-11 02:30:24,094 - Scraping log - scraper.py > get_service_info(): Line 316 - WARNING - Riehen und Bettingen: GetMap request is blocked for this layer
2026-01-11 02:30:34,194 - Scraping log - scraper.py > get_service_info(): Line 316 - WARNING - Riehen: GetMap request is blocked for this layer
2026-01-11 02:30:44,295 - Scraping log - scraper.py > get_service_info(): Line 316 - WARNING - Bettingen: GetMap request is blocked for this layer
2026-01-11 02:30:54,387 - Scraping log - scraper.py > get_service_info(): Line 316 - WARNING - HP_TopographischeAufnahmen_1934: GetMap request is blocked for this layer
2026-01-11 02:31:04,495 - Scraping log - scraper.py > get_service_info(): Line 316 - WARNING - HP_Planungen_Zonenplan_1919: GetMap request is blocked for this layer
2026-01-11 02:31:14,509 - Scraping log - scraper.py > get_service_info(): Line 316 - WARNING - HP_Planungen_Zonenplan_1939: GetMap request is blocked for this layer
2026-01-11 02:31:28,021 - Scraping log - scraper.py > get_service_info(): Line 316 - WARNING - HP_Planungen_Zonenplan_2000: GetMap request is blocked for this layer
2026-01-11 02:31:38,135 - Scraping log - scraper.py > get_service_info(): Line 316 - WARNING - HP_Planungen_Zonenplan_2016: GetMap request is blocked for this layer
2026-01-11 02:31:56,147 - Scraping log - scraper.py > get_service_info(): Line 316 - WARNING - HP_Berufstopografie_1615: GetMap request is blocked for this layer
2026-01-11 02:32:06,269 - Scraping log - scraper.py > get_service_info(): Line 316 - WARNING - HP_Berufstopografie_1860: GetMap request is blocked for this layer
2026-01-11 02:32:16,383 - Scraping log - scraper.py > get_service_info(): Line 316 - WARNING - HP_Stadtfunktionen_1961: GetMap request is blocked for this layer
2026-01-11 02:32:27,038 - Scraping log - scraper.py > get_service_info(): Line 316 - WARNING - HS_Hundeverbot: GetMap request is blocked for this layer
2026-01-11 02:32:37,052 - Scraping log - scraper.py > get_service_info(): Line 316 - WARNING - HS_GanzjaerigeLeinenpflicht: GetMap request is blocked for this layer
2026-01-11 02:32:47,076 - Scraping log - scraper.py > get_service_info(): Line 316 - WARNING - HS_SaisonaleLeinenpflicht: GetMap request is blocked for this layer
2026-01-11 02:32:58,097 - Scraping log - scraper.py > get_service_info(): Line 316 - WARNING - HS_FreilaufhundearealZaun: GetMap request is blocked for this layer
2026-01-11 02:33:08,196 - Scraping log - scraper.py > get_service_info(): Line 316 - WARNING - HS_Freilaufhundeareal: GetMap request is blocked for this layer
2026-01-11 02:33:18,308 - Scraping log - scraper.py > get_service_info(): Line 316 - WARNING - HW_Beratung: GetMap request is blocked for this layer
2026-01-11 02:33:28,622 - Scraping log - scraper.py > get_service_info(): Line 316 - WARNING - HW_WohnenStationaer: GetMap request is blocked for this layer
2026-01-11 02:33:38,760 - Scraping log - scraper.py > get_service_info(): Line 316 - WARNING - HW_WohnenTagesgestalltung: GetMap request is blocked for this layer
2026-01-11 02:33:48,774 - Scraping log - scraper.py > get_service_info(): Line 316 - WARNING - HW_Tagesgestalltung: GetMap request is blocked for this layer
2026-01-11 02:33:58,789 - Scraping log - scraper.py > get_service_info(): Line 316 - WARNING - HW_Arbeit: GetMap request is blocked for this layer
2026-01-11 02:34:09,024 - Scraping log - scraper.py > get_service_info(): Line 316 - WARNING - IG_InventarGartenanlagen: GetMap request is blocked for this layer
2026-01-11 02:34:21,334 - Scraping log - scraper.py > get_service_info(): Line 319 - ERROR - KA_AmtlicheVermessungKilometereinteilung: HTTPSConnectionPool(host='wms.geo.bs.ch', port=443): Read timed out. (read timeout=10)
2026-01-11 02:34:32,676 - Scraping log - scraper.py > get_service_info(): Line 316 - WARNING - KJ_Kinderangebot: GetMap request is blocked for this layer
2026-01-11 02:34:49,109 - Scraping log - scraper.py > get_service_info(): Line 319 - ERROR - KK_KatholischerKirchenkreis: HTTPSConnectionPool(host='wms.geo.bs.ch', port=443): Read timed out. (read timeout=10)
2026-01-11 02:35:24,409 - Scraping log - scraper.py > get_service_info(): Line 316 - WARNING - Bildmittelpunkt: GetMap request is blocked for this layer
2026-01-11 02:35:34,647 - Scraping log - scraper.py > get_service_info(): Line 316 - WARNING - Footprint: GetMap request is blocked for this layer
2026-01-11 02:35:44,845 - Scraping log - scraper.py > get_service_info(): Line 316 - WARNING - S-Bahn: GetMap request is blocked for this layer
2026-01-11 02:35:54,987 - Scraping log - scraper.py > get_service_info(): Line 316 - WARNING - Tram: GetMap request is blocked for this layer
2026-01-11 02:36:05,215 - Scraping log - scraper.py > get_service_info(): Line 316 - WARNING - Bus: GetMap request is blocked for this layer
2026-01-11 02:36:16,355 - Scraping log - scraper.py > get_service_info(): Line 316 - WARNING - LN_Fernbushaltestelle: GetMap request is blocked for this layer
2026-01-11 02:36:26,370 - Scraping log - scraper.py > get_service_info(): Line 316 - WARNING - Schifffahrt: GetMap request is blocked for this layer
2026-01-11 02:36:36,645 - Scraping log - scraper.py > get_service_info(): Line 316 - WARNING - ÖV-Nachtnetz: GetMap request is blocked for this layer
2026-01-11 02:36:46,888 - Scraping log - scraper.py > get_service_info(): Line 316 - WARNING - Zugang mit Elektro-Rollstühlen: GetMap request is blocked for this layer
2026-01-11 02:36:57,914 - Scraping log - scraper.py > get_service_info(): Line 316 - WARNING - Lärmempfindlichkeitsstufenplan Basel: GetMap request is blocked for this layer
2026-01-11 02:37:08,059 - Scraping log - scraper.py > get_service_info(): Line 316 - WARNING - LP_LESP_Basel_LF: GetMap request is blocked for this layer
2026-01-11 02:37:18,074 - Scraping log - scraper.py > get_service_info(): Line 316 - WARNING - LP_LESP_Basel_LS_Rekurs: GetMap request is blocked for this layer
2026-01-11 02:37:28,188 - Scraping log - scraper.py > get_service_info(): Line 316 - WARNING - LP_LESP_Basel_LN: GetMap request is blocked for this layer
2026-01-11 02:37:38,504 - Scraping log - scraper.py > get_service_info(): Line 316 - WARNING - Lärmempfindlichkeitsstufenplan Riehen: GetMap request is blocked for this layer
2026-01-11 02:37:48,605 - Scraping log - scraper.py > get_service_info(): Line 316 - WARNING - Lärmempfindlichkeitsstufenplan Bettingen: GetMap request is blocked for this layer
2026-01-11 02:37:59,191 - Scraping log - scraper.py > get_service_info(): Line 316 - WARNING - MF_MobilUndRundfunkantenne: GetMap request is blocked for this layer
2026-01-11 02:38:12,525 - Scraping log - scraper.py > get_service_info(): Line 319 - ERROR - strassen_und_wege_stwe.kantonsstrassen_riehen_bettingen: HTTPSConnectionPool(host='wms.geo.bs.ch', port=443): Read timed out. (read timeout=10)
2026-01-11 02:38:22,540 - Scraping log - scraper.py > get_service_info(): Line 316 - WARNING - strassen_und_wege_stwe.durchgangsstrassen: GetMap request is blocked for this layer
2026-01-11 02:38:35,709 - Scraping log - scraper.py > get_service_info(): Line 316 - WARNING - strassen_und_wege_stwe.temporegime: GetMap request is blocked for this layer
2026-01-11 02:38:48,427 - Scraping log - scraper.py > get_service_info(): Line 316 - WARNING - Zonenplan Bettingen: GetMap request is blocked for this layer
2026-01-11 02:39:00,699 - Scraping log - scraper.py > get_service_info(): Line 316 - WARNING - NB_Nutzungsplanung_Orientierend_Wald: GetMap request is blocked for this layer
2026-01-11 02:39:11,927 - Scraping log - scraper.py > get_service_info(): Line 316 - WARNING - NB_Nutzungsplanung_Rekurs_Linie: GetMap request is blocked for this layer
2026-01-11 02:39:21,952 - Scraping log - scraper.py > get_service_info(): Line 316 - WARNING - NB_Nutzungsplanung_Rekurs_Polygon_Grundnutzung: GetMap request is blocked for this layer
2026-01-11 02:39:31,966 - Scraping log - scraper.py > get_service_info(): Line 316 - WARNING - NB_Nutzungsplanung_Rekurs_Polygon_Ueberlagernd: GetMap request is blocked for this layer
2026-01-11 02:39:41,981 - Scraping log - scraper.py > get_service_info(): Line 316 - WARNING - Zonenplan Basel: GetMap request is blocked for this layer
2026-01-11 02:39:52,567 - Scraping log - scraper.py > get_service_info(): Line 316 - WARNING - NP_Nutzungsplanung_Grundnutzung_Z2A: GetMap request is blocked for this layer
2026-01-11 02:40:02,591 - Scraping log - scraper.py > get_service_info(): Line 316 - WARNING - NP_Nutzungsplanung_Grundnutzung_Z2: GetMap request is blocked for this layer
2026-01-11 02:40:12,701 - Scraping log - scraper.py > get_service_info(): Line 316 - WARNING - NP_Nutzungsplanung_Grundnutzung_Z3: GetMap request is blocked for this layer
2026-01-11 02:40:22,715 - Scraping log - scraper.py > get_service_info(): Line 316 - WARNING - NP_Nutzungsplanung_Grundnutzung_Z4: GetMap request is blocked for this layer
2026-01-11 02:40:34,013 - Scraping log - scraper.py > get_service_info(): Line 316 - WARNING - NP_Nutzungsplanung_Grundnutzung_Z5: GetMap request is blocked for this layer
2026-01-11 02:40:45,689 - Scraping log - scraper.py > get_service_info(): Line 316 - WARNING - NP_Nutzungsplanung_Grundnutzung_Z7: GetMap request is blocked for this layer
2026-01-11 02:40:57,923 - Scraping log - scraper.py > get_service_info(): Line 316 - WARNING - NP_Nutzungsplanung_Grundnutzung_LZ: GetMap request is blocked for this layer
2026-01-11 02:41:08,037 - Scraping log - scraper.py > get_service_info(): Line 316 - WARNING - NP_Nutzungsplanung_Grundnutzung_SO: GetMap request is blocked for this layer
2026-01-11 02:41:20,330 - Scraping log - scraper.py > get_service_info(): Line 316 - WARNING - NP_Nutzungsplanung_Grundnutzung_Label: GetMap request is blocked for this layer
2026-01-11 02:41:30,344 - Scraping log - scraper.py > get_service_info(): Line 316 - WARNING - NP_Nutzungsplanung_OrientierenderPlaninhalt_WL: GetMap request is blocked for this layer
2026-01-11 02:41:40,358 - Scraping log - scraper.py > get_service_info(): Line 316 - WARNING - NP_Nutzungsplanung_OrientierenderPlaninhalt_AB: GetMap request is blocked for this layer
2026-01-11 02:41:50,381 - Scraping log - scraper.py > get_service_info(): Line 316 - WARNING - NP_Nutzungsplanung_OrientierenderPlaninhalt_Label: GetMap request is blocked for this layer
2026-01-11 02:42:00,484 - Scraping log - scraper.py > get_service_info(): Line 316 - WARNING - NP_Nutzungsplanung_Linien_Landschaftsrichtplan: GetMap request is blocked for this layer
2026-01-11 02:42:10,621 - Scraping log - scraper.py > get_service_info(): Line 316 - WARNING - NP_Nutzungsplanung_Ueberlagernd_Baumbestand: GetMap request is blocked for this layer
2026-01-11 02:42:20,744 - Scraping log - scraper.py > get_service_info(): Line 316 - WARNING - NP_Nutzungsplanung_Ueberlagernd_Landschaftsschutzzone: GetMap request is blocked for this layer
2026-01-11 02:42:30,759 - Scraping log - scraper.py > get_service_info(): Line 316 - WARNING - NP_Nutzungsplanung_Ueberlagernd_Naturschutzzone: GetMap request is blocked for this layer
2026-01-11 02:42:40,783 - Scraping log - scraper.py > get_service_info(): Line 316 - WARNING - NP_Nutzungsplanung_Ueberlagernd_Naturschonzone: GetMap request is blocked for this layer
2026-01-11 02:42:50,798 - Scraping log - scraper.py > get_service_info(): Line 316 - WARNING - NP_Nutzungsplanung_Ueberlagernd_Industrieerleichterung: GetMap request is blocked for this layer
2026-01-11 02:43:00,804 - Scraping log - scraper.py > get_service_info(): Line 316 - WARNING - NP_Nutzungsplanung_Linien_Siedlungsgrenze: GetMap request is blocked for this layer
2026-01-11 02:43:10,827 - Scraping log - scraper.py > get_service_info(): Line 316 - WARNING - NP_Nutzungsplanung_Objekte_Naturschutzobjekte: GetMap request is blocked for this layer
2026-01-11 02:43:20,935 - Scraping log - scraper.py > get_service_info(): Line 316 - WARNING - NP_Nutzungsplanung_Ueberlagernd_Label: GetMap request is blocked for this layer
2026-01-11 02:43:31,083 - Scraping log - scraper.py > get_service_info(): Line 316 - WARNING - NP_Nutzungsplanung_Bebauungsplan_Bebauungsplan: GetMap request is blocked for this layer
2026-01-11 02:43:41,097 - Scraping log - scraper.py > get_service_info(): Line 316 - WARNING - NP_Nutzungsplanung_Rekurs_Punkt: GetMap request is blocked for this layer
2026-01-11 02:43:51,119 - Scraping log - scraper.py > get_service_info(): Line 316 - WARNING - NP_Nutzungsplanung_Rekurs_Linie: GetMap request is blocked for this layer
2026-01-11 02:44:10,326 - Scraping log - scraper.py > get_service_info(): Line 319 - ERROR - RN_Nutzungsplanung_Grundnutzung_Z2A: HTTPSConnectionPool(host='wms.geo.bs.ch', port=443): Read timed out. (read timeout=10)
2026-01-11 02:44:20,331 - Scraping log - scraper.py > get_service_info(): Line 316 - WARNING - RN_Nutzungsplanung_Grundnutzung_Z2: GetMap request is blocked for this layer
2026-01-11 02:44:32,672 - Scraping log - scraper.py > get_service_info(): Line 316 - WARNING - RN_Nutzungsplanung_Grundnutzung_Z4: GetMap request is blocked for this layer
2026-01-11 02:44:45,507 - Scraping log - scraper.py > get_service_info(): Line 316 - WARNING - RN_Nutzungsplanung_Grundnutzung_GR: GetMap request is blocked for this layer
2026-01-11 02:44:57,796 - Scraping log - scraper.py > get_service_info(): Line 316 - WARNING - RN_Nutzungsplanung_Grundnutzung_SO: GetMap request is blocked for this layer
2026-01-11 02:45:07,902 - Scraping log - scraper.py > get_service_info(): Line 316 - WARNING - RN_Nutzungsplanung_Grundnutzung_SU: GetMap request is blocked for this layer
2026-01-11 02:45:17,917 - Scraping log - scraper.py > get_service_info(): Line 316 - WARNING - RN_Nutzungsplanung_Grundnutzung_NOI: GetMap request is blocked for this layer
2026-01-11 02:45:28,030 - Scraping log - scraper.py > get_service_info(): Line 316 - WARNING - RN_Nutzungsplanung_Grundnutzung_FZG: GetMap request is blocked for this layer
2026-01-11 02:45:38,138 - Scraping log - scraper.py > get_service_info(): Line 316 - WARNING - RN_Nutzungsplanung_Grundnutzung_NOI_Zweckbestimmung: GetMap request is blocked for this layer
2026-01-11 02:45:48,244 - Scraping log - scraper.py > get_service_info(): Line 316 - WARNING - RN_Nutzungsplanung_Grundnutzung_Label: GetMap request is blocked for this layer
2026-01-11 02:45:58,343 - Scraping log - scraper.py > get_service_info(): Line 316 - WARNING - RN_Nutzungsplanung_OrientierenderPlaninhalt_TeileBundesinventare: GetMap request is blocked for this layer
2026-01-11 02:46:08,358 - Scraping log - scraper.py > get_service_info(): Line 316 - WARNING - RN_Nutzungsplanung_OrientierenderPlaninhalt_WL: GetMap request is blocked for this layer
2026-01-11 02:46:18,470 - Scraping log - scraper.py > get_service_info(): Line 316 - WARNING - RN_Nutzungsplanung_OrientierenderPlaninhalt_AB: GetMap request is blocked for this layer
2026-01-11 02:46:28,487 - Scraping log - scraper.py > get_service_info(): Line 316 - WARNING - RN_Nutzungsplanung_OrientierenderPlaninhalt_Label: GetMap request is blocked for this layer
2026-01-11 02:46:38,632 - Scraping log - scraper.py > get_service_info(): Line 316 - WARNING - RN_Nutzungsplanung_Ueberlagernd_Landschaftsschutzzone: GetMap request is blocked for this layer
2026-01-11 02:46:48,647 - Scraping log - scraper.py > get_service_info(): Line 316 - WARNING - RN_Nutzungsplanung_Ueberlagernd_Naturschutzzone: GetMap request is blocked for this layer
2026-01-11 02:46:59,859 - Scraping log - scraper.py > get_service_info(): Line 316 - WARNING - RN_Nutzungsplanung_Ueberlagernd_Wohn_Arbeitsmischgebiet: GetMap request is blocked for this layer
2026-01-11 02:47:09,874 - Scraping log - scraper.py > get_service_info(): Line 316 - WARNING - RN_Nutzungsplanung_Ueberlagernd_Baumbestand: GetMap request is blocked for this layer
2026-01-11 02:47:19,989 - Scraping log - scraper.py > get_service_info(): Line 316 - WARNING - RN_Nutzungsplanung_Bebauungsplan_Bebauungsplan: GetMap request is blocked for this layer
2026-01-11 02:47:30,004 - Scraping log - scraper.py > get_service_info(): Line 316 - WARNING - RN_Nutzungsplanung_Linien_Siedlungsgrenze: GetMap request is blocked for this layer
2026-01-11 02:47:40,133 - Scraping log - scraper.py > get_service_info(): Line 316 - WARNING - RN_Nutzungsplanung_Linien_Aussichtsschutz: GetMap request is blocked for this layer
2026-01-11 02:47:50,147 - Scraping log - scraper.py > get_service_info(): Line 316 - WARNING - RN_Nutzungsplanung_Ueberlagernd_Schutzzwecke_Label: GetMap request is blocked for this layer
2026-01-11 02:48:01,698 - Scraping log - scraper.py > get_service_info(): Line 319 - ERROR - RN_Nutzungsplanung_Rekurs_Linie: HTTPSConnectionPool(host='wms.geo.bs.ch', port=443): Read timed out. (read timeout=10)
2026-01-11 02:48:11,713 - Scraping log - scraper.py > get_service_info(): Line 316 - WARNING - RN_Nutzungsplanung_Rekurs_Flaeche: GetMap request is blocked for this layer
2026-01-11 02:48:21,814 - Scraping log - scraper.py > get_service_info(): Line 316 - WARNING - Bebauungspläne Bettingen: GetMap request is blocked for this layer
2026-01-11 02:48:31,942 - Scraping log - scraper.py > get_service_info(): Line 316 - WARNING - Bebauungspläne Basel: GetMap request is blocked for this layer
2026-01-11 02:48:42,225 - Scraping log - scraper.py > get_service_info(): Line 316 - WARNING - NP_Bebauungsplan_Bebauungsplan_fill: GetMap request is blocked for this layer
2026-01-11 02:48:52,239 - Scraping log - scraper.py > get_service_info(): Line 316 - WARNING - NP_Bebauungsplan_Bebauungsplan_outline: GetMap request is blocked for this layer
2026-01-11 02:49:02,255 - Scraping log - scraper.py > get_service_info(): Line 316 - WARNING - Bebauungspläne Riehen: GetMap request is blocked for this layer
2026-01-11 02:49:12,487 - Scraping log - scraper.py > get_service_info(): Line 316 - WARNING - Gefahrenkarten: GetMap request is blocked for this layer
2026-01-11 02:49:22,554 - Scraping log - scraper.py > get_service_info(): Line 316 - WARNING - Intensitätskarten: GetMap request is blocked for this layer
2026-01-11 02:49:32,699 - Scraping log - scraper.py > get_service_info(): Line 316 - WARNING - Erhebungsgebiete: GetMap request is blocked for this layer
2026-01-11 02:49:43,234 - Scraping log - scraper.py > get_service_info(): Line 316 - WARNING - NJ_InventarGeschuetzterNaturobjekte: GetMap request is blocked for this layer
2026-01-11 02:49:53,365 - Scraping log - scraper.py > get_service_info(): Line 319 - ERROR - Stand 2025: HTTPSConnectionPool(host='wms.geo.bs.ch', port=443): Read timed out. (read timeout=10)
2026-01-11 02:50:03,554 - Scraping log - scraper.py > get_service_info(): Line 316 - WARNING - NI_2025_TaxonobjekteGruppen_Tagfalter: GetMap request is blocked for this layer
2026-01-11 02:50:15,896 - Scraping log - scraper.py > get_service_info(): Line 316 - WARNING - NI_2025_TaxonobjekteGruppen_Libellen: GetMap request is blocked for this layer
2026-01-11 02:50:28,215 - Scraping log - scraper.py > get_service_info(): Line 316 - WARNING - NI_2025_TaxonobjekteGruppen_Fledermaeuse: GetMap request is blocked for this layer
2026-01-11 02:50:40,718 - Scraping log - scraper.py > get_service_info(): Line 316 - WARNING - 2019: GetMap request is blocked for this layer
2026-01-11 02:50:52,101 - Scraping log - scraper.py > get_service_info(): Line 316 - WARNING - NK_2019_BeschriftungVerbreitung2019_VorkommendeArten: GetMap request is blocked for this layer
2026-01-11 02:51:02,207 - Scraping log - scraper.py > get_service_info(): Line 316 - WARNING - NK_2019_Verbreitung_fill: GetMap request is blocked for this layer
2026-01-11 02:51:12,437 - Scraping log - scraper.py > get_service_info(): Line 319 - ERROR - NK_2019_Verbreitung_outline: HTTPSConnectionPool(host='wms.geo.bs.ch', port=443): Read timed out. (read timeout=10)
2026-01-11 02:51:22,548 - Scraping log - scraper.py > get_service_info(): Line 316 - WARNING - NK_2019_Arten_ArmenischeGartenbrombeere: GetMap request is blocked for this layer
2026-01-11 02:51:32,563 - Scraping log - scraper.py > get_service_info(): Line 316 - WARNING - NK_2019_Arten_AufrechtesTraubenkraut: GetMap request is blocked for this layer
2026-01-11 02:51:42,577 - Scraping log - scraper.py > get_service_info(): Line 316 - WARNING - NK_2019_Arten_Blauglockenbaum: GetMap request is blocked for this layer
2026-01-11 02:51:52,592 - Scraping log - scraper.py > get_service_info(): Line 316 - WARNING - NK_2019_Arten_DruesigesSpringkraut: GetMap request is blocked for this layer
2026-01-11 02:52:02,705 - Scraping log - scraper.py > get_service_info(): Line 316 - WARNING - NK_2019_Arten_EinjaehrigesBerufskraut: GetMap request is blocked for this layer
2026-01-11 02:52:12,819 - Scraping log - scraper.py > get_service_info(): Line 316 - WARNING - NK_2019_Arten_Essigbaum: GetMap request is blocked for this layer
2026-01-11 02:52:22,945 - Scraping log - scraper.py > get_service_info(): Line 316 - WARNING - NK_2019_Arten_Goetterbaum: GetMap request is blocked for this layer
2026-01-11 02:52:33,059 - Scraping log - scraper.py > get_service_info(): Line 316 - WARNING - NK_2019_Arten_JapanischerStaudenknoeterich: GetMap request is blocked for this layer
2026-01-11 02:52:43,164 - Scraping log - scraper.py > get_service_info(): Line 316 - WARNING - NK_2019_Arten_KanadischeGoldrute: GetMap request is blocked for this layer
2026-01-11 02:52:53,179 - Scraping log - scraper.py > get_service_info(): Line 316 - WARNING - NK_2019_Arten_KanadischesBerufskraut: GetMap request is blocked for this layer
2026-01-11 02:53:03,295 - Scraping log - scraper.py > get_service_info(): Line 316 - WARNING - NK_2019_Arten_Kirschlorbeer: GetMap request is blocked for this layer
2026-01-11 02:53:13,309 - Scraping log - scraper.py > get_service_info(): Line 316 - WARNING - NK_2019_Arten_OrientalischesZackenschoetchen: GetMap request is blocked for this layer
2026-01-11 02:53:23,326 - Scraping log - scraper.py > get_service_info(): Line 316 - WARNING - NK_2019_Arten_RiesenBaerenklau: GetMap request is blocked for this layer
2026-01-11 02:53:33,337 - Scraping log - scraper.py > get_service_info(): Line 316 - WARNING - NK_2019_Arten_Robinie: GetMap request is blocked for this layer
2026-01-11 02:53:51,008 - Scraping log - scraper.py > get_service_info(): Line 316 - WARNING - NK_2013_BeschriftungVerbreitung2013_AnzahlArten: GetMap request is blocked for this layer
2026-01-11 02:54:01,023 - Scraping log - scraper.py > get_service_info(): Line 316 - WARNING - NK_2013_BeschriftungVerbreitung2013_VorkommendeArten: GetMap request is blocked for this layer
2026-01-11 02:54:11,038 - Scraping log - scraper.py > get_service_info(): Line 316 - WARNING - NK_2013_Verbreitung_fill: GetMap request is blocked for this layer
2026-01-11 02:54:22,952 - Scraping log - scraper.py > get_service_info(): Line 316 - WARNING - NK_2013_Arten_ArmenischeGartenbrombeere: GetMap request is blocked for this layer
2026-01-11 02:54:32,958 - Scraping log - scraper.py > get_service_info(): Line 316 - WARNING - NK_2013_Arten_Blauglockenbaum: GetMap request is blocked for this layer
2026-01-11 02:54:44,249 - Scraping log - scraper.py > get_service_info(): Line 316 - WARNING - NK_2013_Arten_Essigbaum: GetMap request is blocked for this layer
2026-01-11 02:54:54,264 - Scraping log - scraper.py > get_service_info(): Line 316 - WARNING - NK_2013_Arten_Goetterbaum: GetMap request is blocked for this layer
2026-01-11 02:55:05,732 - Scraping log - scraper.py > get_service_info(): Line 316 - WARNING - NK_2013_Arten_KanadischeGoldrute: GetMap request is blocked for this layer
2026-01-11 02:55:15,746 - Scraping log - scraper.py > get_service_info(): Line 316 - WARNING - NK_2013_Arten_RiesenBaerenklau: GetMap request is blocked for this layer
2026-01-11 02:55:28,124 - Scraping log - scraper.py > get_service_info(): Line 316 - WARNING - NK_2013_Arten_SeidigerHartrigel: GetMap request is blocked for this layer
2026-01-11 02:55:39,441 - Scraping log - scraper.py > get_service_info(): Line 316 - WARNING - NK_2013_Arten_SpaetbluehendeGoldrute: GetMap request is blocked for this layer
2026-01-11 02:55:49,458 - Scraping log - scraper.py > get_service_info(): Line 316 - WARNING - 2009: GetMap request is blocked for this layer
2026-01-11 02:56:00,715 - Scraping log - scraper.py > get_service_info(): Line 316 - WARNING - NK_2009_BeschriftungVerbreitung2009_VorkommendeArten: GetMap request is blocked for this layer
2026-01-11 02:56:12,159 - Scraping log - scraper.py > get_service_info(): Line 316 - WARNING - NK_2009_Verbreitung_outline: GetMap request is blocked for this layer
2026-01-11 02:56:24,604 - Scraping log - scraper.py > get_service_info(): Line 316 - WARNING - NK_2009_Arten_Goetterbaum: GetMap request is blocked for this layer
2026-01-11 02:56:37,938 - Scraping log - scraper.py > get_service_info(): Line 316 - WARNING - NK_2009_Arten_SchmalblaettrigesGreiskraut: GetMap request is blocked for this layer
2026-01-11 02:56:47,951 - Scraping log - scraper.py > get_service_info(): Line 316 - WARNING - NK_2009_Arten_Sommerflieder: GetMap request is blocked for this layer
2026-01-11 02:56:57,967 - Scraping log - scraper.py > get_service_info(): Line 316 - WARNING - NK_2009_Arten_SpaetbluehendeGoldrute: GetMap request is blocked for this layer
2026-01-11 02:57:08,087 - Scraping log - scraper.py > get_service_info(): Line 316 - WARNING - 2006: GetMap request is blocked for this layer
2026-01-11 02:57:18,147 - Scraping log - scraper.py > get_service_info(): Line 316 - WARNING - NK_2006_BeschriftungVerbreitung2006_AnzahlArten: GetMap request is blocked for this layer
2026-01-11 02:57:28,259 - Scraping log - scraper.py > get_service_info(): Line 316 - WARNING - NK_2006_BeschriftungVerbreitung2006_VorkommendeArten: GetMap request is blocked for this layer
2026-01-11 02:57:38,376 - Scraping log - scraper.py > get_service_info(): Line 316 - WARNING - NK_2006_Verbreitung_fill: GetMap request is blocked for this layer
2026-01-11 02:57:48,391 - Scraping log - scraper.py > get_service_info(): Line 316 - WARNING - NK_2006_Verbreitung_outline: GetMap request is blocked for this layer
2026-01-11 02:57:58,406 - Scraping log - scraper.py > get_service_info(): Line 316 - WARNING - NK_2006_Arten_ArmenischeGartenbrombeere: GetMap request is blocked for this layer
2026-01-11 02:58:08,421 - Scraping log - scraper.py > get_service_info(): Line 316 - WARNING - NK_2006_Arten_DruesigesSpringkraut: GetMap request is blocked for this layer
2026-01-11 02:58:18,531 - Scraping log - scraper.py > get_service_info(): Line 316 - WARNING - NK_2006_Arten_Goetterbaum: GetMap request is blocked for this layer
2026-01-11 02:58:28,648 - Scraping log - scraper.py > get_service_info(): Line 316 - WARNING - NK_2006_Arten_JapanischerStaudenknoeterich: GetMap request is blocked for this layer
2026-01-11 02:58:38,757 - Scraping log - scraper.py > get_service_info(): Line 316 - WARNING - NK_2006_Arten_KanadischeGoldrute: GetMap request is blocked for this layer
2026-01-11 02:58:48,865 - Scraping log - scraper.py > get_service_info(): Line 316 - WARNING - NK_2006_Arten_SchmalblaettrigesGreiskraut: GetMap request is blocked for this layer
2026-01-11 02:58:58,883 - Scraping log - scraper.py > get_service_info(): Line 316 - WARNING - NK_2006_Arten_Sommerflieder: GetMap request is blocked for this layer
2026-01-11 02:59:09,000 - Scraping log - scraper.py > get_service_info(): Line 316 - WARNING - NK_2006_Arten_SpaetbluehendeGoldrute: GetMap request is blocked for this layer
2026-01-11 02:59:19,111 - Scraping log - scraper.py > get_service_info(): Line 316 - WARNING - NR_Gewaesser_Gewaesser: GetMap request is blocked for this layer
2026-01-11 02:59:32,758 - Scraping log - scraper.py > get_service_info(): Line 319 - ERROR - Wiesen und Weiden: HTTPSConnectionPool(host='wms.geo.bs.ch', port=443): Read timed out. (read timeout=10)
2026-01-11 02:59:42,963 - Scraping log - scraper.py > get_service_info(): Line 316 - WARNING - Hecken und Gehölze: GetMap request is blocked for this layer
2026-01-11 02:59:55,544 - Scraping log - scraper.py > get_service_info(): Line 316 - WARNING - Grünanlagen und Friedhöfe: GetMap request is blocked for this layer
2026-01-11 03:00:08,360 - Scraping log - scraper.py > get_service_info(): Line 316 - WARNING - Artvorkommen aus dem Naturinventar Basel-Stadt: GetMap request is blocked for this layer
2026-01-11 03:00:21,039 - Scraping log - scraper.py > get_service_info(): Line 316 - WARNING - OF_OrthofotoAktuell: GetMap request is blocked for this layer
2026-01-11 03:00:31,054 - Scraping log - scraper.py > get_service_info(): Line 316 - WARNING - OF_Orthofoto1926: GetMap request is blocked for this layer
2026-01-11 03:00:41,072 - Scraping log - scraper.py > get_service_info(): Line 316 - WARNING - OF_Orthofoto1933: GetMap request is blocked for this layer
2026-01-11 03:00:51,186 - Scraping log - scraper.py > get_service_info(): Line 316 - WARNING - OF_Orthofoto1979August: GetMap request is blocked for this layer
2026-01-11 03:01:01,201 - Scraping log - scraper.py > get_service_info(): Line 316 - WARNING - OF_Orthofoto1985Juli: GetMap request is blocked for this layer
2026-01-11 03:01:11,215 - Scraping log - scraper.py > get_service_info(): Line 316 - WARNING - OF_Orthofoto1990Maerz: GetMap request is blocked for this layer
2026-01-11 03:01:21,223 - Scraping log - scraper.py > get_service_info(): Line 316 - WARNING - OF_Orthofoto1995Maerz: GetMap request is blocked for this layer
2026-01-11 03:01:31,238 - Scraping log - scraper.py > get_service_info(): Line 316 - WARNING - OF_Orthofoto1999Maerz: GetMap request is blocked for this layer
2026-01-11 03:01:41,351 - Scraping log - scraper.py > get_service_info(): Line 316 - WARNING - OF_Orthofoto2001Juli: GetMap request is blocked for this layer
2026-01-11 03:01:51,460 - Scraping log - scraper.py > get_service_info(): Line 316 - WARNING - OF_Orthofoto2002Maerz: GetMap request is blocked for this layer
2026-01-11 03:02:01,576 - Scraping log - scraper.py > get_service_info(): Line 316 - WARNING - OF_Orthofoto2005April: GetMap request is blocked for this layer
2026-01-11 03:02:11,591 - Scraping log - scraper.py > get_service_info(): Line 316 - WARNING - OF_Orthofoto2008April: GetMap request is blocked for this layer
2026-01-11 03:02:25,479 - Scraping log - scraper.py > get_service_info(): Line 316 - WARNING - OF_Orthofoto2012Maerz: GetMap request is blocked for this layer
2026-01-11 03:02:35,496 - Scraping log - scraper.py > get_service_info(): Line 316 - WARNING - OF_Orthofoto2012Juli: GetMap request is blocked for this layer
2026-01-11 03:02:45,511 - Scraping log - scraper.py > get_service_info(): Line 316 - WARNING - OF_Orthofoto2015April: GetMap request is blocked for this layer
2026-01-11 03:02:55,519 - Scraping log - scraper.py > get_service_info(): Line 316 - WARNING - OF_Orthofoto2017Maerz: GetMap request is blocked for this layer
2026-01-11 03:03:05,633 - Scraping log - scraper.py > get_service_info(): Line 316 - WARNING - OF_TrueOrthofoto2017Maerz: GetMap request is blocked for this layer
2026-01-11 03:03:15,648 - Scraping log - scraper.py > get_service_info(): Line 316 - WARNING - OF_TrueOrthofoto2020Maerz: GetMap request is blocked for this layer
2026-01-11 03:03:25,791 - Scraping log - scraper.py > get_service_info(): Line 319 - ERROR - OF_Orthofoto2020Maerz: HTTPSConnectionPool(host='wms.geo.bs.ch', port=443): Read timed out. (read timeout=10)
2026-01-11 03:03:35,806 - Scraping log - scraper.py > get_service_info(): Line 316 - WARNING - OF_TrueOrthofoto2023Mai: GetMap request is blocked for this layer
2026-01-11 03:03:47,705 - Scraping log - scraper.py > get_service_info(): Line 316 - WARNING - SI_Swissimage2024: GetMap request is blocked for this layer
2026-01-11 03:04:00,138 - Scraping log - scraper.py > get_service_info(): Line 316 - WARNING - OR_OeffentlicherRaum: GetMap request is blocked for this layer
2026-01-11 03:04:12,602 - Scraping log - scraper.py > get_service_info(): Line 316 - WARNING - PA_Parkhaus: GetMap request is blocked for this layer
2026-01-11 03:04:22,628 - Scraping log - scraper.py > get_service_info(): Line 316 - WARNING - PA_Ladestation: GetMap request is blocked for this layer
2026-01-11 03:04:32,639 - Scraping log - scraper.py > get_service_info(): Line 316 - WARNING - PA_PRAnlage: GetMap request is blocked for this layer
2026-01-11 03:04:42,655 - Scraping log - scraper.py > get_service_info(): Line 316 - WARNING - PA_RBAbstellplatz: GetMap request is blocked for this layer
2026-01-11 03:04:52,670 - Scraping log - scraper.py > get_service_info(): Line 316 - WARNING - PA_RBHalteort: GetMap request is blocked for this layer
2026-01-11 03:05:02,684 - Scraping log - scraper.py > get_service_info(): Line 316 - WARNING - PA_Taxi: GetMap request is blocked for this layer
2026-01-11 03:05:16,310 - Scraping log - scraper.py > get_service_info(): Line 319 - ERROR - PA_Wohnmobil: HTTPSConnectionPool(host='wms.geo.bs.ch', port=443): Read timed out. (read timeout=10)
2026-01-11 03:05:26,319 - Scraping log - scraper.py > get_service_info(): Line 316 - WARNING - XP_Parkhausauslastung: GetMap request is blocked for this layer
2026-01-11 03:05:39,407 - Scraping log - scraper.py > get_service_info(): Line 316 - WARNING - PP_PolizeilichePraevention_GebietseinteilungPolizeilichePraevention_Jugend: GetMap request is blocked for this layer
2026-01-11 03:05:52,238 - Scraping log - scraper.py > get_service_info(): Line 316 - WARNING - PX_Planungszone_Bettingen: GetMap request is blocked for this layer
2026-01-11 03:06:04,968 - Scraping log - scraper.py > get_service_info(): Line 316 - WARNING - QT_Quartiertreffpunkte: GetMap request is blocked for this layer
2026-01-11 03:06:14,992 - Scraping log - scraper.py > get_service_info(): Line 316 - WARNING - RM_Geschwindigkeitsmonitoring: GetMap request is blocked for this layer
2026-01-11 03:06:25,912 - Scraping log - scraper.py > get_service_info(): Line 316 - WARNING - RP_Grundkarte: GetMap request is blocked for this layer
2026-01-11 03:06:35,927 - Scraping log - scraper.py > get_service_info(): Line 316 - WARNING - Siedlung: GetMap request is blocked for this layer
2026-01-11 03:06:47,060 - Scraping log - scraper.py > get_service_info(): Line 316 - WARNING - RP_Ausgangslage_Siedlung_Siedlungsgebiet_Abfrage: GetMap request is blocked for this layer
2026-01-11 03:06:57,075 - Scraping log - scraper.py > get_service_info(): Line 316 - WARNING - RP_Ausgangslage_Siedlung_Siedlungsgebiet_Flaeche: GetMap request is blocked for this layer
2026-01-11 03:07:08,291 - Scraping log - scraper.py > get_service_info(): Line 316 - WARNING - RP_Ausgangslage_Siedlung_Landesgrenze_Linie: GetMap request is blocked for this layer
2026-01-11 03:07:19,218 - Scraping log - scraper.py > get_service_info(): Line 316 - WARNING - RP_Ausgangslage_Siedlung_Kantonsgrenze_Abfrage: GetMap request is blocked for this layer
2026-01-11 03:07:29,243 - Scraping log - scraper.py > get_service_info(): Line 316 - WARNING - RP_Ausgangslage_Siedlung_Kantonsgrenze_Linie: GetMap request is blocked for this layer
2026-01-11 03:07:39,463 - Scraping log - scraper.py > get_service_info(): Line 316 - WARNING - RP_Ausgangslage_Siedlung_Gemeindegrenze_Abfrage: GetMap request is blocked for this layer
2026-01-11 03:07:49,480 - Scraping log - scraper.py > get_service_info(): Line 316 - WARNING - RP_Ausgangslage_Siedlung_Gemeindegrenze_Linie: GetMap request is blocked for this layer
2026-01-11 03:07:59,496 - Scraping log - scraper.py > get_service_info(): Line 316 - WARNING - RP_Ausgangslage_Siedlung_Naturgefahr_Abfrage: GetMap request is blocked for this layer
2026-01-11 03:08:09,511 - Scraping log - scraper.py > get_service_info(): Line 316 - WARNING - RP_Ausgangslage_Siedlung_Naturgefahr_Linie: GetMap request is blocked for this layer
2026-01-11 03:08:19,621 - Scraping log - scraper.py > get_service_info(): Line 316 - WARNING - RP_Ausgangslage_Siedlung_GebietUmBahnhof_Abfrage: GetMap request is blocked for this layer
2026-01-11 03:08:29,635 - Scraping log - scraper.py > get_service_info(): Line 316 - WARNING - RP_Ausgangslage_Siedlung_GebietUmBahnhof_Punkt: GetMap request is blocked for this layer
2026-01-11 03:08:39,649 - Scraping log - scraper.py > get_service_info(): Line 316 - WARNING - RP_Ausgangslage_Siedlung_VerkehrsintensiveEinrichtung_Abfrage: GetMap request is blocked for this layer
2026-01-11 03:08:49,761 - Scraping log - scraper.py > get_service_info(): Line 316 - WARNING - RP_Ausgangslage_Siedlung_VerkehrsintensiveEinrichtung_Punkt: GetMap request is blocked for this layer
2026-01-11 03:08:59,902 - Scraping log - scraper.py > get_service_info(): Line 319 - ERROR - RP_Ausgangslage_Siedlung_FreizeitUndSportgebiet_Abfrage: HTTPSConnectionPool(host='wms.geo.bs.ch', port=443): Read timed out. (read timeout=10)
2026-01-11 03:09:10,850 - Scraping log - scraper.py > get_service_info(): Line 316 - WARNING - RP_Ausgangslage_Siedlung_FreizeitUndSportgebiet_Punkt: GetMap request is blocked for this layer
2026-01-11 03:09:23,303 - Scraping log - scraper.py > get_service_info(): Line 316 - WARNING - RP_Siedlung_GebietUmBahnhof_Abfrage: GetMap request is blocked for this layer
2026-01-11 03:09:35,431 - Scraping log - scraper.py > get_service_info(): Line 316 - WARNING - RP_Siedlung_GebietUmSBahnHaltestelle_Punkt: GetMap request is blocked for this layer
2026-01-11 03:09:47,617 - Scraping log - scraper.py > get_service_info(): Line 316 - WARNING - RP_Siedlung_SchwerpunktArbeitenUndWohnen_Abfrage: GetMap request is blocked for this layer
2026-01-11 03:09:58,815 - Scraping log - scraper.py > get_service_info(): Line 316 - WARNING - RP_Siedlung_SchwerpunktWohnen_Abfrage: GetMap request is blocked for this layer
2026-01-11 03:10:08,830 - Scraping log - scraper.py > get_service_info(): Line 316 - WARNING - RP_Siedlung_SchwerpunktWohnen_Flaeche: GetMap request is blocked for this layer
2026-01-11 03:10:19,088 - Scraping log - scraper.py > get_service_info(): Line 319 - ERROR - RP_Siedlung_SiedlungsgliedernderFreiraum_Abfrage: HTTPSConnectionPool(host='wms.geo.bs.ch', port=443): Read timed out. (read timeout=10)
2026-01-11 03:10:29,104 - Scraping log - scraper.py > get_service_info(): Line 316 - WARNING - RP_Siedlung_SiedlungsgliedernderFreiraum_Flaeche: GetMap request is blocked for this layer
2026-01-11 03:10:39,130 - Scraping log - scraper.py > get_service_info(): Line 316 - WARNING - RP_Siedlung_FreizeitUndSportgebiet_Abfrage: GetMap request is blocked for this layer
2026-01-11 03:10:49,144 - Scraping log - scraper.py > get_service_info(): Line 316 - WARNING - RP_Siedlung_FreizeitUndSportgebiet_Punkt: GetMap request is blocked for this layer
2026-01-11 03:10:59,158 - Scraping log - scraper.py > get_service_info(): Line 316 - WARNING - RP_Siedlung_VorzugsgebietVerbesserungFreiraumversorgung_Abfrage: GetMap request is blocked for this layer
2026-01-11 03:11:09,270 - Scraping log - scraper.py > get_service_info(): Line 316 - WARNING - RP_Siedlung_VorzugsgebietVerbesserungFreiraumversorgung_Flaeche: GetMap request is blocked for this layer
2026-01-11 03:11:20,198 - Scraping log - scraper.py > get_service_info(): Line 316 - WARNING - RP_Siedlung_AufhebungFreiraumerweiterung_Abfrage: GetMap request is blocked for this layer
2026-01-11 03:11:31,857 - Scraping log - scraper.py > get_service_info(): Line 316 - WARNING - RP_Siedlung_Ortszentrum_Abfrage: GetMap request is blocked for this layer
2026-01-11 03:11:43,050 - Scraping log - scraper.py > get_service_info(): Line 316 - WARNING - RP_Siedlung_Laermschutz_Abfrage: GetMap request is blocked for this layer
2026-01-11 03:11:55,119 - Scraping log - scraper.py > get_service_info(): Line 316 - WARNING - RP_Siedlung_NutzungImOeffentlichenInteresse_Abfrage: GetMap request is blocked for this layer
2026-01-11 03:12:05,136 - Scraping log - scraper.py > get_service_info(): Line 316 - WARNING - RP_Siedlung_NutzungImOeffentlichenInteresse_Punkt: GetMap request is blocked for this layer
2026-01-11 03:12:15,151 - Scraping log - scraper.py > get_service_info(): Line 316 - WARNING - RP_Siedlung_AufhebungSiedlungstrennwirkung_Abfrage: GetMap request is blocked for this layer
2026-01-11 03:12:25,165 - Scraping log - scraper.py > get_service_info(): Line 316 - WARNING - RP_Siedlung_AufhebungSiedlungstrennwirkung_Linie: GetMap request is blocked for this layer
2026-01-11 03:12:35,633 - Scraping log - scraper.py > get_service_info(): Line 316 - WARNING - RP_Siedlung_FokusgebietHitze_Abfrage: GetMap request is blocked for this layer
2026-01-11 03:12:45,648 - Scraping log - scraper.py > get_service_info(): Line 316 - WARNING - RP_Siedlung_FokusgebietHitze_Flaeche: GetMap request is blocked for this layer
2026-01-11 03:12:56,270 - Scraping log - scraper.py > get_service_info(): Line 319 - ERROR - RP_Siedlung_Kaltluftfluss_Abfrage: HTTPSConnectionPool(host='wms.geo.bs.ch', port=443): Read timed out. (read timeout=10)
2026-01-11 03:13:06,286 - Scraping log - scraper.py > get_service_info(): Line 316 - WARNING - RP_Siedlung_Kaltluftfluss_Punkt: GetMap request is blocked for this layer
2026-01-11 03:13:19,143 - Scraping log - scraper.py > get_service_info(): Line 316 - WARNING - Mobilität: GetMap request is blocked for this layer
2026-01-11 03:13:30,649 - Scraping log - scraper.py > get_service_info(): Line 316 - WARNING - RP_Ausgangslage_Mobilitaet_HafenarealKantonal_Abfrage: GetMap request is blocked for this layer
2026-01-11 03:13:40,785 - Scraping log - scraper.py > get_service_info(): Line 316 - WARNING - RP_Ausgangslage_Mobilitaet_HafenarealKantonal_Flaeche: GetMap request is blocked for this layer
2026-01-11 03:13:50,791 - Scraping log - scraper.py > get_service_info(): Line 316 - WARNING - RP_Ausgangslage_Mobilitaet_StrassennetzAusserkantonal_Abfrage: GetMap request is blocked for this layer
2026-01-11 03:14:00,807 - Scraping log - scraper.py > get_service_info(): Line 316 - WARNING - RP_Ausgangslage_Mobilitaet_StrassennetzAusserkantonal_Linie: GetMap request is blocked for this layer
2026-01-11 03:14:11,754 - Scraping log - scraper.py > get_service_info(): Line 316 - WARNING - RP_Ausgangslage_Mobilitaet_SchieneNormalspurStrecke_Abfrage: GetMap request is blocked for this layer
2026-01-11 03:14:21,878 - Scraping log - scraper.py > get_service_info(): Line 316 - WARNING - RP_Ausgangslage_Mobilitaet_SchieneNormalspurStrecke_Linie: GetMap request is blocked for this layer
2026-01-11 03:14:31,892 - Scraping log - scraper.py > get_service_info(): Line 316 - WARNING - RP_Ausgangslage_Mobilitaet_SchieneSchmalspurStrecke_Abfrage: GetMap request is blocked for this layer
2026-01-11 03:14:46,357 - Scraping log - scraper.py > get_service_info(): Line 316 - WARNING - RP_Ausgangslage_Mobilitaet_KantonsstrasseStrecke_Abfrage: GetMap request is blocked for this layer
2026-01-11 03:14:56,472 - Scraping log - scraper.py > get_service_info(): Line 316 - WARNING - RP_Ausgangslage_Mobilitaet_KantonsstrasseStrecke_Linie: GetMap request is blocked for this layer
2026-01-11 03:15:06,486 - Scraping log - scraper.py > get_service_info(): Line 316 - WARNING - RP_Ausgangslage_Mobilitaet_NationalstrasseStrecke_Abfrage: GetMap request is blocked for this layer
2026-01-11 03:15:16,708 - Scraping log - scraper.py > get_service_info(): Line 316 - WARNING - RP_Ausgangslage_Mobilitaet_NationalstrasseStrecke_Linie: GetMap request is blocked for this layer
2026-01-11 03:15:27,810 - Scraping log - scraper.py > get_service_info(): Line 316 - WARNING - RP_Ausgangslage_Mobilitaet_NationalstrasseVollanschluss_Punkt: GetMap request is blocked for this layer
2026-01-11 03:15:37,920 - Scraping log - scraper.py > get_service_info(): Line 316 - WARNING - RP_Ausgangslage_Mobilitaet_NationalstrasseHalbanschluss_Abfrage: GetMap request is blocked for this layer
2026-01-11 03:15:49,216 - Scraping log - scraper.py > get_service_info(): Line 316 - WARNING - RP_Ausgangslage_Mobilitaet_BahnhofOderSBahnHaltestelle_Abfrage: GetMap request is blocked for this layer
2026-01-11 03:15:59,231 - Scraping log - scraper.py > get_service_info(): Line 316 - WARNING - RP_Ausgangslage_Mobilitaet_BahnhofOderSBahnHaltestelle_Punkt: GetMap request is blocked for this layer
2026-01-11 03:16:12,719 - Scraping log - scraper.py > get_service_info(): Line 316 - WARNING - RP_Ausgangslage_Mobilitaet_Hafenbahnhof_Abfrage: GetMap request is blocked for this layer
2026-01-11 03:16:23,907 - Scraping log - scraper.py > get_service_info(): Line 316 - WARNING - RP_Ausgangslage_Mobilitaet_Hafenanlage_Abfrage: GetMap request is blocked for this layer
2026-01-11 03:16:34,020 - Scraping log - scraper.py > get_service_info(): Line 316 - WARNING - RP_Ausgangslage_Mobilitaet_Hafenanlage_Punkt: GetMap request is blocked for this layer
2026-01-11 03:16:46,670 - Scraping log - scraper.py > get_service_info(): Line 316 - WARNING - RP_Mobilitaet_HinweisRheintunnel_Abfrage: GetMap request is blocked for this layer
2026-01-11 03:16:59,015 - Scraping log - scraper.py > get_service_info(): Line 316 - WARNING - RP_Mobilitaet_SchieneNormalspurStrecke_Abfrage: GetMap request is blocked for this layer
2026-01-11 03:17:11,290 - Scraping log - scraper.py > get_service_info(): Line 316 - WARNING - RP_Mobilitaet_SchieneNormalspurKorridor_Linie: GetMap request is blocked for this layer
2026-01-11 03:17:21,314 - Scraping log - scraper.py > get_service_info(): Line 316 - WARNING - RP_Mobilitaet_SchieneNormalspurKapazitaetssteigerungUndEntflechtung_Abfrage: GetMap request is blocked for this layer
2026-01-11 03:17:38,832 - Scraping log - scraper.py > get_service_info(): Line 316 - WARNING - RP_Mobilitaet_BahnhofOderSBahnHaltestelle_Abfrage: GetMap request is blocked for this layer
2026-01-11 03:17:48,846 - Scraping log - scraper.py > get_service_info(): Line 316 - WARNING - RP_Mobilitaet_BahnhofOderSBahnHaltestelle_Punkt: GetMap request is blocked for this layer
2026-01-11 03:17:58,860 - Scraping log - scraper.py > get_service_info(): Line 316 - WARNING - RP_Mobilitaet_SchieneSchmalspurStrecke_Abfrage: GetMap request is blocked for this layer
2026-01-11 03:18:08,875 - Scraping log - scraper.py > get_service_info(): Line 316 - WARNING - RP_Mobilitaet_SchieneSchmalspurStrecke_Linie: GetMap request is blocked for this layer
2026-01-11 03:18:18,890 - Scraping log - scraper.py > get_service_info(): Line 316 - WARNING - RP_Mobilitaet_SchieneSchmalspurKorridor_Abfrage: GetMap request is blocked for this layer
2026-01-11 03:18:28,915 - Scraping log - scraper.py > get_service_info(): Line 316 - WARNING - RP_Mobilitaet_SchieneSchmalspurKorridor_Linie: GetMap request is blocked for this layer
2026-01-11 03:18:38,929 - Scraping log - scraper.py > get_service_info(): Line 316 - WARNING - RP_Mobilitaet_NationalstrasseStrecke_Abfrage: GetMap request is blocked for this layer
2026-01-11 03:18:48,944 - Scraping log - scraper.py > get_service_info(): Line 316 - WARNING - RP_Mobilitaet_NationalstrasseStrecke_Linie: GetMap request is blocked for this layer
2026-01-11 03:18:58,951 - Scraping log - scraper.py > get_service_info(): Line 316 - WARNING - RP_Mobilitaet_NationalstrasseKorridor_Abfrage: GetMap request is blocked for this layer
2026-01-11 03:19:08,959 - Scraping log - scraper.py > get_service_info(): Line 316 - WARNING - RP_Mobilitaet_NationalstrasseKorridor_Linie: GetMap request is blocked for this layer
2026-01-11 03:19:18,975 - Scraping log - scraper.py > get_service_info(): Line 316 - WARNING - RP_Mobilitaet_NationalstrasseHalbanschluss_Abfrage: GetMap request is blocked for this layer
2026-01-11 03:19:29,084 - Scraping log - scraper.py > get_service_info(): Line 316 - WARNING - RP_Mobilitaet_NationalstrasseHalbanschluss_Punkt: GetMap request is blocked for this layer
2026-01-11 03:19:39,108 - Scraping log - scraper.py > get_service_info(): Line 316 - WARNING - RP_Mobilitaet_KantonsstrasseKorridor_Abfrage: GetMap request is blocked for this layer
2026-01-11 03:19:49,122 - Scraping log - scraper.py > get_service_info(): Line 316 - WARNING - RP_Mobilitaet_KantonsstrasseKorridor_Linie: GetMap request is blocked for this layer
2026-01-11 03:20:06,694 - Scraping log - scraper.py > get_service_info(): Line 316 - WARNING - RP_Mobilitaet_KantonsstrasseVerkehrsentlastung_Linie: GetMap request is blocked for this layer
2026-01-11 03:20:16,709 - Scraping log - scraper.py > get_service_info(): Line 316 - WARNING - RP_Mobilitaet_KantonsstrasseVerbesserungsmassnahmen_Abfrage: GetMap request is blocked for this layer
2026-01-11 03:20:31,265 - Scraping log - scraper.py > get_service_info(): Line 316 - WARNING - RP_Mobilitaet_LangsamverkehrVeloFussgaenger_Abfrage: GetMap request is blocked for this layer
2026-01-11 03:20:41,276 - Scraping log - scraper.py > get_service_info(): Line 316 - WARNING - RP_Mobilitaet_LangsamverkehrVeloFussgaenger_Linie: GetMap request is blocked for this layer
2026-01-11 03:20:51,290 - Scraping log - scraper.py > get_service_info(): Line 316 - WARNING - RP_Mobilitaet_LangsamverkehrFussgaenger_Abfrage: GetMap request is blocked for this layer
2026-01-11 03:21:01,304 - Scraping log - scraper.py > get_service_info(): Line 316 - WARNING - RP_Mobilitaet_LangsamverkehrFussgaenger_Linie: GetMap request is blocked for this layer
2026-01-11 03:21:11,319 - Scraping log - scraper.py > get_service_info(): Line 316 - WARNING - RP_Mobilitaet_LangsamverkehrVeloparkierungsanlage_Abfrage: GetMap request is blocked for this layer
2026-01-11 03:21:21,428 - Scraping log - scraper.py > get_service_info(): Line 316 - WARNING - RP_Mobilitaet_LangsamverkehrVeloparkierungsanlage_Punkt: GetMap request is blocked for this layer
2026-01-11 03:21:31,986 - Scraping log - scraper.py > get_service_info(): Line 316 - WARNING - RP_Mobilitaet_StandorteGueterlogistik_Abfrage: GetMap request is blocked for this layer
2026-01-11 03:21:42,113 - Scraping log - scraper.py > get_service_info(): Line 316 - WARNING - RP_Mobilitaet_StandorteGueterlogistik_Punkt: GetMap request is blocked for this layer
2026-01-11 03:21:52,221 - Scraping log - scraper.py > get_service_info(): Line 316 - WARNING - RP_Mobilitaet_Hafenbahnhof_Abfrage: GetMap request is blocked for this layer
2026-01-11 03:22:02,235 - Scraping log - scraper.py > get_service_info(): Line 316 - WARNING - RP_Mobilitaet_Hafenbahnhof_Punkt: GetMap request is blocked for this layer
2026-01-11 03:22:12,250 - Scraping log - scraper.py > get_service_info(): Line 316 - WARNING - RP_Mobilitaet_CarTerminal_Abfrage: GetMap request is blocked for this layer
2026-01-11 03:22:22,368 - Scraping log - scraper.py > get_service_info(): Line 316 - WARNING - RP_Mobilitaet_CarTerminal_Punkt: GetMap request is blocked for this layer
2026-01-11 03:22:32,799 - Scraping log - scraper.py > get_service_info(): Line 316 - WARNING - RP_Mobilitaet_Hafenanlage_Point_Abfrage: GetMap request is blocked for this layer
2026-01-11 03:22:42,913 - Scraping log - scraper.py > get_service_info(): Line 316 - WARNING - RP_Mobilitaet_Hafenanlage_Point_Punkt: GetMap request is blocked for this layer
2026-01-11 03:22:52,928 - Scraping log - scraper.py > get_service_info(): Line 316 - WARNING - Ver- und Entsorgung: GetMap request is blocked for this layer
2026-01-11 03:23:03,262 - Scraping log - scraper.py > get_service_info(): Line 316 - WARNING - RP_Ausgangslage_VerUndEntsorgung_Grundwasserschutzzone_Abfrage: GetMap request is blocked for this layer
2026-01-11 03:23:15,962 - Scraping log - scraper.py > get_service_info(): Line 316 - WARNING - RP_Ausgangslage_VerUndEntsorgung_Uebertragungsleitung_Abfrage: GetMap request is blocked for this layer
2026-01-11 03:23:26,071 - Scraping log - scraper.py > get_service_info(): Line 316 - WARNING - RP_Ausgangslage_VerUndEntsorgung_Uebertragungsleitung_Linie: GetMap request is blocked for this layer
2026-01-11 03:23:36,212 - Scraping log - scraper.py > get_service_info(): Line 319 - ERROR - RP_Ausgangslage_VerUndEntsorgung_Wasserkraftwerk_Abfrage: HTTPSConnectionPool(host='wms.geo.bs.ch', port=443): Read timed out. (read timeout=10)
2026-01-11 03:23:46,226 - Scraping log - scraper.py > get_service_info(): Line 316 - WARNING - RP_Ausgangslage_VerUndEntsorgung_Wasserkraftwerk_Punkt: GetMap request is blocked for this layer
2026-01-11 03:23:58,569 - Scraping log - scraper.py > get_service_info(): Line 316 - WARNING - RP_Ausgangslage_VerUndEntsorgung_Abwasserreinigungsanlage_Abfrage: GetMap request is blocked for this layer
2026-01-11 03:24:11,113 - Scraping log - scraper.py > get_service_info(): Line 316 - WARNING - RP_Ausgangslage_VerUndEntsorgung_Abfallverbrennungsanlage_Punkt: GetMap request is blocked for this layer
2026-01-11 03:24:25,778 - Scraping log - scraper.py > get_service_info(): Line 316 - WARNING - RP_VerUndEntsorgung_Geothermieanlage_Punkt: GetMap request is blocked for this layer
2026-01-11 03:24:37,857 - Scraping log - scraper.py > get_service_info(): Line 316 - WARNING - RP_Ausgangslage_NaturUndLandschaft_Gewaesser_Abfrage: GetMap request is blocked for this layer
2026-01-11 03:24:50,211 - Scraping log - scraper.py > get_service_info(): Line 316 - WARNING - RP_Ausgangslage_NaturUndLandschaft_WaldAusserkantonal_Flaeche: GetMap request is blocked for this layer
2026-01-11 03:25:00,235 - Scraping log - scraper.py > get_service_info(): Line 316 - WARNING - RP_Ausgangslage_NaturUndLandschaft_WaldKantonal_Abfrage: GetMap request is blocked for this layer
2026-01-11 03:25:10,250 - Scraping log - scraper.py > get_service_info(): Line 316 - WARNING - RP_Ausgangslage_NaturUndLandschaft_WaldKantonal_Flaeche: GetMap request is blocked for this layer
2026-01-11 03:25:20,259 - Scraping log - scraper.py > get_service_info(): Line 316 - WARNING - RP_Ausgangslage_NaturUndLandschaft_Landwirtschaft_Abfrage: GetMap request is blocked for this layer
2026-01-11 03:25:30,274 - Scraping log - scraper.py > get_service_info(): Line 316 - WARNING - RP_Ausgangslage_NaturUndLandschaft_Landwirtschaft_Flaeche: GetMap request is blocked for this layer
2026-01-11 03:25:40,399 - Scraping log - scraper.py > get_service_info(): Line 316 - WARNING - RP_Ausgangslage_NaturUndLandschaft_Naturwert_Abfrage: GetMap request is blocked for this layer
2026-01-11 03:25:50,413 - Scraping log - scraper.py > get_service_info(): Line 316 - WARNING - RP_Ausgangslage_NaturUndLandschaft_Naturwert_Flaeche: GetMap request is blocked for this layer
2026-01-11 03:26:00,428 - Scraping log - scraper.py > get_service_info(): Line 316 - WARNING - RP_NaturUndLandschaft_Naturwert_Abfrage: GetMap request is blocked for this layer
2026-01-11 03:26:12,990 - Scraping log - scraper.py > get_service_info(): Line 316 - WARNING - RP_NaturUndLandschaft_Landschaftsraum_Flaeche: GetMap request is blocked for this layer
2026-01-11 03:26:23,014 - Scraping log - scraper.py > get_service_info(): Line 316 - WARNING - RP_NaturUndLandschaft_Biotopverbund_Abfrage: GetMap request is blocked for this layer
2026-01-11 03:26:33,029 - Scraping log - scraper.py > get_service_info(): Line 316 - WARNING - RP_NaturUndLandschaft_Biotopverbund_Linie: GetMap request is blocked for this layer
2026-01-11 03:26:43,152 - Scraping log - scraper.py > get_service_info(): Line 316 - WARNING - RP_NaturUndLandschaft_Wildtierkorridor_Abfrage: GetMap request is blocked for this layer
2026-01-11 03:26:53,167 - Scraping log - scraper.py > get_service_info(): Line 316 - WARNING - RP_NaturUndLandschaft_Wildtierkorridor_Punkt: GetMap request is blocked for this layer
2026-01-11 03:27:03,175 - Scraping log - scraper.py > get_service_info(): Line 316 - WARNING - RP_NaturUndLandschaft_VernetzungsachseEntlangFliessgewaesser_Abfrage: GetMap request is blocked for this layer
2026-01-11 03:27:13,285 - Scraping log - scraper.py > get_service_info(): Line 316 - WARNING - RP_NaturUndLandschaft_VernetzungsachseEntlangFliessgewaesser_Punkt: GetMap request is blocked for this layer
2026-01-11 03:27:23,396 - Scraping log - scraper.py > get_service_info(): Line 316 - WARNING - RP_NaturUndLandschaft_Fruchtfolgeflaeche_Abfrage: GetMap request is blocked for this layer
2026-01-11 03:27:33,511 - Scraping log - scraper.py > get_service_info(): Line 316 - WARNING - RP_NaturUndLandschaft_Fruchtfolgeflaeche_Flaeche: GetMap request is blocked for this layer
2026-01-11 03:27:43,526 - Scraping log - scraper.py > get_service_info(): Line 316 - WARNING - RW_RechtlicherWald: GetMap request is blocked for this layer
2026-01-11 03:27:53,665 - Scraping log - scraper.py > get_service_info(): Line 319 - ERROR - SB_Satellitenbild_2016_swisstopo_30cm: HTTPSConnectionPool(host='wms.geo.bs.ch', port=443): Read timed out. (read timeout=10)
2026-01-11 03:28:03,681 - Scraping log - scraper.py > get_service_info(): Line 316 - WARNING - SB_Satellitenbild_2016_swisstopo_50cm: GetMap request is blocked for this layer
2026-01-11 03:28:15,669 - Scraping log - scraper.py > get_service_info(): Line 316 - WARNING - SB_Satellitenbild_2019_swisstopo_50cm: GetMap request is blocked for this layer
2026-01-11 03:28:28,780 - Scraping log - scraper.py > get_service_info(): Line 316 - WARNING - SB_Satellitenbild_2025_swisstopo_30cm: GetMap request is blocked for this layer
2026-01-11 03:28:41,402 - Scraping log - scraper.py > get_service_info(): Line 316 - WARNING - SC_Turnhalle: GetMap request is blocked for this layer
2026-01-11 03:28:51,911 - Scraping log - scraper.py > get_service_info(): Line 316 - WARNING - SC_Sportplatz: GetMap request is blocked for this layer
2026-01-11 03:29:07,453 - Scraping log - scraper.py > get_service_info(): Line 316 - WARNING - SC_Primarschule: GetMap request is blocked for this layer
2026-01-11 03:29:17,474 - Scraping log - scraper.py > get_service_info(): Line 316 - WARNING - SC_Sekundarschule: GetMap request is blocked for this layer
2026-01-11 03:29:27,590 - Scraping log - scraper.py > get_service_info(): Line 316 - WARNING - SC_Gymnasium: GetMap request is blocked for this layer
2026-01-11 03:29:37,699 - Scraping log - scraper.py > get_service_info(): Line 316 - WARNING - SC_ZentrumBrueckenangebote: GetMap request is blocked for this layer
2026-01-11 03:29:48,994 - Scraping log - scraper.py > get_service_info(): Line 316 - WARNING - SC_Spezialangebot: GetMap request is blocked for this layer
2026-01-11 03:30:00,311 - Scraping log - scraper.py > get_service_info(): Line 316 - WARNING - SE_1860bis1875: GetMap request is blocked for this layer
2026-01-11 03:30:12,161 - Scraping log - scraper.py > get_service_info(): Line 316 - WARNING - SE_1925bis1950: GetMap request is blocked for this layer
2026-01-11 03:30:22,178 - Scraping log - scraper.py > get_service_info(): Line 316 - WARNING - SE_1950bis1975: GetMap request is blocked for this layer
2026-01-11 03:30:32,287 - Scraping log - scraper.py > get_service_info(): Line 316 - WARNING - SE_1975bis2003: GetMap request is blocked for this layer
2026-01-11 03:30:42,394 - Scraping log - scraper.py > get_service_info(): Line 316 - WARNING - SG_AnlageGeschlossen: GetMap request is blocked for this layer
2026-01-11 03:30:52,514 - Scraping log - scraper.py > get_service_info(): Line 316 - WARNING - SG_Dusche: GetMap request is blocked for this layer
2026-01-11 03:31:02,529 - Scraping log - scraper.py > get_service_info(): Line 316 - WARNING - SG_Pissoir: GetMap request is blocked for this layer
2026-01-11 03:31:12,543 - Scraping log - scraper.py > get_service_info(): Line 316 - WARNING - SG_WCAnlage: GetMap request is blocked for this layer
2026-01-11 03:31:22,558 - Scraping log - scraper.py > get_service_info(): Line 316 - WARNING - SG_WCAnlagerollstuhlgaengig: GetMap request is blocked for this layer
2026-01-11 03:31:32,582 - Scraping log - scraper.py > get_service_info(): Line 316 - WARNING - SL_Verkehrsberuhigung: GetMap request is blocked for this layer
2026-01-11 03:31:42,596 - Scraping log - scraper.py > get_service_info(): Line 316 - WARNING - SL_LaermarmerBelag: GetMap request is blocked for this layer
2026-01-11 03:31:52,610 - Scraping log - scraper.py > get_service_info(): Line 316 - WARNING - SL_KombinierteMassnahme: GetMap request is blocked for this layer
2026-01-11 03:32:02,625 - Scraping log - scraper.py > get_service_info(): Line 316 - WARNING - SN_Strassennamen: GetMap request is blocked for this layer
2026-01-11 03:32:13,786 - Scraping log - scraper.py > get_service_info(): Line 319 - ERROR - SO_BezeichnungStandort_Kindergarten: HTTPSConnectionPool(host='wms.geo.bs.ch', port=443): Read timed out. (read timeout=10)
2026-01-11 03:32:23,905 - Scraping log - scraper.py > get_service_info(): Line 316 - WARNING - SO_BezeichnungStandort_Primarschule: GetMap request is blocked for this layer
2026-01-11 03:32:34,029 - Scraping log - scraper.py > get_service_info(): Line 316 - WARNING - SO_Tagesstruktur: GetMap request is blocked for this layer
2026-01-11 03:32:44,136 - Scraping log - scraper.py > get_service_info(): Line 316 - WARNING - SO_Kindergarten: GetMap request is blocked for this layer
2026-01-11 03:32:54,239 - Scraping log - scraper.py > get_service_info(): Line 316 - WARNING - SO_Primarschule: GetMap request is blocked for this layer
2026-01-11 03:33:11,296 - Scraping log - scraper.py > get_service_info(): Line 316 - WARNING - 2002 - 2010: GetMap request is blocked for this layer
2026-01-11 03:33:22,144 - Scraping log - scraper.py > get_service_info(): Line 316 - WARNING - 2011 - 2020: GetMap request is blocked for this layer
2026-01-11 03:33:33,506 - Scraping log - scraper.py > get_service_info(): Line 316 - WARNING - 2021 - 2024: GetMap request is blocked for this layer
2026-01-11 03:33:44,354 - Scraping log - scraper.py > get_service_info(): Line 316 - WARNING - SP_Stadtplan_2025_farbig: GetMap request is blocked for this layer
2026-01-11 03:33:54,472 - Scraping log - scraper.py > get_service_info(): Line 316 - WARNING - SP_Stadtplan_2025_grau: GetMap request is blocked for this layer
2026-01-11 03:34:04,487 - Scraping log - scraper.py > get_service_info(): Line 316 - WARNING - SP_Stadtplan_2025_sw: GetMap request is blocked for this layer
2026-01-11 03:34:14,610 - Scraping log - scraper.py > get_service_info(): Line 316 - WARNING - SQ_Stromversorgungsgebiete_Netzebene3: GetMap request is blocked for this layer
2026-01-11 03:34:24,625 - Scraping log - scraper.py > get_service_info(): Line 316 - WARNING - SQ_Stromversorgungsgebiete_Netzebene5: GetMap request is blocked for this layer
2026-01-11 03:34:34,732 - Scraping log - scraper.py > get_service_info(): Line 316 - WARNING - SQ_Stromversorgungsgebiete_Netzebene7: GetMap request is blocked for this layer
2026-01-11 03:34:44,746 - Scraping log - scraper.py > get_service_info(): Line 316 - WARNING - ST_StockwerkeigentumVerkaufspreise_QuadratmeterpreisAltbau: GetMap request is blocked for this layer
2026-01-11 03:34:54,752 - Scraping log - scraper.py > get_service_info(): Line 316 - WARNING - ST_StockwerkeigentumVerkaufspreise_QuadratmeterpreisNeubau: GetMap request is blocked for this layer
2026-01-11 03:35:04,859 - Scraping log - scraper.py > get_service_info(): Line 316 - WARNING - SW_Jugendlichenanteil: GetMap request is blocked for this layer
2026-01-11 03:35:17,715 - Scraping log - scraper.py > get_service_info(): Line 316 - WARNING - SW_Sesshaftigkeit: GetMap request is blocked for this layer
2026-01-11 03:35:27,827 - Scraping log - scraper.py > get_service_info(): Line 316 - WARNING - SW_Arbeitsstaetten: GetMap request is blocked for this layer
2026-01-11 03:35:37,944 - Scraping log - scraper.py > get_service_info(): Line 316 - WARNING - SW_Beschaeftigte: GetMap request is blocked for this layer
2026-01-11 03:35:48,146 - Scraping log - scraper.py > get_service_info(): Line 316 - WARNING - SW_Vollzeitaequivalente: GetMap request is blocked for this layer
2026-01-11 03:36:04,694 - Scraping log - scraper.py > get_service_info(): Line 319 - ERROR - SW_Sozialhilfe: HTTPSConnectionPool(host='wms.geo.bs.ch', port=443): Read timed out. (read timeout=10)
2026-01-11 03:36:14,721 - Scraping log - scraper.py > get_service_info(): Line 316 - WARNING - SW_MedianDesReineinkommens: GetMap request is blocked for this layer
2026-01-11 03:36:27,503 - Scraping log - scraper.py > get_service_info(): Line 316 - WARNING - Solarpotenzial Solarthermie: GetMap request is blocked for this layer
2026-01-11 03:36:40,038 - Scraping log - scraper.py > get_service_info(): Line 316 - WARNING - TF_InformativerPlaninhalt_Geplant_mitAnschluss: GetMap request is blocked for this layer
2026-01-11 03:36:53,105 - Scraping log - scraper.py > get_service_info(): Line 316 - WARNING - TF_Wanderwegnetz_KantonBS_Zwischenergebnis_mitAnschluss: GetMap request is blocked for this layer
2026-01-11 03:37:03,124 - Scraping log - scraper.py > get_service_info(): Line 316 - WARNING - TF_Wanderwegnetz_KantonBS_Festsetzung_ohneAnschluss: GetMap request is blocked for this layer
2026-01-11 03:37:13,136 - Scraping log - scraper.py > get_service_info(): Line 316 - WARNING - TF_Wanderwegnetz_KantonBS_Festsetzung_mitAnschluss: GetMap request is blocked for this layer
2026-01-11 03:37:23,144 - Scraping log - scraper.py > get_service_info(): Line 316 - WARNING - TF_Wanderwegnetz_KantonBS_Bestand_ohneAnschluss: GetMap request is blocked for this layer
2026-01-11 03:37:33,160 - Scraping log - scraper.py > get_service_info(): Line 316 - WARNING - TF_Wanderwegnetz_KantonBS_Bestand_mitAnschluss: GetMap request is blocked for this layer
2026-01-11 03:37:43,175 - Scraping log - scraper.py > get_service_info(): Line 316 - WARNING - Fusswegnetz Stadt Basel: GetMap request is blocked for this layer
2026-01-11 03:37:53,387 - Scraping log - scraper.py > get_service_info(): Line 316 - WARNING - TF_Fusswegnetz_Basel_Vororientierung_ohneAnschluss: GetMap request is blocked for this layer
2026-01-11 03:38:03,402 - Scraping log - scraper.py > get_service_info(): Line 316 - WARNING - TF_Fusswegnetz_Basel_Vororientierung_mitAnschluss: GetMap request is blocked for this layer
2026-01-11 03:38:14,815 - Scraping log - scraper.py > get_service_info(): Line 316 - WARNING - TF_Fusswegnetz_Basel_Zwischenergebnis_mitAnschluss: GetMap request is blocked for this layer
2026-01-11 03:38:24,830 - Scraping log - scraper.py > get_service_info(): Line 316 - WARNING - TF_Fusswegnetz_Basel_Festsetzung_ohneAnschluss: GetMap request is blocked for this layer
2026-01-11 03:38:34,840 - Scraping log - scraper.py > get_service_info(): Line 316 - WARNING - TF_Fusswegnetz_Basel_Festsetzung_mitAnschluss: GetMap request is blocked for this layer
2026-01-11 03:38:44,856 - Scraping log - scraper.py > get_service_info(): Line 316 - WARNING - TF_Fusswegnetz_Basel_Bestand_ohneAnschluss: GetMap request is blocked for this layer
2026-01-11 03:38:54,960 - Scraping log - scraper.py > get_service_info(): Line 316 - WARNING - TF_Fusswegnetz_Basel_Bestand_mitAnschluss: GetMap request is blocked for this layer
2026-01-11 03:39:05,073 - Scraping log - scraper.py > get_service_info(): Line 316 - WARNING - Fusswegnetz Kanton Basel-Stadt: GetMap request is blocked for this layer
2026-01-11 03:39:15,287 - Scraping log - scraper.py > get_service_info(): Line 316 - WARNING - TF_Fusswegnetz_KantonBS_Vororientierung_ohneAnschluss: GetMap request is blocked for this layer
2026-01-11 03:39:25,296 - Scraping log - scraper.py > get_service_info(): Line 316 - WARNING - TF_Fusswegnetz_KantonBS_Vororientierung_mitAnschluss: GetMap request is blocked for this layer
2026-01-11 03:39:35,426 - Scraping log - scraper.py > get_service_info(): Line 316 - WARNING - TF_Fusswegnetz_KantonBS_Zwischenergebnis_ohneAnschluss: GetMap request is blocked for this layer
2026-01-11 03:39:45,440 - Scraping log - scraper.py > get_service_info(): Line 316 - WARNING - TF_Fusswegnetz_KantonBS_Zwischenergebnis_mitAnschluss: GetMap request is blocked for this layer
2026-01-11 03:39:55,684 - Scraping log - scraper.py > get_service_info(): Line 319 - ERROR - TF_Fusswegnetz_KantonBS_Festsetzung_ohneAnschluss: HTTPSConnectionPool(host='wms.geo.bs.ch', port=443): Read timed out. (read timeout=10)
2026-01-11 03:40:05,797 - Scraping log - scraper.py > get_service_info(): Line 316 - WARNING - TF_Fusswegnetz_KantonBS_Festsetzung_mitAnschluss: GetMap request is blocked for this layer
2026-01-11 03:40:18,279 - Scraping log - scraper.py > get_service_info(): Line 316 - WARNING - TI_Tigermuecke_Bekaempfung: GetMap request is blocked for this layer
2026-01-11 03:40:29,405 - Scraping log - scraper.py > get_service_info(): Line 316 - WARNING - genehmigt: GetMap request is blocked for this layer
2026-01-11 03:40:39,743 - Scraping log - scraper.py > get_service_info(): Line 316 - WARNING - in Erarbeitung: GetMap request is blocked for this layer
2026-01-11 03:40:51,822 - Scraping log - scraper.py > get_service_info(): Line 316 - WARNING - TR_Teilrichtplaene_KommunaleRichtplaene_Riehen_abfrage: GetMap request is blocked for this layer
2026-01-11 03:41:03,089 - Scraping log - scraper.py > get_service_info(): Line 316 - WARNING - TR_Teilrichtplaene_KommunaleRichtplaene_Bettingen_abfrage: GetMap request is blocked for this layer
2026-01-11 03:41:15,784 - Scraping log - scraper.py > get_service_info(): Line 316 - WARNING - VB_Veloabstellplaetze_BikeRide: GetMap request is blocked for this layer
2026-01-11 03:41:26,096 - Scraping log - scraper.py > get_service_info(): Line 316 - WARNING - VB_Veloabstellplaetze_Cargovelos: GetMap request is blocked for this layer
2026-01-11 03:41:36,120 - Scraping log - scraper.py > get_service_info(): Line 316 - WARNING - VB_Veloabstellplaetze_gedeckt: GetMap request is blocked for this layer
2026-01-11 03:41:46,135 - Scraping log - scraper.py > get_service_info(): Line 316 - WARNING - VB_Veloabstellplaetze_ungedeckt: GetMap request is blocked for this layer
2026-01-11 03:41:56,149 - Scraping log - scraper.py > get_service_info(): Line 316 - WARNING - VO_Velostadtplan_Gefahr: GetMap request is blocked for this layer
2026-01-11 03:42:06,257 - Scraping log - scraper.py > get_service_info(): Line 316 - WARNING - VO_Velostadtplan_Einbahn: GetMap request is blocked for this layer
2026-01-11 03:42:19,429 - Scraping log - scraper.py > get_service_info(): Line 316 - WARNING - VO_Velostadtplan_Velostrasse: GetMap request is blocked for this layer
2026-01-11 03:42:31,413 - Scraping log - scraper.py > get_service_info(): Line 316 - WARNING - VO_Velostadtplan_Eignung_sonstigeFuerVelosGeeigneteStrassen: GetMap request is blocked for this layer
2026-01-11 03:42:42,834 - Scraping log - scraper.py > get_service_info(): Line 316 - WARNING - VO_Velostadtplan_Fussgaengerzone: GetMap request is blocked for this layer
2026-01-11 03:42:52,935 - Scraping log - scraper.py > get_service_info(): Line 316 - WARNING - VP_Handpumpe: GetMap request is blocked for this layer
2026-01-11 03:43:03,044 - Scraping log - scraper.py > get_service_info(): Line 316 - WARNING - VP_Kompressor: GetMap request is blocked for this layer
2026-01-11 03:43:13,059 - Scraping log - scraper.py > get_service_info(): Line 316 - WARNING - VP_Unbekannt: GetMap request is blocked for this layer
2026-01-11 03:43:23,173 - Scraping log - scraper.py > get_service_info(): Line 316 - WARNING - VR_Begegnungszone: GetMap request is blocked for this layer
2026-01-11 03:43:33,187 - Scraping log - scraper.py > get_service_info(): Line 316 - WARNING - VR_Fussgaengerzone: GetMap request is blocked for this layer
2026-01-11 03:43:43,202 - Scraping log - scraper.py > get_service_info(): Line 316 - WARNING - VR_KernzoneVerkehrskonzeptInnenstadt: GetMap request is blocked for this layer
2026-01-11 03:43:53,217 - Scraping log - scraper.py > get_service_info(): Line 316 - WARNING - VR_Tempo30Zone: GetMap request is blocked for this layer
2026-01-11 03:44:06,550 - Scraping log - scraper.py > get_service_info(): Line 319 - ERROR - VS_Vektorstadtplan_farbig: HTTPSConnectionPool(host='wms.geo.bs.ch', port=443): Read timed out. (read timeout=10)
2026-01-11 03:44:16,662 - Scraping log - scraper.py > get_service_info(): Line 316 - WARNING - VS_Vektorstadtplan_farbig_ohneSchrift: GetMap request is blocked for this layer
2026-01-11 03:44:29,399 - Scraping log - scraper.py > get_service_info(): Line 316 - WARNING - VS_Vektorstadtplan_grau_ohneSchrift: GetMap request is blocked for this layer
2026-01-11 03:44:39,415 - Scraping log - scraper.py > get_service_info(): Line 316 - WARNING - VS_Vektorstadtplan_sw: GetMap request is blocked for this layer
2026-01-11 03:44:49,436 - Scraping log - scraper.py > get_service_info(): Line 316 - WARNING - VS_Vektorstadtplan_sw_ohneSchrift: GetMap request is blocked for this layer
2026-01-11 03:44:59,451 - Scraping log - scraper.py > get_service_info(): Line 316 - WARNING - VU_SchleuderunfallSelbstunfall: GetMap request is blocked for this layer
2026-01-11 03:45:09,475 - Scraping log - scraper.py > get_service_info(): Line 316 - WARNING - VU_UeberholunfallFahrstreifenwechsel: GetMap request is blocked for this layer
2026-01-11 03:45:19,607 - Scraping log - scraper.py > get_service_info(): Line 316 - WARNING - VU_Auffahrunfall: GetMap request is blocked for this layer
2026-01-11 03:45:30,119 - Scraping log - scraper.py > get_service_info(): Line 316 - WARNING - VU_Abbiegeunfall: GetMap request is blocked for this layer
2026-01-11 03:45:40,755 - Scraping log - scraper.py > get_service_info(): Line 316 - WARNING - VU_Einbiegeunfall: GetMap request is blocked for this layer
2026-01-11 03:45:50,985 - Scraping log - scraper.py > get_service_info(): Line 319 - ERROR - VU_UeberquerenDerFahrbahn: HTTPSConnectionPool(host='wms.geo.bs.ch', port=443): Read timed out. (read timeout=10)
2026-01-11 03:46:01,498 - Scraping log - scraper.py > get_service_info(): Line 316 - WARNING - VU_Frontalkollision: GetMap request is blocked for this layer
2026-01-11 03:46:13,959 - Scraping log - scraper.py > get_service_info(): Line 316 - WARNING - VU_Fussgaengerunfall: GetMap request is blocked for this layer
2026-01-11 03:46:26,093 - Scraping log - scraper.py > get_service_info(): Line 316 - WARNING - MIV-Zählstellen: GetMap request is blocked for this layer
2026-01-11 03:46:39,263 - Scraping log - scraper.py > get_service_info(): Line 316 - WARNING - WA_Wohnanteilplan_kA: GetMap request is blocked for this layer
2026-01-11 03:46:49,374 - Scraping log - scraper.py > get_service_info(): Line 316 - WARNING - WA_Wohnanteilplan_AG1: GetMap request is blocked for this layer
2026-01-11 03:46:59,389 - Scraping log - scraper.py > get_service_info(): Line 316 - WARNING - WA_Wohnanteilplan_AG2: GetMap request is blocked for this layer
2026-01-11 03:47:09,415 - Scraping log - scraper.py > get_service_info(): Line 316 - WARNING - WA_Wohnanteilplan_AG3: GetMap request is blocked for this layer
2026-01-11 03:47:24,862 - Scraping log - scraper.py > get_service_info(): Line 316 - WARNING - WA_Wohnanteilplan_allesAG: GetMap request is blocked for this layer
2026-01-11 03:47:36,125 - Scraping log - scraper.py > get_service_info(): Line 316 - WARNING - WA_Wohnanteilplan_Innenstadt: GetMap request is blocked for this layer
2026-01-11 03:47:47,433 - Scraping log - scraper.py > get_service_info(): Line 316 - WARNING - WA_Wohnanteilplan_Bebauungsplan: GetMap request is blocked for this layer
2026-01-11 03:47:57,448 - Scraping log - scraper.py > get_service_info(): Line 316 - WARNING - WA_Wohnanteilplan_Rekurs: GetMap request is blocked for this layer
2026-01-11 03:48:07,456 - Scraping log - scraper.py > get_service_info(): Line 316 - WARNING - WE_Wohnviertel: GetMap request is blocked for this layer
2026-01-11 03:48:17,471 - Scraping log - scraper.py > get_service_info(): Line 316 - WARNING - WE_Bezirk: GetMap request is blocked for this layer
2026-01-11 03:48:27,586 - Scraping log - scraper.py > get_service_info(): Line 316 - WARNING - WE_Block: GetMap request is blocked for this layer
2026-01-11 03:48:37,606 - Scraping log - scraper.py > get_service_info(): Line 316 - WARNING - WE_Blockseite: GetMap request is blocked for this layer
2026-01-11 03:48:47,719 - Scraping log - scraper.py > get_service_info(): Line 316 - WARNING - WG_Waldgrenze: GetMap request is blocked for this layer
2026-01-11 03:48:57,824 - Scraping log - scraper.py > get_service_info(): Line 316 - WARNING - Informativer Planinhalt: GetMap request is blocked for this layer
2026-01-11 03:49:07,978 - Scraping log - scraper.py > get_service_info(): Line 316 - WARNING - TV_InformativerPlaninhalt_BestandVerbindung_ohneAnschluss: GetMap request is blocked for this layer
2026-01-11 03:49:18,002 - Scraping log - scraper.py > get_service_info(): Line 316 - WARNING - TV_InformativerPlaninhalt_BestandVerbindung_mitAnschluss: GetMap request is blocked for this layer
2026-01-11 03:49:30,264 - Scraping log - scraper.py > get_service_info(): Line 319 - ERROR - Pendlerrouten: HTTPSConnectionPool(host='wms.geo.bs.ch', port=443): Read timed out. (read timeout=10)
2026-01-11 03:49:40,468 - Scraping log - scraper.py > get_service_info(): Line 316 - WARNING - Basisrouten: GetMap request is blocked for this layer
2026-01-11 03:49:54,204 - Scraping log - scraper.py > get_service_info(): Line 316 - WARNING - PN_Polizeiposten: GetMap request is blocked for this layer
2026-01-11 03:50:06,779 - Scraping log - scraper.py > get_service_info(): Line 316 - WARNING - WW_Wanderwegnetz: GetMap request is blocked for this layer
2026-01-11 03:50:19,462 - Scraping log - scraper.py > get_service_info(): Line 319 - ERROR - FS_FokusgebieteStadtklimakonzept: HTTPSConnectionPool(host='wms.geo.bs.ch', port=443): Read timed out. (read timeout=10)
2026-01-11 03:50:30,810 - Scraping log - scraper.py > get_service_info(): Line 316 - WARNING - PB_Parkplatzauslastung: GetMap request is blocked for this layer
2026-01-11 03:50:43,160 - Scraping log - scraper.py > get_service_info(): Line 316 - WARNING - US_BereitsGetroffeneMassnahmen: GetMap request is blocked for this layer
2026-01-11 03:50:53,176 - Scraping log - scraper.py > get_service_info(): Line 316 - WARNING - US_Saniert: GetMap request is blocked for this layer
2026-01-11 03:51:03,183 - Scraping log - scraper.py > get_service_info(): Line 316 - WARNING - GX_Messstellen: GetMap request is blocked for this layer
2026-01-11 03:51:13,198 - Scraping log - scraper.py > get_service_info(): Line 316 - WARNING - GX_Temperatur: GetMap request is blocked for this layer
2026-01-11 03:51:23,213 - Scraping log - scraper.py > get_service_info(): Line 316 - WARNING - GX_Wasserstand: GetMap request is blocked for this layer
2026-01-11 03:51:33,723 - Scraping log - scraper.py > get_service_info(): Line 316 - WARNING - Allmendverwaltung: GetMap request is blocked for this layer
2026-01-11 03:51:43,994 - Scraping log - scraper.py > get_service_info(): Line 316 - WARNING - Infrastruktur: GetMap request is blocked for this layer
2026-01-11 03:51:54,113 - Scraping log - scraper.py > get_service_info(): Line 316 - WARNING - AH_AbfuhrzoneGemeindenRiehenBettingen: GetMap request is blocked for this layer
2026-01-11 03:52:05,397 - Scraping log - scraper.py > get_service_info(): Line 316 - WARNING - SY_SmileyGeschwindigkeitsanzeigen_ausserBetrieb: GetMap request is blocked for this layer
2026-01-11 03:52:16,492 - Scraping log - scraper.py > get_service_info(): Line 316 - WARNING - ZS_Block: GetMap request is blocked for this layer
2026-01-11 03:52:27,892 - Scraping log - scraper.py > get_service_info(): Line 316 - WARNING - ZS_Sektor: GetMap request is blocked for this layer
2026-01-11 03:52:38,384 - Scraping log - scraper.py > get_service_info(): Line 316 - WARNING - NE_Naturersatzflaechen_Naturersatzflaeche: GetMap request is blocked for this layer
2026-01-11 03:52:48,493 - Scraping log - scraper.py > get_service_info(): Line 316 - WARNING - NE_Naturersatzflaechen_NaturersatzflaecheImAuftrag: GetMap request is blocked for this layer
2026-01-11 03:52:58,507 - Scraping log - scraper.py > get_service_info(): Line 316 - WARNING - WR_Waldreservate_Eichenfoerderung: GetMap request is blocked for this layer
2026-01-11 03:53:08,621 - Scraping log - scraper.py > get_service_info(): Line 316 - WARNING - WR_Waldreservate_Mittelwald: GetMap request is blocked for this layer
2026-01-11 03:53:18,727 - Scraping log - scraper.py > get_service_info(): Line 316 - WARNING - WR_Waldreservate_NaturnaheBewirtschaftung: GetMap request is blocked for this layer
2026-01-11 03:53:28,862 - Scraping log - scraper.py > get_service_info(): Line 316 - WARNING - WR_Waldreservate_Nutzungsverzicht: GetMap request is blocked for this layer
2026-01-11 03:53:40,216 - Scraping log - scraper.py > get_service_info(): Line 319 - ERROR - FW_IWBFernwaermeVersorgungsgebiet: HTTPSConnectionPool(host='wms.geo.bs.ch', port=443): Read timed out. (read timeout=10)
2026-01-11 03:53:50,230 - Scraping log - scraper.py > get_service_info(): Line 316 - WARNING - WK_Anlage: GetMap request is blocked for this layer
2026-01-11 03:54:00,350 - Scraping log - scraper.py > get_service_info(): Line 316 - WARNING - WK_Anlageteil: GetMap request is blocked for this layer
2026-01-11 03:54:10,558 - Scraping log - scraper.py > get_service_info(): Line 316 - WARNING - Baulinien Basel-Stadt: GetMap request is blocked for this layer
2026-01-11 03:54:20,771 - Scraping log - scraper.py > get_service_info(): Line 316 - WARNING - Strassenlinien Basel-Stadt: GetMap request is blocked for this layer
2026-01-11 03:54:31,175 - Scraping log - scraper.py > get_service_info(): Line 316 - WARNING - BN_BSWL_Basel_Label: GetMap request is blocked for this layer
2026-01-11 03:54:41,286 - Scraping log - scraper.py > get_service_info(): Line 316 - WARNING - Baulinien Riehen: GetMap request is blocked for this layer
2026-01-11 03:54:51,501 - Scraping log - scraper.py > get_service_info(): Line 316 - WARNING - Strassenlinien Riehen: GetMap request is blocked for this layer
2026-01-11 03:55:01,804 - Scraping log - scraper.py > get_service_info(): Line 316 - WARNING - BM_BSWL_Riehen_Label: GetMap request is blocked for this layer
2026-01-11 03:55:19,459 - Scraping log - scraper.py > get_service_info(): Line 316 - WARNING - Strassenlinien Bettingen: GetMap request is blocked for this layer
2026-01-11 03:55:29,861 - Scraping log - scraper.py > get_service_info(): Line 316 - WARNING - BO_BSWL_Bettingen_Label: GetMap request is blocked for this layer
2026-01-11 03:55:39,981 - Scraping log - scraper.py > get_service_info(): Line 316 - WARNING - SJ_Sharingzone: GetMap request is blocked for this layer
2026-01-11 03:55:50,138 - Scraping log - scraper.py > get_service_info(): Line 316 - WARNING - VM_Sperrzone: GetMap request is blocked for this layer
2026-01-11 03:56:00,152 - Scraping log - scraper.py > get_service_info(): Line 316 - WARNING - VM_Parkverbotszone: GetMap request is blocked for this layer
2026-01-11 03:56:10,167 - Scraping log - scraper.py > get_service_info(): Line 316 - WARNING - GY_Entnahme: GetMap request is blocked for this layer
2026-01-11 03:56:20,281 - Scraping log - scraper.py > get_service_info(): Line 316 - WARNING - GY_Rueckgabe: GetMap request is blocked for this layer
2026-01-11 03:56:30,295 - Scraping log - scraper.py > get_service_info(): Line 316 - WARNING - VT_Gebietsverantwortliche: GetMap request is blocked for this layer
2026-01-11 03:56:44,591 - Scraping log - scraper.py > get_service_info(): Line 316 - WARNING - XS_Mobility: GetMap request is blocked for this layer
2026-01-11 03:56:54,812 - Scraping log - scraper.py > get_service_info(): Line 316 - WARNING - XS_2emCars: GetMap request is blocked for this layer
2026-01-11 03:57:04,919 - Scraping log - scraper.py > get_service_info(): Line 316 - WARNING - EN_GebietseinteilungEnergiefachstellen: GetMap request is blocked for this layer
2026-01-11 03:57:14,938 - Scraping log - scraper.py > get_service_info(): Line 316 - WARNING - XG_Gartenbad: GetMap request is blocked for this layer
2026-01-11 03:57:25,049 - Scraping log - scraper.py > get_service_info(): Line 316 - WARNING - Partizipation: GetMap request is blocked for this layer
2026-01-11 03:57:35,163 - Scraping log - scraper.py > get_service_info(): Line 316 - WARNING - Information: GetMap request is blocked for this layer
2026-01-11 03:57:45,273 - Scraping log - scraper.py > get_service_info(): Line 316 - WARNING - LG_Lichtsignalanlage: GetMap request is blocked for this layer
2026-01-11 03:57:55,509 - Scraping log - scraper.py > get_service_info(): Line 316 - WARNING - Auswertung: GetMap request is blocked for this layer
2026-01-11 03:58:12,054 - Scraping log - scraper.py > get_service_info(): Line 319 - ERROR - Auswertungskriterien: HTTPSConnectionPool(host='wms.geo.bs.ch', port=443): Read timed out. (read timeout=10)
2026-01-11 03:58:22,370 - Scraping log - scraper.py > get_service_info(): Line 316 - WARNING - HD_UntersuchteDachflaeche: GetMap request is blocked for this layer
2026-01-11 03:58:35,785 - Scraping log - scraper.py > get_service_info(): Line 316 - WARNING - VG_Mauersegler_verlassen: GetMap request is blocked for this layer
2026-01-11 03:58:47,779 - Scraping log - scraper.py > get_service_info(): Line 316 - WARNING - VG_Mauersegler_vermutet: GetMap request is blocked for this layer
2026-01-11 03:58:59,873 - Scraping log - scraper.py > get_service_info(): Line 316 - WARNING - VG_Alpensegler_verlassen: GetMap request is blocked for this layer
2026-01-11 03:59:11,740 - Scraping log - scraper.py > get_service_info(): Line 316 - WARNING - VG_Alpensegler_vermutet: GetMap request is blocked for this layer
2026-01-11 03:59:21,853 - Scraping log - scraper.py > get_service_info(): Line 316 - WARNING - VG_Rauchschwalbe_belegt: GetMap request is blocked for this layer
2026-01-11 03:59:31,967 - Scraping log - scraper.py > get_service_info(): Line 316 - WARNING - VG_Rauchschwalbe_verlassen: GetMap request is blocked for this layer
2026-01-11 03:59:44,038 - Scraping log - scraper.py > get_service_info(): Line 316 - WARNING - VG_Mehlschwalbe_belegt: GetMap request is blocked for this layer
2026-01-11 03:59:54,052 - Scraping log - scraper.py > get_service_info(): Line 316 - WARNING - VG_Mehlschwalbe_verlassen: GetMap request is blocked for this layer
2026-01-11 04:00:04,076 - Scraping log - scraper.py > get_service_info(): Line 316 - WARNING - VG_Mehlschwalbe_kuenstlich: GetMap request is blocked for this layer
2026-01-11 04:00:14,194 - Scraping log - scraper.py > get_service_info(): Line 316 - WARNING - NO_Notfalltreffpunkt: GetMap request is blocked for this layer
2026-01-11 04:00:24,351 - Scraping log - scraper.py > get_service_info(): Line 316 - WARNING - GT_Gewaesserraum: GetMap request is blocked for this layer
2026-01-11 04:00:34,360 - Scraping log - scraper.py > get_service_info(): Line 316 - WARNING - GT_DichtesGebiet: GetMap request is blocked for this layer
2026-01-11 04:00:44,374 - Scraping log - scraper.py > get_service_info(): Line 316 - WARNING - GT_Eingedolt: GetMap request is blocked for this layer
2026-01-11 04:00:54,390 - Scraping log - scraper.py > get_service_info(): Line 316 - WARNING - GT_Rekurse: GetMap request is blocked for this layer
2026-01-11 04:01:04,502 - Scraping log - scraper.py > get_service_info(): Line 316 - WARNING - schuetzenswerte_ortsbilder_nach_isos_isos.einzelelement: GetMap request is blocked for this layer
2026-01-11 04:01:14,766 - Scraping log - scraper.py > get_service_info(): Line 316 - WARNING - Baugruppe: GetMap request is blocked for this layer
2026-01-11 04:01:24,926 - Scraping log - scraper.py > get_service_info(): Line 316 - WARNING - Gebiet: GetMap request is blocked for this layer
2026-01-11 04:01:35,184 - Scraping log - scraper.py > get_service_info(): Line 316 - WARNING - Umgebungszone: GetMap request is blocked for this layer
2026-01-11 04:01:45,392 - Scraping log - scraper.py > get_service_info(): Line 316 - WARNING - Umgebungsrichtung: GetMap request is blocked for this layer
2026-01-11 04:01:55,504 - Scraping log - scraper.py > get_service_info(): Line 316 - WARNING - tagesfamilien_pro_bezirk_tafa.bezirk: GetMap request is blocked for this layer
2026-01-11 04:02:07,983 - Scraping log - scraper.py > get_service_info(): Line 316 - WARNING - velofuehrungselemente_an_kreuzungen_vefe.indirekter_linksabbieger: GetMap request is blocked for this layer
2026-01-11 04:02:17,998 - Scraping log - scraper.py > get_service_info(): Line 316 - WARNING - velofuehrungselemente_an_kreuzungen_vefe.rechtsabbiegen_bei_rot: GetMap request is blocked for this layer
2026-01-11 04:02:28,013 - Scraping log - scraper.py > get_service_info(): Line 316 - WARNING - velofuehrungselemente_an_kreuzungen_vefe.vorgezogene_haltelinie: GetMap request is blocked for this layer
2026-01-11 04:02:28,013 - Scraping log - scraper.py >         <module>(): Line 751 - INFO - Running default scraper on KT_BE > https://www.geoservice.apps.be.ch/geoservice3/services/a42geo/of_climatologymeteorologyatmosphere01_de_ms_wms/MapServer/WMSServer?&request=GetCapabilities&service=WMS (source 9/1467)
2026-01-11 04:02:43,800 - Scraping log - scraper.py > get_service_info(): Line 319 - ERROR - KLIMAPHK_GRFL60_VW_13829: HTTPSConnectionPool(host='www.geoservice.apps.be.ch', port=443): Read timed out. (read timeout=10)
2026-01-11 04:02:54,135 - Scraping log - scraper.py > get_service_info(): Line 319 - ERROR - KLIMAPHK_GRFL20_VW_15365: HTTPSConnectionPool(host='www.geoservice.apps.be.ch', port=443): Read timed out. (read timeout=10)
2026-01-11 04:03:04,468 - Scraping log - scraper.py > get_service_info(): Line 319 - ERROR - KLIMAPHK_VERK60_VW_16007: HTTPSConnectionPool(host='www.geoservice.apps.be.ch', port=443): Read timed out. (read timeout=10)
2026-01-11 04:03:14,892 - Scraping log - scraper.py > get_service_info(): Line 319 - ERROR - KLIMAPHK_VERK20_VW_15302: HTTPSConnectionPool(host='www.geoservice.apps.be.ch', port=443): Read timed out. (read timeout=10)
2026-01-11 04:03:47,822 - Scraping log - scraper.py > get_service_info(): Line 319 - ERROR - KLIMAPHK_GRFL60_VW_13880: HTTPSConnectionPool(host='www.geoservice.apps.be.ch', port=443): Read timed out. (read timeout=10)
2026-01-11 04:03:58,162 - Scraping log - scraper.py > get_service_info(): Line 319 - ERROR - KLIMAPHK_GRFL20_VW_13786: HTTPSConnectionPool(host='www.geoservice.apps.be.ch', port=443): Read timed out. (read timeout=10)
2026-01-11 04:04:08,409 - Scraping log - scraper.py > get_service_info(): Line 319 - ERROR - KLIMAPHK_VERK60_VW_15458: HTTPSConnectionPool(host='www.geoservice.apps.be.ch', port=443): Read timed out. (read timeout=10)
2026-01-11 04:04:18,651 - Scraping log - scraper.py > get_service_info(): Line 319 - ERROR - KLIMAPHK_VERK20_VW_15459: HTTPSConnectionPool(host='www.geoservice.apps.be.ch', port=443): Read timed out. (read timeout=10)
2026-01-11 04:04:29,079 - Scraping log - scraper.py > get_service_info(): Line 319 - ERROR - KLIMAPHK_SIED60_VW_13876: HTTPSConnectionPool(host='www.geoservice.apps.be.ch', port=443): Read timed out. (read timeout=10)
2026-01-11 04:04:58,161 - Scraping log - scraper.py > get_service_info(): Line 319 - ERROR - KLIMAANK_KEINW60N_VW_14504: HTTPSConnectionPool(host='www.geoservice.apps.be.ch', port=443): Read timed out. (read timeout=10)
2026-01-11 04:05:08,802 - Scraping log - scraper.py > get_service_info(): Line 319 - ERROR - KLIMAANK_KEINZG_VW_14578: HTTPSConnectionPool(host='www.geoservice.apps.be.ch', port=443): Read timed out. (read timeout=10)
2026-01-11 04:05:08,802 - Scraping log - scraper.py >         <module>(): Line 751 - INFO - Running default scraper on KT_BE > https://www.geoservice.apps.be.ch/geoservice3/services/a42geo/of_climatologymeteorologyatmosphere01_de_ms_wfs/MapServer/WFSServer?&request=GetCapabilities&service=WFS (source 10/1467)
2026-01-11 04:05:12,357 - Scraping log - scraper.py >         <module>(): Line 751 - INFO - Running default scraper on KT_BE > https://www.geoservice.apps.be.ch/geoservice3/services/a42geo/of_climatologymeteorologyatmosphere02_de_ms_wms/MapServer/WMSServer?&request=GetCapabilities&service=WMS (source 11/1467)
2026-01-11 04:05:32,939 - Scraping log - scraper.py >         <module>(): Line 751 - INFO - Running default scraper on KT_BE > https://www.geoservice.apps.be.ch/geoservice3/services/a42geo/of_climatologymeteorologyatmosphere02_de_ms_wfs/MapServer/WFSServer?&request=GetCapabilities&service=WFS (source 12/1467)
2026-01-11 04:05:35,630 - Scraping log - scraper.py >         <module>(): Line 751 - INFO - Running default scraper on KT_BE > https://www.geoservice.apps.be.ch/geoservice3/services/a42geo/of_imagerybasemapsearthcover01_de_ms_wms/MapServer/WMSServer?&request=GetCapabilities&service=WMS (source 13/1467)
2026-01-11 04:05:40,479 - Scraping log - scraper.py >         <module>(): Line 751 - INFO - Running default scraper on KT_BE > https://www.geoservice.apps.be.ch/geoservice3/services/a42geo/of_imagerybasemapsearthcover01_de_ms_wfs/MapServer/WFSServer?&request=GetCapabilities&service=WFS (source 14/1467)
2026-01-11 04:05:42,868 - Scraping log - scraper.py >         <module>(): Line 751 - INFO - Running default scraper on KT_BE > https://www.geoservice.apps.be.ch/geoservice3/services/a42geo/of_society01_de_ms_wms/MapServer/WMSServer?&request=GetCapabilities&service=WMS (source 15/1467)
2026-01-11 04:05:58,368 - Scraping log - scraper.py >         <module>(): Line 751 - INFO - Running default scraper on KT_BE > https://www.geoservice.apps.be.ch/geoservice3/services/a42geo/of_society01_de_ms_wfs/MapServer/WFSServer?&request=GetCapabilities&service=WFS (source 16/1467)
2026-01-11 04:06:02,067 - Scraping log - scraper.py >         <module>(): Line 751 - INFO - Running default scraper on KT_BE > https://www.geoservice.apps.be.ch/geoservice3/services/a42geo/of_society02_de_ms_wms/MapServer/WMSServer?&request=GetCapabilities&service=WMS (source 17/1467)
2026-01-11 04:06:29,785 - Scraping log - scraper.py >         <module>(): Line 751 - INFO - Running default scraper on KT_BE > https://www.geoservice.apps.be.ch/geoservice3/services/a42geo/of_society02_de_ms_wfs/MapServer/WFSServer?&request=GetCapabilities&service=WFS (source 18/1467)
2026-01-11 04:06:33,518 - Scraping log - scraper.py >         <module>(): Line 751 - INFO - Running default scraper on KT_BE > https://www.geoservice.apps.be.ch/geoservice3/services/a42geo/of_society03_de_ms_wms/MapServer/WMSServer?&request=GetCapabilities&service=WMS (source 19/1467)
2026-01-11 04:06:39,643 - Scraping log - scraper.py >         <module>(): Line 751 - INFO - Running default scraper on KT_BE > https://www.geoservice.apps.be.ch/geoservice3/services/a42geo/of_society03_de_ms_wfs/MapServer/WFSServer?&request=GetCapabilities&service=WFS (source 20/1467)
2026-01-11 04:06:42,169 - Scraping log - scraper.py >         <module>(): Line 751 - INFO - Running default scraper on KT_BE > https://www.geoservice.apps.be.ch/geoservice3/services/a42geo/of_structure01_de_ms_wms/MapServer/WMSServer?&request=GetCapabilities&service=WMS (source 21/1467)
2026-01-11 04:06:57,129 - Scraping log - scraper.py > get_service_info(): Line 319 - ERROR - BAUINV_GRUPPEN_VW_13691: HTTPSConnectionPool(host='www.geoservice.apps.be.ch', port=443): Read timed out. (read timeout=10)
2026-01-11 04:06:58,583 - Scraping log - scraper.py >         <module>(): Line 751 - INFO - Running default scraper on KT_BE > https://www.geoservice.apps.be.ch/geoservice3/services/a42geo/of_structure01_de_ms_wfs/MapServer/WFSServer?&request=GetCapabilities&service=WFS (source 22/1467)
2026-01-11 04:07:01,255 - Scraping log - scraper.py >         <module>(): Line 751 - INFO - Running default scraper on KT_BE > https://www.geoservice.apps.be.ch/geoservice3/services/a42geo/of_geoscientificinformation01_de_ms_wms/MapServer/WMSServer?&request=GetCapabilities&service=WMS (source 23/1467)
2026-01-11 04:07:21,636 - Scraping log - scraper.py > get_service_info(): Line 319 - ERROR - NGKAT_PROZESSR_VW_24423: HTTPSConnectionPool(host='www.geoservice.apps.be.ch', port=443): Read timed out. (read timeout=10)
2026-01-11 04:07:23,494 - Scraping log - scraper.py >         <module>(): Line 751 - INFO - Running default scraper on KT_BE > https://www.geoservice.apps.be.ch/geoservice3/services/a42geo/of_geoscientificinformation01_de_ms_wfs/MapServer/WFSServer?&request=GetCapabilities&service=WFS (source 24/1467)
2026-01-11 04:07:26,849 - Scraping log - scraper.py >         <module>(): Line 751 - INFO - Running default scraper on KT_BE > https://www.geoservice.apps.be.ch/geoservice3/services/a42geo/of_geoscientificinformation02_de_ms_wms/MapServer/WMSServer?&request=GetCapabilities&service=WMS (source 25/1467)
2026-01-11 04:07:47,155 - Scraping log - scraper.py >         <module>(): Line 751 - INFO - Running default scraper on KT_BE > https://www.geoservice.apps.be.ch/geoservice3/services/a42geo/of_geoscientificinformation02_de_ms_wfs/MapServer/WFSServer?&request=GetCapabilities&service=WFS (source 26/1467)
2026-01-11 04:07:50,740 - Scraping log - scraper.py >         <module>(): Line 751 - INFO - Running default scraper on KT_BE > https://www.geoservice.apps.be.ch/geoservice3/services/a42geo/of_geoscientificinformation03_de_ms_wms/MapServer/WMSServer?&request=GetCapabilities&service=WMS (source 27/1467)
2026-01-11 04:08:26,655 - Scraping log - scraper.py >         <module>(): Line 751 - INFO - Running default scraper on KT_BE > https://www.geoservice.apps.be.ch/geoservice3/services/a42geo/of_geoscientificinformation03_de_ms_wfs/MapServer/WFSServer?&request=GetCapabilities&service=WFS (source 28/1467)
2026-01-11 04:08:30,179 - Scraping log - scraper.py >         <module>(): Line 751 - INFO - Running default scraper on KT_BE > https://www.geoservice.apps.be.ch/geoservice3/services/a42geo/of_health01_de_ms_wms/MapServer/WMSServer?&request=GetCapabilities&service=WMS (source 29/1467)
2026-01-11 04:08:44,869 - Scraping log - scraper.py >         <module>(): Line 751 - INFO - Running default scraper on KT_BE > https://www.geoservice.apps.be.ch/geoservice3/services/a42geo/of_health01_de_ms_wfs/MapServer/WFSServer?&request=GetCapabilities&service=WFS (source 30/1467)
2026-01-11 04:08:48,257 - Scraping log - scraper.py >         <module>(): Line 751 - INFO - Running default scraper on KT_BE > https://www.geoservice.apps.be.ch/geoservice3/services/a42geo/of_inlandwaters01_de_ms_wms/MapServer/WMSServer?&request=GetCapabilities&service=WMS (source 31/1467)
2026-01-11 04:09:29,123 - Scraping log - scraper.py >         <module>(): Line 751 - INFO - Running default scraper on KT_BE > https://www.geoservice.apps.be.ch/geoservice3/services/a42geo/of_inlandwaters01_de_ms_wfs/MapServer/WFSServer?&request=GetCapabilities&service=WFS (source 32/1467)
2026-01-11 04:09:33,590 - Scraping log - scraper.py >         <module>(): Line 751 - INFO - Running default scraper on KT_BE > https://www.geoservice.apps.be.ch/geoservice3/services/a42geo/of_inlandwaters02_de_ms_wms/MapServer/WMSServer?&request=GetCapabilities&service=WMS (source 33/1467)
2026-01-11 04:09:56,782 - Scraping log - scraper.py >         <module>(): Line 751 - INFO - Running default scraper on KT_BE > https://www.geoservice.apps.be.ch/geoservice3/services/a42geo/of_inlandwaters02_de_ms_wfs/MapServer/WFSServer?&request=GetCapabilities&service=WFS (source 34/1467)
2026-01-11 04:10:00,812 - Scraping log - scraper.py >         <module>(): Line 751 - INFO - Running default scraper on KT_BE > https://www.geoservice.apps.be.ch/geoservice3/services/a42geo/of_inlandwaters03_de_ms_wms/MapServer/WMSServer?&request=GetCapabilities&service=WMS (source 35/1467)
2026-01-11 04:10:27,908 - Scraping log - scraper.py >         <module>(): Line 751 - INFO - Running default scraper on KT_BE > https://www.geoservice.apps.be.ch/geoservice3/services/a42geo/of_inlandwaters03_de_ms_wfs/MapServer/WFSServer?&request=GetCapabilities&service=WFS (source 36/1467)
2026-01-11 04:10:32,253 - Scraping log - scraper.py >         <module>(): Line 751 - INFO - Running default scraper on KT_BE > https://www.geoservice.apps.be.ch/geoservice3/services/a42geo/of_elevation01_de_ms_wms/MapServer/WMSServer?&request=GetCapabilities&service=WMS (source 37/1467)
2026-01-11 04:10:53,655 - Scraping log - scraper.py >         <module>(): Line 751 - INFO - Running default scraper on KT_BE > https://www.geoservice.apps.be.ch/geoservice3/services/a42geo/of_elevation01_de_ms_wfs/MapServer/WFSServer?&request=GetCapabilities&service=WFS (source 38/1467)
2026-01-11 04:10:56,640 - Scraping log - scraper.py >         <module>(): Line 751 - INFO - Running default scraper on KT_BE > https://www.geoservice.apps.be.ch/geoservice3/services/a42geo/of_farming01_de_ms_wms/MapServer/WMSServer?&request=GetCapabilities&service=WMS (source 39/1467)
2026-01-11 04:11:12,504 - Scraping log - scraper.py >         <module>(): Line 751 - INFO - Running default scraper on KT_BE > https://www.geoservice.apps.be.ch/geoservice3/services/a42geo/of_farming01_de_ms_wfs/MapServer/WFSServer?&request=GetCapabilities&service=WFS (source 40/1467)
2026-01-11 04:11:16,117 - Scraping log - scraper.py >         <module>(): Line 751 - INFO - Running default scraper on KT_BE > https://www.geoservice.apps.be.ch/geoservice3/services/a42geo/of_farming02_de_ms_wms/MapServer/WMSServer?&request=GetCapabilities&service=WMS (source 41/1467)
2026-01-11 04:11:29,327 - Scraping log - scraper.py >         <module>(): Line 751 - INFO - Running default scraper on KT_BE > https://www.geoservice.apps.be.ch/geoservice3/services/a42geo/of_farming02_de_ms_wfs/MapServer/WFSServer?&request=GetCapabilities&service=WFS (source 42/1467)
2026-01-11 04:11:32,385 - Scraping log - scraper.py >         <module>(): Line 751 - INFO - Running default scraper on KT_BE > https://www.geoservice.apps.be.ch/geoservice3/services/a42geo/of_farming03_de_ms_wms/MapServer/WMSServer?&request=GetCapabilities&service=WMS (source 43/1467)
2026-01-11 04:11:46,892 - Scraping log - scraper.py >         <module>(): Line 751 - INFO - Running default scraper on KT_BE > https://www.geoservice.apps.be.ch/geoservice3/services/a42geo/of_farming03_de_ms_wfs/MapServer/WFSServer?&request=GetCapabilities&service=WFS (source 44/1467)
2026-01-11 04:11:50,467 - Scraping log - scraper.py >         <module>(): Line 751 - INFO - Running default scraper on KT_BE > https://www.geoservice.apps.be.ch/geoservice3/services/a42geo/of_location01_de_ms_wms/MapServer/WMSServer?&request=GetCapabilities&service=WMS (source 45/1467)
2026-01-11 04:11:59,791 - Scraping log - scraper.py >         <module>(): Line 751 - INFO - Running default scraper on KT_BE > https://www.geoservice.apps.be.ch/geoservice3/services/a42geo/of_location01_de_ms_wfs/MapServer/WFSServer?&request=GetCapabilities&service=WFS (source 46/1467)
2026-01-11 04:12:02,468 - Scraping log - scraper.py >         <module>(): Line 751 - INFO - Running default scraper on KT_BE > https://www.geoservice.apps.be.ch/geoservice3/services/a42geo/of_boundaries01_de_ms_wms/MapServer/WMSServer?&request=GetCapabilities&service=WMS (source 47/1467)
2026-01-11 04:12:27,532 - Scraping log - scraper.py >         <module>(): Line 751 - INFO - Running default scraper on KT_BE > https://www.geoservice.apps.be.ch/geoservice3/services/a42geo/of_boundaries01_de_ms_wfs/MapServer/WFSServer?&request=GetCapabilities&service=WFS (source 48/1467)
2026-01-11 04:12:30,914 - Scraping log - scraper.py >         <module>(): Line 751 - INFO - Running default scraper on KT_BE > https://www.geoservice.apps.be.ch/geoservice3/services/a42geo/of_boundaries02_de_ms_wms/MapServer/WMSServer?&request=GetCapabilities&service=WMS (source 49/1467)
2026-01-11 04:12:54,808 - Scraping log - scraper.py >         <module>(): Line 751 - INFO - Running default scraper on KT_BE > https://www.geoservice.apps.be.ch/geoservice3/services/a42geo/of_boundaries02_de_ms_wfs/MapServer/WFSServer?&request=GetCapabilities&service=WFS (source 50/1467)
2026-01-11 04:12:58,294 - Scraping log - scraper.py >         <module>(): Line 751 - INFO - Running default scraper on KT_BE > https://www.geoservice.apps.be.ch/geoservice3/services/a42geo/of_boundaries03_de_ms_wms/MapServer/WMSServer?&request=GetCapabilities&service=WMS (source 51/1467)
2026-01-11 04:13:27,908 - Scraping log - scraper.py >         <module>(): Line 751 - INFO - Running default scraper on KT_BE > https://www.geoservice.apps.be.ch/geoservice3/services/a42geo/of_boundaries03_de_ms_wfs/MapServer/WFSServer?&request=GetCapabilities&service=WFS (source 52/1467)
2026-01-11 04:13:33,149 - Scraping log - scraper.py >         <module>(): Line 751 - INFO - Running default scraper on KT_BE > https://www.geoservice.apps.be.ch/geoservice3/services/a42geo/of_boundaries04_de_ms_wms/MapServer/WMSServer?&request=GetCapabilities&service=WMS (source 53/1467)
2026-01-11 04:13:54,691 - Scraping log - scraper.py >         <module>(): Line 751 - INFO - Running default scraper on KT_BE > https://www.geoservice.apps.be.ch/geoservice3/services/a42geo/of_boundaries04_de_ms_wfs/MapServer/WFSServer?&request=GetCapabilities&service=WFS (source 54/1467)
2026-01-11 04:13:58,257 - Scraping log - scraper.py >         <module>(): Line 751 - INFO - Running default scraper on KT_BE > https://www.geoservice.apps.be.ch/geoservice3/services/a42geo/of_boundaries05_de_ms_wms/MapServer/WMSServer?&request=GetCapabilities&service=WMS (source 55/1467)
2026-01-11 04:14:20,011 - Scraping log - scraper.py >         <module>(): Line 751 - INFO - Running default scraper on KT_BE > https://www.geoservice.apps.be.ch/geoservice3/services/a42geo/of_boundaries05_de_ms_wfs/MapServer/WFSServer?&request=GetCapabilities&service=WFS (source 56/1467)
2026-01-11 04:14:23,917 - Scraping log - scraper.py >         <module>(): Line 751 - INFO - Running default scraper on KT_BE > https://www.geoservice.apps.be.ch/geoservice3/services/a42geo/of_boundaries06_de_ms_wms/MapServer/WMSServer?&request=GetCapabilities&service=WMS (source 57/1467)
2026-01-11 04:14:35,606 - Scraping log - scraper.py >         <module>(): Line 751 - INFO - Running default scraper on KT_BE > https://www.geoservice.apps.be.ch/geoservice3/services/a42geo/of_boundaries06_de_ms_wfs/MapServer/WFSServer?&request=GetCapabilities&service=WFS (source 58/1467)
2026-01-11 04:14:39,023 - Scraping log - scraper.py >         <module>(): Line 751 - INFO - Running default scraper on KT_BE > https://www.geoservice.apps.be.ch/geoservice3/services/a42geo/of_planningcadastre01_de_ms_wms/MapServer/WMSServer?&request=GetCapabilities&service=WMS (source 59/1467)
2026-01-11 04:15:15,415 - Scraping log - scraper.py > get_service_info(): Line 319 - ERROR - KULTLAND_KULTLAND_VW_21020: HTTPSConnectionPool(host='www.geoservice.apps.be.ch', port=443): Read timed out. (read timeout=10)
2026-01-11 04:15:31,267 - Scraping log - scraper.py >         <module>(): Line 751 - INFO - Running default scraper on KT_BE > https://www.geoservice.apps.be.ch/geoservice3/services/a42geo/of_planningcadastre01_de_ms_wfs/MapServer/WFSServer?&request=GetCapabilities&service=WFS (source 60/1467)
2026-01-11 04:15:36,758 - Scraping log - scraper.py >         <module>(): Line 751 - INFO - Running default scraper on KT_BE > https://www.geoservice.apps.be.ch/geoservice3/services/a42geo/of_planningcadastre02_de_ms_wms/MapServer/WMSServer?&request=GetCapabilities&service=WMS (source 61/1467)
2026-01-11 04:16:04,114 - Scraping log - scraper.py >         <module>(): Line 751 - INFO - Running default scraper on KT_BE > https://www.geoservice.apps.be.ch/geoservice3/services/a42geo/of_planningcadastre02_de_ms_wfs/MapServer/WFSServer?&request=GetCapabilities&service=WFS (source 62/1467)
2026-01-11 04:16:09,386 - Scraping log - scraper.py >         <module>(): Line 751 - INFO - Running default scraper on KT_BE > https://www.geoservice.apps.be.ch/geoservice3/services/a42geo/of_planningcadastre03_de_ms_wms/MapServer/WMSServer?&request=GetCapabilities&service=WMS (source 63/1467)
2026-01-11 04:16:33,896 - Scraping log - scraper.py >         <module>(): Line 751 - INFO - Running default scraper on KT_BE > https://www.geoservice.apps.be.ch/geoservice3/services/a42geo/of_planningcadastre03_de_ms_wfs/MapServer/WFSServer?&request=GetCapabilities&service=WFS (source 64/1467)
2026-01-11 04:16:39,485 - Scraping log - scraper.py >         <module>(): Line 751 - INFO - Running default scraper on KT_BE > https://www.geoservice.apps.be.ch/geoservice3/services/a42geo/of_planningcadastre04_de_ms_wms/MapServer/WMSServer?&request=GetCapabilities&service=WMS (source 65/1467)
2026-01-11 04:17:14,525 - Scraping log - scraper.py >         <module>(): Line 751 - INFO - Running default scraper on KT_BE > https://www.geoservice.apps.be.ch/geoservice3/services/a42geo/of_planningcadastre04_de_ms_wfs/MapServer/WFSServer?&request=GetCapabilities&service=WFS (source 66/1467)
2026-01-11 04:17:20,700 - Scraping log - scraper.py >         <module>(): Line 751 - INFO - Running default scraper on KT_BE > https://www.geoservice.apps.be.ch/geoservice3/services/a42geo/of_planningcadastre05_de_ms_wms/MapServer/WMSServer?&request=GetCapabilities&service=WMS (source 67/1467)
2026-01-11 04:17:32,268 - Scraping log - scraper.py > get_service_info(): Line 319 - ERROR - OEREBSTA_THEMEN_VW_36423: HTTPSConnectionPool(host='www.geoservice.apps.be.ch', port=443): Read timed out. (read timeout=10)
2026-01-11 04:17:56,636 - Scraping log - scraper.py >         <module>(): Line 751 - INFO - Running default scraper on KT_BE > https://www.geoservice.apps.be.ch/geoservice3/services/a42geo/of_planningcadastre05_de_ms_wfs/MapServer/WFSServer?&request=GetCapabilities&service=WFS (source 68/1467)
2026-01-11 04:18:01,626 - Scraping log - scraper.py >         <module>(): Line 751 - INFO - Running default scraper on KT_BE > https://www.geoservice.apps.be.ch/geoservice3/services/a42geo/of_planningcadastre06_de_ms_wms/MapServer/WMSServer?&request=GetCapabilities&service=WMS (source 69/1467)
2026-01-11 04:18:15,658 - Scraping log - scraper.py >         <module>(): Line 751 - INFO - Running default scraper on KT_BE > https://www.geoservice.apps.be.ch/geoservice3/services/a42geo/of_planningcadastre06_de_ms_wfs/MapServer/WFSServer?&request=GetCapabilities&service=WFS (source 70/1467)
2026-01-11 04:18:18,737 - Scraping log - scraper.py >         <module>(): Line 751 - INFO - Running default scraper on KT_BE > https://www.geoservice.apps.be.ch/geoservice3/services/a42geo/of_planningcadastre07_de_ms_wms/MapServer/WMSServer?&request=GetCapabilities&service=WMS (source 71/1467)
2026-01-11 04:18:37,212 - Scraping log - scraper.py >         <module>(): Line 751 - INFO - Running default scraper on KT_BE > https://www.geoservice.apps.be.ch/geoservice3/services/a42geo/of_planningcadastre07_de_ms_wfs/MapServer/WFSServer?&request=GetCapabilities&service=WFS (source 72/1467)
2026-01-11 04:18:41,418 - Scraping log - scraper.py >         <module>(): Line 751 - INFO - Running default scraper on KT_BE > https://www.geoservice.apps.be.ch/geoservice3/services/a42geo/of_environment01_de_ms_wms/MapServer/WMSServer?&request=GetCapabilities&service=WMS (source 73/1467)
2026-01-11 04:19:02,246 - Scraping log - scraper.py >         <module>(): Line 751 - INFO - Running default scraper on KT_BE > https://www.geoservice.apps.be.ch/geoservice3/services/a42geo/of_environment01_de_ms_wfs/MapServer/WFSServer?&request=GetCapabilities&service=WFS (source 74/1467)
2026-01-11 04:19:06,532 - Scraping log - scraper.py >         <module>(): Line 751 - INFO - Running default scraper on KT_BE > https://www.geoservice.apps.be.ch/geoservice3/services/a42geo/of_environment02_de_ms_wms/MapServer/WMSServer?&request=GetCapabilities&service=WMS (source 75/1467)
2026-01-11 04:19:15,901 - Scraping log - scraper.py >         <module>(): Line 751 - INFO - Running default scraper on KT_BE > https://www.geoservice.apps.be.ch/geoservice3/services/a42geo/of_environment02_de_ms_wfs/MapServer/WFSServer?&request=GetCapabilities&service=WFS (source 76/1467)
2026-01-11 04:19:19,155 - Scraping log - scraper.py >         <module>(): Line 751 - INFO - Running default scraper on KT_BE > https://www.geoservice.apps.be.ch/geoservice3/services/a42geo/of_environment03_de_ms_wms/MapServer/WMSServer?&request=GetCapabilities&service=WMS (source 77/1467)
2026-01-11 04:19:54,902 - Scraping log - scraper.py >         <module>(): Line 751 - INFO - Running default scraper on KT_BE > https://www.geoservice.apps.be.ch/geoservice3/services/a42geo/of_environment03_de_ms_wfs/MapServer/WFSServer?&request=GetCapabilities&service=WFS (source 78/1467)
2026-01-11 04:19:59,161 - Scraping log - scraper.py >         <module>(): Line 751 - INFO - Running default scraper on KT_BE > https://www.geoservice.apps.be.ch/geoservice3/services/a42geo/of_transportation01_de_ms_wms/MapServer/WMSServer?&request=GetCapabilities&service=WMS (source 79/1467)
2026-01-11 04:20:28,344 - Scraping log - scraper.py >         <module>(): Line 751 - INFO - Running default scraper on KT_BE > https://www.geoservice.apps.be.ch/geoservice3/services/a42geo/of_transportation01_de_ms_wfs/MapServer/WFSServer?&request=GetCapabilities&service=WFS (source 80/1467)
2026-01-11 04:20:34,003 - Scraping log - scraper.py >         <module>(): Line 751 - INFO - Running default scraper on KT_BE > https://www.geoservice.apps.be.ch/geoservice3/services/a42geo/of_transportation02_de_ms_wms/MapServer/WMSServer?&request=GetCapabilities&service=WMS (source 81/1467)
2026-01-11 04:20:57,586 - Scraping log - scraper.py >         <module>(): Line 751 - INFO - Running default scraper on KT_BE > https://www.geoservice.apps.be.ch/geoservice3/services/a42geo/of_transportation02_de_ms_wfs/MapServer/WFSServer?&request=GetCapabilities&service=WFS (source 82/1467)
2026-01-11 04:21:01,974 - Scraping log - scraper.py >         <module>(): Line 751 - INFO - Running default scraper on KT_BE > https://www.geoservice.apps.be.ch/geoservice3/services/a42geo/of_utilitiescommunication01_de_ms_wms/MapServer/WMSServer?&request=GetCapabilities&service=WMS (source 83/1467)
2026-01-11 04:21:16,494 - Scraping log - scraper.py >         <module>(): Line 751 - INFO - Running default scraper on KT_BE > https://www.geoservice.apps.be.ch/geoservice3/services/a42geo/of_utilitiescommunication01_de_ms_wfs/MapServer/WFSServer?&request=GetCapabilities&service=WFS (source 84/1467)
2026-01-11 04:21:20,028 - Scraping log - scraper.py >         <module>(): Line 751 - INFO - Running default scraper on KT_BE > https://www.geoservice.apps.be.ch/geoservice3/services/a42geo/of_biota01_de_ms_wms/MapServer/WMSServer?&request=GetCapabilities&service=WMS (source 85/1467)
2026-01-11 04:22:00,953 - Scraping log - scraper.py >         <module>(): Line 751 - INFO - Running default scraper on KT_BE > https://www.geoservice.apps.be.ch/geoservice3/services/a42geo/of_biota01_de_ms_wfs/MapServer/WFSServer?&request=GetCapabilities&service=WFS (source 86/1467)
2026-01-11 04:22:05,640 - Scraping log - scraper.py >         <module>(): Line 751 - INFO - Running default scraper on KT_BE > https://www.geoservice.apps.be.ch/geoservice3/services/a42geo/of_economy01_de_ms_wms/MapServer/WMSServer?&request=GetCapabilities&service=WMS (source 87/1467)
2026-01-11 04:22:28,731 - Scraping log - scraper.py >         <module>(): Line 751 - INFO - Running default scraper on KT_BE > https://www.geoservice.apps.be.ch/geoservice3/services/a42geo/of_economy01_de_ms_wfs/MapServer/WFSServer?&request=GetCapabilities&service=WFS (source 88/1467)
2026-01-11 04:22:31,751 - Scraping log - scraper.py >         <module>(): Line 751 - INFO - Running default scraper on KT_GL > https://wms.geo.gl.ch/?SERVICE=WMS&VERSION=1.3.0&REQUEST=GetCapabilities (source 89/1467)
2026-01-11 04:22:48,949 - Scraping log - scraper.py > get_service_info(): Line 319 - ERROR - wmspublic: 'NoneType' object has no attribute 'text'
2026-01-11 04:23:18,313 - Scraping log - scraper.py > get_service_info(): Line 319 - ERROR - grundbuchplan_bbflaechen-sw-gebaeude: HTTPSConnectionPool(host='map.geo.gl.ch', port=443): Read timed out. (read timeout=10)
2026-01-11 04:23:21,132 - Scraping log - scraper.py >         <module>(): Line 751 - INFO - Running default scraper on KT_GL > https://wfs.geo.gl.ch/?service=WFS&request=GetCapabilities (source 90/1467)
2026-01-11 04:23:59,450 - Scraping log - scraper.py >         <module>(): Line 751 - INFO - Running default scraper on KT_GR > https://wms.geo.gr.ch/admineinteilung?service=WMS&request=GetCapabilities (source 91/1467)
2026-01-11 04:24:38,700 - Scraping log - scraper.py >         <module>(): Line 751 - INFO - Running default scraper on KT_GR > https://wms.geo.gr.ch/regionen?service=WMS&request=GetCapabilities (source 92/1467)
2026-01-11 04:25:00,225 - Scraping log - scraper.py >         <module>(): Line 751 - INFO - Running default scraper on KT_GR > https://wms.geo.gr.ch/basisinfo?service=WMS&request=GetCapabilities (source 93/1467)
2026-01-11 04:25:02,033 - Scraping log - scraper.py > get_service_info(): Line 319 - ERROR - WMS_Basisinfo: msWMSLoadGetMapParams(): WMS server error. Invalid CRS given : CRS must be valid for all requested layers.
2026-01-11 04:25:02,844 - Scraping log - scraper.py > get_service_info(): Line 319 - ERROR - Fluesse_3: msWMSLoadGetMapParams(): WMS server error. Invalid CRS given : CRS must be valid for all requested layers.
2026-01-11 04:25:03,285 - Scraping log - scraper.py > get_service_info(): Line 319 - ERROR - Fluesse_2: msWMSLoadGetMapParams(): WMS server error. Invalid CRS given : CRS must be valid for all requested layers.
2026-01-11 04:25:03,738 - Scraping log - scraper.py > get_service_info(): Line 319 - ERROR - Fluesse_1: msWMSLoadGetMapParams(): WMS server error. Invalid CRS given : CRS must be valid for all requested layers.
2026-01-11 04:25:04,178 - Scraping log - scraper.py > get_service_info(): Line 319 - ERROR - Fluesse_alle: msWMSLoadGetMapParams(): WMS server error. Invalid CRS given : CRS must be valid for all requested layers.
2026-01-11 04:25:04,749 - Scraping log - scraper.py > get_service_info(): Line 319 - ERROR - Seen_3: msWMSLoadGetMapParams(): WMS server error. Invalid CRS given : CRS must be valid for all requested layers.
2026-01-11 04:25:05,200 - Scraping log - scraper.py > get_service_info(): Line 319 - ERROR - Seen_2: msWMSLoadGetMapParams(): WMS server error. Invalid CRS given : CRS must be valid for all requested layers.
2026-01-11 04:25:05,644 - Scraping log - scraper.py > get_service_info(): Line 319 - ERROR - Seen_1: msWMSLoadGetMapParams(): WMS server error. Invalid CRS given : CRS must be valid for all requested layers.
2026-01-11 04:25:06,088 - Scraping log - scraper.py > get_service_info(): Line 319 - ERROR - Seen_alle: msWMSLoadGetMapParams(): WMS server error. Invalid CRS given : CRS must be valid for all requested layers.
2026-01-11 04:25:06,536 - Scraping log - scraper.py > get_service_info(): Line 319 - ERROR - Ortschaften_3: msWMSLoadGetMapParams(): WMS server error. Invalid CRS given : CRS must be valid for all requested layers.
2026-01-11 04:25:06,971 - Scraping log - scraper.py > get_service_info(): Line 319 - ERROR - Ortschaften_2: msWMSLoadGetMapParams(): WMS server error. Invalid CRS given : CRS must be valid for all requested layers.
2026-01-11 04:25:07,409 - Scraping log - scraper.py > get_service_info(): Line 319 - ERROR - Ortschaften_1: msWMSLoadGetMapParams(): WMS server error. Invalid CRS given : CRS must be valid for all requested layers.
2026-01-11 04:25:07,856 - Scraping log - scraper.py > get_service_info(): Line 319 - ERROR - Ortschaften_alle: msWMSLoadGetMapParams(): WMS server error. Invalid CRS given : CRS must be valid for all requested layers.
2026-01-11 04:25:08,294 - Scraping log - scraper.py > get_service_info(): Line 319 - ERROR - Flurnamen: msWMSLoadGetMapParams(): WMS server error. Invalid CRS given : CRS must be valid for all requested layers.
2026-01-11 04:25:08,739 - Scraping log - scraper.py > get_service_info(): Line 319 - ERROR - Geografische_Namen: msWMSLoadGetMapParams(): WMS server error. Invalid CRS given : CRS must be valid for all requested layers.
2026-01-11 04:25:09,181 - Scraping log - scraper.py > get_service_info(): Line 319 - ERROR - Liegenschaften: msWMSLoadGetMapParams(): WMS server error. Invalid CRS given : CRS must be valid for all requested layers.
2026-01-11 04:25:09,623 - Scraping log - scraper.py > get_service_info(): Line 319 - ERROR - Grundstuecksnummer: msWMSLoadGetMapParams(): WMS server error. Invalid CRS given : CRS must be valid for all requested layers.
2026-01-11 04:25:09,624 - Scraping log - scraper.py >         <module>(): Line 751 - INFO - Running default scraper on KT_GR > https://wms.geo.gr.ch/basisplan?service=WMS&request=GetCapabilities (source 94/1467)
2026-01-11 04:25:13,943 - Scraping log - scraper.py >         <module>(): Line 751 - INFO - Running default scraper on KT_GR > https://wms.geo.gr.ch/bienenseuchen?service=WMS&request=GetCapabilities (source 95/1467)
2026-01-11 04:25:14,398 - Scraping log - scraper.py >         <module>(): Line 759 - WARNING - Scraping KT_GR > https://wms.geo.gr.ch/bienenseuchen?service=WMS&request=GetCapabilities aborted
2026-01-11 04:25:14,398 - Scraping log - scraper.py >         <module>(): Line 751 - INFO - Running default scraper on KT_GR > https://wms.geo.gr.ch/erdwaermenutzung?service=WMS&request=GetCapabilities (source 96/1467)
2026-01-11 04:25:17,624 - Scraping log - scraper.py >         <module>(): Line 751 - INFO - Running default scraper on KT_GR > https://wms.geo.gr.ch/fruchtfolgeflaechen?service=WMS&request=GetCapabilities (source 97/1467)
2026-01-11 04:25:20,725 - Scraping log - scraper.py >         <module>(): Line 751 - INFO - Running default scraper on KT_GR > https://wms.geo.gr.ch/gebaeudeinformation?service=WMS&request=GetCapabilities (source 98/1467)
2026-01-11 04:25:26,029 - Scraping log - scraper.py >         <module>(): Line 751 - INFO - Running default scraper on KT_GR > https://wms.geo.gr.ch/geologie?service=WMS&request=GetCapabilities (source 99/1467)
2026-01-11 04:26:15,920 - Scraping log - scraper.py >         <module>(): Line 751 - INFO - Running default scraper on KT_GR > https://wms.geo.gr.ch/geologische_karten?service=WMS&request=GetCapabilities (source 100/1467)
2026-01-11 04:26:25,185 - Scraping log - scraper.py >         <module>(): Line 751 - INFO - Running default scraper on KT_GR > https://wms.geo.gr.ch/hydrogeologische_karten?service=WMS&request=GetCapabilities (source 101/1467)
2026-01-11 04:26:37,039 - Scraping log - scraper.py >         <module>(): Line 751 - INFO - Running default scraper on KT_GR > https://wms.geo.gr.ch/jagdkarte?service=WMS&request=GetCapabilities (source 102/1467)
2026-01-11 04:26:44,851 - Scraping log - scraper.py >         <module>(): Line 751 - INFO - Running default scraper on KT_GR > https://wms.geo.gr.ch/kantonalesstrassennetz?service=WMS&request=GetCapabilities (source 103/1467)
2026-01-11 04:26:52,360 - Scraping log - scraper.py >         <module>(): Line 751 - INFO - Running default scraper on KT_GR > https://wms.geo.gr.ch/kstn_strassenentwaesserung?service=WMS&request=GetCapabilities (source 104/1467)
2026-01-11 04:27:06,440 - Scraping log - scraper.py >         <module>(): Line 751 - INFO - Running default scraper on KT_GR > https://wms.geo.gr.ch/lw_bewirtschaftung?service=WMS&request=GetCapabilities (source 105/1467)
2026-01-11 04:27:32,743 - Scraping log - scraper.py >         <module>(): Line 751 - INFO - Running default scraper on KT_GR > https://wms.geo.gr.ch/langsamverkehr?service=WMS&request=GetCapabilities (source 106/1467)
2026-01-11 04:27:53,398 - Scraping log - scraper.py >         <module>(): Line 751 - INFO - Running default scraper on KT_GR > https://wms.geo.gr.ch/verbauungen?service=WMS&request=GetCapabilities (source 107/1467)
2026-01-11 04:28:09,326 - Scraping log - scraper.py >         <module>(): Line 751 - INFO - Running default scraper on KT_GR > https://wms.geo.gr.ch/naturgefahrenkarte?service=WMS&request=GetCapabilities (source 108/1467)
2026-01-11 04:28:45,439 - Scraping log - scraper.py >         <module>(): Line 751 - INFO - Running default scraper on KT_GR > https://wms.geo.gr.ch/nutzungsplanung?service=WMS&request=GetCapabilities (source 109/1467)
2026-01-11 04:29:10,164 - Scraping log - scraper.py >         <module>(): Line 751 - INFO - Running default scraper on KT_GR > https://wms.geo.gr.ch/nutzungsplanung_kommunal?service=WMS&request=GetCapabilities (source 110/1467)
2026-01-11 04:29:55,266 - Scraping log - scraper.py >         <module>(): Line 751 - INFO - Running default scraper on KT_GR > https://wms.geo.gr.ch/nutzungsplanungsstand?service=WMS&request=GetCapabilities (source 111/1467)
2026-01-11 04:29:59,384 - Scraping log - scraper.py >         <module>(): Line 751 - INFO - Running default scraper on KT_GR > https://wms.geo.gr.ch/oberflaechengewaesser?service=WMS&request=GetCapabilities (source 112/1467)
2026-01-11 04:30:13,609 - Scraping log - scraper.py >         <module>(): Line 751 - INFO - Running default scraper on KT_GR > https://wms.geo.gr.ch/pflanzen_pilzschutzgebiete?service=WMS&request=GetCapabilities (source 113/1467)
2026-01-11 04:30:16,739 - Scraping log - scraper.py >         <module>(): Line 751 - INFO - Running default scraper on KT_GR > https://wms.geo.gr.ch/risikokataster?service=WMS&request=GetCapabilities (source 114/1467)
2026-01-11 04:30:25,609 - Scraping log - scraper.py >         <module>(): Line 751 - INFO - Running default scraper on KT_GR > https://wms.geo.gr.ch/strassenlaermkataster?service=WMS&request=GetCapabilities (source 115/1467)
2026-01-11 04:30:33,550 - Scraping log - scraper.py >         <module>(): Line 751 - INFO - Running default scraper on KT_GR > https://wms.geo.gr.ch/strassenlaermsanierungen?service=WMS&request=GetCapabilities (source 116/1467)
2026-01-11 04:30:41,440 - Scraping log - scraper.py >         <module>(): Line 751 - INFO - Running default scraper on KT_GR > https://wms.geo.gr.ch/tektonische_karten?service=WMS&request=GetCapabilities (source 117/1467)
2026-01-11 04:31:05,163 - Scraping log - scraper.py >         <module>(): Line 751 - INFO - Running default scraper on KT_GR > https://wms.geo.gr.ch/verkehrsmodell?service=WMS&request=GetCapabilities (source 118/1467)
2026-01-11 04:31:09,437 - Scraping log - scraper.py >         <module>(): Line 751 - INFO - Running default scraper on KT_GR > https://wms.geo.gr.ch/walderschliessung?service=WMS&request=GetCapabilities (source 119/1467)
2026-01-11 04:31:17,547 - Scraping log - scraper.py >         <module>(): Line 751 - INFO - Running default scraper on KT_GR > https://wms.geo.gr.ch/bauzonen_graubuenden?service=WMS&request=GetCapabilities (source 120/1467)
2026-01-11 04:31:20,145 - Scraping log - scraper.py >         <module>(): Line 751 - INFO - Running default scraper on KT_GR > https://wms.geo.gr.ch/belastetestandorte?service=WMS&request=GetCapabilities (source 121/1467)
2026-01-11 04:31:22,670 - Scraping log - scraper.py >         <module>(): Line 751 - INFO - Running default scraper on KT_GR > https://wms.geo.gr.ch/gewaesserschutz?service=WMS&request=GetCapabilities (source 122/1467)
2026-01-11 04:31:29,158 - Scraping log - scraper.py >         <module>(): Line 751 - INFO - Running default scraper on KT_GR > https://wms.geo.gr.ch/grundwasser?service=WMS&request=GetCapabilities (source 123/1467)
2026-01-11 04:31:37,343 - Scraping log - scraper.py >         <module>(): Line 751 - INFO - Running default scraper on KT_GR > https://wms.geo.gr.ch/historischekarten?service=WMS&request=GetCapabilities (source 124/1467)
2026-01-11 04:31:46,599 - Scraping log - scraper.py >         <module>(): Line 751 - INFO - Running default scraper on KT_GR > https://wms.geo.gr.ch/naturgefahren_erfassungsbereiche?service=WMS&request=GetCapabilities (source 125/1467)
2026-01-11 04:31:51,174 - Scraping log - scraper.py >         <module>(): Line 751 - INFO - Running default scraper on KT_GR > https://wms.geo.gr.ch/naturschutz?service=WMS&request=GetCapabilities (source 126/1467)
2026-01-11 04:32:02,048 - Scraping log - scraper.py >         <module>(): Line 751 - INFO - Running default scraper on KT_GR > https://wms.geo.gr.ch/rrip_bregaglia?service=WMS&request=GetCapabilities (source 127/1467)
2026-01-11 04:32:35,221 - Scraping log - scraper.py >         <module>(): Line 751 - INFO - Running default scraper on KT_GR > https://wms.geo.gr.ch/rrip_davos?service=WMS&request=GetCapabilities (source 128/1467)
2026-01-11 04:33:31,017 - Scraping log - scraper.py >         <module>(): Line 751 - INFO - Running default scraper on KT_GR > https://wms.geo.gr.ch/rrip_mesolcina?service=WMS&request=GetCapabilities (source 129/1467)
2026-01-11 04:33:50,021 - Scraping log - scraper.py >         <module>(): Line 751 - INFO - Running default scraper on KT_GR > https://wms.geo.gr.ch/rrip_mittelbuenden?service=WMS&request=GetCapabilities (source 130/1467)
2026-01-11 04:34:11,811 - Scraping log - scraper.py >         <module>(): Line 751 - INFO - Running default scraper on KT_GR > https://wms.geo.gr.ch/rrip_nordbuenden?service=WMS&request=GetCapabilities (source 131/1467)
2026-01-11 04:35:17,309 - Scraping log - scraper.py >         <module>(): Line 751 - INFO - Running default scraper on KT_GR > https://wms.geo.gr.ch/rrip_oberengadin?service=WMS&request=GetCapabilities (source 132/1467)
2026-01-11 04:36:26,859 - Scraping log - scraper.py >         <module>(): Line 751 - INFO - Running default scraper on KT_GR > https://wms.geo.gr.ch/rrip_praettigau?service=WMS&request=GetCapabilities (source 133/1467)
2026-01-11 04:36:50,511 - Scraping log - scraper.py >         <module>(): Line 751 - INFO - Running default scraper on KT_GR > https://wms.geo.gr.ch/rrip_unterengadin?service=WMS&request=GetCapabilities (source 134/1467)
2026-01-11 04:37:25,646 - Scraping log - scraper.py >         <module>(): Line 751 - INFO - Running default scraper on KT_GR > https://wms.geo.gr.ch/rrip_regioviamala?service=WMS&request=GetCapabilities (source 135/1467)
2026-01-11 04:37:44,854 - Scraping log - scraper.py >         <module>(): Line 751 - INFO - Running default scraper on KT_GR > https://wms.geo.gr.ch/regionen?service=WMS&request=GetCapabilities (source 136/1467)
2026-01-11 04:38:06,880 - Scraping log - scraper.py >         <module>(): Line 751 - INFO - Running default scraper on KT_GR > https://wms.geo.gr.ch/schutzwald?service=WMS&request=GetCapabilities (source 137/1467)
2026-01-11 04:38:11,659 - Scraping log - scraper.py >         <module>(): Line 751 - INFO - Running default scraper on KT_GR > https://wms.geo.gr.ch/seilbahnen?service=WMS&request=GetCapabilities (source 138/1467)
2026-01-11 04:38:15,593 - Scraping log - scraper.py >         <module>(): Line 751 - INFO - Running default scraper on KT_GR > https://wms.geo.gr.ch/amtlichevermessung_stand?service=WMS&request=GetCapabilities (source 139/1467)
2026-01-11 04:38:32,660 - Scraping log - scraper.py >         <module>(): Line 751 - INFO - Running default scraper on KT_GR > https://wms.geo.gr.ch/amtlichevermessung?service=WMS&request=GetCapabilities (source 140/1467)
2026-01-11 04:38:33,096 - Scraping log - scraper.py >         <module>(): Line 759 - WARNING - Scraping KT_GR > https://wms.geo.gr.ch/amtlichevermessung?service=WMS&request=GetCapabilities aborted
2026-01-11 04:38:33,097 - Scraping log - scraper.py >         <module>(): Line 751 - INFO - Running default scraper on KT_GR > https://wms.geo.gr.ch/waldentwicklungsplan?service=WMS&request=GetCapabilities (source 141/1467)
2026-01-11 04:38:46,548 - Scraping log - scraper.py >         <module>(): Line 751 - INFO - Running default scraper on KT_GR > https://wms.geo.gr.ch/wildruhezonen?service=WMS&request=GetCapabilities (source 142/1467)
2026-01-11 04:38:52,034 - Scraping log - scraper.py >         <module>(): Line 751 - INFO - Running default scraper on KT_GR > https://wms.geo.gr.ch/wildschutzgebiete?service=WMS&request=GetCapabilities (source 143/1467)
2026-01-11 04:39:00,507 - Scraping log - scraper.py >         <module>(): Line 751 - INFO - Running default scraper on KT_GR > https://wms.geo.gr.ch/richtplan?service=WMS&request=GetCapabilities (source 144/1467)
2026-01-11 04:39:42,461 - Scraping log - scraper.py >         <module>(): Line 751 - INFO - Running default scraper on KT_GR > https://wms.geo.gr.ch/uebersichtsplan?service=WMS&request=GetCapabilities (source 145/1467)
2026-01-11 04:39:42,913 - Scraping log - scraper.py >         <module>(): Line 759 - WARNING - Scraping KT_GR > https://wms.geo.gr.ch/uebersichtsplan?service=WMS&request=GetCapabilities aborted
2026-01-11 04:39:42,913 - Scraping log - scraper.py >         <module>(): Line 751 - INFO - Running default scraper on KT_GR > https://wfs.geo.gr.ch/regionen?service=WFS&request=GetCapabilities (source 146/1467)
2026-01-11 04:39:47,707 - Scraping log - scraper.py >         <module>(): Line 751 - INFO - Running default scraper on KT_GR > https://wfs.geo.gr.ch/amtlichevermessung?service=WFS&request=GetCapabilities (source 147/1467)
2026-01-11 04:39:48,136 - Scraping log - scraper.py >         <module>(): Line 759 - WARNING - Scraping KT_GR > https://wfs.geo.gr.ch/amtlichevermessung?service=WFS&request=GetCapabilities aborted
2026-01-11 04:39:48,136 - Scraping log - scraper.py >         <module>(): Line 751 - INFO - Running default scraper on KT_GR > https://wfs.geo.gr.ch/erdwaermenutzung?service=WFS&request=GetCapabilities (source 148/1467)
2026-01-11 04:39:50,647 - Scraping log - scraper.py >         <module>(): Line 751 - INFO - Running default scraper on KT_GR > https://wfs.geo.gr.ch/gewaesserschutz?service=WFS&request=GetCapabilities (source 149/1467)
2026-01-11 04:39:53,634 - Scraping log - scraper.py >         <module>(): Line 751 - INFO - Running default scraper on KT_GR > https://wfs.geo.gr.ch/grundwasser?service=WFS&request=GetCapabilities (source 150/1467)
2026-01-11 04:39:57,775 - Scraping log - scraper.py >         <module>(): Line 751 - INFO - Running default scraper on KT_GR > https://wfs.geo.gr.ch/jagdkarte?service=WFS&request=GetCapabilities (source 151/1467)
2026-01-11 04:40:00,421 - Scraping log - scraper.py >         <module>(): Line 751 - INFO - Running default scraper on KT_GR > https://wfs.geo.gr.ch/belastetestandorte?service=WFS&request=GetCapabilities (source 152/1467)
2026-01-11 04:40:03,027 - Scraping log - scraper.py >         <module>(): Line 751 - INFO - Running default scraper on KT_GR > https://wfs.geo.gr.ch/lw_bewirtschaftung?service=WFS&request=GetCapabilities (source 153/1467)
2026-01-11 04:40:08,586 - Scraping log - scraper.py >         <module>(): Line 751 - INFO - Running default scraper on KT_GR > https://wfs.geo.gr.ch/langsamverkehr?service=WFS&request=GetCapabilities (source 154/1467)
2026-01-11 04:40:14,897 - Scraping log - scraper.py >         <module>(): Line 751 - INFO - Running default scraper on KT_GR > https://wfs.geo.gr.ch/naturschutz?service=WFS&request=GetCapabilities (source 155/1467)
2026-01-11 04:40:20,828 - Scraping log - scraper.py >         <module>(): Line 751 - INFO - Running default scraper on KT_GR > https://wfs.geo.gr.ch/naturgefahren_erfassungsbereiche?service=WFS&request=GetCapabilities (source 156/1467)
2026-01-11 04:40:23,427 - Scraping log - scraper.py >         <module>(): Line 751 - INFO - Running default scraper on KT_GR > https://wfs.geo.gr.ch/waldentwicklungsplan?service=WFS&request=GetCapabilities (source 157/1467)
2026-01-11 04:40:33,757 - Scraping log - scraper.py >         <module>(): Line 751 - INFO - Running default scraper on KT_GR > https://wfs.geo.gr.ch/wildruhezonen?service=WFS&request=GetCapabilities (source 158/1467)
2026-01-11 04:40:36,440 - Scraping log - scraper.py >         <module>(): Line 751 - INFO - Running default scraper on KT_GR > https://wfs.geo.gr.ch/wildschutzgebiete?service=WFS&request=GetCapabilities (source 159/1467)
2026-01-11 04:40:39,719 - Scraping log - scraper.py >         <module>(): Line 751 - INFO - Running default scraper on KT_JU > https://geo.jura.ch/mapserv_proxy?ogcserver=Main_PNG&SERVICE=WFS&VERSION=1.1.1&REQUEST=GetCapabilities (source 160/1467)
2026-01-11 04:41:48,616 - Scraping log - scraper.py >         <module>(): Line 751 - INFO - Running default scraper on KT_JU > https://geo.jura.ch/tiles/1.0.0/WMTSCapabilities.xml (source 161/1467)
2026-01-11 04:41:53,859 - Scraping log - scraper.py >         <module>(): Line 751 - INFO - Running default scraper on KT_JU > https://geo.jura.ch/mapserv_proxy?ogcserver=Main_PNG&SERVICE=WMS&VERSION=1.3.0&REQUEST=GetCapabilities (source 162/1467)
2026-01-11 04:42:04,274 - Scraping log - scraper.py > get_service_info(): Line 316 - WARNING - Geoportail Jura: GetMap request is blocked for this layer
2026-01-11 04:42:54,322 - Scraping log - scraper.py > get_service_info(): Line 316 - WARNING - swisstopo_11_02_cn10: GetMap request is blocked for this layer
2026-01-11 04:42:58,449 - Scraping log - scraper.py > get_service_info(): Line 316 - WARNING - swisstopo_11_02_cn10_gris: GetMap request is blocked for this layer
2026-01-11 04:43:02,932 - Scraping log - scraper.py > get_service_info(): Line 316 - WARNING - sdt_17_01_points_interets_administration_interrogation: GetMap request is blocked for this layer
2026-01-11 04:43:03,738 - Scraping log - scraper.py > get_service_info(): Line 316 - WARNING - sdt_17_01_points_interets_administration_cantonal_cluster: GetMap request is blocked for this layer
2026-01-11 04:43:04,412 - Scraping log - scraper.py > get_service_info(): Line 316 - WARNING - sdt_17_01_points_interets_administration_communale_cluster: GetMap request is blocked for this layer
2026-01-11 04:43:05,283 - Scraping log - scraper.py > get_service_info(): Line 316 - WARNING - sdt_17_01_points_interets_administration_point: GetMap request is blocked for this layer
2026-01-11 04:43:06,218 - Scraping log - scraper.py > get_service_info(): Line 316 - WARNING - sdt_17_01_points_interets_ecoles_interrogation: GetMap request is blocked for this layer
2026-01-11 04:43:07,010 - Scraping log - scraper.py > get_service_info(): Line 316 - WARNING - sdt_17_01_points_interets_ecoles_primaire_cluster: GetMap request is blocked for this layer
2026-01-11 04:43:07,769 - Scraping log - scraper.py > get_service_info(): Line 316 - WARNING - sdt_17_01_points_interets_ecoles_secondaire_cluster: GetMap request is blocked for this layer
2026-01-11 04:43:08,569 - Scraping log - scraper.py > get_service_info(): Line 316 - WARNING - sdt_17_01_points_interets_autre_ecoles_cluster: GetMap request is blocked for this layer
2026-01-11 04:43:09,418 - Scraping log - scraper.py > get_service_info(): Line 316 - WARNING - sdt_17_01_points_interets_ecoles_point: GetMap request is blocked for this layer
2026-01-11 04:43:10,324 - Scraping log - scraper.py > get_service_info(): Line 316 - WARNING - ssa_19_04_centre_hospitalier_interrogation: GetMap request is blocked for this layer
2026-01-11 04:43:10,986 - Scraping log - scraper.py > get_service_info(): Line 316 - WARNING - ssa_19_04_centre_hospitalier_maison_naissance_cluster: GetMap request is blocked for this layer
2026-01-11 04:43:11,591 - Scraping log - scraper.py > get_service_info(): Line 316 - WARNING - ssa_19_04_centre_hospitalier_centre_rencontre_cluster: GetMap request is blocked for this layer
2026-01-11 04:43:12,226 - Scraping log - scraper.py > get_service_info(): Line 316 - WARNING - ssa_19_04_centre_hospitalier_appartements_proteges_cluster: GetMap request is blocked for this layer
2026-01-11 04:43:12,831 - Scraping log - scraper.py > get_service_info(): Line 316 - WARNING - ssa_19_04_centre_hospitalier_centre_medico_psychologique_cluster: GetMap request is blocked for this layer
2026-01-11 04:43:13,446 - Scraping log - scraper.py > get_service_info(): Line 316 - WARNING - ssa_19_04_centre_hospitalier_home_cluster: GetMap request is blocked for this layer
2026-01-11 04:43:14,114 - Scraping log - scraper.py > get_service_info(): Line 316 - WARNING - ssa_19_04_centre_hospitalier_hopital_cluster: GetMap request is blocked for this layer
2026-01-11 04:43:14,731 - Scraping log - scraper.py > get_service_info(): Line 316 - WARNING - ssa_19_04_centre_hospitalier_point: GetMap request is blocked for this layer
2026-01-11 04:43:15,518 - Scraping log - scraper.py > get_service_info(): Line 316 - WARNING - sdt_17_01_points_interets_service_urgence_interrogation: GetMap request is blocked for this layer
2026-01-11 04:43:16,352 - Scraping log - scraper.py > get_service_info(): Line 316 - WARNING - sdt_17_01_points_interets_service_urgence_police_cluster: GetMap request is blocked for this layer
2026-01-11 04:43:16,960 - Scraping log - scraper.py > get_service_info(): Line 316 - WARNING - sdt_17_01_points_interets_service_urgence_point: GetMap request is blocked for this layer
2026-01-11 04:43:17,637 - Scraping log - scraper.py > get_service_info(): Line 316 - WARNING - rea_19_03_defibrillateurs_interrogation: GetMap request is blocked for this layer
2026-01-11 04:43:18,241 - Scraping log - scraper.py > get_service_info(): Line 316 - WARNING - rea_19_03_defibrillateurs_cluster: GetMap request is blocked for this layer
2026-01-11 04:43:18,889 - Scraping log - scraper.py > get_service_info(): Line 316 - WARNING - sdt_17_01_points_interets_acces_handicap_stationnement_interrogation: GetMap request is blocked for this layer
2026-01-11 04:43:19,602 - Scraping log - scraper.py > get_service_info(): Line 316 - WARNING - sdt_17_01_points_interets_acces_handicap_stationnement_cluster: GetMap request is blocked for this layer
2026-01-11 04:43:20,212 - Scraping log - scraper.py > get_service_info(): Line 316 - WARNING - sdt_17_01_points_interets_acces_handicap_stationnement_point: GetMap request is blocked for this layer
2026-01-11 04:43:20,884 - Scraping log - scraper.py > get_service_info(): Line 316 - WARNING - sdt_17_01_points_interets_acces_handicap_wc_accessible_interrogation: GetMap request is blocked for this layer
2026-01-11 04:43:21,497 - Scraping log - scraper.py > get_service_info(): Line 316 - WARNING - sdt_17_01_points_interets_acces_handicap_wc_accessible_cluster: GetMap request is blocked for this layer
2026-01-11 04:43:22,138 - Scraping log - scraper.py > get_service_info(): Line 316 - WARNING - sdt_17_01_points_interets_acces_handicap_wc_accessible_point: GetMap request is blocked for this layer
2026-01-11 04:43:22,770 - Scraping log - scraper.py > get_service_info(): Line 316 - WARNING - sdt_17_01_points_interets_acces_handicap_wc_accessible_partiellement_interrogation: GetMap request is blocked for this layer
2026-01-11 04:43:23,373 - Scraping log - scraper.py > get_service_info(): Line 316 - WARNING - sdt_17_01_points_interets_acces_handicap_wc_accessible_partiellement_cluster: GetMap request is blocked for this layer
2026-01-11 04:43:24,016 - Scraping log - scraper.py > get_service_info(): Line 316 - WARNING - sdt_17_01_points_interets_acces_handicap_wc_accessible_partiellement_point: GetMap request is blocked for this layer
2026-01-11 04:43:24,620 - Scraping log - scraper.py > get_service_info(): Line 316 - WARNING - sdt_17_01_points_interets_acces_handicap_wc_non_accessible_interrogation: GetMap request is blocked for this layer
2026-01-11 04:43:25,245 - Scraping log - scraper.py > get_service_info(): Line 316 - WARNING - sdt_17_01_points_interets_acces_handicap_wc_non_accessible_cluster: GetMap request is blocked for this layer
2026-01-11 04:43:25,855 - Scraping log - scraper.py > get_service_info(): Line 316 - WARNING - sdt_17_01_points_interets_acces_handicap_wc_non_accessible_point: GetMap request is blocked for this layer
2026-01-11 04:43:26,469 - Scraping log - scraper.py > get_service_info(): Line 316 - WARNING - sdt_17_01_points_interets_acces_handicap_boucle_magnetique_interrogation: GetMap request is blocked for this layer
2026-01-11 04:43:27,158 - Scraping log - scraper.py > get_service_info(): Line 316 - WARNING - sdt_17_01_points_interets_acces_handicap_boucle_magnetique_cluster: GetMap request is blocked for this layer
2026-01-11 04:43:27,776 - Scraping log - scraper.py > get_service_info(): Line 316 - WARNING - sdt_17_01_points_interets_acces_handicap_boucle_magnetique_point: GetMap request is blocked for this layer
2026-01-11 04:43:28,438 - Scraping log - scraper.py > get_service_info(): Line 316 - WARNING - sdt_17_01_points_interets_acces_handicap_langues_signes_interrogation: GetMap request is blocked for this layer
2026-01-11 04:43:29,074 - Scraping log - scraper.py > get_service_info(): Line 316 - WARNING - sdt_17_01_points_interets_acces_handicap_langues_signes_cluster: GetMap request is blocked for this layer
2026-01-11 04:43:29,694 - Scraping log - scraper.py > get_service_info(): Line 316 - WARNING - sdt_17_01_points_interets_acces_handicap_langues_signes_point: GetMap request is blocked for this layer
2026-01-11 04:43:30,346 - Scraping log - scraper.py > get_service_info(): Line 316 - WARNING - sdt_17_01_points_interets_acces_handicap_accessible_interrogation: GetMap request is blocked for this layer
2026-01-11 04:43:30,960 - Scraping log - scraper.py > get_service_info(): Line 316 - WARNING - sdt_17_01_points_interets_acces_handicap_accessible_cluster: GetMap request is blocked for this layer
2026-01-11 04:43:31,655 - Scraping log - scraper.py > get_service_info(): Line 316 - WARNING - sdt_17_01_points_interets_acces_handicap_accessible_point: GetMap request is blocked for this layer
2026-01-11 04:43:32,266 - Scraping log - scraper.py > get_service_info(): Line 316 - WARNING - sdt_17_01_points_interets_acces_handicap_accessible_partiellement_interrogation: GetMap request is blocked for this layer
2026-01-11 04:43:32,870 - Scraping log - scraper.py > get_service_info(): Line 316 - WARNING - sdt_17_01_points_interets_acces_handicap_accessible_partiellement_cluster: GetMap request is blocked for this layer
2026-01-11 04:43:33,527 - Scraping log - scraper.py > get_service_info(): Line 316 - WARNING - sdt_17_01_points_interets_acces_handicap_accessible_partiellement_point: GetMap request is blocked for this layer
2026-01-11 04:43:34,130 - Scraping log - scraper.py > get_service_info(): Line 316 - WARNING - sdt_17_01_points_interets_acces_handicap_non_accessible_interrogation: GetMap request is blocked for this layer
2026-01-11 04:43:34,768 - Scraping log - scraper.py > get_service_info(): Line 316 - WARNING - sdt_17_01_points_interets_acces_handicap_non_accessible_cluster: GetMap request is blocked for this layer
2026-01-11 04:43:35,394 - Scraping log - scraper.py > get_service_info(): Line 316 - WARNING - sdt_17_01_points_interets_acces_handicap_non_accessible_point: GetMap request is blocked for this layer
2026-01-11 04:43:36,005 - Scraping log - scraper.py > get_service_info(): Line 316 - WARNING - sdt_10_11_mnt_2022_courbes_niveaux_100_4: GetMap request is blocked for this layer
2026-01-11 04:43:36,665 - Scraping log - scraper.py > get_service_info(): Line 316 - WARNING - sdt_10_11_mnt_2022_courbes_niveaux_100_3: GetMap request is blocked for this layer
2026-01-11 04:43:37,276 - Scraping log - scraper.py > get_service_info(): Line 316 - WARNING - sdt_10_11_mnt_2022_courbes_niveaux_100_2: GetMap request is blocked for this layer
2026-01-11 04:43:37,907 - Scraping log - scraper.py > get_service_info(): Line 316 - WARNING - sdt_10_11_mnt_2022_courbes_niveaux_100_1: GetMap request is blocked for this layer
2026-01-11 04:43:38,506 - Scraping log - scraper.py > get_service_info(): Line 316 - WARNING - sdt_10_11_mnt_2022_courbes_niveaux_100_0: GetMap request is blocked for this layer
2026-01-11 04:43:39,113 - Scraping log - scraper.py > get_service_info(): Line 316 - WARNING - sdt_10_11_mnt_2022_courbes_niveaux_10_3: GetMap request is blocked for this layer
2026-01-11 04:43:39,782 - Scraping log - scraper.py > get_service_info(): Line 316 - WARNING - sdt_10_11_mnt_2022_courbes_niveaux_10_2: GetMap request is blocked for this layer
2026-01-11 04:43:40,387 - Scraping log - scraper.py > get_service_info(): Line 316 - WARNING - sdt_10_11_mnt_2022_courbes_niveaux_10_1: GetMap request is blocked for this layer
2026-01-11 04:43:41,032 - Scraping log - scraper.py > get_service_info(): Line 316 - WARNING - sdt_10_11_mnt_2022_courbes_niveaux_10_0: GetMap request is blocked for this layer
2026-01-11 04:43:41,669 - Scraping log - scraper.py > get_service_info(): Line 316 - WARNING - sdt_10_11_mnt_2022_courbes_niveaux_5_2: GetMap request is blocked for this layer
2026-01-11 04:43:42,282 - Scraping log - scraper.py > get_service_info(): Line 316 - WARNING - sdt_10_11_mnt_2022_courbes_niveaux_5_1: GetMap request is blocked for this layer
2026-01-11 04:43:42,939 - Scraping log - scraper.py > get_service_info(): Line 316 - WARNING - sdt_10_11_mnt_2022_courbes_niveaux_5_0: GetMap request is blocked for this layer
2026-01-11 04:43:43,550 - Scraping log - scraper.py > get_service_info(): Line 316 - WARNING - sdt_10_11_mnt_2022_courbes_niveaux_1_1: GetMap request is blocked for this layer
2026-01-11 04:43:44,185 - Scraping log - scraper.py > get_service_info(): Line 316 - WARNING - sdt_10_11_mnt_2022_courbes_niveaux_1_0: GetMap request is blocked for this layer
2026-01-11 04:43:47,033 - Scraping log - scraper.py > get_service_info(): Line 316 - WARNING - rayonnement_solaire_050: GetMap request is blocked for this layer
2026-01-11 04:43:47,681 - Scraping log - scraper.py > get_service_info(): Line 316 - WARNING - rayonnement_solaire_cache: GetMap request is blocked for this layer
2026-01-11 04:43:48,312 - Scraping log - scraper.py > get_service_info(): Line 316 - WARNING - sdt_10_15_relief_terrain_mnt_ameliore_2022_025: GetMap request is blocked for this layer
2026-01-11 04:43:54,942 - Scraping log - scraper.py > get_service_info(): Line 316 - WARNING - sdt_10_15_relief_surface_mns_2022_025: GetMap request is blocked for this layer
2026-01-11 04:43:57,205 - Scraping log - scraper.py > get_service_info(): Line 316 - WARNING - sdt_10_15_relief_terrain_mnt_2022_025: GetMap request is blocked for this layer
2026-01-11 04:44:02,198 - Scraping log - scraper.py > get_service_info(): Line 316 - WARNING - sdt_02_01_zones_geometrie_normal_recours: GetMap request is blocked for this layer
2026-01-11 04:44:02,860 - Scraping log - scraper.py > get_service_info(): Line 316 - WARNING - sdt_02_01_zones_geometrie_simplifier_1_recours: GetMap request is blocked for this layer
2026-01-11 04:44:03,504 - Scraping log - scraper.py > get_service_info(): Line 316 - WARNING - sdt_02_01_zones_geometrie_simplifier_2_recours: GetMap request is blocked for this layer
2026-01-11 04:44:04,131 - Scraping log - scraper.py > get_service_info(): Line 316 - WARNING - sdt_02_01_zones_geometrie_normal: GetMap request is blocked for this layer
2026-01-11 04:44:04,791 - Scraping log - scraper.py > get_service_info(): Line 316 - WARNING - sdt_02_01_zones_geometrie_simplifier_1: GetMap request is blocked for this layer
2026-01-11 04:44:05,410 - Scraping log - scraper.py > get_service_info(): Line 316 - WARNING - sdt_02_01_zones_geometrie_simplifier_2: GetMap request is blocked for this layer
2026-01-11 04:44:06,021 - Scraping log - scraper.py > get_service_info(): Line 316 - WARNING - sdt_02_01_lien_rcc: GetMap request is blocked for this layer
2026-01-11 04:44:06,654 - Scraping log - scraper.py > get_service_info(): Line 316 - WARNING - sdt_02_01_plans_speciaux_surface_normal: GetMap request is blocked for this layer
2026-01-11 04:44:07,259 - Scraping log - scraper.py > get_service_info(): Line 316 - WARNING - sdt_02_01_plans_speciaux_surface_simplifier: GetMap request is blocked for this layer
2026-01-11 04:44:07,861 - Scraping log - scraper.py > get_service_info(): Line 316 - WARNING - sdt_06_05_perimetre_reserve_aux_eaux: GetMap request is blocked for this layer
2026-01-11 04:44:08,541 - Scraping log - scraper.py > get_service_info(): Line 316 - WARNING - sdt_06_05_perimetre_reserve_aux_eaux_simplifier: GetMap request is blocked for this layer
2026-01-11 04:44:09,203 - Scraping log - scraper.py > get_service_info(): Line 316 - WARNING - sdt_02_01_perimetres_particuliers_interrogation: GetMap request is blocked for this layer
2026-01-11 04:44:09,846 - Scraping log - scraper.py > get_service_info(): Line 316 - WARNING - sdt_02_01_perimetres_particuliers_interrogation_simplifier: GetMap request is blocked for this layer
2026-01-11 04:44:10,450 - Scraping log - scraper.py > get_service_info(): Line 316 - WARNING - sdt_02_01_perimetres_particuliers_pdn_label: GetMap request is blocked for this layer
2026-01-11 04:44:11,100 - Scraping log - scraper.py > get_service_info(): Line 316 - WARNING - sdt_02_01_perimetres_particuliers_pdn_1_01: GetMap request is blocked for this layer
2026-01-11 04:44:11,728 - Scraping log - scraper.py > get_service_info(): Line 316 - WARNING - sdt_02_01_perimetres_particuliers_pdn_2_01: GetMap request is blocked for this layer
2026-01-11 04:44:12,345 - Scraping log - scraper.py > get_service_info(): Line 316 - WARNING - sdt_02_01_perimetres_particuliers_ph: GetMap request is blocked for this layer
2026-01-11 04:44:12,978 - Scraping log - scraper.py > get_service_info(): Line 316 - WARNING - sdt_02_01_perimetres_particuliers_ph_simplifier: GetMap request is blocked for this layer
2026-01-11 04:44:13,593 - Scraping log - scraper.py > get_service_info(): Line 316 - WARNING - sdt_02_01_perimetres_particuliers_pnn: GetMap request is blocked for this layer
2026-01-11 04:44:14,189 - Scraping log - scraper.py > get_service_info(): Line 316 - WARNING - sdt_02_01_perimetres_particuliers_pnn_simplifier: GetMap request is blocked for this layer
2026-01-11 04:44:14,852 - Scraping log - scraper.py > get_service_info(): Line 316 - WARNING - sdt_02_01_perimetres_particuliers_pn: GetMap request is blocked for this layer
2026-01-11 04:44:15,495 - Scraping log - scraper.py > get_service_info(): Line 316 - WARNING - sdt_02_01_perimetres_particuliers_pn_simplifier: GetMap request is blocked for this layer
2026-01-11 04:44:16,123 - Scraping log - scraper.py > get_service_info(): Line 316 - WARNING - sdt_02_01_perimetres_particuliers_pp: GetMap request is blocked for this layer
2026-01-11 04:44:16,725 - Scraping log - scraper.py > get_service_info(): Line 316 - WARNING - sdt_02_01_perimetres_particuliers_pp_simplifier: GetMap request is blocked for this layer
2026-01-11 04:44:17,379 - Scraping log - scraper.py > get_service_info(): Line 316 - WARNING - sdt_02_01_perimetres_particuliers_pv: GetMap request is blocked for this layer
2026-01-11 04:44:17,999 - Scraping log - scraper.py > get_service_info(): Line 316 - WARNING - sdt_02_01_perimetres_particuliers_pv_simplifier: GetMap request is blocked for this layer
2026-01-11 04:44:18,623 - Scraping log - scraper.py > get_service_info(): Line 316 - WARNING - sdt_02_01_perimetres_particuliers_pa_label: GetMap request is blocked for this layer
2026-01-11 04:44:19,253 - Scraping log - scraper.py > get_service_info(): Line 316 - WARNING - sdt_02_01_perimetres_particuliers_pa_1: GetMap request is blocked for this layer
2026-01-11 04:44:19,868 - Scraping log - scraper.py > get_service_info(): Line 316 - WARNING - sdt_02_01_perimetres_particuliers_pa_2: GetMap request is blocked for this layer
2026-01-11 04:44:20,473 - Scraping log - scraper.py > get_service_info(): Line 316 - WARNING - sdt_02_01_patrimoine_bati_ligne_interrogation: GetMap request is blocked for this layer
2026-01-11 04:44:21,147 - Scraping log - scraper.py > get_service_info(): Line 316 - WARNING - sdt_02_01_patrimoine_bati_ligne_1: GetMap request is blocked for this layer
2026-01-11 04:44:21,789 - Scraping log - scraper.py > get_service_info(): Line 316 - WARNING - sdt_02_01_patrimoine_bati_point_interrogation: GetMap request is blocked for this layer
2026-01-11 04:44:22,420 - Scraping log - scraper.py > get_service_info(): Line 316 - WARNING - sdt_02_01_patrimoine_bati_point_1: GetMap request is blocked for this layer
2026-01-11 04:44:23,032 - Scraping log - scraper.py > get_service_info(): Line 316 - WARNING - sdt_02_01_patrimoine_naturel_ligne_interrogation: GetMap request is blocked for this layer
2026-01-11 04:44:23,696 - Scraping log - scraper.py > get_service_info(): Line 316 - WARNING - sdt_02_01_patrimoine_naturel_ligne_1: GetMap request is blocked for this layer
2026-01-11 04:44:24,299 - Scraping log - scraper.py > get_service_info(): Line 316 - WARNING - sdt_02_01_patrimoine_naturel_ligne_2: GetMap request is blocked for this layer
2026-01-11 04:44:24,907 - Scraping log - scraper.py > get_service_info(): Line 316 - WARNING - sdt_02_01_patrimoine_naturel_ligne_3: GetMap request is blocked for this layer
2026-01-11 04:44:25,537 - Scraping log - scraper.py > get_service_info(): Line 316 - WARNING - sdt_02_01_patrimoine_naturel_point_interrogation: GetMap request is blocked for this layer
2026-01-11 04:44:26,146 - Scraping log - scraper.py > get_service_info(): Line 316 - WARNING - sdt_02_01_patrimoine_naturel_point_1: GetMap request is blocked for this layer
2026-01-11 04:44:26,755 - Scraping log - scraper.py > get_service_info(): Line 316 - WARNING - sdt_02_01_patrimoine_naturel_point_2: GetMap request is blocked for this layer
2026-01-11 04:44:27,414 - Scraping log - scraper.py > get_service_info(): Line 316 - WARNING - sdt_02_01_patrimoine_naturel_surface_interrogation: GetMap request is blocked for this layer
2026-01-11 04:44:28,063 - Scraping log - scraper.py > get_service_info(): Line 316 - WARNING - sdt_02_01_patrimoine_naturel_surface: GetMap request is blocked for this layer
2026-01-11 04:44:28,704 - Scraping log - scraper.py > get_service_info(): Line 316 - WARNING - sdt_02_01_patrimoine_naturel_surface_doline_1: GetMap request is blocked for this layer
2026-01-11 04:44:29,311 - Scraping log - scraper.py > get_service_info(): Line 316 - WARNING - sdt_02_01_patrimoine_naturel_surface_doline_2: GetMap request is blocked for this layer
2026-01-11 04:44:29,967 - Scraping log - scraper.py > get_service_info(): Line 316 - WARNING - sdt_02_01_patrimoine_naturel_surface_doline_3: GetMap request is blocked for this layer
2026-01-11 04:44:30,579 - Scraping log - scraper.py > get_service_info(): Line 316 - WARNING - sdt_02_01_patrimoine_naturel_surface_doline_4: GetMap request is blocked for this layer
2026-01-11 04:44:31,188 - Scraping log - scraper.py > get_service_info(): Line 316 - WARNING - sdt_02_01_hors_legende_type_surface: GetMap request is blocked for this layer
2026-01-11 04:44:31,812 - Scraping log - scraper.py > get_service_info(): Line 316 - WARNING - sdt_02_01_hors_legende_type_ligne: GetMap request is blocked for this layer
2026-01-11 04:44:32,432 - Scraping log - scraper.py > get_service_info(): Line 316 - WARNING - sdt_02_01_hors_legende_type_point: GetMap request is blocked for this layer
2026-01-11 04:44:33,040 - Scraping log - scraper.py > get_service_info(): Line 316 - WARNING - sdt_02_01_infos_indicatives_foret: GetMap request is blocked for this layer
2026-01-11 04:44:33,699 - Scraping log - scraper.py > get_service_info(): Line 316 - WARNING - sdt_02_01_infos_indicatives_foret_simplifier: GetMap request is blocked for this layer
2026-01-11 04:44:34,352 - Scraping log - scraper.py > get_service_info(): Line 316 - WARNING - sdt_02_01_infos_indicatives_paturage_boise: GetMap request is blocked for this layer
2026-01-11 04:44:34,999 - Scraping log - scraper.py > get_service_info(): Line 316 - WARNING - sdt_02_01_infos_indicatives_paturage_boise_simplifier: GetMap request is blocked for this layer
2026-01-11 04:44:35,609 - Scraping log - scraper.py > get_service_info(): Line 316 - WARNING - sdt_02_01_infos_indicatives_infra_militaire: GetMap request is blocked for this layer
2026-01-11 04:44:36,257 - Scraping log - scraper.py > get_service_info(): Line 316 - WARNING - crdppf_r108_plan_zone_securite_aeroport_pal: GetMap request is blocked for this layer
2026-01-11 04:44:36,874 - Scraping log - scraper.py > get_service_info(): Line 316 - WARNING - sdt_02_01_infos_indicatives_perimetre_exploitation_ferroviaire: GetMap request is blocked for this layer
2026-01-11 04:44:37,500 - Scraping log - scraper.py > get_service_info(): Line 316 - WARNING - ofev_04_06_if_paysage_pal: GetMap request is blocked for this layer
2026-01-11 04:44:38,140 - Scraping log - scraper.py > get_service_info(): Line 316 - WARNING - sdt_02_01_infos_indicatives_perimetre_protection_eaux_interrogation: GetMap request is blocked for this layer
2026-01-11 04:44:38,756 - Scraping log - scraper.py > get_service_info(): Line 316 - WARNING - sdt_02_01_infos_indicatives_perimetre_protection_eaux_1: GetMap request is blocked for this layer
2026-01-11 04:44:39,358 - Scraping log - scraper.py > get_service_info(): Line 316 - WARNING - sdt_02_01_infos_indicatives_perimetre_protection_eaux_2: GetMap request is blocked for this layer
2026-01-11 04:44:40,019 - Scraping log - scraper.py > get_service_info(): Line 316 - WARNING - sdt_02_01_infos_indicatives_sites_archeo_paleonto_interrogation: GetMap request is blocked for this layer
2026-01-11 04:44:40,670 - Scraping log - scraper.py > get_service_info(): Line 316 - WARNING - sdt_02_01_infos_indicatives_sites_archeo_paleonto_1: GetMap request is blocked for this layer
2026-01-11 04:44:41,300 - Scraping log - scraper.py > get_service_info(): Line 316 - WARNING - sdt_02_01_infos_indicatives_sites_archeo_paleonto_2: GetMap request is blocked for this layer
2026-01-11 04:44:41,908 - Scraping log - scraper.py > get_service_info(): Line 316 - WARNING - sdt_02_01_infos_indicatives_reserves_naturelle_interrogation: GetMap request is blocked for this layer
2026-01-11 04:44:42,556 - Scraping log - scraper.py > get_service_info(): Line 316 - WARNING - sdt_02_01_infos_indicatives_reserves_naturelle_1: GetMap request is blocked for this layer
2026-01-11 04:44:43,154 - Scraping log - scraper.py > get_service_info(): Line 316 - WARNING - sdt_02_01_infos_indicatives_reserves_naturelle_2: GetMap request is blocked for this layer
2026-01-11 04:44:43,766 - Scraping log - scraper.py > get_service_info(): Line 316 - WARNING - sdt_02_01_infos_illustratives_point_de_vue: GetMap request is blocked for this layer
2026-01-11 04:44:44,402 - Scraping log - scraper.py > get_service_info(): Line 316 - WARNING - sdt_02_01_infos_illustratives_chemin_pietons: GetMap request is blocked for this layer
2026-01-11 04:44:45,011 - Scraping log - scraper.py > get_service_info(): Line 316 - WARNING - sdt_02_01_infos_illustratives_ligne_haute_tension: GetMap request is blocked for this layer
2026-01-11 04:44:45,614 - Scraping log - scraper.py > get_service_info(): Line 316 - WARNING - sdt_02_01_secteurs_dangers_naturels_interrogation: GetMap request is blocked for this layer
2026-01-11 04:44:46,220 - Scraping log - scraper.py > get_service_info(): Line 316 - WARNING - sdt_02_01_secteurs_dangers_naturels_interrogation_simplifier: GetMap request is blocked for this layer
2026-01-11 04:44:46,882 - Scraping log - scraper.py > get_service_info(): Line 316 - WARNING - sdt_02_01_secteurs_dangers_naturels_secteur_indication_danger: GetMap request is blocked for this layer
2026-01-11 04:44:47,526 - Scraping log - scraper.py > get_service_info(): Line 316 - WARNING - sdt_02_01_secteurs_dangers_naturels_secteur_indication_danger_simplifier: GetMap request is blocked for this layer
2026-01-11 04:44:48,164 - Scraping log - scraper.py > get_service_info(): Line 316 - WARNING - sdt_02_01_secteurs_dangers_naturels_niveau_danger_residuel: GetMap request is blocked for this layer
2026-01-11 04:44:48,773 - Scraping log - scraper.py > get_service_info(): Line 316 - WARNING - sdt_02_01_secteurs_dangers_naturels_niveau_danger_residuel_simplifier: GetMap request is blocked for this layer
2026-01-11 04:44:49,430 - Scraping log - scraper.py > get_service_info(): Line 316 - WARNING - sdt_02_01_secteurs_dangers_naturels_niveau_danger_faible: GetMap request is blocked for this layer
2026-01-11 04:44:50,039 - Scraping log - scraper.py > get_service_info(): Line 316 - WARNING - sdt_02_01_secteurs_dangers_naturels_niveau_danger_faible_simplifier: GetMap request is blocked for this layer
2026-01-11 04:44:50,645 - Scraping log - scraper.py > get_service_info(): Line 316 - WARNING - sdt_02_01_secteurs_dangers_naturels_niveau_danger_moyen: GetMap request is blocked for this layer
2026-01-11 04:44:51,276 - Scraping log - scraper.py > get_service_info(): Line 316 - WARNING - sdt_02_01_secteurs_dangers_naturels_niveau_danger_moyen_simplifier: GetMap request is blocked for this layer
2026-01-11 04:44:51,890 - Scraping log - scraper.py > get_service_info(): Line 316 - WARNING - sdt_02_01_secteurs_dangers_naturels_niveau_danger_eleve: GetMap request is blocked for this layer
2026-01-11 04:44:52,505 - Scraping log - scraper.py > get_service_info(): Line 316 - WARNING - sdt_02_01_secteurs_dangers_naturels_niveau_danger_eleve_simplifier: GetMap request is blocked for this layer
2026-01-11 04:44:53,171 - Scraping log - scraper.py > get_service_info(): Line 316 - WARNING - sdt_02_01_secteurs_dangers_naturels_danger_effondrement: GetMap request is blocked for this layer
2026-01-11 04:44:53,866 - Scraping log - scraper.py > get_service_info(): Line 316 - WARNING - sdt_02_01_secteurs_dangers_naturels_danger_effondrement_simplifier: GetMap request is blocked for this layer
2026-01-11 04:44:54,493 - Scraping log - scraper.py > get_service_info(): Line 316 - WARNING - sdt_02_01_secteurs_dangers_naturels_limite_echelle_1000: GetMap request is blocked for this layer
2026-01-11 04:44:55,095 - Scraping log - scraper.py > get_service_info(): Line 316 - WARNING - sdt_02_01_pal_plan_dangers_naturel_localites_approuvees: GetMap request is blocked for this layer
2026-01-11 04:44:55,756 - Scraping log - scraper.py > get_service_info(): Line 316 - WARNING - sdt_02_01_perimetres_particuliers_pdn_masque: GetMap request is blocked for this layer
2026-01-11 04:44:56,358 - Scraping log - scraper.py > get_service_info(): Line 316 - WARNING - sdt_02_01_perimetres_particuliers_pdn_interrogation: GetMap request is blocked for this layer
2026-01-11 04:44:56,968 - Scraping log - scraper.py > get_service_info(): Line 316 - WARNING - sdt_02_01_perimetres_particuliers_pdn_1_02: GetMap request is blocked for this layer
2026-01-11 04:44:57,589 - Scraping log - scraper.py > get_service_info(): Line 316 - WARNING - sdt_02_01_perimetres_particuliers_pdn_2_02: GetMap request is blocked for this layer
2026-01-11 04:44:58,208 - Scraping log - scraper.py > get_service_info(): Line 316 - WARNING - sdt_02_01_perimetres_particuliers_pdn_3: GetMap request is blocked for this layer
2026-01-11 04:44:58,822 - Scraping log - scraper.py > get_service_info(): Line 316 - WARNING - fond_plan_blanc_plan_cadastral: GetMap request is blocked for this layer
2026-01-11 04:44:59,497 - Scraping log - scraper.py > get_service_info(): Line 316 - WARNING - sdt_01_04_md_sit_bf_interrogation: GetMap request is blocked for this layer
2026-01-11 04:45:00,140 - Scraping log - scraper.py > get_service_info(): Line 316 - WARNING - sdt_01_04_md_sit_objets_divers_polygones_1: GetMap request is blocked for this layer
2026-01-11 04:45:00,779 - Scraping log - scraper.py > get_service_info(): Line 316 - WARNING - sdt_01_04_md_sit_cs_surface_nb: GetMap request is blocked for this layer
2026-01-11 04:45:01,402 - Scraping log - scraper.py > get_service_info(): Line 316 - WARNING - sdt_01_04_md_sit_cs_surface_proj: GetMap request is blocked for this layer
2026-01-11 04:45:02,059 - Scraping log - scraper.py > get_service_info(): Line 316 - WARNING - sdt_01_04_md_sit_adr_entree_batiment_01: GetMap request is blocked for this layer
2026-01-11 04:45:02,663 - Scraping log - scraper.py > get_service_info(): Line 316 - WARNING - sdt_01_04_md_sit_cs_numero_batiment_proj: GetMap request is blocked for this layer
2026-01-11 04:45:03,275 - Scraping log - scraper.py > get_service_info(): Line 316 - WARNING - sdt_01_04_md_sit_objets_divers_postext: GetMap request is blocked for this layer
2026-01-11 04:45:03,926 - Scraping log - scraper.py > get_service_info(): Line 316 - WARNING - sdt_01_04_md_sit_adr_entree_batiment_02: GetMap request is blocked for this layer
2026-01-11 04:45:04,574 - Scraping log - scraper.py > get_service_info(): Line 316 - WARNING - sdt_01_04_md_sit_objets_divers_lignes: GetMap request is blocked for this layer
2026-01-11 04:45:05,185 - Scraping log - scraper.py > get_service_info(): Line 316 - WARNING - sdt_01_04_md_sit_objets_divers_polygones: GetMap request is blocked for this layer
2026-01-11 04:45:05,844 - Scraping log - scraper.py > get_service_info(): Line 316 - WARNING - sdt_01_04_md_sit_bf_bien_fonds: GetMap request is blocked for this layer
2026-01-11 04:45:06,487 - Scraping log - scraper.py > get_service_info(): Line 316 - WARNING - sdt_01_04_md_sit_bf_bien_fonds_proj: GetMap request is blocked for this layer
2026-01-11 04:45:07,141 - Scraping log - scraper.py > get_service_info(): Line 316 - WARNING - sdt_01_04_md_sit_bf_ddp: GetMap request is blocked for this layer
2026-01-11 04:45:07,784 - Scraping log - scraper.py > get_service_info(): Line 316 - WARNING - sdt_01_04_md_sit_bf_ddp_proj: GetMap request is blocked for this layer
2026-01-11 04:45:08,454 - Scraping log - scraper.py > get_service_info(): Line 316 - WARNING - sdt_01_04_md_sit_bf_posimmeuble_ligne_auxiliaire: GetMap request is blocked for this layer
2026-01-11 04:45:09,087 - Scraping log - scraper.py > get_service_info(): Line 316 - WARNING - sdt_01_04_md_sit_bf_posimmeuble_proj_ligne_aux: GetMap request is blocked for this layer
2026-01-11 04:45:09,705 - Scraping log - scraper.py > get_service_info(): Line 316 - WARNING - sdt_01_04_md_sit_bf_posimmeuble_1: GetMap request is blocked for this layer
2026-01-11 04:45:10,326 - Scraping log - scraper.py > get_service_info(): Line 316 - WARNING - sdt_01_04_md_sit_bf_posimmeuble_2: GetMap request is blocked for this layer
2026-01-11 04:45:10,926 - Scraping log - scraper.py > get_service_info(): Line 316 - WARNING - sdt_01_04_md_sit_bf_posimmeuble_proj_1: GetMap request is blocked for this layer
2026-01-11 04:45:11,572 - Scraping log - scraper.py > get_service_info(): Line 316 - WARNING - sdt_01_04_md_sit_bf_posimmeuble_proj_2: GetMap request is blocked for this layer
2026-01-11 04:45:12,244 - Scraping log - scraper.py > get_service_info(): Line 316 - WARNING - sdt_01_04_md_sit_objets_divers_ponctuel: GetMap request is blocked for this layer
2026-01-11 04:45:12,891 - Scraping log - scraper.py > get_service_info(): Line 316 - WARNING - sdt_01_04_md_sit_bf_points_limites: GetMap request is blocked for this layer
2026-01-11 04:45:13,517 - Scraping log - scraper.py > get_service_info(): Line 316 - WARNING - sdt_01_04_md_sit_nomenclature_noms_posnom_1: GetMap request is blocked for this layer
2026-01-11 04:45:14,127 - Scraping log - scraper.py > get_service_info(): Line 316 - WARNING - sdt_01_04_md_sit_adr_troncon_rue_gr_sdt_01_04: GetMap request is blocked for this layer
2026-01-11 04:45:14,796 - Scraping log - scraper.py > get_service_info(): Line 316 - WARNING - sdt_01_04_md_sit_nomenclature_noms_posnom_2: GetMap request is blocked for this layer
2026-01-11 04:45:15,422 - Scraping log - scraper.py > get_service_info(): Line 316 - WARNING - sdt_01_04_md_sit_nomenclature_noms_posnom: GetMap request is blocked for this layer
2026-01-11 04:45:16,026 - Scraping log - scraper.py > get_service_info(): Line 316 - WARNING - sdt_01_04_md_sit_cs_surface_batiment_seul: GetMap request is blocked for this layer
2026-01-11 04:45:16,654 - Scraping log - scraper.py > get_service_info(): Line 316 - WARNING - sdt_01_04_md_sit_adr_entree_batiment_seul: GetMap request is blocked for this layer
2026-01-11 04:45:17,279 - Scraping log - scraper.py > get_service_info(): Line 316 - WARNING - sdt_01_04_md_sit_cs_surface_batiments_proj_seul: GetMap request is blocked for this layer
2026-01-11 04:45:17,891 - Scraping log - scraper.py > get_service_info(): Line 316 - WARNING - sdt_01_04_md_sit_cs_numero_batiment_proj_seul: GetMap request is blocked for this layer
2026-01-11 04:45:18,572 - Scraping log - scraper.py > get_service_info(): Line 316 - WARNING - sdt_01_04_md_sit_adr_troncon_rue_1: GetMap request is blocked for this layer
2026-01-11 04:45:19,225 - Scraping log - scraper.py > get_service_info(): Line 316 - WARNING - sdt_01_04_md_sit_adr_troncon_rue_2: GetMap request is blocked for this layer
2026-01-11 04:45:19,861 - Scraping log - scraper.py > get_service_info(): Line 316 - WARNING - sdt_01_04_md_sit_as_element_lineaire: GetMap request is blocked for this layer
2026-01-11 04:45:20,487 - Scraping log - scraper.py > get_service_info(): Line 316 - WARNING - sdt_01_04_md_sit_as_element_surfacique: GetMap request is blocked for this layer
2026-01-11 04:45:21,194 - Scraping log - scraper.py > get_service_info(): Line 316 - WARNING - sdt_01_04_md_sit_bf_interrogation_accrochage: GetMap request is blocked for this layer
2026-01-11 04:45:21,802 - Scraping log - scraper.py > get_service_info(): Line 316 - WARNING - sdt_01_04_md_sit_bf_bien_fonds_accrochage: GetMap request is blocked for this layer
2026-01-11 04:45:22,410 - Scraping log - scraper.py > get_service_info(): Line 316 - WARNING - sdt_01_04_md_sit_bf_bien_fonds_proj_accrochage: GetMap request is blocked for this layer
2026-01-11 04:45:23,047 - Scraping log - scraper.py > get_service_info(): Line 316 - WARNING - sdt_01_04_md_sit_bf_ddp_accrochage: GetMap request is blocked for this layer
2026-01-11 04:45:23,652 - Scraping log - scraper.py > get_service_info(): Line 316 - WARNING - sdt_01_04_md_sit_bf_ddp_proj_accrochage: GetMap request is blocked for this layer
2026-01-11 04:45:24,431 - Scraping log - scraper.py > get_service_info(): Line 316 - WARNING - sdt_01_04_md_sit_objets_divers_polygones_accrochage_1: GetMap request is blocked for this layer
2026-01-11 04:45:25,102 - Scraping log - scraper.py > get_service_info(): Line 316 - WARNING - sdt_01_04_md_sit_objets_divers_lignes_accrochage: GetMap request is blocked for this layer
2026-01-11 04:45:25,748 - Scraping log - scraper.py > get_service_info(): Line 316 - WARNING - sdt_01_04_md_sit_objets_divers_polygones_accrochage_2: GetMap request is blocked for this layer
2026-01-11 04:45:26,411 - Scraping log - scraper.py > get_service_info(): Line 316 - WARNING - cad_cond_21_08_disponibilite_electricite_interrogation: GetMap request is blocked for this layer
2026-01-11 04:45:27,013 - Scraping log - scraper.py > get_service_info(): Line 316 - WARNING - cad_cond_21_08_disponibilite_electricite_Swissgrid: GetMap request is blocked for this layer
2026-01-11 04:45:27,691 - Scraping log - scraper.py > get_service_info(): Line 316 - WARNING - cad_cond_21_08_disponibilite_electricite_Soulce: GetMap request is blocked for this layer
2026-01-11 04:45:28,307 - Scraping log - scraper.py > get_service_info(): Line 316 - WARNING - cad_cond_21_08_disponibilite_electricite_Delemont: GetMap request is blocked for this layer
2026-01-11 04:45:28,921 - Scraping log - scraper.py > get_service_info(): Line 316 - WARNING - cad_cond_21_08_disponibilite_electricite_La_Goule: GetMap request is blocked for this layer
2026-01-11 04:45:29,560 - Scraping log - scraper.py > get_service_info(): Line 316 - WARNING - cad_cond_21_08_disponibilite_electricite_Develier: GetMap request is blocked for this layer
2026-01-11 04:45:30,196 - Scraping log - scraper.py > get_service_info(): Line 316 - WARNING - cad_cond_21_08_disponibilite_electricite_Courchapoix: GetMap request is blocked for this layer
2026-01-11 04:45:30,813 - Scraping log - scraper.py > get_service_info(): Line 316 - WARNING - cad_cond_21_08_disponibilite_electricite_BKW: GetMap request is blocked for this layer
2026-01-11 04:45:31,477 - Scraping log - scraper.py > get_service_info(): Line 316 - WARNING - swisstopo_11_01_siegfried_1945_raster: GetMap request is blocked for this layer
2026-01-11 04:45:32,129 - Scraping log - scraper.py > get_service_info(): Line 316 - WARNING - swisstopo_11_01_siegfried_1945_pas_data: GetMap request is blocked for this layer
2026-01-11 04:45:40,185 - Scraping log - scraper.py > get_service_info(): Line 316 - WARNING - swisstopo_11_02_cn10_2019: GetMap request is blocked for this layer
2026-01-11 04:45:43,060 - Scraping log - scraper.py > get_service_info(): Line 316 - WARNING - swisstopo_11_02_cn10_2023: GetMap request is blocked for this layer
2026-01-11 04:45:47,412 - Scraping log - scraper.py > get_service_info(): Line 316 - WARNING - occ_01_16_perimetres_plans_cadastraux_1800_1829_fusion: GetMap request is blocked for this layer
2026-01-11 04:45:48,772 - Scraping log - scraper.py > get_service_info(): Line 316 - WARNING - occ_01_16_perimetres_plans_cadastraux_1830_1859_fusion: GetMap request is blocked for this layer
2026-01-11 04:45:49,996 - Scraping log - scraper.py > get_service_info(): Line 316 - WARNING - occ_01_16_perimetres_plans_cadastraux_1860_1879_fusion: GetMap request is blocked for this layer
2026-01-11 04:45:51,298 - Scraping log - scraper.py > get_service_info(): Line 316 - WARNING - occ_01_16_perimetres_plans_cadastraux_1880_1899_fusion: GetMap request is blocked for this layer
2026-01-11 04:45:52,560 - Scraping log - scraper.py > get_service_info(): Line 316 - WARNING - occ_01_16_perimetres_plans_cadastraux_1900_1939_fusion: GetMap request is blocked for this layer
2026-01-11 04:45:53,306 - Scraping log - scraper.py > get_service_info(): Line 316 - WARNING - sdt_01_04_h_fond_blanc: GetMap request is blocked for this layer
2026-01-11 04:45:53,920 - Scraping log - scraper.py > get_service_info(): Line 316 - WARNING - sdt_01_04_h_bf_bien_fonds: GetMap request is blocked for this layer
2026-01-11 04:45:54,596 - Scraping log - scraper.py > get_service_info(): Line 316 - WARNING - sdt_01_04_h_bf_ddp: GetMap request is blocked for this layer
2026-01-11 04:45:55,198 - Scraping log - scraper.py > get_service_info(): Line 316 - WARNING - sdt_01_04_h_cs_surface: GetMap request is blocked for this layer
2026-01-11 04:45:55,802 - Scraping log - scraper.py > get_service_info(): Line 316 - WARNING - sdt_01_04_h_objets_divers_polygones_1: GetMap request is blocked for this layer
2026-01-11 04:45:56,416 - Scraping log - scraper.py > get_service_info(): Line 316 - WARNING - sdt_01_04_h_objets_divers_lignes: GetMap request is blocked for this layer
2026-01-11 04:45:57,081 - Scraping log - scraper.py > get_service_info(): Line 316 - WARNING - sdt_01_04_h_objets_divers_polygones_2: GetMap request is blocked for this layer
2026-01-11 04:45:57,710 - Scraping log - scraper.py > get_service_info(): Line 316 - WARNING - sdt_01_04_h_objets_divers_ponctuel: GetMap request is blocked for this layer
2026-01-11 04:45:58,323 - Scraping log - scraper.py > get_service_info(): Line 316 - WARNING - sdt_01_04_h_cs_surface_batiment: GetMap request is blocked for this layer
2026-01-11 04:45:58,990 - Scraping log - scraper.py > get_service_info(): Line 316 - WARNING - sdt_01_04_h_bf_points_limites: GetMap request is blocked for this layer
2026-01-11 04:45:59,640 - Scraping log - scraper.py > get_service_info(): Line 316 - WARNING - env_08_04_carte_indicative_dangers_effondrement_normal: GetMap request is blocked for this layer
2026-01-11 04:46:00,248 - Scraping log - scraper.py > get_service_info(): Line 316 - WARNING - env_08_04_carte_indicative_dangers_effondrement_simplifier: GetMap request is blocked for this layer
2026-01-11 04:46:00,912 - Scraping log - scraper.py > get_service_info(): Line 316 - WARNING - env_08_04_carte_indicative_dangers_effondrement_masque: GetMap request is blocked for this layer
2026-01-11 04:46:01,556 - Scraping log - scraper.py > get_service_info(): Line 316 - WARNING - env_08_07_cd_synthese_danger_interrogation: GetMap request is blocked for this layer
2026-01-11 04:46:02,179 - Scraping log - scraper.py > get_service_info(): Line 316 - WARNING - env_08_07_cd_synthese_danger_interrogation_simplifier: GetMap request is blocked for this layer
2026-01-11 04:46:02,787 - Scraping log - scraper.py > get_service_info(): Line 316 - WARNING - env_08_07_cd_synthese_danger_secteur_indication_dangers: GetMap request is blocked for this layer
2026-01-11 04:46:03,454 - Scraping log - scraper.py > get_service_info(): Line 316 - WARNING - env_08_07_cd_synthese_danger_secteur_indication_dangers_simplifier: GetMap request is blocked for this layer
2026-01-11 04:46:04,129 - Scraping log - scraper.py > get_service_info(): Line 316 - WARNING - env_08_07_cd_synthese_danger_residuel: GetMap request is blocked for this layer
2026-01-11 04:46:04,753 - Scraping log - scraper.py > get_service_info(): Line 316 - WARNING - env_08_07_cd_synthese_danger_residuel_simplifier: GetMap request is blocked for this layer
2026-01-11 04:46:05,409 - Scraping log - scraper.py > get_service_info(): Line 316 - WARNING - env_08_07_cd_synthese_danger_faible: GetMap request is blocked for this layer
2026-01-11 04:46:06,044 - Scraping log - scraper.py > get_service_info(): Line 316 - WARNING - env_08_07_cd_synthese_danger_faible_simplifier: GetMap request is blocked for this layer
2026-01-11 04:46:06,646 - Scraping log - scraper.py > get_service_info(): Line 316 - WARNING - env_08_07_cd_synthese_danger_moyen: GetMap request is blocked for this layer
2026-01-11 04:46:07,314 - Scraping log - scraper.py > get_service_info(): Line 316 - WARNING - env_08_07_cd_synthese_danger_moyen_simplifier: GetMap request is blocked for this layer
2026-01-11 04:46:07,921 - Scraping log - scraper.py > get_service_info(): Line 316 - WARNING - Cenv_08_07_cd_synthese_danger_eleve: GetMap request is blocked for this layer
2026-01-11 04:46:08,631 - Scraping log - scraper.py > get_service_info(): Line 316 - WARNING - env_08_07_cd_synthese_danger_eleve_simplifier: GetMap request is blocked for this layer
2026-01-11 04:46:09,243 - Scraping log - scraper.py > get_service_info(): Line 316 - WARNING - env_08_07_cd_synthese_danger_masque: GetMap request is blocked for this layer
2026-01-11 04:46:09,912 - Scraping log - scraper.py > get_service_info(): Line 316 - WARNING - env_08_02_cd_f_danger_chp_interrogation: GetMap request is blocked for this layer
2026-01-11 04:46:10,538 - Scraping log - scraper.py > get_service_info(): Line 316 - WARNING - env_08_02_cd_f_danger_chp_interrogation_simplifier: GetMap request is blocked for this layer
2026-01-11 04:46:11,164 - Scraping log - scraper.py > get_service_info(): Line 316 - WARNING - env_08_02_cd_f_danger_chp_indicative: GetMap request is blocked for this layer
2026-01-11 04:46:11,825 - Scraping log - scraper.py > get_service_info(): Line 316 - WARNING - env_08_02_cd_f_danger_chp_indicative_simplifier: GetMap request is blocked for this layer
2026-01-11 04:46:12,466 - Scraping log - scraper.py > get_service_info(): Line 316 - WARNING - env_08_02_cd_f_danger_chp_residuel: GetMap request is blocked for this layer
2026-01-11 04:46:13,095 - Scraping log - scraper.py > get_service_info(): Line 316 - WARNING - env_08_02_cd_f_danger_chp_residuel_simplifier: GetMap request is blocked for this layer
2026-01-11 04:46:13,750 - Scraping log - scraper.py > get_service_info(): Line 316 - WARNING - env_08_02_cd_f_danger_chp_faible: GetMap request is blocked for this layer
2026-01-11 04:46:14,379 - Scraping log - scraper.py > get_service_info(): Line 316 - WARNING - env_08_02_cd_f_danger_chp_faible_simplifier: GetMap request is blocked for this layer
2026-01-11 04:46:14,995 - Scraping log - scraper.py > get_service_info(): Line 316 - WARNING - env_08_02_cd_f_danger_chp_moyen: GetMap request is blocked for this layer
2026-01-11 04:46:15,617 - Scraping log - scraper.py > get_service_info(): Line 316 - WARNING - env_08_02_cd_f_danger_chp_moyen_simplifier: GetMap request is blocked for this layer
2026-01-11 04:46:16,292 - Scraping log - scraper.py > get_service_info(): Line 316 - WARNING - env_08_02_cd_f_danger_chp_eleve: GetMap request is blocked for this layer
2026-01-11 04:46:16,934 - Scraping log - scraper.py > get_service_info(): Line 316 - WARNING - env_08_02_cd_f_danger_chp_eleve_simplifier: GetMap request is blocked for this layer
2026-01-11 04:46:17,541 - Scraping log - scraper.py > get_service_info(): Line 316 - WARNING - env_08_02_cd_f_danger_chp_masque: GetMap request is blocked for this layer
2026-01-11 04:46:18,192 - Scraping log - scraper.py > get_service_info(): Line 316 - WARNING - env_08_02_cd_f_danger_ero_interrogation: GetMap request is blocked for this layer
2026-01-11 04:46:18,825 - Scraping log - scraper.py > get_service_info(): Line 316 - WARNING - env_08_02_cd_f_danger_ero_interrogation_simplifier: GetMap request is blocked for this layer
2026-01-11 04:46:19,432 - Scraping log - scraper.py > get_service_info(): Line 316 - WARNING - env_08_02_cd_f_danger_ero_indicative: GetMap request is blocked for this layer
2026-01-11 04:46:20,092 - Scraping log - scraper.py > get_service_info(): Line 316 - WARNING - env_08_02_cd_f_danger_ero_indicative_simplifier: GetMap request is blocked for this layer
2026-01-11 04:46:20,720 - Scraping log - scraper.py > get_service_info(): Line 316 - WARNING - env_08_02_cd_f_danger_ero_residuel: GetMap request is blocked for this layer
2026-01-11 04:46:21,319 - Scraping log - scraper.py > get_service_info(): Line 316 - WARNING - env_08_02_cd_f_danger_ero_residuel_simplifier: GetMap request is blocked for this layer
2026-01-11 04:46:21,940 - Scraping log - scraper.py > get_service_info(): Line 316 - WARNING - env_08_02_cd_f_danger_ero_faible: GetMap request is blocked for this layer
2026-01-11 04:46:22,604 - Scraping log - scraper.py > get_service_info(): Line 316 - WARNING - env_08_02_cd_f_danger_ero_faible_simplifier: GetMap request is blocked for this layer
2026-01-11 04:46:23,255 - Scraping log - scraper.py > get_service_info(): Line 316 - WARNING - env_08_02_cd_f_danger_ero_moyen: GetMap request is blocked for this layer
2026-01-11 04:46:23,869 - Scraping log - scraper.py > get_service_info(): Line 316 - WARNING - env_08_02_cd_f_danger_ero_moyen_simplifier: GetMap request is blocked for this layer
2026-01-11 04:46:24,518 - Scraping log - scraper.py > get_service_info(): Line 316 - WARNING - env_08_02_cd_f_danger_ero_eleve: GetMap request is blocked for this layer
2026-01-11 04:46:25,158 - Scraping log - scraper.py > get_service_info(): Line 316 - WARNING - env_08_02_cd_f_danger_ero_eleve_simplifier: GetMap request is blocked for this layer
2026-01-11 04:46:25,777 - Scraping log - scraper.py > get_service_info(): Line 316 - WARNING - env_08_02_cd_f_danger_ero_masque: GetMap request is blocked for this layer
2026-01-11 04:46:26,445 - Scraping log - scraper.py > get_service_info(): Line 316 - WARNING - env_08_02_cd_f_danger_glp_interrogation: GetMap request is blocked for this layer
2026-01-11 04:46:27,049 - Scraping log - scraper.py > get_service_info(): Line 316 - WARNING - env_08_02_cd_f_danger_glp_interrogation_simplifier: GetMap request is blocked for this layer
2026-01-11 04:46:27,648 - Scraping log - scraper.py > get_service_info(): Line 316 - WARNING - env_08_02_cd_f_danger_glp_indicative: GetMap request is blocked for this layer
2026-01-11 04:46:28,281 - Scraping log - scraper.py > get_service_info(): Line 316 - WARNING - env_08_02_cd_f_danger_glp_indicative_simplifier: GetMap request is blocked for this layer
2026-01-11 04:46:28,942 - Scraping log - scraper.py > get_service_info(): Line 316 - WARNING - env_08_02_cd_f_danger_glp_residuel: GetMap request is blocked for this layer
2026-01-11 04:46:29,599 - Scraping log - scraper.py > get_service_info(): Line 316 - WARNING - env_08_02_cd_f_danger_glp_residuel_simplifier: GetMap request is blocked for this layer
2026-01-11 04:46:30,212 - Scraping log - scraper.py > get_service_info(): Line 316 - WARNING - env_08_02_cd_f_danger_glp_faible: GetMap request is blocked for this layer
2026-01-11 04:46:30,863 - Scraping log - scraper.py > get_service_info(): Line 316 - WARNING - env_08_02_cd_f_danger_glp_faible_simplifier: GetMap request is blocked for this layer
2026-01-11 04:46:31,505 - Scraping log - scraper.py > get_service_info(): Line 316 - WARNING - env_08_02_cd_f_danger_glp_moyen: GetMap request is blocked for this layer
2026-01-11 04:46:32,123 - Scraping log - scraper.py > get_service_info(): Line 316 - WARNING - env_08_02_cd_f_danger_glp_moyen_simplifier: GetMap request is blocked for this layer
2026-01-11 04:46:32,777 - Scraping log - scraper.py > get_service_info(): Line 316 - WARNING - env_08_02_cd_f_danger_glp_eleve: GetMap request is blocked for this layer
2026-01-11 04:46:33,375 - Scraping log - scraper.py > get_service_info(): Line 316 - WARNING - env_08_02_cd_f_danger_glp_eleve_simplifier: GetMap request is blocked for this layer
2026-01-11 04:46:33,984 - Scraping log - scraper.py > get_service_info(): Line 316 - WARNING - env_08_02_cd_f_danger_glp_masque: GetMap request is blocked for this layer
2026-01-11 04:46:34,648 - Scraping log - scraper.py > get_service_info(): Line 316 - WARNING - env_08_02_cd_f_danger_gls_interrogation: GetMap request is blocked for this layer
2026-01-11 04:46:35,308 - Scraping log - scraper.py > get_service_info(): Line 316 - WARNING - env_08_02_cd_f_danger_gls_interrogation_simplifier: GetMap request is blocked for this layer
2026-01-11 04:46:35,946 - Scraping log - scraper.py > get_service_info(): Line 316 - WARNING - Cenv_08_02_cd_f_danger_gls_indicative: GetMap request is blocked for this layer
2026-01-11 04:46:36,563 - Scraping log - scraper.py > get_service_info(): Line 316 - WARNING - Cenv_08_02_cd_f_danger_gls_indicative_simplifier: GetMap request is blocked for this layer
2026-01-11 04:46:37,216 - Scraping log - scraper.py > get_service_info(): Line 316 - WARNING - env_08_02_cd_f_danger_gls_residuel: GetMap request is blocked for this layer
2026-01-11 04:46:37,861 - Scraping log - scraper.py > get_service_info(): Line 316 - WARNING - env_08_02_cd_f_danger_gls_residuel_simplifier: GetMap request is blocked for this layer
2026-01-11 04:46:38,468 - Scraping log - scraper.py > get_service_info(): Line 316 - WARNING - env_08_02_cd_f_danger_gls_faible: GetMap request is blocked for this layer
2026-01-11 04:46:39,129 - Scraping log - scraper.py > get_service_info(): Line 316 - WARNING - env_08_02_cd_f_danger_gls_faible_simplifier: GetMap request is blocked for this layer
2026-01-11 04:46:39,729 - Scraping log - scraper.py > get_service_info(): Line 316 - WARNING - env_08_02_cd_f_danger_gls_moyen: GetMap request is blocked for this layer
2026-01-11 04:46:40,339 - Scraping log - scraper.py > get_service_info(): Line 316 - WARNING - env_08_02_cd_f_danger_gls_moyen_simplifier: GetMap request is blocked for this layer
2026-01-11 04:46:40,950 - Scraping log - scraper.py > get_service_info(): Line 316 - WARNING - env_08_02_cd_f_danger_gls_eleve: GetMap request is blocked for this layer
2026-01-11 04:46:41,608 - Scraping log - scraper.py > get_service_info(): Line 316 - WARNING - Cenv_08_02_cd_f_danger_gls_eleve_simplifier: GetMap request is blocked for this layer
2026-01-11 04:46:42,251 - Scraping log - scraper.py > get_service_info(): Line 316 - WARNING - env_08_02_cd_f_danger_gls_masque: GetMap request is blocked for this layer
2026-01-11 04:46:42,872 - Scraping log - scraper.py > get_service_info(): Line 316 - WARNING - env_08_02_cd_f_danger_ino_interrogation: GetMap request is blocked for this layer
2026-01-11 04:46:43,520 - Scraping log - scraper.py > get_service_info(): Line 316 - WARNING - env_08_02_cd_f_danger_ino_interrogation_simplifier: GetMap request is blocked for this layer
2026-01-11 04:46:44,161 - Scraping log - scraper.py > get_service_info(): Line 316 - WARNING - env_08_02_cd_f_danger_ino_indicative: GetMap request is blocked for this layer
2026-01-11 04:46:44,778 - Scraping log - scraper.py > get_service_info(): Line 316 - WARNING - env_08_02_cd_f_danger_ino_indicative_simplifier: GetMap request is blocked for this layer
2026-01-11 04:46:45,469 - Scraping log - scraper.py > get_service_info(): Line 316 - WARNING - env_08_02_cd_f_danger_ino_residuel: GetMap request is blocked for this layer
2026-01-11 04:46:46,077 - Scraping log - scraper.py > get_service_info(): Line 316 - WARNING - env_08_02_cd_f_danger_ino_residuel_simplifier: GetMap request is blocked for this layer
2026-01-11 04:46:46,702 - Scraping log - scraper.py > get_service_info(): Line 316 - WARNING - env_08_02_cd_f_danger_ino_faible: GetMap request is blocked for this layer
2026-01-11 04:46:47,334 - Scraping log - scraper.py > get_service_info(): Line 316 - WARNING - env_08_02_cd_f_danger_ino_faible_simplifier: GetMap request is blocked for this layer
2026-01-11 04:46:48,007 - Scraping log - scraper.py > get_service_info(): Line 316 - WARNING - env_08_02_cd_f_danger_ino_moyen: GetMap request is blocked for this layer
2026-01-11 04:46:48,645 - Scraping log - scraper.py > get_service_info(): Line 316 - WARNING - env_08_02_cd_f_danger_ino_moyen_simplifier: GetMap request is blocked for this layer
2026-01-11 04:46:49,254 - Scraping log - scraper.py > get_service_info(): Line 316 - WARNING - env_08_02_cd_f_danger_ino_eleve: GetMap request is blocked for this layer
2026-01-11 04:46:49,897 - Scraping log - scraper.py > get_service_info(): Line 316 - WARNING - env_08_02_cd_f_danger_ino_eleve_simplifier: GetMap request is blocked for this layer
2026-01-11 04:46:50,648 - Scraping log - scraper.py > get_service_info(): Line 316 - WARNING - env_08_02_cd_f_danger_ino_masque: GetMap request is blocked for this layer
2026-01-11 04:46:51,250 - Scraping log - scraper.py > get_service_info(): Line 316 - WARNING - ofev_08_08_carte_alea_ruissellement_normal: GetMap request is blocked for this layer
2026-01-11 04:46:51,910 - Scraping log - scraper.py > get_service_info(): Line 316 - WARNING - ofev_08_08_carte_alea_ruissellement_simplifier: GetMap request is blocked for this layer
2026-01-11 04:46:52,542 - Scraping log - scraper.py > get_service_info(): Line 316 - WARNING - ofev_08_08_carte_alea_ruissellement_masque: GetMap request is blocked for this layer
2026-01-11 04:46:53,149 - Scraping log - scraper.py > get_service_info(): Line 316 - WARNING - env_21_17_cad_ouvrages_routiers_protection_dn_poly: GetMap request is blocked for this layer
2026-01-11 04:46:53,753 - Scraping log - scraper.py > get_service_info(): Line 316 - WARNING - env_21_17_cad_ouvrages_routiers_protection_dn_ligne: GetMap request is blocked for this layer
2026-01-11 04:46:54,435 - Scraping log - scraper.py > get_service_info(): Line 316 - WARNING - env_21_17_cad_ouvrages_routiers_protection_dn_point: GetMap request is blocked for this layer
2026-01-11 04:46:55,107 - Scraping log - scraper.py > get_service_info(): Line 316 - WARNING - env_15_12_strategie_hydroelectrique_ju: GetMap request is blocked for this layer
2026-01-11 04:46:55,725 - Scraping log - scraper.py > get_service_info(): Line 316 - WARNING - env_15_12_points_en_exploitation: GetMap request is blocked for this layer
2026-01-11 04:46:56,376 - Scraping log - scraper.py > get_service_info(): Line 316 - WARNING - sdt_15_06_sites_eoliens_potentiels_interrogation: GetMap request is blocked for this layer
2026-01-11 04:46:57,011 - Scraping log - scraper.py > get_service_info(): Line 316 - WARNING - sdt_15_06_sites_eoliens_potentiels_coordination: GetMap request is blocked for this layer
2026-01-11 04:46:57,626 - Scraping log - scraper.py > get_service_info(): Line 316 - WARNING - sdt_15_06_sites_eoliens_potentiels_projet_modele: GetMap request is blocked for this layer
2026-01-11 04:46:58,283 - Scraping log - scraper.py > get_service_info(): Line 316 - WARNING - env_03_05_nature_forestiere_indicative_geom_normal: GetMap request is blocked for this layer
2026-01-11 04:46:58,892 - Scraping log - scraper.py > get_service_info(): Line 316 - WARNING - env_03_05_nature_forestiere_indicative_geom_simplifier: GetMap request is blocked for this layer
2026-01-11 04:46:59,511 - Scraping log - scraper.py > get_service_info(): Line 316 - WARNING - env_03_29_prediction_etat_sante_hetre_2022_1: GetMap request is blocked for this layer
2026-01-11 04:47:00,129 - Scraping log - scraper.py > get_service_info(): Line 316 - WARNING - env_03_29_prediction_etat_sante_hetre_2022_2: GetMap request is blocked for this layer
2026-01-11 04:47:00,801 - Scraping log - scraper.py > get_service_info(): Line 316 - WARNING - swisstopo_18_04_cartes_geologiques_metainfos: GetMap request is blocked for this layer
2026-01-11 04:47:08,705 - Scraping log - scraper.py > get_service_info(): Line 316 - WARNING - env_18_03_geothermie_limitation_forages_sondes_geothermiques_original: GetMap request is blocked for this layer
2026-01-11 04:47:09,358 - Scraping log - scraper.py > get_service_info(): Line 316 - WARNING - env_18_03_geothermie_limitation_forages_sondes_geothermiques_1: GetMap request is blocked for this layer
2026-01-11 04:47:09,998 - Scraping log - scraper.py > get_service_info(): Line 316 - WARNING - env_18_03_geothermie_limitation_forages_sondes_geothermiques_2: GetMap request is blocked for this layer
2026-01-11 04:47:10,609 - Scraping log - scraper.py > get_service_info(): Line 316 - WARNING - env_18_01_geotopes_geomorphologiques_polygone_interrogation: GetMap request is blocked for this layer
2026-01-11 04:47:11,265 - Scraping log - scraper.py > get_service_info(): Line 316 - WARNING - env_18_01_geotopes_geomorphologiques_polygone_combe_anticlinal_1: GetMap request is blocked for this layer
2026-01-11 04:47:11,871 - Scraping log - scraper.py > get_service_info(): Line 316 - WARNING - env_18_01_geotopes_geomorphologiques_polygone_combe_anticlinal_2: GetMap request is blocked for this layer
2026-01-11 04:47:12,487 - Scraping log - scraper.py > get_service_info(): Line 316 - WARNING - env_18_01_geotopes_geomorphologiques_polygone_polje: GetMap request is blocked for this layer
2026-01-11 04:47:13,118 - Scraping log - scraper.py > get_service_info(): Line 316 - WARNING - env_18_01_geotopes_geomorphologiques_polygone_alignement_doline: GetMap request is blocked for this layer
2026-01-11 04:47:13,783 - Scraping log - scraper.py > get_service_info(): Line 316 - WARNING - env_18_01_geotopes_geomorphologiques_polygone_glissement_terrain: GetMap request is blocked for this layer
2026-01-11 04:47:14,483 - Scraping log - scraper.py > get_service_info(): Line 316 - WARNING - env_18_01_geotopes_geomorphologiques_polygone_tourbiere: GetMap request is blocked for this layer
2026-01-11 04:47:15,093 - Scraping log - scraper.py > get_service_info(): Line 316 - WARNING - env_18_01_geotopes_geomorphologiques_polygone_vallee: GetMap request is blocked for this layer
2026-01-11 04:47:15,734 - Scraping log - scraper.py > get_service_info(): Line 316 - WARNING - env_18_01_geotopes_geomorphologiques_polygone_zone_alluviale: GetMap request is blocked for this layer
2026-01-11 04:47:16,368 - Scraping log - scraper.py > get_service_info(): Line 316 - WARNING - env_18_01_geotopes_geomorphologiques_polygone_zone_humide: GetMap request is blocked for this layer
2026-01-11 04:47:16,984 - Scraping log - scraper.py > get_service_info(): Line 316 - WARNING - env_18_01_geotopes_geomorphologiques_polygone_anticlinal_1: GetMap request is blocked for this layer
2026-01-11 04:47:17,604 - Scraping log - scraper.py > get_service_info(): Line 316 - WARNING - env_18_01_geotopes_geomorphologiques_polygone_anticlinal_2: GetMap request is blocked for this layer
2026-01-11 04:47:18,211 - Scraping log - scraper.py > get_service_info(): Line 316 - WARNING - env_18_01_geotopes_geomorphologiques_polygone_butte_temoin_1: GetMap request is blocked for this layer
2026-01-11 04:47:18,827 - Scraping log - scraper.py > get_service_info(): Line 316 - WARNING - env_18_01_geotopes_geomorphologiques_polygone_butte_temoin_2: GetMap request is blocked for this layer
2026-01-11 04:47:19,452 - Scraping log - scraper.py > get_service_info(): Line 316 - WARNING - env_18_01_geotopes_geomorphologiques_polygone_cluse_1: GetMap request is blocked for this layer
2026-01-11 04:47:20,067 - Scraping log - scraper.py > get_service_info(): Line 316 - WARNING - env_18_01_geotopes_geomorphologiques_polygone_cluse_2: GetMap request is blocked for this layer
2026-01-11 04:47:20,686 - Scraping log - scraper.py > get_service_info(): Line 316 - WARNING - env_18_01_geotopes_geomorphologiques_polygone_combe_lateral: GetMap request is blocked for this layer
2026-01-11 04:47:21,294 - Scraping log - scraper.py > get_service_info(): Line 316 - WARNING - env_18_01_geotopes_geomorphologiques_polygone_cone_dejection: GetMap request is blocked for this layer
2026-01-11 04:47:21,920 - Scraping log - scraper.py > get_service_info(): Line 316 - WARNING - env_18_01_geotopes_geomorphologiques_polygone_cret: GetMap request is blocked for this layer
2026-01-11 04:47:22,538 - Scraping log - scraper.py > get_service_info(): Line 316 - WARNING - env_18_01_geotopes_geomorphologiques_polygone_decoiffement_1: GetMap request is blocked for this layer
2026-01-11 04:47:23,173 - Scraping log - scraper.py > get_service_info(): Line 316 - WARNING - env_18_01_geotopes_geomorphologiques_polygone_decoiffement_2: GetMap request is blocked for this layer
2026-01-11 04:47:23,775 - Scraping log - scraper.py > get_service_info(): Line 316 - WARNING - env_18_01_geotopes_geomorphologiques_polygone_mont_derive: GetMap request is blocked for this layer
2026-01-11 04:47:24,486 - Scraping log - scraper.py > get_service_info(): Line 316 - WARNING - env_18_01_geotopes_geomorphologiques_polygone_ouvala_1: GetMap request is blocked for this layer
2026-01-11 04:47:25,105 - Scraping log - scraper.py > get_service_info(): Line 316 - WARNING - env_18_01_geotopes_geomorphologiques_polygone_ouvala_2: GetMap request is blocked for this layer
2026-01-11 04:47:25,712 - Scraping log - scraper.py > get_service_info(): Line 316 - WARNING - env_18_01_geotopes_geomorphologiques_polygone_synclinal_perche_1: GetMap request is blocked for this layer
2026-01-11 04:47:26,330 - Scraping log - scraper.py > get_service_info(): Line 316 - WARNING - env_18_01_geotopes_geomorphologiques_polygone_synclinal_perche_2: GetMap request is blocked for this layer
2026-01-11 04:47:26,938 - Scraping log - scraper.py > get_service_info(): Line 316 - WARNING - env_18_01_geotopes_geomorphologiques_polygone_vallee_seche_1: GetMap request is blocked for this layer
2026-01-11 04:47:27,544 - Scraping log - scraper.py > get_service_info(): Line 316 - WARNING - env_18_01_geotopes_geomorphologiques_polygone_vallee_seche_2: GetMap request is blocked for this layer
2026-01-11 04:47:28,154 - Scraping log - scraper.py > get_service_info(): Line 316 - WARNING - env_18_01_geotopes_geomorphologiques_polygone_versant_monoclinal_1: GetMap request is blocked for this layer
2026-01-11 04:47:28,786 - Scraping log - scraper.py > get_service_info(): Line 316 - WARNING - env_18_01_geotopes_geomorphologiques_polygone_versant_monoclinal_2: GetMap request is blocked for this layer
2026-01-11 04:47:29,402 - Scraping log - scraper.py > get_service_info(): Line 316 - WARNING - env_04_01_reserves_naturelles_zones_protection_paysagere_Interrogation: GetMap request is blocked for this layer
2026-01-11 04:47:30,003 - Scraping log - scraper.py > get_service_info(): Line 316 - WARNING - env_04_01_reserves_naturelles_en_vigeur: GetMap request is blocked for this layer
2026-01-11 04:47:30,619 - Scraping log - scraper.py > get_service_info(): Line 316 - WARNING - env_04_01_zone_protection_paysagere_en_vigeur: GetMap request is blocked for this layer
2026-01-11 04:47:31,225 - Scraping log - scraper.py > get_service_info(): Line 316 - WARNING - env_04_01_reserves_naturelles_modification_avec_effet_juridique: GetMap request is blocked for this layer
2026-01-11 04:47:31,831 - Scraping log - scraper.py > get_service_info(): Line 316 - WARNING - env_04_01_zones_protection_paysagere_modification_sans_effet_juridique: GetMap request is blocked for this layer
2026-01-11 04:47:32,444 - Scraping log - scraper.py > get_service_info(): Line 316 - WARNING - env_04_01_reserves_naturelles_modification_sans_effet_juridique: GetMap request is blocked for this layer
2026-01-11 04:47:33,125 - Scraping log - scraper.py > get_service_info(): Line 316 - WARNING - env_04_01_zones_protection_paysagere_modification_avec_effet_juridique: GetMap request is blocked for this layer
2026-01-11 04:47:33,756 - Scraping log - scraper.py > get_service_info(): Line 316 - WARNING - env_04_27_neophytes_point_ambroisie_interrogation: GetMap request is blocked for this layer
2026-01-11 04:47:34,400 - Scraping log - scraper.py > get_service_info(): Line 316 - WARNING - env_04_27_neophytes_ambroisie_point: GetMap request is blocked for this layer
2026-01-11 04:47:35,011 - Scraping log - scraper.py > get_service_info(): Line 316 - WARNING - env_04_27_neophytes_poly_ambroisie: GetMap request is blocked for this layer
2026-01-11 04:47:35,625 - Scraping log - scraper.py > get_service_info(): Line 316 - WARNING - env_04_27_neophytes_ailante_interrogation: GetMap request is blocked for this layer
2026-01-11 04:47:36,235 - Scraping log - scraper.py > get_service_info(): Line 316 - WARNING - env_04_27_neophytes_ailante_ailante_point: GetMap request is blocked for this layer
2026-01-11 04:47:36,843 - Scraping log - scraper.py > get_service_info(): Line 316 - WARNING - env_04_27_neophytes_ailante_poly: GetMap request is blocked for this layer
2026-01-11 04:47:37,448 - Scraping log - scraper.py > get_service_info(): Line 316 - WARNING - env_04_27_neophytes_berce_caucase_interrogation: GetMap request is blocked for this layer
2026-01-11 04:47:38,066 - Scraping log - scraper.py > get_service_info(): Line 316 - WARNING - env_04_27_neophytes_berce_caucase_point: GetMap request is blocked for this layer
2026-01-11 04:47:38,694 - Scraping log - scraper.py > get_service_info(): Line 316 - WARNING - env_04_27_neophytes_berce_caucase_poly: GetMap request is blocked for this layer
2026-01-11 04:47:39,305 - Scraping log - scraper.py > get_service_info(): Line 316 - WARNING - env_04_27_neophytes_impatiente_glanduleuse_interrogation: GetMap request is blocked for this layer
2026-01-11 04:47:39,921 - Scraping log - scraper.py > get_service_info(): Line 316 - WARNING - env_04_27_neophytes_impatiente_glanduleuse_point: GetMap request is blocked for this layer
2026-01-11 04:47:40,535 - Scraping log - scraper.py > get_service_info(): Line 316 - WARNING - env_04_27_neophytes_impatiente_glanduleuse_poly: GetMap request is blocked for this layer
2026-01-11 04:47:41,149 - Scraping log - scraper.py > get_service_info(): Line 316 - WARNING - env_04_27_neophyte_renouee_exotique_interrogation: GetMap request is blocked for this layer
2026-01-11 04:47:41,765 - Scraping log - scraper.py > get_service_info(): Line 316 - WARNING - env_04_27_neophyte_renouee_exotique_point: GetMap request is blocked for this layer
2026-01-11 04:47:42,380 - Scraping log - scraper.py > get_service_info(): Line 316 - WARNING - env_04_27_neophyte_renouee_exotique_poly: GetMap request is blocked for this layer
2026-01-11 04:47:42,986 - Scraping log - scraper.py > get_service_info(): Line 316 - WARNING - env_04_27_neophytes_solidage_canada_interrogation: GetMap request is blocked for this layer
2026-01-11 04:47:43,590 - Scraping log - scraper.py > get_service_info(): Line 316 - WARNING - env_04_27_neophytes_solidage_canada_point: GetMap request is blocked for this layer
2026-01-11 04:47:44,209 - Scraping log - scraper.py > get_service_info(): Line 316 - WARNING - env_04_27_neophytes_solidage_canada_poly: GetMap request is blocked for this layer
2026-01-11 04:47:44,811 - Scraping log - scraper.py > get_service_info(): Line 316 - WARNING - env_06_02_ecomorphologie_troncon_1: GetMap request is blocked for this layer
2026-01-11 04:47:45,451 - Scraping log - scraper.py > get_service_info(): Line 316 - WARNING - env_06_02_ecomorphologie_troncon_2: GetMap request is blocked for this layer
2026-01-11 04:47:46,078 - Scraping log - scraper.py > get_service_info(): Line 316 - WARNING - env_06_02_ecomorphologie_photos_interrogation: GetMap request is blocked for this layer
2026-01-11 04:47:46,686 - Scraping log - scraper.py > get_service_info(): Line 316 - WARNING - env_06_02_ecomorphologie_photos_points: GetMap request is blocked for this layer
2026-01-11 04:47:47,293 - Scraping log - scraper.py > get_service_info(): Line 316 - WARNING - sdt_04_21_inventaire_arbres_sur_tiges_interrogation: GetMap request is blocked for this layer
2026-01-11 04:47:47,900 - Scraping log - scraper.py > get_service_info(): Line 316 - WARNING - sdt_04_21_inventaire_arbres_sur_tiges_points: GetMap request is blocked for this layer
2026-01-11 04:47:48,517 - Scraping log - scraper.py > get_service_info(): Line 316 - WARNING - env_04_32_40ans_40_chenes_interrogation: GetMap request is blocked for this layer
2026-01-11 04:47:49,126 - Scraping log - scraper.py > get_service_info(): Line 316 - WARNING - env_04_32_40ans_40_chenes_point: GetMap request is blocked for this layer
2026-01-11 04:47:49,780 - Scraping log - scraper.py > get_service_info(): Line 316 - WARNING - sdt_10_14_thalweg_2022_normal: GetMap request is blocked for this layer
2026-01-11 04:47:50,413 - Scraping log - scraper.py > get_service_info(): Line 316 - WARNING - sdt_10_14_thalweg_2022_simplifier_1: GetMap request is blocked for this layer
2026-01-11 04:47:51,024 - Scraping log - scraper.py > get_service_info(): Line 316 - WARNING - sdt_10_14_thalweg_2022_simplifier_2: GetMap request is blocked for this layer
2026-01-11 04:47:51,626 - Scraping log - scraper.py > get_service_info(): Line 316 - WARNING - env_04_43_arbres_haies_bosquets_forets_1: GetMap request is blocked for this layer
2026-01-11 04:47:52,231 - Scraping log - scraper.py > get_service_info(): Line 316 - WARNING - env_04_43_arbres_haies_bosquets_forets_2: GetMap request is blocked for this layer
2026-01-11 04:47:52,833 - Scraping log - scraper.py > get_service_info(): Line 316 - WARNING - sdt_02_15_isos_poly: GetMap request is blocked for this layer
2026-01-11 04:47:53,439 - Scraping log - scraper.py > get_service_info(): Line 316 - WARNING - sdt_02_15_isos_masque_limite_echelle: GetMap request is blocked for this layer
2026-01-11 04:47:54,057 - Scraping log - scraper.py > get_service_info(): Line 316 - WARNING - occ_21_11_icomos_recensement_parcs_jardins_historiques_interrogation: GetMap request is blocked for this layer
2026-01-11 04:47:54,670 - Scraping log - scraper.py > get_service_info(): Line 316 - WARNING - occ_21_11_icomos_recensement_parcs_jardins_historiques_cluster: GetMap request is blocked for this layer
2026-01-11 04:47:55,296 - Scraping log - scraper.py > get_service_info(): Line 316 - WARNING - occ_02_14_rbc_interrogation: GetMap request is blocked for this layer
2026-01-11 04:47:55,911 - Scraping log - scraper.py > get_service_info(): Line 316 - WARNING - occ_02_14_rbc_cluster: GetMap request is blocked for this layer
2026-01-11 04:47:56,533 - Scraping log - scraper.py > get_service_info(): Line 316 - WARNING - occ_02_14_rbc_point: GetMap request is blocked for this layer
2026-01-11 04:47:57,147 - Scraping log - scraper.py > get_service_info(): Line 316 - WARNING - occ_02_27_petit_patrimoine_ligne: GetMap request is blocked for this layer
2026-01-11 04:47:57,754 - Scraping log - scraper.py > get_service_info(): Line 316 - WARNING - occ_02_27_petit_patrimoine_point: GetMap request is blocked for this layer
2026-01-11 04:48:10,360 - Scraping log - scraper.py > get_service_info(): Line 316 - WARNING - sdt_11_07_ortho_2018_01_23_st_ursanne_copyright: GetMap request is blocked for this layer
2026-01-11 04:48:31,636 - Scraping log - scraper.py > get_service_info(): Line 316 - WARNING - sdt_09_05_gares_1: GetMap request is blocked for this layer
2026-01-11 04:48:32,238 - Scraping log - scraper.py > get_service_info(): Line 316 - WARNING - sdt_09_05_gares_2: GetMap request is blocked for this layer
2026-01-11 04:48:32,867 - Scraping log - scraper.py > get_service_info(): Line 316 - WARNING - sdt_09_07_arrets_de_bus_interrogation: GetMap request is blocked for this layer
2026-01-11 04:48:33,478 - Scraping log - scraper.py > get_service_info(): Line 316 - WARNING - sdt_09_07_arrets_de_bus_1: GetMap request is blocked for this layer
2026-01-11 04:48:34,090 - Scraping log - scraper.py > get_service_info(): Line 316 - WARNING - sdt_09_07_arrets_de_bus_2: GetMap request is blocked for this layer
2026-01-11 04:48:34,703 - Scraping log - scraper.py > get_service_info(): Line 316 - WARNING - sdt_09_07_arrets_de_bus_interrogation_nocturne: GetMap request is blocked for this layer
2026-01-11 04:48:35,321 - Scraping log - scraper.py > get_service_info(): Line 316 - WARNING - sdt_09_07_arrets_de_bus_1_nocturne: GetMap request is blocked for this layer
2026-01-11 04:48:36,067 - Scraping log - scraper.py > get_service_info(): Line 316 - WARNING - sdt_09_07_arrets_de_bus_2_nocturne: GetMap request is blocked for this layer
2026-01-11 04:48:36,694 - Scraping log - scraper.py > get_service_info(): Line 316 - WARNING - sdt_09_13_aires_covoiturage_1: GetMap request is blocked for this layer
2026-01-11 04:48:37,305 - Scraping log - scraper.py > get_service_info(): Line 316 - WARNING - sdt_09_13_aires_covoiturage_2: GetMap request is blocked for this layer
2026-01-11 04:48:37,923 - Scraping log - scraper.py > get_service_info(): Line 316 - WARNING - sdt_09_24_aerodrome_1: GetMap request is blocked for this layer
2026-01-11 04:48:38,532 - Scraping log - scraper.py > get_service_info(): Line 316 - WARNING - sdt_09_24_aerodrome_2: GetMap request is blocked for this layer
2026-01-11 04:48:39,276 - Scraping log - scraper.py > get_service_info(): Line 316 - WARNING - sdt_09_03_itineraires_vtt_interrogation: GetMap request is blocked for this layer
2026-01-11 04:48:39,907 - Scraping log - scraper.py > get_service_info(): Line 316 - WARNING - sdt_09_03_itineraires_vtt_liaison: GetMap request is blocked for this layer
2026-01-11 04:48:40,508 - Scraping log - scraper.py > get_service_info(): Line 316 - WARNING - sdt_09_03_itineraires_vtt_facile: GetMap request is blocked for this layer
2026-01-11 04:48:41,119 - Scraping log - scraper.py > get_service_info(): Line 316 - WARNING - sdt_09_03_itineraires_vtt_moyen: GetMap request is blocked for this layer
2026-01-11 04:48:41,719 - Scraping log - scraper.py > get_service_info(): Line 316 - WARNING - sdt_09_03_itineraires_vtt_difficile: GetMap request is blocked for this layer
2026-01-11 04:48:42,327 - Scraping log - scraper.py > get_service_info(): Line 316 - WARNING - sdt_09_03_numero_itineraires_vtt: GetMap request is blocked for this layer
2026-01-11 04:48:42,958 - Scraping log - scraper.py > get_service_info(): Line 316 - WARNING - sdt_09_03_itineraires_vtt_sens: GetMap request is blocked for this layer
2026-01-11 04:48:43,572 - Scraping log - scraper.py > get_service_info(): Line 316 - WARNING - sdt_09_21_panneaux_information_vtt_1: GetMap request is blocked for this layer
2026-01-11 04:48:44,186 - Scraping log - scraper.py > get_service_info(): Line 316 - WARNING - sdt_09_21_panneaux_information_vtt_2: GetMap request is blocked for this layer
2026-01-11 04:48:44,790 - Scraping log - scraper.py > get_service_info(): Line 316 - WARNING - sdt_17_07_places_pique_nique_interrogation: GetMap request is blocked for this layer
2026-01-11 04:48:45,408 - Scraping log - scraper.py > get_service_info(): Line 316 - WARNING - sdt_17_07_places_pique_nique_cluster: GetMap request is blocked for this layer
2026-01-11 04:48:46,022 - Scraping log - scraper.py > get_service_info(): Line 316 - WARNING - sdt_17_06_cabanes_forestieres_interrogation: GetMap request is blocked for this layer
2026-01-11 04:48:46,632 - Scraping log - scraper.py > get_service_info(): Line 316 - WARNING - sdt_17_06_cabanes_forestieres_cluster: GetMap request is blocked for this layer
2026-01-11 04:48:47,244 - Scraping log - scraper.py > get_service_info(): Line 316 - WARNING - sdt_17_12_camping_interrogation: GetMap request is blocked for this layer
2026-01-11 04:48:47,855 - Scraping log - scraper.py > get_service_info(): Line 316 - WARNING - sdt_17_12_camping_cluster: GetMap request is blocked for this layer
2026-01-11 04:48:48,484 - Scraping log - scraper.py > get_service_info(): Line 316 - WARNING - sdt_17_13_cabanes_an_cas_interrogation: GetMap request is blocked for this layer
2026-01-11 04:48:49,089 - Scraping log - scraper.py > get_service_info(): Line 316 - WARNING - sdt_17_13_cabanes_an_cas_cluster: GetMap request is blocked for this layer
2026-01-11 04:48:49,759 - Scraping log - scraper.py > get_service_info(): Line 316 - WARNING - sdt_09_14_chemins_randonnee_pedestre_poteaux_balisage: GetMap request is blocked for this layer
2026-01-11 04:48:50,369 - Scraping log - scraper.py > get_service_info(): Line 316 - WARNING - sdt_09_14_chemins_randonnee_pedestre_temps_de_marche_texte: GetMap request is blocked for this layer
2026-01-11 04:48:50,973 - Scraping log - scraper.py > get_service_info(): Line 316 - WARNING - sdt_09_14_chemins_randonnee_pedestre_fleches: GetMap request is blocked for this layer
2026-01-11 04:48:51,601 - Scraping log - scraper.py > get_service_info(): Line 316 - WARNING - sdt_09_08_fermeture_provisoire_polygone: GetMap request is blocked for this layer
2026-01-11 04:48:52,238 - Scraping log - scraper.py > get_service_info(): Line 316 - WARNING - sdt_09_08_fermeture_provisoire_point: GetMap request is blocked for this layer
2026-01-11 04:48:52,843 - Scraping log - scraper.py > get_service_info(): Line 316 - WARNING - sdt_17_11_pistes_pour_cavaliers_itineraires: GetMap request is blocked for this layer
2026-01-11 04:48:53,460 - Scraping log - scraper.py > get_service_info(): Line 316 - WARNING - sdt_17_11_pistes_pour_cavaliers_numero_itineraire: GetMap request is blocked for this layer
2026-01-11 04:48:54,085 - Scraping log - scraper.py > get_service_info(): Line 316 - WARNING - env_03_13_arbres_remarquables_points_interrogation: GetMap request is blocked for this layer
2026-01-11 04:48:54,750 - Scraping log - scraper.py > get_service_info(): Line 316 - WARNING - env_03_13_arbres_remarquables_points_publier: GetMap request is blocked for this layer
2026-01-11 04:48:55,394 - Scraping log - scraper.py > get_service_info(): Line 316 - WARNING - env_03_13_arbres_remarquables_points_validation: GetMap request is blocked for this layer
2026-01-11 04:48:56,008 - Scraping log - scraper.py > get_service_info(): Line 316 - WARNING - sdt_17_11_pistes_equesteres_chemins_pedestres_hivernaux_reseaux: GetMap request is blocked for this layer
2026-01-11 04:48:56,626 - Scraping log - scraper.py > get_service_info(): Line 316 - WARNING - sdt_17_11_pistes_equesteres_chemins_pedestres_hivernaux_parc: GetMap request is blocked for this layer
2026-01-11 04:48:57,242 - Scraping log - scraper.py > get_service_info(): Line 316 - WARNING - sdt_17_11_parcours_vita_itineraires: GetMap request is blocked for this layer
2026-01-11 04:48:57,877 - Scraping log - scraper.py > get_service_info(): Line 316 - WARNING - sdt_17_11_parcours_vita_depart: GetMap request is blocked for this layer
2026-01-11 04:48:58,618 - Scraping log - scraper.py > get_service_info(): Line 316 - WARNING - osm_ombrage_1m: GetMap request is blocked for this layer
2026-01-11 04:48:59,901 - Scraping log - scraper.py > get_service_info(): Line 316 - WARNING - osm_perimetre_zone_batir: GetMap request is blocked for this layer
2026-01-11 04:49:00,533 - Scraping log - scraper.py > get_service_info(): Line 316 - WARNING - osm_roadsclose_1: GetMap request is blocked for this layer
2026-01-11 04:49:01,157 - Scraping log - scraper.py > get_service_info(): Line 316 - WARNING - osm_roadsclose_2: GetMap request is blocked for this layer
2026-01-11 04:49:01,790 - Scraping log - scraper.py > get_service_info(): Line 316 - WARNING - osm_roadsclose_3: GetMap request is blocked for this layer
2026-01-11 04:49:02,430 - Scraping log - scraper.py > get_service_info(): Line 316 - WARNING - osm_roadsclose_4: GetMap request is blocked for this layer
2026-01-11 04:49:03,047 - Scraping log - scraper.py > get_service_info(): Line 316 - WARNING - osm_railways_1: GetMap request is blocked for this layer
2026-01-11 04:49:03,682 - Scraping log - scraper.py > get_service_info(): Line 316 - WARNING - osm_railways_2: GetMap request is blocked for this layer
2026-01-11 04:49:04,293 - Scraping log - scraper.py > get_service_info(): Line 316 - WARNING - fond_plan_blanc_fond_plan_cadastral_complement: GetMap request is blocked for this layer
2026-01-11 04:49:06,820 - Scraping log - scraper.py > get_service_info(): Line 316 - WARNING - cadastre_cache_ombrage: GetMap request is blocked for this layer
2026-01-11 04:49:07,451 - Scraping log - scraper.py > get_service_info(): Line 316 - WARNING - cadastre_osm_perimetre_zone_batir: GetMap request is blocked for this layer
2026-01-11 04:49:08,064 - Scraping log - scraper.py > get_service_info(): Line 316 - WARNING - cadastre_osm_forets: GetMap request is blocked for this layer
2026-01-11 04:49:08,698 - Scraping log - scraper.py > get_service_info(): Line 316 - WARNING - cadastre_osm_lacs_ch: GetMap request is blocked for this layer
2026-01-11 04:49:09,304 - Scraping log - scraper.py > get_service_info(): Line 316 - WARNING - cadastre_osm_roadsclose_1: GetMap request is blocked for this layer
2026-01-11 04:49:09,905 - Scraping log - scraper.py > get_service_info(): Line 316 - WARNING - cadastre_osm_roadsclose_2: GetMap request is blocked for this layer
2026-01-11 04:49:10,517 - Scraping log - scraper.py > get_service_info(): Line 316 - WARNING - cadastre_osm_roadsclose_3: GetMap request is blocked for this layer
2026-01-11 04:49:11,139 - Scraping log - scraper.py > get_service_info(): Line 316 - WARNING - cadastre_osm_roadsclose_4: GetMap request is blocked for this layer
2026-01-11 04:49:11,751 - Scraping log - scraper.py > get_service_info(): Line 316 - WARNING - cadastre_osm_railways_1: GetMap request is blocked for this layer
2026-01-11 04:49:12,393 - Scraping log - scraper.py > get_service_info(): Line 316 - WARNING - cadastre_osm_railways_2: GetMap request is blocked for this layer
2026-01-11 04:49:13,020 - Scraping log - scraper.py > get_service_info(): Line 316 - WARNING - cadastre_osm_alsace_roadsclose_1: GetMap request is blocked for this layer
2026-01-11 04:49:13,627 - Scraping log - scraper.py > get_service_info(): Line 316 - WARNING - cadastre_osm_alsace_roadsclose_2: GetMap request is blocked for this layer
2026-01-11 04:49:14,244 - Scraping log - scraper.py > get_service_info(): Line 316 - WARNING - cadastre_osm_alsace_roadsclose_3: GetMap request is blocked for this layer
2026-01-11 04:49:14,848 - Scraping log - scraper.py > get_service_info(): Line 316 - WARNING - cadastre_osm_alsace_roadsclose_4: GetMap request is blocked for this layer
2026-01-11 04:49:15,457 - Scraping log - scraper.py > get_service_info(): Line 316 - WARNING - cadastre_osm_alsace_railways_1: GetMap request is blocked for this layer
2026-01-11 04:49:16,076 - Scraping log - scraper.py > get_service_info(): Line 316 - WARNING - cadastre_osm_alsace_railways_2: GetMap request is blocked for this layer
2026-01-11 04:49:16,685 - Scraping log - scraper.py > get_service_info(): Line 316 - WARNING - cadastre_osm_franche-comte_roadsclose_1: GetMap request is blocked for this layer
2026-01-11 04:49:17,284 - Scraping log - scraper.py > get_service_info(): Line 316 - WARNING - cadastre_osm_franche-comte_roadsclose_2: GetMap request is blocked for this layer
2026-01-11 04:49:17,893 - Scraping log - scraper.py > get_service_info(): Line 316 - WARNING - cadastre_osm_franche-comte_roadsclose_3: GetMap request is blocked for this layer
2026-01-11 04:49:18,520 - Scraping log - scraper.py > get_service_info(): Line 316 - WARNING - cadastre_osm_franche-comte_roadsclose_4: GetMap request is blocked for this layer
2026-01-11 04:49:19,139 - Scraping log - scraper.py > get_service_info(): Line 316 - WARNING - cadastre_osm_franche-comte_railways_1: GetMap request is blocked for this layer
2026-01-11 04:49:19,779 - Scraping log - scraper.py > get_service_info(): Line 316 - WARNING - cadastre_osm_franche-comte_railways_2: GetMap request is blocked for this layer
2026-01-11 04:49:20,387 - Scraping log - scraper.py > get_service_info(): Line 316 - WARNING - cadastre_osm_baden_wurttemberg_roadsclose_1: GetMap request is blocked for this layer
2026-01-11 04:49:20,999 - Scraping log - scraper.py > get_service_info(): Line 316 - WARNING - cadastre_osm_baden_wurttemberg_roadsclose_2: GetMap request is blocked for this layer
2026-01-11 04:49:21,600 - Scraping log - scraper.py > get_service_info(): Line 316 - WARNING - cadastre_osm_baden_wurttemberg_roadsclose_3: GetMap request is blocked for this layer
2026-01-11 04:49:22,206 - Scraping log - scraper.py > get_service_info(): Line 316 - WARNING - cadastre_osm_baden_wurttemberg_roadsclose_4: GetMap request is blocked for this layer
2026-01-11 04:49:22,821 - Scraping log - scraper.py > get_service_info(): Line 316 - WARNING - cadastre_osm_baden_wurttemberg_railways_1: GetMap request is blocked for this layer
2026-01-11 04:49:23,421 - Scraping log - scraper.py > get_service_info(): Line 316 - WARNING - cadastre_osm_baden_wurttemberg_railways_2: GetMap request is blocked for this layer
2026-01-11 04:49:24,059 - Scraping log - scraper.py > get_service_info(): Line 316 - WARNING - cadastre_osm_canton_ju: GetMap request is blocked for this layer
2026-01-11 04:49:24,677 - Scraping log - scraper.py > get_service_info(): Line 316 - WARNING - cadastre_osm_districts_ju: GetMap request is blocked for this layer
2026-01-11 04:49:25,295 - Scraping log - scraper.py > get_service_info(): Line 316 - WARNING - cadastre_osm_communes_ju: GetMap request is blocked for this layer
2026-01-11 04:49:25,925 - Scraping log - scraper.py > get_service_info(): Line 316 - WARNING - cadastre_osm_localites_ju: GetMap request is blocked for this layer
2026-01-11 04:49:26,548 - Scraping log - scraper.py > get_service_info(): Line 316 - WARNING - cadastre_osm_canton_ch: GetMap request is blocked for this layer
2026-01-11 04:49:27,153 - Scraping log - scraper.py > get_service_info(): Line 316 - WARNING - Noms_Cantons_Villes: GetMap request is blocked for this layer
2026-01-11 04:49:27,764 - Scraping log - scraper.py > get_service_info(): Line 316 - WARNING - crdppf_sdt_01_04_md_sit_cs_surface: GetMap request is blocked for this layer
2026-01-11 04:49:28,414 - Scraping log - scraper.py > get_service_info(): Line 316 - WARNING - crdppf_sdt_01_04_md_sit_cs_surface_batiment: GetMap request is blocked for this layer
2026-01-11 04:49:29,026 - Scraping log - scraper.py > get_service_info(): Line 316 - WARNING - crdppf_sdt_01_04_md_sit_cs_surface_batiments_proj: GetMap request is blocked for this layer
2026-01-11 04:49:29,639 - Scraping log - scraper.py > get_service_info(): Line 316 - WARNING - crdppf_sdt_01_04_md_sit_adr_entree_batiment: GetMap request is blocked for this layer
2026-01-11 04:49:30,248 - Scraping log - scraper.py > get_service_info(): Line 316 - WARNING - crdppf_sdt_01_04_md_sit_cs_numero_batiment_proj: GetMap request is blocked for this layer
2026-01-11 04:49:30,871 - Scraping log - scraper.py > get_service_info(): Line 316 - WARNING - crdppf_sdt_01_04_md_sit_objets_divers_postext: GetMap request is blocked for this layer
2026-01-11 04:49:31,483 - Scraping log - scraper.py > get_service_info(): Line 316 - WARNING - crdppf_sdt_01_04_md_sit_adr_entree_batiment_od: GetMap request is blocked for this layer
2026-01-11 04:49:32,095 - Scraping log - scraper.py > get_service_info(): Line 316 - WARNING - crdppf_sdt_01_04_md_sit_objets_divers_lignes: GetMap request is blocked for this layer
2026-01-11 04:49:32,714 - Scraping log - scraper.py > get_service_info(): Line 316 - WARNING - crdppf_sdt_01_04_md_sit_objets_divers_polygones: GetMap request is blocked for this layer
2026-01-11 04:49:33,348 - Scraping log - scraper.py > get_service_info(): Line 316 - WARNING - crdppf_real_estate_wms: GetMap request is blocked for this layer
2026-01-11 04:49:33,967 - Scraping log - scraper.py > get_service_info(): Line 316 - WARNING - crdppf_sdt_01_04_md_sit_bf_bien_fonds_proj: GetMap request is blocked for this layer
2026-01-11 04:49:34,582 - Scraping log - scraper.py > get_service_info(): Line 316 - WARNING - crdppf_real_estate_wms_ddp: GetMap request is blocked for this layer
2026-01-11 04:49:35,206 - Scraping log - scraper.py > get_service_info(): Line 316 - WARNING - crdppf_sdt_01_04_md_sit_bf_ddp_proj: GetMap request is blocked for this layer
2026-01-11 04:49:35,830 - Scraping log - scraper.py > get_service_info(): Line 316 - WARNING - crdppfsdt_01_04_md_sit_bf_posimmeuble_ligne_auxiliaire: GetMap request is blocked for this layer
2026-01-11 04:49:36,442 - Scraping log - scraper.py > get_service_info(): Line 316 - WARNING - crdppf_sdt_01_04_md_sit_bf_posimmeuble_proj_ligne_aux: GetMap request is blocked for this layer
2026-01-11 04:49:37,044 - Scraping log - scraper.py > get_service_info(): Line 316 - WARNING - crdppf_sdt_01_04_md_sit_bf_posimmeuble_1: GetMap request is blocked for this layer
2026-01-11 04:49:37,663 - Scraping log - scraper.py > get_service_info(): Line 316 - WARNING - crdppf_sdt_01_04_md_sit_bf_posimmeuble_2: GetMap request is blocked for this layer
2026-01-11 04:49:38,275 - Scraping log - scraper.py > get_service_info(): Line 316 - WARNING - crdppf_sdt_01_04_md_sit_bf_posimmeuble_3: GetMap request is blocked for this layer
2026-01-11 04:49:38,888 - Scraping log - scraper.py > get_service_info(): Line 316 - WARNING - crdppf_sdt_01_04_md_sit_bf_posimmeuble_proj_1: GetMap request is blocked for this layer
2026-01-11 04:49:39,501 - Scraping log - scraper.py > get_service_info(): Line 316 - WARNING - crdppf_sdt_01_04_md_sit_bf_posimmeuble_proj_2: GetMap request is blocked for this layer
2026-01-11 04:49:40,117 - Scraping log - scraper.py > get_service_info(): Line 316 - WARNING - crdppf_sdt_01_04_md_sit_bf_posimmeuble_proj_3: GetMap request is blocked for this layer
2026-01-11 04:49:40,722 - Scraping log - scraper.py > get_service_info(): Line 316 - WARNING - crdppf_sdt_01_04_md_sit_objets_divers_ponctuel: GetMap request is blocked for this layer
2026-01-11 04:49:41,327 - Scraping log - scraper.py > get_service_info(): Line 316 - WARNING - crdppf_sdt_01_04_md_sit_bf_points_limites: GetMap request is blocked for this layer
2026-01-11 04:49:41,943 - Scraping log - scraper.py > get_service_info(): Line 316 - WARNING - crdppf_sdt_01_04_md_sit_nomenclature_noms_posnom_nom_local: GetMap request is blocked for this layer
2026-01-11 04:49:42,548 - Scraping log - scraper.py > get_service_info(): Line 316 - WARNING - crdppf_sdt_01_04_md_sit_adr_troncon_rue: GetMap request is blocked for this layer
2026-01-11 04:49:43,149 - Scraping log - scraper.py > get_service_info(): Line 316 - WARNING - sdt_01_04_md_sit_nomenclature_noms_posnom_lieu_dit: GetMap request is blocked for this layer
2026-01-11 04:49:43,757 - Scraping log - scraper.py > get_service_info(): Line 316 - WARNING - crdppf_sdt_01_04_md_sit_nomenclature_noms_posnom_nom_de_lieu: GetMap request is blocked for this layer
2026-01-11 04:49:44,430 - Scraping log - scraper.py > get_service_info(): Line 316 - WARNING - crdppf_page_garde_sdt_01_04_md_sit_cs_surface_nb: GetMap request is blocked for this layer
2026-01-11 04:49:45,050 - Scraping log - scraper.py > get_service_info(): Line 316 - WARNING - crdppf_page_garde_sdt_01_04_md_sit_cs_surface_batiment: GetMap request is blocked for this layer
2026-01-11 04:49:45,657 - Scraping log - scraper.py > get_service_info(): Line 316 - WARNING - crdppf_page_garde_sdt_01_04_md_sit_cs_surface_batiments_proj: GetMap request is blocked for this layer
2026-01-11 04:49:46,282 - Scraping log - scraper.py > get_service_info(): Line 316 - WARNING - crdppf_page_garde_sdt_01_04_md_sit_adr_entree_batiment: GetMap request is blocked for this layer
2026-01-11 04:49:46,898 - Scraping log - scraper.py > get_service_info(): Line 316 - WARNING - crdppf_page_garde_sdt_01_04_md_sit_cs_numero_batiment_proj: GetMap request is blocked for this layer
2026-01-11 04:49:47,503 - Scraping log - scraper.py > get_service_info(): Line 316 - WARNING - crdppf_page_garde_sdt_01_04_md_sit_objets_divers_postext: GetMap request is blocked for this layer
2026-01-11 04:49:48,114 - Scraping log - scraper.py > get_service_info(): Line 316 - WARNING - crdppf_page_garde_sdt_01_04_md_sit_adr_entree_batiment_od: GetMap request is blocked for this layer
2026-01-11 04:49:48,726 - Scraping log - scraper.py > get_service_info(): Line 316 - WARNING - crdppf_page_garde_sdt_01_04_md_sit_objets_divers_lignes: GetMap request is blocked for this layer
2026-01-11 04:49:49,338 - Scraping log - scraper.py > get_service_info(): Line 316 - WARNING - crdppf_page_garde_sdt_01_04_md_sit_objets_divers_polygones: GetMap request is blocked for this layer
2026-01-11 04:49:49,941 - Scraping log - scraper.py > get_service_info(): Line 316 - WARNING - crdppf_page_garde_real_estate_wms: GetMap request is blocked for this layer
2026-01-11 04:49:50,544 - Scraping log - scraper.py > get_service_info(): Line 316 - WARNING - crdppf_page_garde_sdt_01_04_md_sit_bf_bien_fonds_proj: GetMap request is blocked for this layer
2026-01-11 04:49:51,165 - Scraping log - scraper.py > get_service_info(): Line 316 - WARNING - rdppf_page_garde_real_estate_wms_ddp: GetMap request is blocked for this layer
2026-01-11 04:49:51,778 - Scraping log - scraper.py > get_service_info(): Line 316 - WARNING - crdppf_page_garde_sdt_01_04_md_sit_bf_ddp_proj: GetMap request is blocked for this layer
2026-01-11 04:49:52,390 - Scraping log - scraper.py > get_service_info(): Line 316 - WARNING - crdppf_page_garde_sdt_01_04_md_sit_bf_posimmeuble_ligne_auxiliaire: GetMap request is blocked for this layer
2026-01-11 04:49:52,999 - Scraping log - scraper.py > get_service_info(): Line 316 - WARNING - crdppf_page_garde_sdt_01_04_md_sit_bf_posimmeuble_proj_ligne_aux: GetMap request is blocked for this layer
2026-01-11 04:49:53,621 - Scraping log - scraper.py > get_service_info(): Line 316 - WARNING - crdppf_page_garde_sdt_01_04_md_sit_bf_posimmeuble_1: GetMap request is blocked for this layer
2026-01-11 04:49:54,243 - Scraping log - scraper.py > get_service_info(): Line 316 - WARNING - crdppf_page_garde_sdt_01_04_md_sit_bf_posimmeuble_2: GetMap request is blocked for this layer
2026-01-11 04:49:54,854 - Scraping log - scraper.py > get_service_info(): Line 316 - WARNING - crdppf_page_garde_sdt_01_04_md_sit_bf_posimmeuble_3: GetMap request is blocked for this layer
2026-01-11 04:49:55,461 - Scraping log - scraper.py > get_service_info(): Line 316 - WARNING - crdppf_page_garde_sdt_01_04_md_sit_bf_posimmeuble_proj_1: GetMap request is blocked for this layer
2026-01-11 04:49:56,072 - Scraping log - scraper.py > get_service_info(): Line 316 - WARNING - crdppf_page_garde_sdt_01_04_md_sit_bf_posimmeuble_proj_2: GetMap request is blocked for this layer
2026-01-11 04:49:56,691 - Scraping log - scraper.py > get_service_info(): Line 316 - WARNING - crdppf_page_garde_sdt_01_04_md_sit_bf_posimmeuble_proj_3: GetMap request is blocked for this layer
2026-01-11 04:49:57,306 - Scraping log - scraper.py > get_service_info(): Line 316 - WARNING - crdppf_csdt_01_04_md_sit_objets_divers_ponctuel: GetMap request is blocked for this layer
2026-01-11 04:49:57,940 - Scraping log - scraper.py > get_service_info(): Line 316 - WARNING - crdppf_page_garde_sdt_01_04_md_sit_bf_points_limites: GetMap request is blocked for this layer
2026-01-11 04:49:58,547 - Scraping log - scraper.py > get_service_info(): Line 316 - WARNING - crdppf_page_garde_sdt_01_04_md_sit_nomenclature_noms_posnom_nom_local: GetMap request is blocked for this layer
2026-01-11 04:49:59,159 - Scraping log - scraper.py > get_service_info(): Line 316 - WARNING - crdppf_page_garde_sdt_01_04_md_sit_adr_troncon_rue: GetMap request is blocked for this layer
2026-01-11 04:49:59,770 - Scraping log - scraper.py > get_service_info(): Line 316 - WARNING - crdppf_page_garde_sdt_01_04_md_sit_nomenclature_noms_posnom_lieu_dit: GetMap request is blocked for this layer
2026-01-11 04:50:00,430 - Scraping log - scraper.py > get_service_info(): Line 316 - WARNING - crdppf_page_garde_sdt_01_04_md_sit_nomenclature_noms_posnom_nom_de_lieu: GetMap request is blocked for this layer
2026-01-11 04:50:01,065 - Scraping log - scraper.py > get_service_info(): Line 316 - WARNING - Commune_POI_administration_cantonale_interrogation: GetMap request is blocked for this layer
2026-01-11 04:50:01,672 - Scraping log - scraper.py > get_service_info(): Line 316 - WARNING - Commune_POI_administration_cantonale_cluster: GetMap request is blocked for this layer
2026-01-11 04:50:02,298 - Scraping log - scraper.py > get_service_info(): Line 316 - WARNING - Commune_POI_administration_cantonale_point: GetMap request is blocked for this layer
2026-01-11 04:50:02,924 - Scraping log - scraper.py > get_service_info(): Line 316 - WARNING - Commune_POI_administration_communale_interrogation: GetMap request is blocked for this layer
2026-01-11 04:50:03,526 - Scraping log - scraper.py > get_service_info(): Line 316 - WARNING - Commune_POI_administration_communale_cluster: GetMap request is blocked for this layer
2026-01-11 04:50:04,149 - Scraping log - scraper.py > get_service_info(): Line 316 - WARNING - Commune_POI_administration_communale_point: GetMap request is blocked for this layer
2026-01-11 04:50:04,770 - Scraping log - scraper.py > get_service_info(): Line 316 - WARNING - Commune_POI_autres_services_interrogation: GetMap request is blocked for this layer
2026-01-11 04:50:05,380 - Scraping log - scraper.py > get_service_info(): Line 316 - WARNING - Commune_POI_autres_services_cluster: GetMap request is blocked for this layer
2026-01-11 04:50:06,013 - Scraping log - scraper.py > get_service_info(): Line 316 - WARNING - Commune_POI_autres_services_point: GetMap request is blocked for this layer
2026-01-11 04:50:06,637 - Scraping log - scraper.py > get_service_info(): Line 316 - WARNING - Commune_POI_bureau_vote_interrogation: GetMap request is blocked for this layer
2026-01-11 04:50:07,273 - Scraping log - scraper.py > get_service_info(): Line 316 - WARNING - Commune_POI_bureau_vote_cluster: GetMap request is blocked for this layer
2026-01-11 04:50:07,879 - Scraping log - scraper.py > get_service_info(): Line 316 - WARNING - Commune_POI_bureau_vote_point: GetMap request is blocked for this layer
2026-01-11 04:50:08,484 - Scraping log - scraper.py > get_service_info(): Line 316 - WARNING - Commune_POI_ecoles_interrogation: GetMap request is blocked for this layer
2026-01-11 04:50:09,104 - Scraping log - scraper.py > get_service_info(): Line 316 - WARNING - Commune_POI_ecoles_cluster: GetMap request is blocked for this layer
2026-01-11 04:50:09,730 - Scraping log - scraper.py > get_service_info(): Line 316 - WARNING - Commune_POI_ecoles_point: GetMap request is blocked for this layer
2026-01-11 04:50:10,339 - Scraping log - scraper.py > get_service_info(): Line 316 - WARNING - Commune_POI_enfance_interrogation: GetMap request is blocked for this layer
2026-01-11 04:50:10,967 - Scraping log - scraper.py > get_service_info(): Line 316 - WARNING - Commune_POI_enfance_cluster: GetMap request is blocked for this layer
2026-01-11 04:50:11,590 - Scraping log - scraper.py > get_service_info(): Line 316 - WARNING - Commune_POI_enfance_point: GetMap request is blocked for this layer
2026-01-11 04:50:12,212 - Scraping log - scraper.py > get_service_info(): Line 316 - WARNING - Commune_POI_installations_sportives_interrogation: GetMap request is blocked for this layer
2026-01-11 04:50:12,835 - Scraping log - scraper.py > get_service_info(): Line 316 - WARNING - Commune_POI_installations_sportives_cluster: GetMap request is blocked for this layer
2026-01-11 04:50:13,447 - Scraping log - scraper.py > get_service_info(): Line 316 - WARNING - Commune_POI_installations_sportives_point: GetMap request is blocked for this layer
2026-01-11 04:50:14,069 - Scraping log - scraper.py > get_service_info(): Line 316 - WARNING - Commune_POI_salles_sites_loisirs_interrogation: GetMap request is blocked for this layer
2026-01-11 04:50:14,678 - Scraping log - scraper.py > get_service_info(): Line 316 - WARNING - Commune_POI_salles_sites_loisirs_cluster: GetMap request is blocked for this layer
2026-01-11 04:50:15,291 - Scraping log - scraper.py > get_service_info(): Line 316 - WARNING - Commune_POI_salles_sites_loisirs_point: GetMap request is blocked for this layer
2026-01-11 04:50:15,992 - Scraping log - scraper.py > get_service_info(): Line 316 - WARNING - Commune_POI_sante_interrogation: GetMap request is blocked for this layer
2026-01-11 04:50:16,605 - Scraping log - scraper.py > get_service_info(): Line 316 - WARNING - Commune_POI_sante_cluster: GetMap request is blocked for this layer
2026-01-11 04:50:17,218 - Scraping log - scraper.py > get_service_info(): Line 316 - WARNING - Commune_POI_sante_point: GetMap request is blocked for this layer
2026-01-11 04:50:17,839 - Scraping log - scraper.py > get_service_info(): Line 316 - WARNING - Commune_POI_wc_publics_interrogation: GetMap request is blocked for this layer
2026-01-11 04:50:18,462 - Scraping log - scraper.py > get_service_info(): Line 316 - WARNING - Commune_POI_wc_publics_cluster: GetMap request is blocked for this layer
2026-01-11 04:50:19,066 - Scraping log - scraper.py > get_service_info(): Line 316 - WARNING - Commune_POI_wc_publics_point: GetMap request is blocked for this layer
2026-01-11 04:50:19,677 - Scraping log - scraper.py > get_service_info(): Line 316 - WARNING - Commune_Places_de_jeuxs_interrogation: GetMap request is blocked for this layer
2026-01-11 04:50:20,286 - Scraping log - scraper.py > get_service_info(): Line 316 - WARNING - Commune_Places_de_jeux_cluster: GetMap request is blocked for this layer
2026-01-11 04:50:20,913 - Scraping log - scraper.py > get_service_info(): Line 316 - WARNING - Commune_Places_de_jeux_point: GetMap request is blocked for this layer
2026-01-11 04:50:21,587 - Scraping log - scraper.py > get_service_info(): Line 316 - WARNING - Commune_Hotel_interrogation: GetMap request is blocked for this layer
2026-01-11 04:50:22,215 - Scraping log - scraper.py > get_service_info(): Line 316 - WARNING - Commune_Hotels_cluster: GetMap request is blocked for this layer
2026-01-11 04:50:22,824 - Scraping log - scraper.py > get_service_info(): Line 316 - WARNING - Commune_Hotel_point: GetMap request is blocked for this layer
2026-01-11 04:50:23,440 - Scraping log - scraper.py > get_service_info(): Line 316 - WARNING - Commune_Restaurant_interrogation: GetMap request is blocked for this layer
2026-01-11 04:50:24,065 - Scraping log - scraper.py > get_service_info(): Line 316 - WARNING - Commune_Restaurant_cluster: GetMap request is blocked for this layer
2026-01-11 04:50:24,692 - Scraping log - scraper.py > get_service_info(): Line 316 - WARNING - Commune_Restaurant_point: GetMap request is blocked for this layer
2026-01-11 04:50:25,314 - Scraping log - scraper.py > get_service_info(): Line 316 - WARNING - Commune_Poubelles_interrogation: GetMap request is blocked for this layer
2026-01-11 04:50:25,926 - Scraping log - scraper.py > get_service_info(): Line 316 - WARNING - Commune_Poubelles_couvercle_cluster: GetMap request is blocked for this layer
2026-01-11 04:50:26,535 - Scraping log - scraper.py > get_service_info(): Line 316 - WARNING - Commune_Poubelles_sans_couvercle_cluster: GetMap request is blocked for this layer
2026-01-11 04:50:27,151 - Scraping log - scraper.py > get_service_info(): Line 316 - WARNING - Commune_Distributeurs_sachets_canins_interrogation: GetMap request is blocked for this layer
2026-01-11 04:50:27,788 - Scraping log - scraper.py > get_service_info(): Line 316 - WARNING - Commune_Distributeurs_sachets_canins_cluster: GetMap request is blocked for this layer
2026-01-11 04:50:28,398 - Scraping log - scraper.py > get_service_info(): Line 316 - WARNING - Commune_Bancs_publics_interrogation: GetMap request is blocked for this layer
2026-01-11 04:50:29,002 - Scraping log - scraper.py > get_service_info(): Line 316 - WARNING - Commune_Bancs_publics_cluster: GetMap request is blocked for this layer
2026-01-11 04:50:29,614 - Scraping log - scraper.py > get_service_info(): Line 316 - WARNING - Commune_Parcs_a_Velo_interrogation: GetMap request is blocked for this layer
2026-01-11 04:50:30,244 - Scraping log - scraper.py > get_service_info(): Line 316 - WARNING - Commune_Parcs_a_Velo_cluster: GetMap request is blocked for this layer
2026-01-11 04:50:30,859 - Scraping log - scraper.py > get_service_info(): Line 316 - WARNING - Commune_Parcs_a_Velo_point: GetMap request is blocked for this layer
2026-01-11 04:50:31,479 - Scraping log - scraper.py > get_service_info(): Line 316 - WARNING - Commune_Enseignes_Vieille_ville_interrogation: GetMap request is blocked for this layer
2026-01-11 04:50:32,091 - Scraping log - scraper.py > get_service_info(): Line 316 - WARNING - Commune_Enseignes_Vieille_ville_cluster: GetMap request is blocked for this layer
2026-01-11 04:50:32,710 - Scraping log - scraper.py > get_service_info(): Line 316 - WARNING - Commune_Enseignes_Vieille_ville_point: GetMap request is blocked for this layer
2026-01-11 04:50:33,329 - Scraping log - scraper.py > get_service_info(): Line 316 - WARNING - commune_cimetiere_agrandissement: GetMap request is blocked for this layer
2026-01-11 04:50:33,951 - Scraping log - scraper.py > get_service_info(): Line 316 - WARNING - commune_cimetiere_agrandissement_text: GetMap request is blocked for this layer
2026-01-11 04:50:34,562 - Scraping log - scraper.py > get_service_info(): Line 316 - WARNING - commune_cimetiere_agrandissement_fleche: GetMap request is blocked for this layer
2026-01-11 04:50:35,179 - Scraping log - scraper.py > get_service_info(): Line 316 - WARNING - commune_cimetiere_tombes: GetMap request is blocked for this layer
2026-01-11 04:50:35,800 - Scraping log - scraper.py > get_service_info(): Line 316 - WARNING - Commune_POI_handicap_WC_Accessible_interrogation: GetMap request is blocked for this layer
2026-01-11 04:50:36,429 - Scraping log - scraper.py > get_service_info(): Line 316 - WARNING - Commune_POI_handicap_WC_Accessible_cluster: GetMap request is blocked for this layer
2026-01-11 04:50:37,054 - Scraping log - scraper.py > get_service_info(): Line 316 - WARNING - Commune_POI_handicap_WC_Accessible_point: GetMap request is blocked for this layer
2026-01-11 04:50:37,670 - Scraping log - scraper.py > get_service_info(): Line 316 - WARNING - Commune_POI_handicap_WC_Accessible_partiellement_interrogation: GetMap request is blocked for this layer
2026-01-11 04:50:38,282 - Scraping log - scraper.py > get_service_info(): Line 316 - WARNING - Commune_POI_handicap_WC_Accessible_partiellement_cluster: GetMap request is blocked for this layer
2026-01-11 04:50:38,887 - Scraping log - scraper.py > get_service_info(): Line 316 - WARNING - Commune_POI_handicap_WC_Accessible_partiellement_point: GetMap request is blocked for this layer
2026-01-11 04:50:39,539 - Scraping log - scraper.py > get_service_info(): Line 316 - WARNING - Commune_POI_handicap_WC_non_Accessible_interrogation: GetMap request is blocked for this layer
2026-01-11 04:50:40,157 - Scraping log - scraper.py > get_service_info(): Line 316 - WARNING - Commune_POI_handicap_WC_non_Accessible_cluster: GetMap request is blocked for this layer
2026-01-11 04:50:40,774 - Scraping log - scraper.py > get_service_info(): Line 316 - WARNING - Commune_POI_handicap_WC_non_Accessible_point: GetMap request is blocked for this layer
2026-01-11 04:50:41,388 - Scraping log - scraper.py > get_service_info(): Line 316 - WARNING - Commune_POI_handicap_Stationnement_interrogation: GetMap request is blocked for this layer
2026-01-11 04:50:42,004 - Scraping log - scraper.py > get_service_info(): Line 316 - WARNING - Commune_POI_handicap_Stationnement_cluster: GetMap request is blocked for this layer
2026-01-11 04:50:42,632 - Scraping log - scraper.py > get_service_info(): Line 316 - WARNING - Commune_POI_handicap_Stationnement_point: GetMap request is blocked for this layer
2026-01-11 04:50:43,267 - Scraping log - scraper.py > get_service_info(): Line 316 - WARNING - Commune_POI_handicap_batiment_Accessible_interrogation: GetMap request is blocked for this layer
2026-01-11 04:50:43,886 - Scraping log - scraper.py > get_service_info(): Line 316 - WARNING - Commune_POI_handicap_batiment_Accessible_cluster: GetMap request is blocked for this layer
2026-01-11 04:50:44,504 - Scraping log - scraper.py > get_service_info(): Line 316 - WARNING - Commune_POI_handicap_batiment_Accessible_point: GetMap request is blocked for this layer
2026-01-11 04:50:45,114 - Scraping log - scraper.py > get_service_info(): Line 316 - WARNING - Commune_POI_handicap_batiment_Accessible_partiellement_interrogation: GetMap request is blocked for this layer
2026-01-11 04:50:45,730 - Scraping log - scraper.py > get_service_info(): Line 316 - WARNING - Commune_POI_handicap_batiment_Accessible_partiellement_cluster: GetMap request is blocked for this layer
2026-01-11 04:50:46,363 - Scraping log - scraper.py > get_service_info(): Line 316 - WARNING - Commune_POI_handicap_batiment_Accessible_partiellement_point: GetMap request is blocked for this layer
2026-01-11 04:50:46,974 - Scraping log - scraper.py > get_service_info(): Line 316 - WARNING - Commune_POI_handicap_batiment_non_Accessible_interrogation: GetMap request is blocked for this layer
2026-01-11 04:50:47,595 - Scraping log - scraper.py > get_service_info(): Line 316 - WARNING - Commune_POI_handicap_batiment_non_Accessible_cluster: GetMap request is blocked for this layer
2026-01-11 04:50:48,206 - Scraping log - scraper.py > get_service_info(): Line 316 - WARNING - Commune_POI_handicap_batiment_non_Accessible_point: GetMap request is blocked for this layer
2026-01-11 04:50:48,818 - Scraping log - scraper.py > get_service_info(): Line 316 - WARNING - Commune_POI_handicap_Boucle_magnetique_interrogation: GetMap request is blocked for this layer
2026-01-11 04:50:49,439 - Scraping log - scraper.py > get_service_info(): Line 316 - WARNING - Commune_POI_handicap_Boucle_magnetique_cluster: GetMap request is blocked for this layer
2026-01-11 04:50:50,063 - Scraping log - scraper.py > get_service_info(): Line 316 - WARNING - Commune_POI_handicap_Boucle_magnetique_point: GetMap request is blocked for this layer
2026-01-11 04:50:50,671 - Scraping log - scraper.py > get_service_info(): Line 316 - WARNING - Commune_POI_handicap_Langues_signes_interrogation: GetMap request is blocked for this layer
2026-01-11 04:50:51,273 - Scraping log - scraper.py > get_service_info(): Line 316 - WARNING - Commune_POI_handicap_Langues_signes_cluster: GetMap request is blocked for this layer
2026-01-11 04:50:51,929 - Scraping log - scraper.py > get_service_info(): Line 316 - WARNING - Commune_POI_handicap_Langues_signes_point: GetMap request is blocked for this layer
2026-01-11 04:50:52,557 - Scraping log - scraper.py > get_service_info(): Line 316 - WARNING - oereb_r14_ch_ju_nature_reserves_landscape_protection_areas_interrogation: GetMap request is blocked for this layer
2026-01-11 04:50:53,166 - Scraping log - scraper.py > get_service_info(): Line 316 - WARNING - oereb_r14_ch_ju_nature_reserves_landscape_protection_areas_prot_paysagere: GetMap request is blocked for this layer
2026-01-11 04:50:53,874 - Scraping log - scraper.py > get_service_info(): Line 316 - WARNING - oereb_r14_ch_ju_nature_reserves_landscape_protection_areas_reserv_naturel: GetMap request is blocked for this layer
2026-01-11 04:50:54,481 - Scraping log - scraper.py > get_service_info(): Line 316 - WARNING - oereb_r14_ch_ju_nature_reserves_landscape_protection_areas_proj_interrogation: GetMap request is blocked for this layer
2026-01-11 04:50:55,116 - Scraping log - scraper.py > get_service_info(): Line 316 - WARNING - oereb_r14_ch_ju_nature_reserves_landscape_protection_areas_prot_paysagere_sans_effet: GetMap request is blocked for this layer
2026-01-11 04:50:55,743 - Scraping log - scraper.py > get_service_info(): Line 316 - WARNING - oereb_r14_ch_ju_nature_reserves_landscape_protection_areas_proj_prot_paysagere_avec_effet: GetMap request is blocked for this layer
2026-01-11 04:50:56,359 - Scraping log - scraper.py > get_service_info(): Line 316 - WARNING - oereb_r14_ch_ju_nature_reserves_landscape_protection_areas_proj_reserv_naturel_sans_effet: GetMap request is blocked for this layer
2026-01-11 04:50:57,008 - Scraping log - scraper.py > get_service_info(): Line 316 - WARNING - oereb_r14_ch_ju_nature_reserves_landscape_protection_areas_proj_reserv_naturel_avec_effet: GetMap request is blocked for this layer
2026-01-11 04:50:57,621 - Scraping log - scraper.py > get_service_info(): Line 316 - WARNING - oereb_r15_ch_ju_natural_monuments_point: GetMap request is blocked for this layer
2026-01-11 04:50:58,242 - Scraping log - scraper.py > get_service_info(): Line 316 - WARNING - oereb_r15_ch_ju_natural_monuments_poly: GetMap request is blocked for this layer
2026-01-11 04:50:58,864 - Scraping log - scraper.py > get_service_info(): Line 316 - WARNING - oereb_r73_land_use_plans_perimetres_superpose_polygon: GetMap request is blocked for this layer
2026-01-11 04:50:59,483 - Scraping log - scraper.py > get_service_info(): Line 316 - WARNING - oereb_r73_land_use_plans_perimetres_superpose_ligne: GetMap request is blocked for this layer
2026-01-11 04:51:00,094 - Scraping log - scraper.py > get_service_info(): Line 316 - WARNING - oereb_r73_land_use_plans_zones_superpose_2: GetMap request is blocked for this layer
2026-01-11 04:51:00,734 - Scraping log - scraper.py > get_service_info(): Line 316 - WARNING - oereb_r73_land_use_plans_zones_superpose_1: GetMap request is blocked for this layer
2026-01-11 04:51:01,339 - Scraping log - scraper.py > get_service_info(): Line 316 - WARNING - oereb_r117_contaminated_military_sites_area_wms: GetMap request is blocked for this layer
2026-01-11 04:51:01,979 - Scraping log - scraper.py > get_service_info(): Line 316 - WARNING - oereb_r117_contaminated_military_sites_point_wms: GetMap request is blocked for this layer
2026-01-11 04:51:02,591 - Scraping log - scraper.py > get_service_info(): Line 316 - WARNING - oereb_r118_contaminated_civil_aviation_sites_area_wms: GetMap request is blocked for this layer
2026-01-11 04:51:03,304 - Scraping log - scraper.py > get_service_info(): Line 316 - WARNING - oereb_r118_contaminated_civil_aviation_sites_point_wms: GetMap request is blocked for this layer
2026-01-11 04:51:03,305 - Scraping log - scraper.py >         <module>(): Line 751 - INFO - Running default scraper on KT_SG > https://services.geo.sg.ch/wss/service/SG00002_WMS/guest?REQUEST=GetCapabilities (source 163/1467)
2026-01-11 04:51:51,586 - Scraping log - scraper.py >         <module>(): Line 751 - INFO - Running default scraper on KT_SG > https://services.geo.sg.ch/wss/service/SG00002_WMTS/guest?REQUEST=GetCapabilities (source 164/1467)
2026-01-11 04:51:53,064 - Scraping log - scraper.py >         <module>(): Line 751 - INFO - Running default scraper on KT_SG > https://services.geo.sg.ch/wss/service/SG00135_WMS/guest?REQUEST=GetCapabilities (source 165/1467)
2026-01-11 04:51:56,119 - Scraping log - scraper.py >         <module>(): Line 751 - INFO - Running default scraper on KT_SG > https://services.geo.sg.ch/wss/service/SG00135_WMTS/guest?REQUEST=GetCapabilities (source 166/1467)
2026-01-11 04:51:57,685 - Scraping log - scraper.py >         <module>(): Line 751 - INFO - Running default scraper on KT_SG > https://services.geo.sg.ch/wss/service/SG00155_WMS/guest?REQUEST=GetCapabilities (source 167/1467)
2026-01-11 04:52:01,735 - Scraping log - scraper.py >         <module>(): Line 751 - INFO - Running default scraper on KT_SG > https://services.geo.sg.ch/wss/service/SG00155_WMTS/guest?REQUEST=GetCapabilities (source 168/1467)
2026-01-11 04:52:02,892 - Scraping log - scraper.py >         <module>(): Line 751 - INFO - Running default scraper on KT_SG > https://services.geo.sg.ch/wss/service/SG00046_WMS/guest?REQUEST=GetCapabilities (source 169/1467)
2026-01-11 04:52:05,968 - Scraping log - scraper.py >         <module>(): Line 751 - INFO - Running default scraper on KT_SG > https://services.geo.sg.ch/wss/service/SG00046_WMTS/guest?REQUEST=GetCapabilities (source 170/1467)
2026-01-11 04:52:07,126 - Scraping log - scraper.py >         <module>(): Line 751 - INFO - Running default scraper on KT_SG > https://services.geo.sg.ch/wss/service/SG00047_WMS/guest?REQUEST=GetCapabilities (source 171/1467)
2026-01-11 04:52:10,462 - Scraping log - scraper.py >         <module>(): Line 751 - INFO - Running default scraper on KT_SG > https://services.geo.sg.ch/wss/service/SG00047_WMTS/guest?REQUEST=GetCapabilities (source 172/1467)
2026-01-11 04:52:11,607 - Scraping log - scraper.py >         <module>(): Line 751 - INFO - Running default scraper on KT_SG > https://services.geo.sg.ch/wss/service/SG00015_WMS/guest?REQUEST=GetCapabilities (source 173/1467)
2026-01-11 04:52:15,236 - Scraping log - scraper.py >         <module>(): Line 751 - INFO - Running default scraper on KT_SG > https://services.geo.sg.ch/wss/service/SG00015_WMTS/guest?REQUEST=GetCapabilities (source 174/1467)
2026-01-11 04:52:16,400 - Scraping log - scraper.py >         <module>(): Line 751 - INFO - Running default scraper on KT_SG > https://services.geo.sg.ch/wss/service/SG00014_WMS/guest?REQUEST=GetCapabilities (source 175/1467)
2026-01-11 04:52:20,164 - Scraping log - scraper.py >         <module>(): Line 751 - INFO - Running default scraper on KT_SG > https://services.geo.sg.ch/wss/service/SG00014_WMTS/guest?REQUEST=GetCapabilities (source 176/1467)
2026-01-11 04:52:21,324 - Scraping log - scraper.py >         <module>(): Line 751 - INFO - Running default scraper on KT_SG > https://services.geo.sg.ch/wss/service/SG00072_WMS/guest?REQUEST=GetCapabilities (source 177/1467)
2026-01-11 04:52:23,808 - Scraping log - scraper.py >         <module>(): Line 751 - INFO - Running default scraper on KT_SG > https://services.geo.sg.ch/wss/service/SG00072_WMTS/guest?REQUEST=GetCapabilities (source 178/1467)
2026-01-11 04:52:24,973 - Scraping log - scraper.py >         <module>(): Line 751 - INFO - Running default scraper on KT_SG > https://services.geo.sg.ch/wss/service/SG00055_WMS/guest?REQUEST=GetCapabilities (source 179/1467)
2026-01-11 04:52:27,471 - Scraping log - scraper.py >         <module>(): Line 751 - INFO - Running default scraper on KT_SG > https://services.geo.sg.ch/wss/service/SG00055_WMTS/guest?REQUEST=GetCapabilities (source 180/1467)
2026-01-11 04:52:28,630 - Scraping log - scraper.py >         <module>(): Line 751 - INFO - Running default scraper on KT_SG > https://services.geo.sg.ch/wss/service/SG00066_WMS/guest?REQUEST=GetCapabilities (source 181/1467)
2026-01-11 04:52:31,224 - Scraping log - scraper.py >         <module>(): Line 751 - INFO - Running default scraper on KT_SG > https://services.geo.sg.ch/wss/service/SG00066_WMTS/guest?REQUEST=GetCapabilities (source 182/1467)
2026-01-11 04:52:32,382 - Scraping log - scraper.py >         <module>(): Line 751 - INFO - Running default scraper on KT_SG > https://services.geo.sg.ch/wss/service/SG00073_WMS/guest?REQUEST=GetCapabilities (source 183/1467)
2026-01-11 04:52:34,891 - Scraping log - scraper.py >         <module>(): Line 751 - INFO - Running default scraper on KT_SG > https://services.geo.sg.ch/wss/service/SG00073_WMTS/guest?REQUEST=GetCapabilities (source 184/1467)
2026-01-11 04:52:36,038 - Scraping log - scraper.py >         <module>(): Line 751 - INFO - Running default scraper on KT_SG > https://services.geo.sg.ch/wss/service/SG00031_WMS/guest?REQUEST=GetCapabilities (source 185/1467)
2026-01-11 04:52:38,562 - Scraping log - scraper.py >         <module>(): Line 751 - INFO - Running default scraper on KT_SG > https://services.geo.sg.ch/wss/service/SG00031_WMTS/guest?REQUEST=GetCapabilities (source 186/1467)
2026-01-11 04:52:39,729 - Scraping log - scraper.py >         <module>(): Line 751 - INFO - Running default scraper on KT_SG > https://services.geo.sg.ch/wss/service/SG00028_WFS/guest?REQUEST=GetCapabilities (source 187/1467)
2026-01-11 04:52:42,516 - Scraping log - scraper.py >         <module>(): Line 751 - INFO - Running default scraper on KT_SG > https://services.geo.sg.ch/wss/service/SG00028_WMS/guest?REQUEST=GetCapabilities (source 188/1467)
2026-01-11 04:52:49,142 - Scraping log - scraper.py >         <module>(): Line 751 - INFO - Running default scraper on KT_SG > https://services.geo.sg.ch/wss/service/SG00057_WMS/guest?REQUEST=GetCapabilities (source 189/1467)
2026-01-11 04:52:58,279 - Scraping log - scraper.py >         <module>(): Line 751 - INFO - Running default scraper on KT_SG > https://services.geo.sg.ch/wss/service/SG00017_WFS/guest?REQUEST=GetCapabilities (source 190/1467)
2026-01-11 04:53:00,369 - Scraping log - scraper.py >         <module>(): Line 751 - INFO - Running default scraper on KT_SG > https://services.geo.sg.ch/wss/service/SG00017_WMS/guest?REQUEST=GetCapabilities (source 191/1467)
2026-01-11 04:53:02,846 - Scraping log - scraper.py >         <module>(): Line 751 - INFO - Running default scraper on KT_SG > https://services.geo.sg.ch/wss/service/SG00095_WFS/guest?REQUEST=GetCapabilities (source 192/1467)
2026-01-11 04:53:07,470 - Scraping log - scraper.py >         <module>(): Line 751 - INFO - Running default scraper on KT_SG > https://services.geo.sg.ch/wss/service/SG00095_WMS/guest?REQUEST=GetCapabilities (source 193/1467)
2026-01-11 04:53:23,621 - Scraping log - scraper.py >         <module>(): Line 751 - INFO - Running default scraper on KT_SG > https://services.geo.sg.ch/wss/service/SG00058_WFS/guest?REQUEST=GetCapabilities (source 194/1467)
2026-01-11 04:53:26,187 - Scraping log - scraper.py >         <module>(): Line 751 - INFO - Running default scraper on KT_SG > https://services.geo.sg.ch/wss/service/SG00058_WMS/guest?REQUEST=GetCapabilities (source 195/1467)
2026-01-11 04:53:31,267 - Scraping log - scraper.py >         <module>(): Line 751 - INFO - Running default scraper on KT_SG > https://services.geo.sg.ch/wss/service/SG00129_WFS/guest?REQUEST=GetCapabilities (source 196/1467)
2026-01-11 04:53:33,347 - Scraping log - scraper.py >         <module>(): Line 751 - INFO - Running default scraper on KT_SG > https://services.geo.sg.ch/wss/service/SG00129_WMS/guest?REQUEST=GetCapabilities (source 197/1467)
2026-01-11 04:53:35,821 - Scraping log - scraper.py >         <module>(): Line 751 - INFO - Running default scraper on KT_SG > https://services.geo.sg.ch/wss/service/SG00104_WFS/guest?REQUEST=GetCapabilities (source 198/1467)
2026-01-11 04:53:38,471 - Scraping log - scraper.py >         <module>(): Line 751 - INFO - Running default scraper on KT_SG > https://services.geo.sg.ch/wss/service/SG00104_WMS/guest?REQUEST=GetCapabilities (source 199/1467)
2026-01-11 04:53:44,133 - Scraping log - scraper.py >         <module>(): Line 751 - INFO - Running default scraper on KT_SG > https://services.geo.sg.ch/wss/service/SG00105_WFS/guest?REQUEST=GetCapabilities (source 200/1467)
2026-01-11 04:53:46,532 - Scraping log - scraper.py >         <module>(): Line 751 - INFO - Running default scraper on KT_SG > https://services.geo.sg.ch/wss/service/SG00105_WMS/guest?REQUEST=GetCapabilities (source 201/1467)
2026-01-11 04:53:51,091 - Scraping log - scraper.py >         <module>(): Line 751 - INFO - Running default scraper on KT_SG > https://services.geo.sg.ch/wss/service/SG00097_WFS/guest?REQUEST=GetCapabilities (source 202/1467)
2026-01-11 04:53:53,747 - Scraping log - scraper.py >         <module>(): Line 751 - INFO - Running default scraper on KT_SG > https://services.geo.sg.ch/wss/service/SG00097_WMS/guest?REQUEST=GetCapabilities (source 203/1467)
2026-01-11 04:53:59,509 - Scraping log - scraper.py >         <module>(): Line 751 - INFO - Running default scraper on KT_SG > https://services.geo.sg.ch/wss/service/SG00089_WFS/guest?REQUEST=GetCapabilities (source 204/1467)
2026-01-11 04:54:02,072 - Scraping log - scraper.py >         <module>(): Line 751 - INFO - Running default scraper on KT_SG > https://services.geo.sg.ch/wss/service/SG00089_WMS/guest?REQUEST=GetCapabilities (source 205/1467)
2026-01-11 04:54:06,508 - Scraping log - scraper.py >         <module>(): Line 751 - INFO - Running default scraper on KT_SG > https://services.geo.sg.ch/wss/service/SG00008_WMS/guest?REQUEST=GetCapabilities (source 206/1467)
2026-01-11 04:54:06,848 - Scraping log - scraper.py >         <module>(): Line 759 - WARNING - Scraping KT_SG > https://services.geo.sg.ch/wss/service/SG00008_WMS/guest?REQUEST=GetCapabilities aborted
2026-01-11 04:54:06,848 - Scraping log - scraper.py >         <module>(): Line 751 - INFO - Running default scraper on KT_SG > https://services.geo.sg.ch/wss/service/SG00032_WFS/guest?REQUEST=GetCapabilities (source 207/1467)
2026-01-11 04:54:09,571 - Scraping log - scraper.py >         <module>(): Line 751 - INFO - Running default scraper on KT_SG > https://services.geo.sg.ch/wss/service/SG00032_WMS/guest?REQUEST=GetCapabilities (source 208/1467)
2026-01-11 04:54:16,701 - Scraping log - scraper.py >         <module>(): Line 751 - INFO - Running default scraper on KT_SG > https://services.geo.sg.ch/wss/service/SG00033_WMS/guest?REQUEST=GetCapabilities (source 209/1467)
2026-01-11 04:54:38,233 - Scraping log - scraper.py >         <module>(): Line 751 - INFO - Running default scraper on KT_SG > https://services.geo.sg.ch/wss/service/SG00061_WMS/guest?REQUEST=GetCapabilities (source 210/1467)
2026-01-11 04:54:42,115 - Scraping log - scraper.py >         <module>(): Line 751 - INFO - Running default scraper on KT_SG > https://services.geo.sg.ch/wss/service/SG00022_WMS/guest?REQUEST=GetCapabilities (source 211/1467)
2026-01-11 04:54:46,185 - Scraping log - scraper.py >         <module>(): Line 751 - INFO - Running default scraper on KT_SG > https://services.geo.sg.ch/wss/service/SG00036_WMS/guest?REQUEST=GetCapabilities (source 212/1467)
2026-01-11 04:54:50,272 - Scraping log - scraper.py >         <module>(): Line 751 - INFO - Running default scraper on KT_SG > https://services.geo.sg.ch/wss/service/SG00042_WFS/guest?REQUEST=GetCapabilities (source 213/1467)
2026-01-11 04:54:53,522 - Scraping log - scraper.py >         <module>(): Line 751 - INFO - Running default scraper on KT_SG > https://services.geo.sg.ch/wss/service/SG00042_WMS/guest?REQUEST=GetCapabilities (source 214/1467)
2026-01-11 04:55:02,780 - Scraping log - scraper.py >         <module>(): Line 751 - INFO - Running default scraper on KT_SG > https://services.geo.sg.ch/wss/service/SG00053_WFS/guest?REQUEST=GetCapabilities (source 215/1467)
2026-01-11 04:55:05,103 - Scraping log - scraper.py >         <module>(): Line 751 - INFO - Running default scraper on KT_SG > https://services.geo.sg.ch/wss/service/SG00053_WMS/guest?REQUEST=GetCapabilities (source 216/1467)
2026-01-11 04:55:09,015 - Scraping log - scraper.py >         <module>(): Line 751 - INFO - Running default scraper on KT_SG > https://services.geo.sg.ch/wss/service/SG00068_WMS/guest?REQUEST=GetCapabilities (source 217/1467)
2026-01-11 04:55:14,273 - Scraping log - scraper.py >         <module>(): Line 751 - INFO - Running default scraper on KT_SG > https://services.geo.sg.ch/wss/service/SG00080_WMS/guest?REQUEST=GetCapabilities (source 218/1467)
2026-01-11 04:55:23,070 - Scraping log - scraper.py >         <module>(): Line 751 - INFO - Running default scraper on KT_SG > https://services.geo.sg.ch/wss/service/SG00026_WMS/guest?REQUEST=GetCapabilities (source 219/1467)
2026-01-11 04:55:27,291 - Scraping log - scraper.py >         <module>(): Line 751 - INFO - Running default scraper on KT_SG > https://services.geo.sg.ch/wss/service/SG00093_WMS/guest?REQUEST=GetCapabilities (source 220/1467)
2026-01-11 04:55:31,334 - Scraping log - scraper.py >         <module>(): Line 751 - INFO - Running default scraper on KT_SG > https://services.geo.sg.ch/wss/service/SG00101_WMS/guest?REQUEST=GetCapabilities (source 221/1467)
2026-01-11 04:55:35,333 - Scraping log - scraper.py >         <module>(): Line 751 - INFO - Running default scraper on KT_SG > https://services.geo.sg.ch/wss/service/SG00010_WMS/guest?REQUEST=GetCapabilities (source 222/1467)
2026-01-11 04:55:39,421 - Scraping log - scraper.py >         <module>(): Line 751 - INFO - Running default scraper on KT_SG > https://services.geo.sg.ch/wss/service/SG00011_WMS/guest?REQUEST=GetCapabilities (source 223/1467)
2026-01-11 04:55:42,917 - Scraping log - scraper.py >         <module>(): Line 751 - INFO - Running default scraper on KT_SG > https://services.geo.sg.ch/wss/service/SG00075_WMS/guest?REQUEST=GetCapabilities (source 224/1467)
2026-01-11 04:55:47,421 - Scraping log - scraper.py >         <module>(): Line 751 - INFO - Running default scraper on KT_SG > https://services.geo.sg.ch/wss/service/SG00076_WMS/guest?REQUEST=GetCapabilities (source 225/1467)
2026-01-11 04:55:52,606 - Scraping log - scraper.py >         <module>(): Line 751 - INFO - Running default scraper on KT_SG > https://services.geo.sg.ch/wss/service/SG00069_WMS/guest?REQUEST=GetCapabilities (source 226/1467)
2026-01-11 04:55:57,783 - Scraping log - scraper.py >         <module>(): Line 751 - INFO - Running default scraper on KT_SG > https://services.geo.sg.ch/wss/service/SG00077_WMS/guest?REQUEST=GetCapabilities (source 227/1467)
2026-01-11 04:56:01,069 - Scraping log - scraper.py >         <module>(): Line 751 - INFO - Running default scraper on KT_SG > https://services.geo.sg.ch/wss/service/SG00088_WMS/guest?REQUEST=GetCapabilities (source 228/1467)
2026-01-11 04:56:04,992 - Scraping log - scraper.py >         <module>(): Line 751 - INFO - Running default scraper on KT_SG > https://services.geo.sg.ch/wss/service/SG00021_WFS/guest?REQUEST=GetCapabilities (source 229/1467)
2026-01-11 04:56:07,212 - Scraping log - scraper.py >         <module>(): Line 751 - INFO - Running default scraper on KT_SG > https://services.geo.sg.ch/wss/service/SG00021_WMS/guest?REQUEST=GetCapabilities (source 230/1467)
2026-01-11 04:56:10,725 - Scraping log - scraper.py >         <module>(): Line 751 - INFO - Running default scraper on KT_SG > https://services.geo.sg.ch/wss/service/SG00020_WFS/guest?REQUEST=GetCapabilities (source 231/1467)
2026-01-11 04:56:13,623 - Scraping log - scraper.py >         <module>(): Line 751 - INFO - Running default scraper on KT_SG > https://services.geo.sg.ch/wss/service/SG00020_WMS/guest?REQUEST=GetCapabilities (source 232/1467)
2026-01-11 04:56:16,202 - Scraping log - scraper.py >         <module>(): Line 751 - INFO - Running default scraper on KT_SG > https://services.geo.sg.ch/wss/service/SG00037_WMS/guest?REQUEST=GetCapabilities (source 233/1467)
2026-01-11 04:56:20,171 - Scraping log - scraper.py >         <module>(): Line 751 - INFO - Running default scraper on KT_SG > https://services.geo.sg.ch/wss/service/SG00038_WMS/guest?REQUEST=GetCapabilities (source 234/1467)
2026-01-11 04:56:20,612 - Scraping log - scraper.py >         <module>(): Line 759 - WARNING - Scraping KT_SG > https://services.geo.sg.ch/wss/service/SG00038_WMS/guest?REQUEST=GetCapabilities aborted
2026-01-11 04:56:20,612 - Scraping log - scraper.py >         <module>(): Line 751 - INFO - Running default scraper on KT_SG > https://services.geo.sg.ch/wss/service/SG00160_WMS/guest?REQUEST=GetCapabilities (source 235/1467)
2026-01-11 04:56:24,147 - Scraping log - scraper.py >         <module>(): Line 751 - INFO - Running default scraper on KT_SG > https://services.geo.sg.ch/wss/service/SG00087_WFS/guest?REQUEST=GetCapabilities (source 236/1467)
2026-01-11 04:56:26,721 - Scraping log - scraper.py >         <module>(): Line 751 - INFO - Running default scraper on KT_SG > https://services.geo.sg.ch/wss/service/SG00087_WMS/guest?REQUEST=GetCapabilities (source 237/1467)
2026-01-11 04:56:31,487 - Scraping log - scraper.py >         <module>(): Line 751 - INFO - Running default scraper on KT_SG > https://services.geo.sg.ch/wss/service/SG00039_WFS/guest?REQUEST=GetCapabilities (source 238/1467)
2026-01-11 04:56:34,138 - Scraping log - scraper.py >         <module>(): Line 751 - INFO - Running default scraper on KT_SG > https://services.geo.sg.ch/wss/service/SG00039_WMS/guest?REQUEST=GetCapabilities (source 239/1467)
2026-01-11 04:56:39,557 - Scraping log - scraper.py >         <module>(): Line 751 - INFO - Running default scraper on KT_SG > https://services.geo.sg.ch/wss/service/SG00013_WFS/guest?REQUEST=GetCapabilities (source 240/1467)
2026-01-11 04:56:42,926 - Scraping log - scraper.py >         <module>(): Line 751 - INFO - Running default scraper on KT_SG > https://services.geo.sg.ch/wss/service/SG00013_WMS/guest?REQUEST=GetCapabilities (source 241/1467)
2026-01-11 04:56:51,819 - Scraping log - scraper.py >         <module>(): Line 751 - INFO - Running default scraper on KT_SG > https://services.geo.sg.ch/wss/service/SG00041_WMS/guest?REQUEST=GetCapabilities (source 242/1467)
2026-01-11 04:57:02,495 - Scraping log - scraper.py >         <module>(): Line 751 - INFO - Running default scraper on KT_SG > https://services.geo.sg.ch/wss/service/SG00081_WMS/guest?REQUEST=GetCapabilities (source 243/1467)
2026-01-11 04:57:14,904 - Scraping log - scraper.py >         <module>(): Line 751 - INFO - Running default scraper on KT_SG > https://services.geo.sg.ch/wss/service/SG00078_WMS/guest?REQUEST=GetCapabilities (source 244/1467)
2026-01-11 04:57:21,603 - Scraping log - scraper.py >         <module>(): Line 751 - INFO - Running default scraper on KT_SG > https://services.geo.sg.ch/wss/service/SG00085_WMS/guest?REQUEST=GetCapabilities (source 245/1467)
2026-01-11 04:57:29,101 - Scraping log - scraper.py >         <module>(): Line 751 - INFO - Running default scraper on KT_SG > https://services.geo.sg.ch/wss/service/SG00102_WMS/guest?REQUEST=GetCapabilities (source 246/1467)
2026-01-11 04:57:45,160 - Scraping log - scraper.py >         <module>(): Line 751 - INFO - Running default scraper on KT_SG > https://services.geo.sg.ch/wss/service/SG00064_WMS/guest?REQUEST=GetCapabilities (source 247/1467)
2026-01-11 04:57:50,502 - Scraping log - scraper.py >         <module>(): Line 751 - INFO - Running default scraper on KT_SG > https://services.geo.sg.ch/wss/service/SG00103_WMS/guest?REQUEST=GetCapabilities (source 248/1467)
2026-01-11 04:58:03,335 - Scraping log - scraper.py >         <module>(): Line 751 - INFO - Running default scraper on KT_SG > https://services.geo.sg.ch/wss/service/SG00062_WMS/guest?REQUEST=GetCapabilities (source 249/1467)
2026-01-11 04:58:06,135 - Scraping log - scraper.py >         <module>(): Line 751 - INFO - Running default scraper on KT_SG > https://services.geo.sg.ch/wss/service/SG00062_WMTS/guest?REQUEST=GetCapabilities (source 250/1467)
2026-01-11 04:58:07,293 - Scraping log - scraper.py >         <module>(): Line 751 - INFO - Running default scraper on KT_SG > https://services.geo.sg.ch/wss/service/SG00158_WMS/guest?REQUEST=GetCapabilities (source 251/1467)
2026-01-11 04:58:13,660 - Scraping log - scraper.py >         <module>(): Line 751 - INFO - Running default scraper on KT_SG > https://services.geo.sg.ch/wss/service/SG00164_WFS/guest?REQUEST=GetCapabilities (source 252/1467)
2026-01-11 04:58:17,112 - Scraping log - scraper.py >         <module>(): Line 751 - INFO - Running default scraper on KT_SG > https://services.geo.sg.ch/wss/service/SG00164_WMS/guest?REQUEST=GetCapabilities (source 253/1467)
2026-01-11 04:58:23,440 - Scraping log - scraper.py >         <module>(): Line 751 - INFO - Running default scraper on KT_SG > https://services.geo.sg.ch/wss/service/SG00124_WMS/guest?REQUEST=GetCapabilities (source 254/1467)
2026-01-11 04:58:28,018 - Scraping log - scraper.py >         <module>(): Line 751 - INFO - Running default scraper on KT_SG > https://services.geo.sg.ch/wss/service/SG00012_WMS/guest?REQUEST=GetCapabilities (source 255/1467)
2026-01-11 04:58:32,039 - Scraping log - scraper.py >         <module>(): Line 751 - INFO - Running default scraper on KT_SG > https://services.geo.sg.ch/wss/service/SG00018_WMS/guest?REQUEST=GetCapabilities (source 256/1467)
2026-01-11 04:58:35,488 - Scraping log - scraper.py >         <module>(): Line 751 - INFO - Running default scraper on KT_SG > https://services.geo.sg.ch/wss/service/SG00051_WMS/guest?REQUEST=GetCapabilities (source 257/1467)
2026-01-11 04:58:38,935 - Scraping log - scraper.py >         <module>(): Line 751 - INFO - Running default scraper on KT_SG > https://services.geo.sg.ch/wss/service/SG00019_WMS/guest?REQUEST=GetCapabilities (source 258/1467)
2026-01-11 04:58:39,276 - Scraping log - scraper.py >         <module>(): Line 759 - WARNING - Scraping KT_SG > https://services.geo.sg.ch/wss/service/SG00019_WMS/guest?REQUEST=GetCapabilities aborted
2026-01-11 04:58:39,276 - Scraping log - scraper.py >         <module>(): Line 751 - INFO - Running default scraper on KT_SG > https://services.geo.sg.ch/wss/service/SG00052_WMS/guest?REQUEST=GetCapabilities (source 259/1467)
2026-01-11 04:58:42,677 - Scraping log - scraper.py >         <module>(): Line 751 - INFO - Running default scraper on KT_SG > https://services.geo.sg.ch/wss/service/SG00023_WMS/guest?REQUEST=GetCapabilities (source 260/1467)
2026-01-11 04:58:46,654 - Scraping log - scraper.py >         <module>(): Line 751 - INFO - Running default scraper on KT_SG > https://services.geo.sg.ch/wss/service/SG00024_WMS/guest?REQUEST=GetCapabilities (source 261/1467)
2026-01-11 04:58:50,085 - Scraping log - scraper.py >         <module>(): Line 751 - INFO - Running default scraper on KT_SG > https://services.geo.sg.ch/wss/service/SG00084_WMS/guest?REQUEST=GetCapabilities (source 262/1467)
2026-01-11 04:58:53,479 - Scraping log - scraper.py >         <module>(): Line 751 - INFO - Running default scraper on KT_SG > https://services.geo.sg.ch/wss/service/SG00082_WMS/guest?REQUEST=GetCapabilities (source 263/1467)
2026-01-11 04:58:56,971 - Scraping log - scraper.py >         <module>(): Line 751 - INFO - Running default scraper on KT_SG > https://services.geo.sg.ch/wss/service/SG00065_WMS/guest?REQUEST=GetCapabilities (source 264/1467)
2026-01-11 04:59:00,674 - Scraping log - scraper.py >         <module>(): Line 751 - INFO - Running default scraper on KT_SG > https://services.geo.sg.ch/wss/service/SG00025_WMS/guest?REQUEST=GetCapabilities (source 265/1467)
2026-01-11 04:59:07,496 - Scraping log - scraper.py >         <module>(): Line 751 - INFO - Running default scraper on KT_SG > https://services.geo.sg.ch/wss/service/SG00034_WFS/guest?REQUEST=GetCapabilities (source 266/1467)
2026-01-11 04:59:10,281 - Scraping log - scraper.py >         <module>(): Line 751 - INFO - Running default scraper on KT_SG > https://services.geo.sg.ch/wss/service/SG00034_WMS/guest?REQUEST=GetCapabilities (source 267/1467)
2026-01-11 04:59:15,869 - Scraping log - scraper.py >         <module>(): Line 751 - INFO - Running default scraper on KT_SG > https://services.geo.sg.ch/wss/service/SG00035_WFS/guest?REQUEST=GetCapabilities (source 268/1467)
2026-01-11 04:59:18,246 - Scraping log - scraper.py >         <module>(): Line 751 - INFO - Running default scraper on KT_SG > https://services.geo.sg.ch/wss/service/SG00035_WMS/guest?REQUEST=GetCapabilities (source 269/1467)
2026-01-11 04:59:22,131 - Scraping log - scraper.py >         <module>(): Line 751 - INFO - Running default scraper on KT_SG > https://services.geo.sg.ch/wss/service/SG00172_WMS/guest?REQUEST=GetCapabilities (source 270/1467)
2026-01-11 04:59:25,467 - Scraping log - scraper.py >         <module>(): Line 751 - INFO - Running default scraper on KT_SG > https://services.geo.sg.ch/wss/service/SG00159_WMS/guest?REQUEST=GetCapabilities (source 271/1467)
2026-01-11 04:59:29,353 - Scraping log - scraper.py >         <module>(): Line 751 - INFO - Running default scraper on KT_SG > https://services.geo.sg.ch/wss/service/SG00170_WMS/guest?REQUEST=GetCapabilities (source 272/1467)
2026-01-11 04:59:32,829 - Scraping log - scraper.py >         <module>(): Line 751 - INFO - Running default scraper on KT_SG > https://services.geo.sg.ch/wss/service/SG00016_WMS/guest?REQUEST=GetCapabilities (source 273/1467)
2026-01-11 04:59:36,102 - Scraping log - scraper.py >         <module>(): Line 751 - INFO - Running default scraper on KT_SG > https://services.geo.sg.ch/wss/service/SG00100_WMS/guest?REQUEST=GetCapabilities (source 274/1467)
2026-01-11 04:59:41,887 - Scraping log - scraper.py >         <module>(): Line 751 - INFO - Running default scraper on KT_SG > https://services.geo.sg.ch/wss/service/SG00083_WMS/guest?REQUEST=GetCapabilities (source 275/1467)
2026-01-11 04:59:46,116 - Scraping log - scraper.py >         <module>(): Line 751 - INFO - Running default scraper on KT_SG > https://services.geo.sg.ch/wss/service/SG00096_WMS/guest?REQUEST=GetCapabilities (source 276/1467)
2026-01-11 04:59:50,125 - Scraping log - scraper.py >         <module>(): Line 751 - INFO - Running default scraper on KT_SG > https://services.geo.sg.ch/wss/service/SG00027_WFS/guest?REQUEST=GetCapabilities (source 277/1467)
2026-01-11 04:59:52,391 - Scraping log - scraper.py >         <module>(): Line 751 - INFO - Running default scraper on KT_SG > https://services.geo.sg.ch/wss/service/SG00027_WMS/guest?REQUEST=GetCapabilities (source 278/1467)
2026-01-11 04:59:55,740 - Scraping log - scraper.py >         <module>(): Line 751 - INFO - Running default scraper on KT_SH > https://wms.geo.sh.ch/wms?SERVICE=WMS&REQUEST=GetCapabilities (source 279/1467)
2026-01-11 05:00:10,330 - Scraping log - scraper.py > get_service_info(): Line 319 - ERROR - wms: HTTPSConnectionPool(host='wms.geo.sh.ch', port=443): Read timed out. (read timeout=10)
2026-01-11 05:00:43,205 - Scraping log - scraper.py >         <module>(): Line 751 - INFO - Running default scraper on KT_SH > https://wms.geo.sh.ch/raster?SERVICE=WMS&REQUEST=GetCapabilities (source 280/1467)
2026-01-11 05:00:55,884 - Scraping log - scraper.py >         <module>(): Line 751 - INFO - Running default scraper on KT_SH > https://wfs.geo.sh.ch/wfs?SERVICE=WFS&REQUEST=GetCapabilities (source 281/1467)
2026-01-11 05:00:57,879 - Scraping log - scraper.py >         <module>(): Line 751 - INFO - Running default scraper on KT_SO > https://geo.so.ch/api/wfs?SERVICE=WFS&REQUEST=GetCapabilities (source 282/1467)
2026-01-11 05:01:20,814 - Scraping log - scraper.py >write_service_info(): Line 445 - ERROR - KT_SO, ch.so.afu.erdwaerme.sonde: cannot convert float infinity to integer
2026-01-11 05:01:26,601 - Scraping log - scraper.py >         <module>(): Line 751 - INFO - Running default scraper on KT_SO > https://geo.so.ch/api/wms?SERVICE=WMS&REQUEST=GetCapabilities (source 283/1467)
2026-01-11 05:01:31,430 - Scraping log - scraper.py > get_service_info(): Line 319 - ERROR - somap: 'NoneType' object has no attribute 'text'
2026-01-11 05:01:33,274 - Scraping log - scraper.py >write_service_info(): Line 445 - ERROR - KT_SO, ch.so.afu.erdwaerme.sonde: cannot convert float infinity to integer
2026-01-11 05:01:39,435 - Scraping log - scraper.py >write_service_info(): Line 445 - ERROR - KT_SO, ch.so.afu.wasserbewirtschaftung: cannot convert float infinity to integer
2026-01-11 05:08:39,565 - Scraping log - scraper.py > get_service_info(): Line 319 - ERROR - ch.so.awjf.forstreviere.forstkreis: HTTPSConnectionPool(host='geo.so.ch', port=443): Read timed out. (read timeout=10)
2026-01-11 05:09:02,583 - Scraping log - scraper.py > get_service_info(): Line 319 - ERROR - ch.so.awjf.waldportal.waldrand: HTTPSConnectionPool(host='geo.so.ch', port=443): Read timed out. (read timeout=10)
2026-01-11 05:09:27,451 - Scraping log - scraper.py >         <module>(): Line 751 - INFO - Running default scraper on KT_SO > https://geo.so.ch/api/wmts/1.0.0/WMTSCapabilities.xml (source 284/1467)
2026-01-11 05:09:29,086 - Scraping log - scraper.py >         <module>(): Line 751 - INFO - Running default scraper on KT_SO > https://geo.so.ch/wms/oereb?SERVICE=WMS&REQUEST=GetCapabilities (source 285/1467)
2026-01-11 05:09:40,752 - Scraping log - scraper.py > get_service_info(): Line 319 - ERROR - ch.so.agi.oereb: HTTPSConnectionPool(host='geo.so.ch', port=443): Read timed out. (read timeout=10)
2026-01-11 05:09:49,091 - Scraping log - scraper.py >         <module>(): Line 751 - INFO - Running default scraper on KT_SZ > https://map.geo.sz.ch/mapserv_proxy?SERVICE=WMS&REQUEST=GetCapabilities&lang=de (source 286/1467)
2026-01-11 05:10:09,281 - Scraping log - scraper.py > get_service_info(): Line 319 - ERROR - Schwyz: HTTPSConnectionPool(host='map.geo.sz.ch', port=443): Read timed out. (read timeout=10)
2026-01-11 05:11:03,128 - Scraping log - scraper.py > get_service_info(): Line 316 - WARNING - ch.sz.a005c.nutzungsplanung_kommunal.innerthal.ueberlagernde_festlegung: GetMap request is blocked for this layer
2026-01-11 05:12:11,087 - Scraping log - scraper.py > get_service_info(): Line 316 - WARNING - ch.sz.a012b.naturgefahrenkarte.erhebungsgebiet: GetMap request is blocked for this layer
2026-01-11 05:12:11,487 - Scraping log - scraper.py > get_service_info(): Line 316 - WARNING - ch.sz.a012b.naturgefahrenkarte.intensitaet_lawinen_30: GetMap request is blocked for this layer
2026-01-11 05:12:11,891 - Scraping log - scraper.py > get_service_info(): Line 316 - WARNING - ch.sz.a012b.naturgefahrenkarte.intensitaet_lawinen_100: GetMap request is blocked for this layer
2026-01-11 05:12:12,361 - Scraping log - scraper.py > get_service_info(): Line 316 - WARNING - ch.sz.a012b.naturgefahrenkarte.intensitaet_lawinen_300: GetMap request is blocked for this layer
2026-01-11 05:12:12,762 - Scraping log - scraper.py > get_service_info(): Line 316 - WARNING - ch.sz.a012b.naturgefahrenkarte.intensitaet_gleitschnee: GetMap request is blocked for this layer
2026-01-11 05:12:13,200 - Scraping log - scraper.py > get_service_info(): Line 316 - WARNING - ch.sz.a012b.naturgefahrenkarte.intensitaet_rutschung_spontan_30: GetMap request is blocked for this layer
2026-01-11 05:12:13,610 - Scraping log - scraper.py > get_service_info(): Line 316 - WARNING - ch.sz.a012b.naturgefahrenkarte.intensitaet_rutschung_spontan_100: GetMap request is blocked for this layer
2026-01-11 05:12:14,017 - Scraping log - scraper.py > get_service_info(): Line 316 - WARNING - ch.sz.a012b.naturgefahrenkarte.intensitaet_rutschung_spontan_300: GetMap request is blocked for this layer
2026-01-11 05:12:14,423 - Scraping log - scraper.py > get_service_info(): Line 316 - WARNING - ch.sz.a012b.naturgefahrenkarte.intensitaet_rutschung_permanent: GetMap request is blocked for this layer
2026-01-11 05:12:14,835 - Scraping log - scraper.py > get_service_info(): Line 316 - WARNING - ch.sz.a012b.naturgefahrenkarte.intensitaet_sturzprozess_30: GetMap request is blocked for this layer
2026-01-11 05:12:15,238 - Scraping log - scraper.py > get_service_info(): Line 316 - WARNING - ch.sz.a012b.naturgefahrenkarte.intensitaet_sturzprozess_100: GetMap request is blocked for this layer
2026-01-11 05:12:15,642 - Scraping log - scraper.py > get_service_info(): Line 316 - WARNING - ch.sz.a012b.naturgefahrenkarte.intensitaet_sturzprozess_300: GetMap request is blocked for this layer
2026-01-11 05:12:16,045 - Scraping log - scraper.py > get_service_info(): Line 316 - WARNING - ch.sz.a012b.naturgefahrenkarte.intensitaet_einsturz_absenkung: GetMap request is blocked for this layer
2026-01-11 05:12:16,452 - Scraping log - scraper.py > get_service_info(): Line 316 - WARNING - ch.sz.a012b.naturgefahrenkarte.intensitaet_wasser_30: GetMap request is blocked for this layer
2026-01-11 05:12:16,858 - Scraping log - scraper.py > get_service_info(): Line 316 - WARNING - ch.sz.a012b.naturgefahrenkarte.intensitaet_wasser_100: GetMap request is blocked for this layer
2026-01-11 05:12:17,277 - Scraping log - scraper.py > get_service_info(): Line 316 - WARNING - ch.sz.a012b.naturgefahrenkarte.intensitaet_wasser_300: GetMap request is blocked for this layer
2026-01-11 05:12:33,983 - Scraping log - scraper.py > get_service_info(): Line 319 - ERROR - ch.sz.a018a.amtliche_vermessung.ortsplan.farbig: HTTPSConnectionPool(host='map.geo.sz.ch', port=443): Read timed out. (read timeout=10)
2026-01-11 05:12:45,322 - Scraping log - scraper.py > get_service_info(): Line 319 - ERROR - ch.sz.a018a.amtliche_vermessung.ortsplan.schwarz-weiss: HTTPSConnectionPool(host='map.geo.sz.ch', port=443): Read timed out. (read timeout=10)
2026-01-11 05:12:57,258 - Scraping log - scraper.py > get_service_info(): Line 319 - ERROR - ch.sz.a018.amtliche_vermessung.bodenbedeckung.flaeche.farbig: HTTPSConnectionPool(host='map.geo.sz.ch', port=443): Read timed out. (read timeout=10)
2026-01-11 05:13:07,310 - Scraping log - scraper.py > get_service_info(): Line 319 - ERROR - ch.sz.a018.amtliche_vermessung.bodenbedeckung.flaeche.grau: HTTPSConnectionPool(host='map.geo.sz.ch', port=443): Read timed out. (read timeout=10)
2026-01-11 05:14:52,878 - Scraping log - scraper.py > get_service_info(): Line 316 - WARNING - ch.sz.a065a.versickerung_eingeschraenkt: GetMap request is blocked for this layer
2026-01-11 05:19:44,934 - Scraping log - scraper.py > get_service_info(): Line 316 - WARNING - ch.sz.a207a.schuebelbach.vsadssmini_abwasser.leitung: GetMap request is blocked for this layer
2026-01-11 05:19:45,344 - Scraping log - scraper.py > get_service_info(): Line 316 - WARNING - ch.sz.a207a.schuebelbach.vsadssmini_abwasser.bauwerk_flaeche: GetMap request is blocked for this layer
2026-01-11 05:20:04,506 - Scraping log - scraper.py > get_service_info(): Line 316 - WARNING - ch.sz.a243a.gewaessernetz.technisch.mwert.karto: GetMap request is blocked for this layer
2026-01-11 05:20:10,937 - Scraping log - scraper.py >         <module>(): Line 751 - INFO - Running default scraper on KT_SZ > https://geoshop.lisag.ch/WMSSZ?SERVICE=WMS&REQUEST=GetCapabilities (source 287/1467)
2026-01-11 05:20:16,822 - Scraping log - scraper.py >         <module>(): Line 751 - INFO - Running default scraper on KT_SZ > https://map.geo.sz.ch/tiles/1.0.0/WMTSCapabilities.xml (source 288/1467)
2026-01-11 05:20:19,291 - Scraping log - scraper.py >         <module>(): Line 751 - INFO - Running default scraper on KT_SZ > https://map.geo.sz.ch/mapserv_proxy?SERVICE=WFS&REQUEST=GetCapabilities&lang=de (source 289/1467)
2026-01-11 05:22:32,557 - Scraping log - scraper.py >         <module>(): Line 751 - INFO - Running default scraper on KT_TG > https://ows.geo.tg.ch/geofy_access_proxy/notfalltreffpunkte?service=WMS&version=1.3.0&request=GetCapabilities (source 290/1467)
2026-01-11 05:22:35,391 - Scraping log - scraper.py >         <module>(): Line 751 - INFO - Running default scraper on KT_TG > https://ows.geo.tg.ch/geofy_access_proxy/rebbau?service=WMS&version=1.3.0&request=GetCapabilities (source 291/1467)
2026-01-11 05:22:38,234 - Scraping log - scraper.py >         <module>(): Line 751 - INFO - Running default scraper on KT_TG > https://ows.geo.tg.ch/geofy_access_proxy/strassenverkehrszaehlung?service=WMS&version=1.3.0&request=GetCapabilities (source 292/1467)
2026-01-11 05:22:41,882 - Scraping log - scraper.py >         <module>(): Line 751 - INFO - Running default scraper on KT_TG > https://ows.geo.tg.ch/geofy_access_proxy/av_wms?Service=WMS&Version=1.3.0&Request=GetCapabilities (source 293/1467)
2026-01-11 05:22:48,389 - Scraping log - scraper.py >         <module>(): Line 751 - INFO - Running default scraper on KT_TG > https://ows.geo.tg.ch/geofy_access_proxy/vernetzungskorridore?service=WMS&version=1.3.0&request=GetCapabilities (source 294/1467)
2026-01-11 05:22:50,387 - Scraping log - scraper.py >         <module>(): Line 751 - INFO - Running default scraper on KT_TG > https://ows.geo.tg.ch/geofy_access_proxy/laermemissionskataster?service=WMS&version=1.3.0&request=GetCapabilities (source 295/1467)
2026-01-11 05:22:57,150 - Scraping log - scraper.py >         <module>(): Line 751 - INFO - Running default scraper on KT_TG > https://ows.geo.tg.ch/geofy_access_proxy/skate?service=WMS&version=1.3.0&request=GetCapabilities (source 296/1467)
2026-01-11 05:22:58,784 - Scraping log - scraper.py >         <module>(): Line 751 - INFO - Running default scraper on KT_TG > https://ows.geo.tg.ch/geofy_access_proxy/deutschkurse?service=WMS&version=1.3.0&request=GetCapabilities (source 297/1467)
2026-01-11 05:23:01,140 - Scraping log - scraper.py >         <module>(): Line 751 - INFO - Running default scraper on KT_TG > https://ows.geo.tg.ch/geofy_access_proxy/landwirtschaft_kulturflaechen?service=WMS&version=1.3.0&request=GetCapabilities (source 298/1467)
2026-01-11 05:23:12,728 - Scraping log - scraper.py > get_service_info(): Line 319 - ERROR - Landwirtschaft_Kulturflaechen: HTTPSConnectionPool(host='ows.geo.tg.ch', port=443): Read timed out. (read timeout=10)
2026-01-11 05:23:29,557 - Scraping log - scraper.py >         <module>(): Line 751 - INFO - Running default scraper on KT_TG > https://ows.geo.tg.ch/geofy_access_proxy/landwirtschaft_kulturflaechen?service=WMS&version=1.3.0&request=GetCapabilities (source 299/1467)
2026-01-11 05:23:41,249 - Scraping log - scraper.py > get_service_info(): Line 319 - ERROR - Landwirtschaft_Kulturflaechen: HTTPSConnectionPool(host='ows.geo.tg.ch', port=443): Read timed out. (read timeout=10)
2026-01-11 05:23:58,214 - Scraping log - scraper.py >         <module>(): Line 751 - INFO - Running default scraper on KT_TG > https://ows.geo.tg.ch/geofy_access_proxy/bts_ols?service=WMS&version=1.3.0&request=GetCapabilities (source 300/1467)
2026-01-11 05:24:01,077 - Scraping log - scraper.py >         <module>(): Line 751 - INFO - Running default scraper on KT_TG > https://ows.geo.tg.ch/geofy_access_proxy/waldreservate?service=WMS&version=1.3.0&request=GetCapabilities (source 301/1467)
2026-01-11 05:24:01,777 - Scraping log - scraper.py >         <module>(): Line 759 - WARNING - Scraping KT_TG > https://ows.geo.tg.ch/geofy_access_proxy/waldreservate?service=WMS&version=1.3.0&request=GetCapabilities aborted
2026-01-11 05:24:01,777 - Scraping log - scraper.py >         <module>(): Line 751 - INFO - Running default scraper on KT_TG > https://ows.geo.tg.ch/geofy_access_proxy/waldreservate?service=WMS&version=1.3.0&request=GetCapabilities (source 302/1467)
2026-01-11 05:24:02,447 - Scraping log - scraper.py >         <module>(): Line 759 - WARNING - Scraping KT_TG > https://ows.geo.tg.ch/geofy_access_proxy/waldreservate?service=WMS&version=1.3.0&request=GetCapabilities aborted
2026-01-11 05:24:02,447 - Scraping log - scraper.py >         <module>(): Line 751 - INFO - Running default scraper on KT_TG > https://ows.geo.tg.ch/geofy_access_proxy/waldentwicklungsplan?service=WMS&version=1.3.0&request=GetCapabilities (source 303/1467)
2026-01-11 05:24:05,318 - Scraping log - scraper.py >         <module>(): Line 751 - INFO - Running default scraper on KT_TG > https://ows.geo.tg.ch/geofy_access_proxy/schutzwald?service=WMS&version=1.3.0&request=GetCapabilities (source 304/1467)
2026-01-11 05:24:07,191 - Scraping log - scraper.py >         <module>(): Line 751 - INFO - Running default scraper on KT_TG > https://ows.geo.tg.ch/geofy_access_proxy/oereb_amphibienlaichgebiete?service=WMS&version=1.3.0&request=GetCapabilities (source 305/1467)
2026-01-11 05:24:09,871 - Scraping log - scraper.py >         <module>(): Line 751 - INFO - Running default scraper on KT_TG > https://ows.geo.tg.ch/geofy_access_proxy/oereb_flachmoore?service=WMS&version=1.3.0&request=GetCapabilities (source 306/1467)
2026-01-11 05:24:12,541 - Scraping log - scraper.py >         <module>(): Line 751 - INFO - Running default scraper on KT_TG > https://ows.geo.tg.ch/geofy_access_proxy/oereb_hoch_uebergangsmoore?service=WMS&version=1.3.0&request=GetCapabilities (source 307/1467)
2026-01-11 05:24:14,208 - Scraping log - scraper.py >         <module>(): Line 751 - INFO - Running default scraper on KT_TG > https://ows.geo.tg.ch/geofy_access_proxy/hkb?Service=WMS&Version=1.3.0&Request=GetCapabilities (source 308/1467)
2026-01-11 05:24:16,671 - Scraping log - scraper.py >         <module>(): Line 751 - INFO - Running default scraper on KT_TG > https://ows.geo.tg.ch/geofy_access_proxy/friedensrichteraemter?Service=WMS&Version=1.3.0&Request=GetCapabilities (source 309/1467)
2026-01-11 05:24:18,778 - Scraping log - scraper.py >         <module>(): Line 751 - INFO - Running default scraper on KT_TG > https://ows.geo.tg.ch/geofy_access_proxy/betreibungsaemter?service=WMS&version=1.3.0&request=GetCapabilities (source 310/1467)
2026-01-11 05:24:20,883 - Scraping log - scraper.py >         <module>(): Line 751 - INFO - Running default scraper on KT_TG > https://ows.geo.tg.ch/geofy_access_proxy/stromversorgung_netzgebiete?service=WMS&version=1.3.0&request=GetCapabilities (source 311/1467)
2026-01-11 05:24:22,767 - Scraping log - scraper.py >         <module>(): Line 751 - INFO - Running default scraper on KT_TG > https://ows.geo.tg.ch/geofy_access_proxy/kantonsstrassen?service=WMS&version=1.3.0&request=GetCapabilities (source 312/1467)
2026-01-11 05:24:29,975 - Scraping log - scraper.py >         <module>(): Line 751 - INFO - Running default scraper on KT_TG > https://ows.geo.tg.ch/geofy_access_proxy/landwirtschaft_kulturflaechen?service=WMS&version=1.3.0&request=GetCapabilities (source 313/1467)
2026-01-11 05:24:41,559 - Scraping log - scraper.py > get_service_info(): Line 319 - ERROR - Landwirtschaft_Kulturflaechen: HTTPSConnectionPool(host='ows.geo.tg.ch', port=443): Read timed out. (read timeout=10)
2026-01-11 05:24:58,413 - Scraping log - scraper.py >         <module>(): Line 751 - INFO - Running default scraper on KT_TG > https://ows.geo.tg.ch/geofy_access_proxy/forstliche_bestandeskarte?service=WMS&version=1.3.0&request=GetCapabilities (source 314/1467)
2026-01-11 05:25:00,586 - Scraping log - scraper.py >         <module>(): Line 751 - INFO - Running default scraper on KT_TG > https://ows.geo.tg.ch/geofy_access_proxy/forstreviere?service=WMS&version=1.3.0&request=GetCapabilities (source 315/1467)
2026-01-11 05:25:03,129 - Scraping log - scraper.py >         <module>(): Line 751 - INFO - Running default scraper on KT_TG > https://ows.geo.tg.ch/geofy_access_proxy/basisplanf?Service=WMS&Version=1.3.0&Request=GetCapabilities (source 316/1467)
2026-01-11 05:25:12,730 - Scraping log - scraper.py >         <module>(): Line 751 - INFO - Running default scraper on KT_TG > https://ows.geo.tg.ch/geofy_access_proxy/badegewaesserqualitaet?service=WMS&version=1.3.0&request=GetCapabilities (source 317/1467)
2026-01-11 05:25:14,367 - Scraping log - scraper.py >         <module>(): Line 751 - INFO - Running default scraper on KT_TG > https://ows.geo.tg.ch/geofy_access_proxy/landwirtschaft_kulturflaechen?service=WMS&version=1.3.0&request=GetCapabilities (source 318/1467)
2026-01-11 05:25:25,955 - Scraping log - scraper.py > get_service_info(): Line 319 - ERROR - Landwirtschaft_Kulturflaechen: HTTPSConnectionPool(host='ows.geo.tg.ch', port=443): Read timed out. (read timeout=10)
2026-01-11 05:25:42,897 - Scraping log - scraper.py >         <module>(): Line 751 - INFO - Running default scraper on KT_TG > https://ows.geo.tg.ch/geofy_access_proxy/biber?service=WMS&version=1.3.0&request=GetCapabilities (source 319/1467)
2026-01-11 05:25:44,640 - Scraping log - scraper.py >         <module>(): Line 751 - INFO - Running default scraper on KT_TG > https://ows.geo.tg.ch/geofy_access_proxy/waldstandortkarte?service=WMS&version=1.3.0&request=GetCapabilities (source 320/1467)
2026-01-11 05:25:46,825 - Scraping log - scraper.py >         <module>(): Line 751 - INFO - Running default scraper on KT_TG > https://ows.geo.tg.ch/geofy_access_proxy/forstreviere?service=WMS&version=1.3.0&request=GetCapabilities (source 321/1467)
2026-01-11 05:25:49,314 - Scraping log - scraper.py >         <module>(): Line 751 - INFO - Running default scraper on KT_TG > https://ows.geo.tg.ch/geofy_access_proxy/jagdreviere?service=WMS&version=1.3.0&request=GetCapabilities (source 322/1467)
2026-01-11 05:25:51,359 - Scraping log - scraper.py >         <module>(): Line 751 - INFO - Running default scraper on KT_TG > https://ows.geo.tg.ch/geofy_access_proxy/bodenuebersichtskarte?Service=WMS&Version=1.3.0&Request=GetCapabilities (source 323/1467)
2026-01-11 05:25:57,292 - Scraping log - scraper.py >         <module>(): Line 751 - INFO - Running default scraper on KT_TG > https://ows.geo.tg.ch/geofy_access_proxy/gewaesserschutzkarte?Service=WMS&Version=1.3.0&Request=GetCapabilities (source 324/1467)
2026-01-11 05:26:01,442 - Scraping log - scraper.py >         <module>(): Line 751 - INFO - Running default scraper on KT_TG > https://ows-raster.geo.tg.ch/geofy_access_proxy/luftschadstoffbelastung?Service=WMS&Version=1.3.0&Request=GetCapabilities (source 325/1467)
2026-01-11 05:26:05,518 - Scraping log - scraper.py >         <module>(): Line 751 - INFO - Running default scraper on KT_TG > https://ows.geo.tg.ch/geofy_access_proxy/hintergrundplan?Service=WMS&Version=1.3.0&Request=GetCapabilities (source 326/1467)
2026-01-11 05:26:06,215 - Scraping log - scraper.py >         <module>(): Line 759 - WARNING - Scraping KT_TG > https://ows.geo.tg.ch/geofy_access_proxy/hintergrundplan?Service=WMS&Version=1.3.0&Request=GetCapabilities aborted
2026-01-11 05:26:06,215 - Scraping log - scraper.py >         <module>(): Line 751 - INFO - Running default scraper on KT_TG > https://ows.geo.tg.ch/geofy_access_proxy/fruchtfolgeflaechen_sachplan?service=WMS&version=1.3.0&request=GetCapabilities (source 327/1467)
2026-01-11 05:26:07,877 - Scraping log - scraper.py >         <module>(): Line 751 - INFO - Running default scraper on KT_TG > https://ows.geo.tg.ch/geofy_access_proxy/hydrologische_messnetze?Service=WMS&Version=1.3.0&Request=GetCapabilities (source 328/1467)
2026-01-11 05:26:09,807 - Scraping log - scraper.py >         <module>(): Line 751 - INFO - Running default scraper on KT_TG > https://ows.geo.tg.ch/geofy_access_proxy/kgs_inventar_b_archaeologie?service=WMS&version=1.3.0&request=GetCapabilities (source 329/1467)
2026-01-11 05:26:11,325 - Scraping log - scraper.py >         <module>(): Line 751 - INFO - Running default scraper on KT_TG > https://ows-raster.geo.tg.ch/geofy_access_proxy/luftschadstoffemissionen?Service=WMS&Version=1.3.0&Request=GetCapabilities (source 330/1467)
2026-01-11 05:26:14,803 - Scraping log - scraper.py >         <module>(): Line 751 - INFO - Running default scraper on KT_TG > https://ows.geo.tg.ch/geofy_access_proxy/landwirtschaft_kulturflaechen?service=WMS&version=1.3.0&request=GetCapabilities (source 331/1467)
2026-01-11 05:26:26,406 - Scraping log - scraper.py > get_service_info(): Line 319 - ERROR - Landwirtschaft_Kulturflaechen: HTTPSConnectionPool(host='ows.geo.tg.ch', port=443): Read timed out. (read timeout=10)
2026-01-11 05:26:43,321 - Scraping log - scraper.py >         <module>(): Line 751 - INFO - Running default scraper on KT_TG > https://ows.geo.tg.ch/geofy_access_proxy/kantonsstrassen?service=WMS&version=1.3.0&request=GetCapabilities (source 332/1467)
2026-01-11 05:26:50,623 - Scraping log - scraper.py >         <module>(): Line 751 - INFO - Running default scraper on KT_TG > https://ows.geo.tg.ch/geofy_access_proxy/wanderwege?service=WMS&version=1.3.0&request=GetCapabilities (source 333/1467)
2026-01-11 05:26:55,535 - Scraping log - scraper.py >         <module>(): Line 751 - INFO - Running default scraper on KT_TG > https://ows.geo.tg.ch/geofy_access_proxy/kunstbauten?service=WMS&version=1.3.0&request=GetCapabilities (source 334/1467)
2026-01-11 05:26:57,332 - Scraping log - scraper.py >         <module>(): Line 751 - INFO - Running default scraper on KT_TG > https://ows.geo.tg.ch/geofy_access_proxy/gewaesserschutzkarte?Service=WMS&Version=1.3.0&Request=GetCapabilities (source 335/1467)
2026-01-11 05:27:01,475 - Scraping log - scraper.py >         <module>(): Line 751 - INFO - Running default scraper on KT_TG > https://ows.geo.tg.ch/geofy_access_proxy/neophyten?Service=WMS&Version=1.3.0&Request=GetCapabilities (source 336/1467)
2026-01-11 05:27:03,236 - Scraping log - scraper.py >         <module>(): Line 751 - INFO - Running default scraper on KT_TG > https://ows.geo.tg.ch/geofy_access_proxy/siedlungsverzeichnis?service=WMS&version=1.3.0&request=GetCapabilities (source 337/1467)
2026-01-11 05:27:05,392 - Scraping log - scraper.py >         <module>(): Line 751 - INFO - Running default scraper on KT_TG > https://ows.geo.tg.ch/geofy_access_proxy/revitalisierung_gewaesser?Service=WMS&Version=1.3.0&Request=GetCapabilities (source 338/1467)
2026-01-11 05:27:06,086 - Scraping log - scraper.py >         <module>(): Line 759 - WARNING - Scraping KT_TG > https://ows.geo.tg.ch/geofy_access_proxy/revitalisierung_gewaesser?Service=WMS&Version=1.3.0&Request=GetCapabilities aborted
2026-01-11 05:27:06,086 - Scraping log - scraper.py >         <module>(): Line 751 - INFO - Running default scraper on KT_TG > https://ows.geo.tg.ch/geofy_access_proxy/gefahrenhinweiskarte?Service=WMS&Version=1.3.0&Request=GetCapabilities (source 339/1467)
2026-01-11 05:27:13,874 - Scraping log - scraper.py >         <module>(): Line 751 - INFO - Running default scraper on KT_TG > https://ows.geo.tg.ch/geofy_access_proxy/landwirtschaft_kulturflaechen?service=WMS&version=1.3.0&request=GetCapabilities (source 340/1467)
2026-01-11 05:27:25,445 - Scraping log - scraper.py > get_service_info(): Line 319 - ERROR - Landwirtschaft_Kulturflaechen: HTTPSConnectionPool(host='ows.geo.tg.ch', port=443): Read timed out. (read timeout=10)
2026-01-11 05:27:42,567 - Scraping log - scraper.py >         <module>(): Line 751 - INFO - Running default scraper on KT_TG > https://ows.geo.tg.ch/geofy_access_proxy/fischereiverbote?service=WMS&version=1.3.0&request=GetCapabilities (source 341/1467)
2026-01-11 05:27:45,094 - Scraping log - scraper.py >         <module>(): Line 751 - INFO - Running default scraper on KT_TG > https://ows.geo.tg.ch/geofy_access_proxy/regionalplanung?service=WMS&version=1.3.0&request=GetCapabilities (source 342/1467)
2026-01-11 05:27:47,019 - Scraping log - scraper.py >         <module>(): Line 751 - INFO - Running default scraper on KT_TG > https://ows.geo.tg.ch/geofy_access_proxy/gewaesserschutzkarte?Service=WMS&Version=1.3.0&Request=GetCapabilities (source 343/1467)
2026-01-11 05:27:51,255 - Scraping log - scraper.py >         <module>(): Line 751 - INFO - Running default scraper on KT_TG > https://ows.geo.tg.ch/geofy_access_proxy/korrektionen_fluesse?Service=WMS&Version=1.3.0&Request=GetCapabilities (source 344/1467)
2026-01-11 05:27:53,639 - Scraping log - scraper.py >         <module>(): Line 751 - INFO - Running default scraper on KT_TG > https://ows.geo.tg.ch/geofy_access_proxy/korrektionen_baeche?Service=WMS&Version=1.3.0&Request=GetCapabilities (source 345/1467)
2026-01-11 05:27:55,520 - Scraping log - scraper.py >         <module>(): Line 751 - INFO - Running default scraper on KT_TG > https://ows.geo.tg.ch/geofy_access_proxy/hoehendaten?service=WMS&version=1.3.0&request=GetCapabilities (source 346/1467)
2026-01-11 05:27:57,385 - Scraping log - scraper.py >         <module>(): Line 751 - INFO - Running default scraper on KT_TG > https://ows.geo.tg.ch/geofy_access_proxy/hoehendaten?service=WMS&version=1.3.0&request=GetCapabilities (source 347/1467)
2026-01-11 05:27:59,378 - Scraping log - scraper.py >         <module>(): Line 751 - INFO - Running default scraper on KT_TG > https://ows.geo.tg.ch/geofy_access_proxy/oereb_statische_waldgrenzen?service=WMS&version=1.3.0&request=GetCapabilities (source 348/1467)
2026-01-11 05:28:01,040 - Scraping log - scraper.py >         <module>(): Line 751 - INFO - Running default scraper on KT_TG > https://ows.geo.tg.ch/geofy_access_proxy/mountainbike?service=WMS&version=1.3.0&request=GetCapabilities (source 349/1467)
2026-01-11 05:28:03,109 - Scraping log - scraper.py >         <module>(): Line 751 - INFO - Running default scraper on KT_TG > https://ows.geo.tg.ch/geofy_access_proxy/erdwaerme?Service=WMS&Version=1.3.0&Request=GetCapabilities (source 350/1467)
2026-01-11 05:28:05,659 - Scraping log - scraper.py >         <module>(): Line 751 - INFO - Running default scraper on KT_TG > https://ows.geo.tg.ch/geofy_access_proxy/oekomorphologie?Service=WMS&Version=1.3.0&Request=GetCapabilities (source 351/1467)
2026-01-11 05:28:09,739 - Scraping log - scraper.py >         <module>(): Line 751 - INFO - Running default scraper on KT_TG > https://ows.geo.tg.ch/geofy_access_proxy/kbs?Service=WMS&Version=1.3.0&Request=GetCapabilities (source 352/1467)
2026-01-11 05:28:11,902 - Scraping log - scraper.py >         <module>(): Line 751 - INFO - Running default scraper on KT_TG > https://ows.geo.tg.ch/geofy_access_proxy/fischereiaufsichtskreise?service=WMS&version=1.3.0&request=GetCapabilities (source 353/1467)
2026-01-11 05:28:13,545 - Scraping log - scraper.py >         <module>(): Line 751 - INFO - Running default scraper on KT_TG > https://ows.geo.tg.ch/geofy_access_proxy/gewaesserschutzkarte?Service=WMS&Version=1.3.0&Request=GetCapabilities (source 354/1467)
2026-01-11 05:28:17,709 - Scraping log - scraper.py >         <module>(): Line 751 - INFO - Running default scraper on KT_TG > https://ows-raster.geo.tg.ch/geofy_access_proxy/biomasse?Service=WMS&Version=1.3.0&Request=GetCapabilities (source 355/1467)
2026-01-11 05:28:20,732 - Scraping log - scraper.py >         <module>(): Line 751 - INFO - Running default scraper on KT_TG > https://ows.geo.tg.ch/geofy_access_proxy/ausnahmetransportrouten?service=WMS&version=1.3.0&request=GetCapabilities (source 356/1467)
2026-01-11 05:28:27,903 - Scraping log - scraper.py >         <module>(): Line 751 - INFO - Running default scraper on KT_TG > https://ows.geo.tg.ch/geofy_access_proxy/jagdreviere?service=WMS&version=1.3.0&request=GetCapabilities (source 357/1467)
2026-01-11 05:28:30,070 - Scraping log - scraper.py >         <module>(): Line 751 - INFO - Running default scraper on KT_TG > https://ows.geo.tg.ch/geofy_access_proxy/kapopostenkarte?service=WMS&version=1.3.0&request=GetCapabilities (source 358/1467)
2026-01-11 05:28:31,850 - Scraping log - scraper.py >         <module>(): Line 751 - INFO - Running default scraper on KT_TG > https://ows.geo.tg.ch/geofy_access_proxy/jagdreviere?service=WMS&version=1.3.0&request=GetCapabilities (source 359/1467)
2026-01-11 05:28:33,920 - Scraping log - scraper.py >         <module>(): Line 751 - INFO - Running default scraper on KT_TG > https://ows.geo.tg.ch/geofy_access_proxy/fischereiverbote?service=WMS&version=1.3.0&request=GetCapabilities (source 360/1467)
2026-01-11 05:28:36,264 - Scraping log - scraper.py >         <module>(): Line 751 - INFO - Running default scraper on KT_TG > https://ows.geo.tg.ch/geofy_access_proxy/richtplankt200k?service=WMS&version=1.3.0&request=GetCapabilities (source 361/1467)
2026-01-11 05:29:15,208 - Scraping log - scraper.py >         <module>(): Line 751 - INFO - Running default scraper on KT_TG > https://ows.geo.tg.ch/geofy_access_proxy/oekomorphologie?Service=WMS&Version=1.3.0&Request=GetCapabilities (source 362/1467)
2026-01-11 05:29:19,213 - Scraping log - scraper.py >         <module>(): Line 751 - INFO - Running default scraper on KT_TG > https://ows.geo.tg.ch/geofy_access_proxy/gewaesserschutzkarte?Service=WMS&Version=1.3.0&Request=GetCapabilities (source 363/1467)
2026-01-11 05:29:23,370 - Scraping log - scraper.py >         <module>(): Line 751 - INFO - Running default scraper on KT_TG > https://ows.geo.tg.ch/geofy_access_proxy/grundwasserkarte?Service=WMS&Version=1.3.0&Request=GetCapabilities (source 364/1467)
2026-01-11 05:29:26,857 - Scraping log - scraper.py >         <module>(): Line 751 - INFO - Running default scraper on KT_TG > https://ows.geo.tg.ch/geofy_access_proxy/zivilschutzregionen?service=WMS&version=1.3.0&request=GetCapabilities (source 365/1467)
2026-01-11 05:29:28,491 - Scraping log - scraper.py >         <module>(): Line 751 - INFO - Running default scraper on KT_TG > https://ows.geo.tg.ch/geofy_access_proxy/schulgemeinden?service=WMS&version=1.3.0&request=GetCapabilities (source 366/1467)
2026-01-11 05:29:30,497 - Scraping log - scraper.py >         <module>(): Line 751 - INFO - Running default scraper on KT_TG > https://ows.geo.tg.ch/geofy_access_proxy/ng_fliesstiefenkarte_wasser_hq30?Service=WMS&Version=1.3.0&Request=GetCapabilities (source 367/1467)
2026-01-11 05:29:32,688 - Scraping log - scraper.py >         <module>(): Line 751 - INFO - Running default scraper on KT_TG > https://ows.geo.tg.ch/geofy_access_proxy/gewaesserkataster_gewaesser?Service=WMS&Version=1.3.0&Request=GetCapabilities (source 368/1467)
2026-01-11 05:29:38,305 - Scraping log - scraper.py >         <module>(): Line 751 - INFO - Running default scraper on KT_TG > https://ows-raster.geo.tg.ch/geofy_access_proxy/orthofoto2017?Service=WMS&Version=1.3.0&Request=GetCapabilities (source 369/1467)
2026-01-11 05:29:40,499 - Scraping log - scraper.py >         <module>(): Line 751 - INFO - Running default scraper on KT_TG > https://ows.geo.tg.ch/geofy_access_proxy/sirenenstandorte?service=WMS&version=1.3.0&request=GetCapabilities (source 370/1467)
2026-01-11 05:29:42,266 - Scraping log - scraper.py >         <module>(): Line 751 - INFO - Running default scraper on KT_TG > https://ows.geo.tg.ch/geofy_access_proxy/schutzraeume?service=WMS&version=1.3.0&request=GetCapabilities (source 371/1467)
2026-01-11 05:29:44,188 - Scraping log - scraper.py >         <module>(): Line 751 - INFO - Running default scraper on KT_TG > https://ows.geo.tg.ch/geofy_access_proxy/notfalltreffpunkte?Service=WFS&Version=2.0.0&Request=GetCapabilities (source 372/1467)
2026-01-11 05:29:46,024 - Scraping log - scraper.py >         <module>(): Line 751 - INFO - Running default scraper on KT_TG > https://ows.geo.tg.ch/geofy_access_proxy/rebbau?service=WFS&version=2.0.0&request=GetCapabilities (source 373/1467)
2026-01-11 05:29:48,311 - Scraping log - scraper.py >         <module>(): Line 751 - INFO - Running default scraper on KT_TG > https://ows.geo.tg.ch/geofy_access_proxy/strassenverkehrszaehlung?service=WFS&version=2.0.0&request=GetCapabilities (source 374/1467)
2026-01-11 05:29:50,292 - Scraping log - scraper.py >         <module>(): Line 751 - INFO - Running default scraper on KT_TG > https://ows.geo.tg.ch/geofy_access_proxy/av_wms?Service=WFS&Version=2.0.0&Request=GetCapabilities (source 375/1467)
2026-01-11 05:29:52,663 - Scraping log - scraper.py > get_service_info(): Line 319 - ERROR - ms:LCOBJ: 'WebFeatureService_2_0_0' object has no attribute 'getmap'
2026-01-11 05:29:52,663 - Scraping log - scraper.py > get_service_info(): Line 319 - ERROR - ms:LCSF: 'WebFeatureService_2_0_0' object has no attribute 'getmap'
2026-01-11 05:29:52,663 - Scraping log - scraper.py > get_service_info(): Line 319 - ERROR - ms:LCSFC: 'WebFeatureService_2_0_0' object has no attribute 'getmap'
2026-01-11 05:29:52,663 - Scraping log - scraper.py > get_service_info(): Line 319 - ERROR - ms:PLNA: 'WebFeatureService_2_0_0' object has no attribute 'getmap'
2026-01-11 05:29:52,663 - Scraping log - scraper.py > get_service_info(): Line 319 - ERROR - ms:PLSF: 'WebFeatureService_2_0_0' object has no attribute 'getmap'
2026-01-11 05:29:52,663 - Scraping log - scraper.py > get_service_info(): Line 319 - ERROR - ms:PLLI: 'WebFeatureService_2_0_0' object has no attribute 'getmap'
2026-01-11 05:29:52,663 - Scraping log - scraper.py > get_service_info(): Line 319 - ERROR - ms:SOSF: 'WebFeatureService_2_0_0' object has no attribute 'getmap'
2026-01-11 05:29:52,663 - Scraping log - scraper.py > get_service_info(): Line 319 - ERROR - ms:SOSFC: 'WebFeatureService_2_0_0' object has no attribute 'getmap'
2026-01-11 05:29:52,663 - Scraping log - scraper.py > get_service_info(): Line 319 - ERROR - ms:LCSF_GEB: 'WebFeatureService_2_0_0' object has no attribute 'getmap'
2026-01-11 05:29:52,663 - Scraping log - scraper.py > get_service_info(): Line 319 - ERROR - ms:LCSFC_GEB: 'WebFeatureService_2_0_0' object has no attribute 'getmap'
2026-01-11 05:29:52,663 - Scraping log - scraper.py > get_service_info(): Line 319 - ERROR - ms:LCSFPROJ: 'WebFeatureService_2_0_0' object has no attribute 'getmap'
2026-01-11 05:29:52,663 - Scraping log - scraper.py > get_service_info(): Line 319 - ERROR - ms:SOOBJ: 'WebFeatureService_2_0_0' object has no attribute 'getmap'
2026-01-11 05:29:52,663 - Scraping log - scraper.py > get_service_info(): Line 319 - ERROR - ms:SOLI: 'WebFeatureService_2_0_0' object has no attribute 'getmap'
2026-01-11 05:29:52,664 - Scraping log - scraper.py > get_service_info(): Line 319 - ERROR - ms:SOPT: 'WebFeatureService_2_0_0' object has no attribute 'getmap'
2026-01-11 05:29:52,664 - Scraping log - scraper.py > get_service_info(): Line 319 - ERROR - ms:LOCPOS: 'WebFeatureService_2_0_0' object has no attribute 'getmap'
2026-01-11 05:29:52,664 - Scraping log - scraper.py > get_service_info(): Line 319 - ERROR - ms:HADR: 'WebFeatureService_2_0_0' object has no attribute 'getmap'
2026-01-11 05:29:52,664 - Scraping log - scraper.py > get_service_info(): Line 319 - ERROR - ms:LNNA: 'WebFeatureService_2_0_0' object has no attribute 'getmap'
2026-01-11 05:29:52,664 - Scraping log - scraper.py > get_service_info(): Line 319 - ERROR - ms:OSNRPROJ: 'WebFeatureService_2_0_0' object has no attribute 'getmap'
2026-01-11 05:29:52,664 - Scraping log - scraper.py > get_service_info(): Line 319 - ERROR - ms:OSNR: 'WebFeatureService_2_0_0' object has no attribute 'getmap'
2026-01-11 05:29:52,664 - Scraping log - scraper.py > get_service_info(): Line 319 - ERROR - ms:DPRSFPROJ: 'WebFeatureService_2_0_0' object has no attribute 'getmap'
2026-01-11 05:29:52,664 - Scraping log - scraper.py > get_service_info(): Line 319 - ERROR - ms:RESFPROJ: 'WebFeatureService_2_0_0' object has no attribute 'getmap'
2026-01-11 05:29:52,664 - Scraping log - scraper.py > get_service_info(): Line 319 - ERROR - ms:DPRSF: 'WebFeatureService_2_0_0' object has no attribute 'getmap'
2026-01-11 05:29:52,664 - Scraping log - scraper.py > get_service_info(): Line 319 - ERROR - ms:RESF: 'WebFeatureService_2_0_0' object has no attribute 'getmap'
2026-01-11 05:29:52,664 - Scraping log - scraper.py > get_service_info(): Line 319 - ERROR - ms:RESF_h: 'WebFeatureService_2_0_0' object has no attribute 'getmap'
2026-01-11 05:29:52,664 - Scraping log - scraper.py > get_service_info(): Line 319 - ERROR - ms:MBSF: 'WebFeatureService_2_0_0' object has no attribute 'getmap'
2026-01-11 05:29:52,664 - Scraping log - scraper.py > get_service_info(): Line 319 - ERROR - ms:MBSF-LABEL: 'WebFeatureService_2_0_0' object has no attribute 'getmap'
2026-01-11 05:29:52,664 - Scraping log - scraper.py > get_service_info(): Line 319 - ERROR - ms:TBLI: 'WebFeatureService_2_0_0' object has no attribute 'getmap'
2026-01-11 05:29:52,664 - Scraping log - scraper.py > get_service_info(): Line 319 - ERROR - ms:OSBP: 'WebFeatureService_2_0_0' object has no attribute 'getmap'
2026-01-11 05:29:52,664 - Scraping log - scraper.py > get_service_info(): Line 319 - ERROR - ms:CPPT: 'WebFeatureService_2_0_0' object has no attribute 'getmap'
2026-01-11 05:29:52,664 - Scraping log - scraper.py > get_service_info(): Line 319 - ERROR - ms:TBBP: 'WebFeatureService_2_0_0' object has no attribute 'getmap'
2026-01-11 05:29:52,665 - Scraping log - scraper.py >         <module>(): Line 751 - INFO - Running default scraper on KT_TG > https://ows.geo.tg.ch/geofy_access_proxy/vernetzungskorridore?service=WFS&version=2.0.0&request=GetCapabilities (source 376/1467)
2026-01-11 05:29:54,502 - Scraping log - scraper.py >         <module>(): Line 751 - INFO - Running default scraper on KT_TG > https://ows.geo.tg.ch/geofy_access_proxy/laermemissionskataster?service=WFS&version=2.0.0&request=GetCapabilities (source 377/1467)
2026-01-11 05:29:57,102 - Scraping log - scraper.py >         <module>(): Line 751 - INFO - Running default scraper on KT_TG > https://ows.geo.tg.ch/geofy_access_proxy/skate?service=WFS&version=2.0.0&request=GetCapabilities (source 378/1467)
2026-01-11 05:29:58,949 - Scraping log - scraper.py >         <module>(): Line 751 - INFO - Running default scraper on KT_TG > https://ows.geo.tg.ch/geofy_access_proxy/deutschkurse?service=WFS&version=1.3.0&request=GetCapabilities (source 379/1467)
2026-01-11 05:30:00,801 - Scraping log - scraper.py >         <module>(): Line 751 - INFO - Running default scraper on KT_TG > https://ows.geo.tg.ch/geofy_access_proxy/landwirtschaft_kulturflaechen?service=WFS&version=2.0.0&request=GetCapabilities (source 380/1467)
2026-01-11 05:30:04,594 - Scraping log - scraper.py >         <module>(): Line 751 - INFO - Running default scraper on KT_TG > https://ows.geo.tg.ch/geofy_access_proxy/landwirtschaft_kulturflaechen?service=WFS&version=2.0.0&request=GetCapabilities (source 381/1467)
2026-01-11 05:30:08,386 - Scraping log - scraper.py >         <module>(): Line 751 - INFO - Running default scraper on KT_TG > https://ows.geo.tg.ch/geofy_access_proxy/bts_ols?service=WFS&version=2.0.0&request=GetCapabilities (source 382/1467)
2026-01-11 05:30:10,659 - Scraping log - scraper.py >         <module>(): Line 751 - INFO - Running default scraper on KT_TG > https://ows.geo.tg.ch/geofy_access_proxy/waldreservate?service=WFS&version=2.0.0&request=GetCapabilities (source 383/1467)
2026-01-11 05:30:11,343 - Scraping log - scraper.py >         <module>(): Line 759 - WARNING - Scraping KT_TG > https://ows.geo.tg.ch/geofy_access_proxy/waldreservate?service=WFS&version=2.0.0&request=GetCapabilities aborted
2026-01-11 05:30:11,343 - Scraping log - scraper.py >         <module>(): Line 751 - INFO - Running default scraper on KT_TG > https://ows.geo.tg.ch/geofy_access_proxy/waldreservate?service=WFS&version=2.0.0&request=GetCapabilities (source 384/1467)
2026-01-11 05:30:12,028 - Scraping log - scraper.py >         <module>(): Line 759 - WARNING - Scraping KT_TG > https://ows.geo.tg.ch/geofy_access_proxy/waldreservate?service=WFS&version=2.0.0&request=GetCapabilities aborted
2026-01-11 05:30:12,028 - Scraping log - scraper.py >         <module>(): Line 751 - INFO - Running default scraper on KT_TG > https://ows.geo.tg.ch/geofy_access_proxy/waldentwicklungsplan?Service=WFS&Version=2.0.0&Request=GetCapabilities (source 385/1467)
2026-01-11 05:30:14,672 - Scraping log - scraper.py >         <module>(): Line 751 - INFO - Running default scraper on KT_TG > https://ows.geo.tg.ch/geofy_access_proxy/schutzwald?service=WFS&version=2.0.0&request=GetCapabilities (source 386/1467)
2026-01-11 05:30:16,655 - Scraping log - scraper.py >         <module>(): Line 751 - INFO - Running default scraper on KT_TG > https://ows.geo.tg.ch/geofy_access_proxy/oereb_amphibienlaichgebiete?service=WFS&version=2.0.0&request=GetCapabilities (source 387/1467)
2026-01-11 05:30:19,869 - Scraping log - scraper.py >         <module>(): Line 751 - INFO - Running default scraper on KT_TG > https://ows.geo.tg.ch/geofy_access_proxy/oereb_flachmoore?service=WFS&version=2.0.0&request=GetCapabilities (source 388/1467)
2026-01-11 05:30:23,009 - Scraping log - scraper.py >         <module>(): Line 751 - INFO - Running default scraper on KT_TG > https://ows.geo.tg.ch/geofy_access_proxy/oereb_hoch_uebergangsmoore?service=WFS&version=2.0.0&request=GetCapabilities (source 389/1467)
2026-01-11 05:30:24,865 - Scraping log - scraper.py >         <module>(): Line 751 - INFO - Running default scraper on KT_TG > https://ows.geo.tg.ch/geofy_access_proxy/hkb?Service=WFS&Version=2.0.0&Request=GetCapabilities (source 390/1467)
2026-01-11 05:30:27,667 - Scraping log - scraper.py >         <module>(): Line 751 - INFO - Running default scraper on KT_TG > https://ows.geo.tg.ch/geofy_access_proxy/friedensrichteraemter?Service=WFS&Version=2.0.0&Request=GetCapabilities (source 391/1467)
2026-01-11 05:30:29,650 - Scraping log - scraper.py >         <module>(): Line 751 - INFO - Running default scraper on KT_TG > https://ows.geo.tg.ch/geofy_access_proxy/betreibungsaemter?Service=WFS&Version=2.0.0&Request=GetCapabilities (source 392/1467)
2026-01-11 05:30:31,633 - Scraping log - scraper.py >         <module>(): Line 751 - INFO - Running default scraper on KT_TG > https://ows.geo.tg.ch/geofy_access_proxy/stromversorgung_netzgebiete?service=WFS&version=2.0.0&request=GetCapabilities (source 393/1467)
2026-01-11 05:30:33,779 - Scraping log - scraper.py >         <module>(): Line 751 - INFO - Running default scraper on KT_TG > https://ows.geo.tg.ch/geofy_access_proxy/kantonsstrassen?service=WFS&version=2.0.0&request=GetCapabilities (source 394/1467)
2026-01-11 05:30:37,171 - Scraping log - scraper.py >         <module>(): Line 751 - INFO - Running default scraper on KT_TG > https://ows.geo.tg.ch/geofy_access_proxy/landwirtschaft_kulturflaechen?service=WFS&version=2.0.0&request=GetCapabilities (source 395/1467)
2026-01-11 05:30:40,972 - Scraping log - scraper.py >         <module>(): Line 751 - INFO - Running default scraper on KT_TG > https://ows.geo.tg.ch/geofy_access_proxy/forstliche_bestandeskarte?service=WFS&version=2.0.0&request=GetCapabilities (source 396/1467)
2026-01-11 05:30:43,484 - Scraping log - scraper.py >         <module>(): Line 751 - INFO - Running default scraper on KT_TG > https://ows.geo.tg.ch/geofy_access_proxy/forstreviere?service=WFS&version=2.0.0&request=GetCapabilities (source 397/1467)
2026-01-11 05:30:45,767 - Scraping log - scraper.py >         <module>(): Line 751 - INFO - Running default scraper on KT_TG > https://ows.geo.tg.ch/geofy_access_proxy/badegewaesserqualitaet?service=WFS&version=2.0.0&request=GetCapabilities (source 398/1467)
2026-01-11 05:30:47,628 - Scraping log - scraper.py >         <module>(): Line 751 - INFO - Running default scraper on KT_TG > https://ows.geo.tg.ch/geofy_access_proxy/landwirtschaft_kulturflaechen?service=WFS&version=2.0.0&request=GetCapabilities (source 399/1467)
2026-01-11 05:30:51,424 - Scraping log - scraper.py >         <module>(): Line 751 - INFO - Running default scraper on KT_TG > https://ows.geo.tg.ch/geofy_access_proxy/biber?service=WFS&version=2.0.0&request=GetCapabilities (source 400/1467)
2026-01-11 05:30:53,282 - Scraping log - scraper.py >         <module>(): Line 751 - INFO - Running default scraper on KT_TG > https://ows.geo.tg.ch/geofy_access_proxy/waldstandortkarte?service=WFS&version=2.0.0&request=GetCapabilities (source 401/1467)
2026-01-11 05:30:55,782 - Scraping log - scraper.py >         <module>(): Line 751 - INFO - Running default scraper on KT_TG > https://ows.geo.tg.ch/geofy_access_proxy/forstreviere?service=WFS&version=2.0.0&request=GetCapabilities (source 402/1467)
2026-01-11 05:30:58,057 - Scraping log - scraper.py >         <module>(): Line 751 - INFO - Running default scraper on KT_TG > https://ows.geo.tg.ch/geofy_access_proxy/jagdreviere?Service=WFS&Version=2.0.0&Request=GetCapabilities (source 403/1467)
2026-01-11 05:31:00,337 - Scraping log - scraper.py >         <module>(): Line 751 - INFO - Running default scraper on KT_TG > https://ows.geo.tg.ch/geofy_access_proxy/bodenuebersichtskarte?Service=WFS&Version=2.0.0&Request=GetCapabilities (source 404/1467)
2026-01-11 05:31:04,141 - Scraping log - scraper.py >         <module>(): Line 751 - INFO - Running default scraper on KT_TG > https://ows.geo.tg.ch/geofy_access_proxy/grundwasserkarte?Service=WMS&Version=1.3.0&Request=GetCapabilities (source 405/1467)
2026-01-11 05:31:07,638 - Scraping log - scraper.py >         <module>(): Line 751 - INFO - Running default scraper on KT_TG > https://ows.geo.tg.ch/geofy_access_proxy/fruchtfolgeflaechen_sachplan?Service=WFS&Version=2.0.0&Request=GetCapabilities (source 406/1467)
2026-01-11 05:31:09,489 - Scraping log - scraper.py >         <module>(): Line 751 - INFO - Running default scraper on KT_TG > https://ows.geo.tg.ch/geofy_access_proxy/hydrologische_messnetze?Service=WFS&Version=2.0.0&Request=GetCapabilities (source 407/1467)
2026-01-11 05:31:11,483 - Scraping log - scraper.py >         <module>(): Line 751 - INFO - Running default scraper on KT_TG > https://ows.geo.tg.ch/geofy_access_proxy/kgs_inventar_b_archaeologie?service=WFS&version=2.0.0&request=GetCapabilities (source 408/1467)
2026-01-11 05:31:13,342 - Scraping log - scraper.py >         <module>(): Line 751 - INFO - Running default scraper on KT_TG > https://ows.geo.tg.ch/geofy_access_proxy/landwirtschaft_kulturflaechen?service=WFS&version=2.0.0&request=GetCapabilities (source 409/1467)
2026-01-11 05:31:17,119 - Scraping log - scraper.py >         <module>(): Line 751 - INFO - Running default scraper on KT_TG > https://ows.geo.tg.ch/geofy_access_proxy/kantonsstrassen?service=WFS&version=2.0.0&request=GetCapabilities (source 410/1467)
2026-01-11 05:31:20,484 - Scraping log - scraper.py >         <module>(): Line 751 - INFO - Running default scraper on KT_TG > https://ows.geo.tg.ch/geofy_access_proxy/wanderwege?service=WFS&version=2.0.0&request=GetCapabilities (source 411/1467)
2026-01-11 05:31:22,990 - Scraping log - scraper.py >         <module>(): Line 751 - INFO - Running default scraper on KT_TG > https://ows.geo.tg.ch/geofy_access_proxy/kunstbauten?service=WFS&version=2.0.0&request=GetCapabilities (source 412/1467)
2026-01-11 05:31:25,011 - Scraping log - scraper.py >         <module>(): Line 751 - INFO - Running default scraper on KT_TG > https://ows.geo.tg.ch/geofy_access_proxy/gewaesserschutzkarte?Service=WFS&Version=2.0.0&Request=GetCapabilities (source 413/1467)
2026-01-11 05:31:27,522 - Scraping log - scraper.py >         <module>(): Line 751 - INFO - Running default scraper on KT_TG > https://ows.geo.tg.ch/geofy_access_proxy/neophyten?Service=WFS&Version=2.0.0&Request=GetCapabilities (source 414/1467)
2026-01-11 05:31:29,520 - Scraping log - scraper.py >         <module>(): Line 751 - INFO - Running default scraper on KT_TG > https://ows.geo.tg.ch/geofy_access_proxy/siedlungsverzeichnis?service=WFS&version=2.0.0&request=GetCapabilities (source 415/1467)
2026-01-11 05:31:31,346 - Scraping log - scraper.py >         <module>(): Line 751 - INFO - Running default scraper on KT_TG > https://ows.geo.tg.ch/geofy_access_proxy/revitalisierung_gewaesser?Service=WFS&Version=2.0.0&Request=GetCapabilities (source 416/1467)
2026-01-11 05:31:32,027 - Scraping log - scraper.py >         <module>(): Line 759 - WARNING - Scraping KT_TG > https://ows.geo.tg.ch/geofy_access_proxy/revitalisierung_gewaesser?Service=WFS&Version=2.0.0&Request=GetCapabilities aborted
2026-01-11 05:31:32,028 - Scraping log - scraper.py >         <module>(): Line 751 - INFO - Running default scraper on KT_TG > https://ows.geo.tg.ch/geofy_access_proxy/gefahrenhinweiskarte?Service=WFS&Version=2.0.0&Request=GetCapabilities (source 417/1467)
2026-01-11 05:31:35,156 - Scraping log - scraper.py >         <module>(): Line 751 - INFO - Running default scraper on KT_TG > https://ows.geo.tg.ch/geofy_access_proxy/landwirtschaft_kulturflaechen?service=WFS&version=2.0.0&request=GetCapabilities (source 418/1467)
2026-01-11 05:31:38,963 - Scraping log - scraper.py >         <module>(): Line 751 - INFO - Running default scraper on KT_TG > https://ows.geo.tg.ch/geofy_access_proxy/fischereiverbote?Service=WFS&Version=2.0.0&Request=GetCapabilities (source 419/1467)
2026-01-11 05:31:41,748 - Scraping log - scraper.py >         <module>(): Line 751 - INFO - Running default scraper on KT_TG > https://ows.geo.tg.ch/geofy_access_proxy/regionalplanung?service=WFS&version=2.0.0&request=GetCapabilities (source 420/1467)
2026-01-11 05:31:43,603 - Scraping log - scraper.py >         <module>(): Line 751 - INFO - Running default scraper on KT_TG > https://ows.geo.tg.ch/geofy_access_proxy/gewaesserschutzkarte?Service=WFS&Version=2.0.0&Request=GetCapabilities (source 421/1467)
2026-01-11 05:31:46,110 - Scraping log - scraper.py >         <module>(): Line 751 - INFO - Running default scraper on KT_TG > https://ows.geo.tg.ch/geofy_access_proxy/korrektionen_fluesse?Service=WFS&Version=2.0.0&Request=GetCapabilities (source 422/1467)
2026-01-11 05:31:48,087 - Scraping log - scraper.py >         <module>(): Line 751 - INFO - Running default scraper on KT_TG > https://ows.geo.tg.ch/geofy_access_proxy/korrektionen_baeche?Service=WFS&Version=2.0.0&Request=GetCapabilities (source 423/1467)
2026-01-11 05:31:49,921 - Scraping log - scraper.py >         <module>(): Line 751 - INFO - Running default scraper on KT_TG > https://ows.geo.tg.ch/geofy_access_proxy/hoehendaten?service=WFS&version=2.0.0&request=GetCapabilities (source 424/1467)
2026-01-11 05:31:51,920 - Scraping log - scraper.py >         <module>(): Line 751 - INFO - Running default scraper on KT_TG > https://ows.geo.tg.ch/geofy_access_proxy/hoehendaten?service=WFS&version=2.0.0&request=GetCapabilities (source 425/1467)
2026-01-11 05:31:53,951 - Scraping log - scraper.py >         <module>(): Line 751 - INFO - Running default scraper on KT_TG > https://ows.geo.tg.ch/geofy_access_proxy/oereb_statische_waldgrenzen?service=WFS&version=2.0.0&request=GetCapabilities (source 426/1467)
2026-01-11 05:31:55,799 - Scraping log - scraper.py >         <module>(): Line 751 - INFO - Running default scraper on KT_TG > https://ows.geo.tg.ch/geofy_access_proxy/mountainbike?service=WFS&version=2.0.0&request=GetCapabilities (source 427/1467)
2026-01-11 05:31:57,780 - Scraping log - scraper.py >         <module>(): Line 751 - INFO - Running default scraper on KT_TG > https://ows.geo.tg.ch/geofy_access_proxy/erdwaerme?Service=WFS&Version=2.0.0&Request=GetCapabilities (source 428/1467)
2026-01-11 05:31:59,771 - Scraping log - scraper.py >         <module>(): Line 751 - INFO - Running default scraper on KT_TG > https://ows.geo.tg.ch/geofy_access_proxy/oekomorphologie?Service=WFS&Version=2.0.0&Request=GetCapabilities (source 429/1467)
2026-01-11 05:32:03,302 - Scraping log - scraper.py >         <module>(): Line 751 - INFO - Running default scraper on KT_TG > https://ows.geo.tg.ch/geofy_access_proxy/kbs?Service=WFS&Version=2.0.0&Request=GetCapabilities (source 430/1467)
2026-01-11 05:32:05,583 - Scraping log - scraper.py >         <module>(): Line 751 - INFO - Running default scraper on KT_TG > https://ows.geo.tg.ch/geofy_access_proxy/fischereiaufsichtskreise?Service=WFS&Version=2.0.0&Request=GetCapabilities (source 431/1467)
2026-01-11 05:32:07,445 - Scraping log - scraper.py >         <module>(): Line 751 - INFO - Running default scraper on KT_TG > https://ows.geo.tg.ch/geofy_access_proxy/grundwasserkarte?Service=WMS&Version=1.3.0&Request=GetCapabilities (source 432/1467)
2026-01-11 05:32:10,994 - Scraping log - scraper.py >         <module>(): Line 751 - INFO - Running default scraper on KT_TG > https://ows-raster.geo.tg.ch/geofy_access_proxy/biomasse?Service=WFS&Version=2.0.0&Request=GetCapabilities (source 433/1467)
2026-01-11 05:32:13,487 - Scraping log - scraper.py >         <module>(): Line 751 - INFO - Running default scraper on KT_TG > https://ows.geo.tg.ch/geofy_access_proxy/ausnahmetransportrouten?service=WFS&version=2.0.0&request=GetCapabilities (source 434/1467)
2026-01-11 05:32:17,141 - Scraping log - scraper.py >         <module>(): Line 751 - INFO - Running default scraper on KT_TG > https://ows.geo.tg.ch/geofy_access_proxy/jagdreviere?Service=WFS&Version=2.0.0&Request=GetCapabilities (source 435/1467)
2026-01-11 05:32:19,407 - Scraping log - scraper.py >         <module>(): Line 751 - INFO - Running default scraper on KT_TG > https://ows.geo.tg.ch/geofy_access_proxy/kapopostenkarte?Service=WFS&Version=2.0.0&Request=GetCapabilities (source 436/1467)
2026-01-11 05:32:21,403 - Scraping log - scraper.py >         <module>(): Line 751 - INFO - Running default scraper on KT_TG > https://ows.geo.tg.ch/geofy_access_proxy/jagdreviere?Service=WFS&Version=2.0.0&Request=GetCapabilities (source 437/1467)
2026-01-11 05:32:23,687 - Scraping log - scraper.py >         <module>(): Line 751 - INFO - Running default scraper on KT_TG > https://ows.geo.tg.ch/geofy_access_proxy/fischereiverbote?Service=WFS&Version=2.0.0&Request=GetCapabilities (source 438/1467)
2026-01-11 05:32:26,464 - Scraping log - scraper.py >         <module>(): Line 751 - INFO - Running default scraper on KT_TG > https://ows.geo.tg.ch/geofy_access_proxy/richtplankt50k?service=WMS&version=1.3.0&request=GetCapabilities (source 439/1467)
2026-01-11 05:32:44,071 - Scraping log - scraper.py >         <module>(): Line 751 - INFO - Running default scraper on KT_TG > https://ows.geo.tg.ch/geofy_access_proxy/oekomorphologie?Service=WFS&Version=2.0.0&Request=GetCapabilities (source 440/1467)
2026-01-11 05:32:47,602 - Scraping log - scraper.py >         <module>(): Line 751 - INFO - Running default scraper on KT_TG > https://ows.geo.tg.ch/geofy_access_proxy/gewaesserschutzkarte?Service=WFS&Version=2.0.0&Request=GetCapabilities (source 441/1467)
2026-01-11 05:32:50,218 - Scraping log - scraper.py >         <module>(): Line 751 - INFO - Running default scraper on KT_TG > https://ows.geo.tg.ch/geofy_access_proxy/grundwassermodell_thurtal?Service=WMS&Version=1.3.0&Request=GetCapabilities (source 442/1467)
2026-01-11 05:32:50,900 - Scraping log - scraper.py >         <module>(): Line 759 - WARNING - Scraping KT_TG > https://ows.geo.tg.ch/geofy_access_proxy/grundwassermodell_thurtal?Service=WMS&Version=1.3.0&Request=GetCapabilities aborted
2026-01-11 05:32:50,901 - Scraping log - scraper.py >         <module>(): Line 751 - INFO - Running default scraper on KT_TG > https://ows.geo.tg.ch/geofy_access_proxy/zivilschutzregionen?Service=WFS&Version=2.0.0&Request=GetCapabilities (source 443/1467)
2026-01-11 05:32:52,744 - Scraping log - scraper.py >         <module>(): Line 751 - INFO - Running default scraper on KT_TG > https://ows.geo.tg.ch/geofy_access_proxy/schulgemeinden?service=WFS&version=2.0.0&request=GetCapabilities (source 444/1467)
2026-01-11 05:32:55,062 - Scraping log - scraper.py >         <module>(): Line 751 - INFO - Running default scraper on KT_TG > https://ows.geo.tg.ch/geofy_access_proxy/ng_fliesstiefenkarte_wasser_hq100?Service=WMS&Version=1.3.0&Request=GetCapabilities (source 445/1467)
2026-01-11 05:32:57,391 - Scraping log - scraper.py >         <module>(): Line 751 - INFO - Running default scraper on KT_TG > https://ows.geo.tg.ch/geofy_access_proxy/gewaesserkataster_gewaesser?Service=WFS&Version=2.0.0&Request=GetCapabilities (source 446/1467)
2026-01-11 05:33:01,346 - Scraping log - scraper.py >         <module>(): Line 751 - INFO - Running default scraper on KT_TG > https://ows.geo.tg.ch/geofy_access_proxy/sirenenstandorte?Service=WFS&Version=2.0.0&Request=GetCapabilities (source 447/1467)
2026-01-11 05:33:03,392 - Scraping log - scraper.py >         <module>(): Line 751 - INFO - Running default scraper on KT_TG > https://ows.geo.tg.ch/geofy_access_proxy/schutzraeume?Service=WFS&Version=2.0.0&Request=GetCapabilities (source 448/1467)
2026-01-11 05:33:05,243 - Scraping log - scraper.py >         <module>(): Line 751 - INFO - Running default scraper on KT_TI > https://wmts.geo.ti.ch/wmts/1.0.0/WMTSCapabilities.xml (source 449/1467)
2026-01-11 05:33:08,527 - Scraping log - scraper.py >         <module>(): Line 751 - INFO - Running default scraper on KT_TI > https://wfs.geo.ti.ch/wfs_ch (source 450/1467)
2026-01-11 05:33:24,819 - Scraping log - scraper.py >         <module>(): Line 751 - INFO - Running default scraper on KT_TI > https://wfs.geo.ti.ch/wfs_ac (source 451/1467)
2026-01-11 05:33:38,587 - Scraping log - scraper.py >         <module>(): Line 751 - INFO - Running default scraper on KT_TI > https://wms.geo.ti.ch/service?service=WMS&version=1.3.0&REQUEST=GetCapabilities (source 452/1467)
2026-01-11 05:34:02,854 - Scraping log - scraper.py > get_service_info(): Line 319 - ERROR - geodati_base_federali: HTTPSConnectionPool(host='wms.geo.ti.ch', port=443): Read timed out. (read timeout=10)
2026-01-11 05:34:54,941 - Scraping log - scraper.py > get_service_info(): Line 319 - ERROR - ch_052_1_v24_0_piano_base_mu_ch_colore: HTTPSConnectionPool(host='wms.geo.ti.ch', port=443): Read timed out. (read timeout=10)
2026-01-11 05:35:05,182 - Scraping log - scraper.py > get_service_info(): Line 319 - ERROR - ch_052_1_v24_0_piano_base_mu_ch_bn: HTTPSConnectionPool(host='wms.geo.ti.ch', port=443): Read timed out. (read timeout=10)
2026-01-11 05:36:48,661 - Scraping log - scraper.py > get_service_info(): Line 319 - ERROR - geodati_base_cantonali: HTTPSConnectionPool(host='wms.geo.ti.ch', port=443): Read timed out. (read timeout=10)
2026-01-11 05:42:07,996 - Scraping log - scraper.py > get_service_info(): Line 319 - ERROR - ti.028b_1.zp100064: HTTPSConnectionPool(host='wms.geo.ti.ch', port=443): Read timed out. (read timeout=10)
2026-01-11 05:43:35,772 - Scraping log - scraper.py > get_service_info(): Line 319 - ERROR - geodati_amministrazione_cantonale: HTTPSConnectionPool(host='wms.geo.ti.ch', port=443): Read timed out. (read timeout=10)
2026-01-11 05:45:11,905 - Scraping log - scraper.py > get_service_info(): Line 319 - ERROR - ac_023_1_v1_0_rive_laghi_canneti_rilevati_2000: HTTPSConnectionPool(host='wms.geo.ti.ch', port=443): Read timed out. (read timeout=10)
2026-01-11 05:46:48,529 - Scraping log - scraper.py >         <module>(): Line 751 - INFO - Running default scraper on KT_UR > https://geo.ur.ch/wms?request=getCapabilities (source 453/1467)
2026-01-11 05:50:31,187 - Scraping log - scraper.py >         <module>(): Line 751 - INFO - Running default scraper on KT_UR > https://geo.ur.ch/wfs?request=getCapabilities (source 454/1467)
2026-01-11 05:51:35,743 - Scraping log - scraper.py >         <module>(): Line 751 - INFO - Running default scraper on KT_ZG > https://services.geo.zg.ch/ows/Quartiergestaltungsplanung?SERVICE=WMS&REQUEST=GetCapabilities (source 455/1467)
2026-01-11 05:51:37,223 - Scraping log - scraper.py >         <module>(): Line 759 - WARNING - Scraping KT_ZG > https://services.geo.zg.ch/ows/Quartiergestaltungsplanung?SERVICE=WMS&REQUEST=GetCapabilities aborted
2026-01-11 05:51:37,223 - Scraping log - scraper.py >         <module>(): Line 751 - INFO - Running default scraper on KT_ZG > https://services.geo.zg.ch/ows/Abfallsammelstellen?SERVICE=WMS&REQUEST=GetCapabilities (source 456/1467)
2026-01-11 05:51:37,876 - Scraping log - scraper.py >         <module>(): Line 759 - WARNING - Scraping KT_ZG > https://services.geo.zg.ch/ows/Abfallsammelstellen?SERVICE=WMS&REQUEST=GetCapabilities aborted
2026-01-11 05:51:37,876 - Scraping log - scraper.py >         <module>(): Line 751 - INFO - Running default scraper on KT_ZG > https://services.geo.zg.ch/ows/Abstandslinien?SERVICE=WMS&REQUEST=GetCapabilities (source 457/1467)
2026-01-11 05:51:38,717 - Scraping log - scraper.py >         <module>(): Line 759 - WARNING - Scraping KT_ZG > https://services.geo.zg.ch/ows/Abstandslinien?SERVICE=WMS&REQUEST=GetCapabilities aborted
2026-01-11 05:51:38,718 - Scraping log - scraper.py >         <module>(): Line 751 - INFO - Running default scraper on KT_ZG > https://services.geo.zg.ch/ows/Adressplan?SERVICE=WMS&REQUEST=GetCapabilities (source 458/1467)
2026-01-11 05:51:39,150 - Scraping log - scraper.py >         <module>(): Line 759 - WARNING - Scraping KT_ZG > https://services.geo.zg.ch/ows/Adressplan?SERVICE=WMS&REQUEST=GetCapabilities aborted
2026-01-11 05:51:39,150 - Scraping log - scraper.py >         <module>(): Line 751 - INFO - Running default scraper on KT_ZG > https://services.geo.zg.ch/ows/Amphibienlaichgebiete?SERVICE=WMS&REQUEST=GetCapabilities (source 459/1467)
2026-01-11 05:51:39,869 - Scraping log - scraper.py >         <module>(): Line 759 - WARNING - Scraping KT_ZG > https://services.geo.zg.ch/ows/Amphibienlaichgebiete?SERVICE=WMS&REQUEST=GetCapabilities aborted
2026-01-11 05:51:39,870 - Scraping log - scraper.py >         <module>(): Line 751 - INFO - Running default scraper on KT_ZG > https://services.geo.zg.ch/ows/Anselmierkarte?SERVICE=WMS&REQUEST=GetCapabilities (source 460/1467)
2026-01-11 05:51:40,879 - Scraping log - scraper.py >         <module>(): Line 759 - WARNING - Scraping KT_ZG > https://services.geo.zg.ch/ows/Anselmierkarte?SERVICE=WMS&REQUEST=GetCapabilities aborted
2026-01-11 05:51:40,879 - Scraping log - scraper.py >         <module>(): Line 751 - INFO - Running default scraper on KT_ZG > https://services.geo.zg.ch/ows/BasisplanFarbe?SERVICE=WMS&REQUEST=GetCapabilities (source 461/1467)
2026-01-11 05:51:41,841 - Scraping log - scraper.py >         <module>(): Line 759 - WARNING - Scraping KT_ZG > https://services.geo.zg.ch/ows/BasisplanFarbe?SERVICE=WMS&REQUEST=GetCapabilities aborted
2026-01-11 05:51:41,841 - Scraping log - scraper.py >         <module>(): Line 751 - INFO - Running default scraper on KT_ZG > https://services.geo.zg.ch/ows/BasisplanSW?SERVICE=WMS&REQUEST=GetCapabilities (source 462/1467)
2026-01-11 05:51:42,486 - Scraping log - scraper.py >         <module>(): Line 759 - WARNING - Scraping KT_ZG > https://services.geo.zg.ch/ows/BasisplanSW?SERVICE=WMS&REQUEST=GetCapabilities aborted
2026-01-11 05:51:42,486 - Scraping log - scraper.py >         <module>(): Line 751 - INFO - Running default scraper on KT_ZG > https://services.geo.zg.ch/ows/Baumkataster?SERVICE=WMS&REQUEST=GetCapabilities (source 463/1467)
2026-01-11 05:51:42,892 - Scraping log - scraper.py >         <module>(): Line 759 - WARNING - Scraping KT_ZG > https://services.geo.zg.ch/ows/Baumkataster?SERVICE=WMS&REQUEST=GetCapabilities aborted
2026-01-11 05:51:42,893 - Scraping log - scraper.py >         <module>(): Line 751 - INFO - Running default scraper on KT_ZG > https://services.geo.zg.ch/ows/Bebauungsplan?SERVICE=WMS&REQUEST=GetCapabilities (source 464/1467)
2026-01-11 05:51:43,640 - Scraping log - scraper.py >         <module>(): Line 759 - WARNING - Scraping KT_ZG > https://services.geo.zg.ch/ows/Bebauungsplan?SERVICE=WMS&REQUEST=GetCapabilities aborted
2026-01-11 05:51:43,640 - Scraping log - scraper.py >         <module>(): Line 751 - INFO - Running default scraper on KT_ZG > https://services.geo.zg.ch/ows/Besondere_Waldlebensraeume?SERVICE=WMS&REQUEST=GetCapabilities (source 465/1467)
2026-01-11 05:51:44,674 - Scraping log - scraper.py >         <module>(): Line 759 - WARNING - Scraping KT_ZG > https://services.geo.zg.ch/ows/Besondere_Waldlebensraeume?SERVICE=WMS&REQUEST=GetCapabilities aborted
2026-01-11 05:51:44,674 - Scraping log - scraper.py >         <module>(): Line 751 - INFO - Running default scraper on KT_ZG > https://services.geo.zg.ch/ows/Besondere_Waldlebensraeume?SERVICE=WMS&REQUEST=GetCapabilities (source 466/1467)
2026-01-11 05:51:45,354 - Scraping log - scraper.py >         <module>(): Line 759 - WARNING - Scraping KT_ZG > https://services.geo.zg.ch/ows/Besondere_Waldlebensraeume?SERVICE=WMS&REQUEST=GetCapabilities aborted
2026-01-11 05:51:45,354 - Scraping log - scraper.py >         <module>(): Line 751 - INFO - Running default scraper on KT_ZG > https://services.geo.zg.ch/ows/Bodenkarte?SERVICE=WMS&REQUEST=GetCapabilities (source 467/1467)
2026-01-11 05:51:46,010 - Scraping log - scraper.py >         <module>(): Line 759 - WARNING - Scraping KT_ZG > https://services.geo.zg.ch/ows/Bodenkarte?SERVICE=WMS&REQUEST=GetCapabilities aborted
2026-01-11 05:51:46,010 - Scraping log - scraper.py >         <module>(): Line 751 - INFO - Running default scraper on KT_ZG > https://services.geo.zg.ch/ows/Buslinien?SERVICE=WMS&REQUEST=GetCapabilities (source 468/1467)
2026-01-11 05:51:46,645 - Scraping log - scraper.py >         <module>(): Line 759 - WARNING - Scraping KT_ZG > https://services.geo.zg.ch/ows/Buslinien?SERVICE=WMS&REQUEST=GetCapabilities aborted
2026-01-11 05:51:46,645 - Scraping log - scraper.py >         <module>(): Line 751 - INFO - Running default scraper on KT_ZG > https://services.geo.zg.ch/ows/Denkmaeler?SERVICE=WMS&REQUEST=GetCapabilities (source 469/1467)
2026-01-11 05:51:47,051 - Scraping log - scraper.py >         <module>(): Line 759 - WARNING - Scraping KT_ZG > https://services.geo.zg.ch/ows/Denkmaeler?SERVICE=WMS&REQUEST=GetCapabilities aborted
2026-01-11 05:51:47,051 - Scraping log - scraper.py >         <module>(): Line 751 - INFO - Running default scraper on KT_ZG > https://services.geo.zg.ch/ows/Einzelbaeume_K5?&SERVICE=WMS&REQUEST=GetCapabilities (source 470/1467)
2026-01-11 05:51:47,462 - Scraping log - scraper.py >         <module>(): Line 759 - WARNING - Scraping KT_ZG > https://services.geo.zg.ch/ows/Einzelbaeume_K5?&SERVICE=WMS&REQUEST=GetCapabilities aborted
2026-01-11 05:51:47,463 - Scraping log - scraper.py >         <module>(): Line 751 - INFO - Running default scraper on KT_ZG > https://services.geo.zg.ch/ows/Erdwaermenutzung?SERVICE=WMS&REQUEST=GetCapabilities (source 471/1467)
2026-01-11 05:51:48,505 - Scraping log - scraper.py >         <module>(): Line 759 - WARNING - Scraping KT_ZG > https://services.geo.zg.ch/ows/Erdwaermenutzung?SERVICE=WMS&REQUEST=GetCapabilities aborted
2026-01-11 05:51:48,505 - Scraping log - scraper.py >         <module>(): Line 751 - INFO - Running default scraper on KT_ZG > https://services.geo.zg.ch/ows/Erholungswald?SERVICE=WMS&REQUEST=GetCapabilities (source 472/1467)
2026-01-11 05:51:48,938 - Scraping log - scraper.py >         <module>(): Line 759 - WARNING - Scraping KT_ZG > https://services.geo.zg.ch/ows/Erholungswald?SERVICE=WMS&REQUEST=GetCapabilities aborted
2026-01-11 05:51:48,938 - Scraping log - scraper.py >         <module>(): Line 751 - INFO - Running default scraper on KT_ZG > https://services.geo.zg.ch/ows/Fahrzeuglaengen_geplant?SERVICE=WMS&REQUEST=GetCapabilities (source 473/1467)
2026-01-11 05:51:49,547 - Scraping log - scraper.py >         <module>(): Line 759 - WARNING - Scraping KT_ZG > https://services.geo.zg.ch/ows/Fahrzeuglaengen_geplant?SERVICE=WMS&REQUEST=GetCapabilities aborted
2026-01-11 05:51:49,547 - Scraping log - scraper.py >         <module>(): Line 751 - INFO - Running default scraper on KT_ZG > https://services.geo.zg.ch/ows/Fledermaus-Quartiere?SERVICE=WMS&REQUEST=GetCapabilities (source 474/1467)
2026-01-11 05:51:50,493 - Scraping log - scraper.py >         <module>(): Line 759 - WARNING - Scraping KT_ZG > https://services.geo.zg.ch/ows/Fledermaus-Quartiere?SERVICE=WMS&REQUEST=GetCapabilities aborted
2026-01-11 05:51:50,493 - Scraping log - scraper.py >         <module>(): Line 751 - INFO - Running default scraper on KT_ZG > https://services.geo.zg.ch/ows/Forstreviere?SERVICE=WMS&REQUEST=GetCapabilities (source 475/1467)
2026-01-11 05:51:50,919 - Scraping log - scraper.py >         <module>(): Line 759 - WARNING - Scraping KT_ZG > https://services.geo.zg.ch/ows/Forstreviere?SERVICE=WMS&REQUEST=GetCapabilities aborted
2026-01-11 05:51:50,919 - Scraping log - scraper.py >         <module>(): Line 751 - INFO - Running default scraper on KT_ZG > https://services.geo.zg.ch/ows/Fussgaengerstreifen?SERVICE=WMS&REQUEST=GetCapabilities (source 476/1467)
2026-01-11 05:51:51,369 - Scraping log - scraper.py >         <module>(): Line 759 - WARNING - Scraping KT_ZG > https://services.geo.zg.ch/ows/Fussgaengerstreifen?SERVICE=WMS&REQUEST=GetCapabilities aborted
2026-01-11 05:51:51,369 - Scraping log - scraper.py >         <module>(): Line 751 - INFO - Running default scraper on KT_ZG > https://services.geo.zg.ch/ows/Gebaeudebrueter?SERVICE=WMS&REQUEST=GetCapabilities (source 477/1467)
2026-01-11 05:51:51,783 - Scraping log - scraper.py >         <module>(): Line 759 - WARNING - Scraping KT_ZG > https://services.geo.zg.ch/ows/Gebaeudebrueter?SERVICE=WMS&REQUEST=GetCapabilities aborted
2026-01-11 05:51:51,783 - Scraping log - scraper.py >         <module>(): Line 751 - INFO - Running default scraper on KT_ZG > https://services.geo.zg.ch/ows/Geomorphologie?SERVICE=WMS&REQUEST=GetCapabilities (source 478/1467)
2026-01-11 05:51:52,214 - Scraping log - scraper.py >         <module>(): Line 759 - WARNING - Scraping KT_ZG > https://services.geo.zg.ch/ows/Geomorphologie?SERVICE=WMS&REQUEST=GetCapabilities aborted
2026-01-11 05:51:52,214 - Scraping log - scraper.py >         <module>(): Line 751 - INFO - Running default scraper on KT_ZG > https://services.geo.zg.ch/ows/Gewaessernetz?SERVICE=WMS&REQUEST=GetCapabilities (source 479/1467)
2026-01-11 05:51:52,631 - Scraping log - scraper.py >         <module>(): Line 759 - WARNING - Scraping KT_ZG > https://services.geo.zg.ch/ows/Gewaessernetz?SERVICE=WMS&REQUEST=GetCapabilities aborted
2026-01-11 05:51:52,631 - Scraping log - scraper.py >         <module>(): Line 751 - INFO - Running default scraper on KT_ZG > https://services.geo.zg.ch/ows/Gewaesserschutzkarte?SERVICE=WMS&REQUEST=GetCapabilities (source 480/1467)
2026-01-11 05:51:53,035 - Scraping log - scraper.py >         <module>(): Line 759 - WARNING - Scraping KT_ZG > https://services.geo.zg.ch/ows/Gewaesserschutzkarte?SERVICE=WMS&REQUEST=GetCapabilities aborted
2026-01-11 05:51:53,035 - Scraping log - scraper.py >         <module>(): Line 751 - INFO - Running default scraper on KT_ZG > https://services.geo.zg.ch/ows/Grundbuchplan?SERVICE=WMS&REQUEST=GetCapabilities (source 481/1467)
2026-01-11 05:51:53,467 - Scraping log - scraper.py >         <module>(): Line 759 - WARNING - Scraping KT_ZG > https://services.geo.zg.ch/ows/Grundbuchplan?SERVICE=WMS&REQUEST=GetCapabilities aborted
2026-01-11 05:51:53,467 - Scraping log - scraper.py >         <module>(): Line 751 - INFO - Running default scraper on KT_ZG > https://services.geo.zg.ch/ows/Hecken_Feldgehoelze?SERVICE=WMS&REQUEST=GetCapabilities (source 482/1467)
2026-01-11 05:51:53,880 - Scraping log - scraper.py >         <module>(): Line 759 - WARNING - Scraping KT_ZG > https://services.geo.zg.ch/ows/Hecken_Feldgehoelze?SERVICE=WMS&REQUEST=GetCapabilities aborted
2026-01-11 05:51:53,880 - Scraping log - scraper.py >         <module>(): Line 751 - INFO - Running default scraper on KT_ZG > https://services.geo.zg.ch/ows/Hist_Gewaesser?SERVICE=WMS&REQUEST=GetCapabilities (source 483/1467)
2026-01-11 05:51:54,312 - Scraping log - scraper.py >         <module>(): Line 759 - WARNING - Scraping KT_ZG > https://services.geo.zg.ch/ows/Hist_Gewaesser?SERVICE=WMS&REQUEST=GetCapabilities aborted
2026-01-11 05:51:54,312 - Scraping log - scraper.py >         <module>(): Line 751 - INFO - Running default scraper on KT_ZG > https://services.geo.zg.ch/ows/Hoehenkurven_Isobathen?SERVICE=WMS&REQUEST=GetCapabilities (source 484/1467)
2026-01-11 05:51:55,133 - Scraping log - scraper.py >         <module>(): Line 759 - WARNING - Scraping KT_ZG > https://services.geo.zg.ch/ows/Hoehenkurven_Isobathen?SERVICE=WMS&REQUEST=GetCapabilities aborted
2026-01-11 05:51:55,133 - Scraping log - scraper.py >         <module>(): Line 751 - INFO - Running default scraper on KT_ZG > https://services.geo.zg.ch/ows/Jagdbezirke?SERVICE=WMS&REQUEST=GetCapabilities (source 485/1467)
2026-01-11 05:51:55,565 - Scraping log - scraper.py >         <module>(): Line 759 - WARNING - Scraping KT_ZG > https://services.geo.zg.ch/ows/Jagdbezirke?SERVICE=WMS&REQUEST=GetCapabilities aborted
2026-01-11 05:51:55,565 - Scraping log - scraper.py >         <module>(): Line 751 - INFO - Running default scraper on KT_ZG > https://services.geo.zg.ch/ows/Kinderbetreuung?SERVICE=WMS&REQUEST=GetCapabilities (source 486/1467)
2026-01-11 05:51:55,981 - Scraping log - scraper.py >         <module>(): Line 759 - WARNING - Scraping KT_ZG > https://services.geo.zg.ch/ows/Kinderbetreuung?SERVICE=WMS&REQUEST=GetCapabilities aborted
2026-01-11 05:51:55,982 - Scraping log - scraper.py >         <module>(): Line 751 - INFO - Running default scraper on KT_ZG > https://services.geo.zg.ch/ows/Kunstbauten?SERVICE=WMS&REQUEST=GetCapabilities (source 487/1467)
2026-01-11 05:51:56,398 - Scraping log - scraper.py >         <module>(): Line 759 - WARNING - Scraping KT_ZG > https://services.geo.zg.ch/ows/Kunstbauten?SERVICE=WMS&REQUEST=GetCapabilities aborted
2026-01-11 05:51:56,399 - Scraping log - scraper.py >         <module>(): Line 751 - INFO - Running default scraper on KT_ZG > https://services.geo.zg.ch/ows/Landwertzonen_Steuern?SERVICE=WMS&REQUEST=GetCapabilities (source 488/1467)
2026-01-11 05:51:56,838 - Scraping log - scraper.py >         <module>(): Line 759 - WARNING - Scraping KT_ZG > https://services.geo.zg.ch/ows/Landwertzonen_Steuern?SERVICE=WMS&REQUEST=GetCapabilities aborted
2026-01-11 05:51:56,838 - Scraping log - scraper.py >         <module>(): Line 751 - INFO - Running default scraper on KT_ZG > https://services.geo.zg.ch/ows/Landwirtschaft?SERVICE=WMS&REQUEST=GetCapabilities (source 489/1467)
2026-01-11 05:51:57,471 - Scraping log - scraper.py >         <module>(): Line 759 - WARNING - Scraping KT_ZG > https://services.geo.zg.ch/ows/Landwirtschaft?SERVICE=WMS&REQUEST=GetCapabilities aborted
2026-01-11 05:51:57,471 - Scraping log - scraper.py >         <module>(): Line 751 - INFO - Running default scraper on KT_ZG > https://services.geo.zg.ch/ows/Messstellen_an_Gewaessern?SERVICE=WMS&REQUEST=GetCapabilities (source 490/1467)
2026-01-11 05:51:57,887 - Scraping log - scraper.py >         <module>(): Line 759 - WARNING - Scraping KT_ZG > https://services.geo.zg.ch/ows/Messstellen_an_Gewaessern?SERVICE=WMS&REQUEST=GetCapabilities aborted
2026-01-11 05:51:57,887 - Scraping log - scraper.py >         <module>(): Line 751 - INFO - Running default scraper on KT_ZG > https://services.geo.zg.ch/ows/Moorlandschaften?SERVICE=WMS&REQUEST=GetCapabilities (source 491/1467)
2026-01-11 05:51:58,318 - Scraping log - scraper.py >         <module>(): Line 759 - WARNING - Scraping KT_ZG > https://services.geo.zg.ch/ows/Moorlandschaften?SERVICE=WMS&REQUEST=GetCapabilities aborted
2026-01-11 05:51:58,318 - Scraping log - scraper.py >         <module>(): Line 751 - INFO - Running default scraper on KT_ZG > https://services.geo.zg.ch/ows/NGHK_Phaenomene?SERVICE=WMS&REQUEST=GetCapabilities (source 492/1467)
2026-01-11 05:51:58,734 - Scraping log - scraper.py >         <module>(): Line 759 - WARNING - Scraping KT_ZG > https://services.geo.zg.ch/ows/NGHK_Phaenomene?SERVICE=WMS&REQUEST=GetCapabilities aborted
2026-01-11 05:51:58,734 - Scraping log - scraper.py >         <module>(): Line 751 - INFO - Running default scraper on KT_ZG > https://services.geo.zg.ch/ows/NGHK_Prozesse?SERVICE=WMS&REQUEST=GetCapabilities (source 493/1467)
2026-01-11 05:51:59,141 - Scraping log - scraper.py >         <module>(): Line 759 - WARNING - Scraping KT_ZG > https://services.geo.zg.ch/ows/NGHK_Prozesse?SERVICE=WMS&REQUEST=GetCapabilities aborted
2026-01-11 05:51:59,141 - Scraping log - scraper.py >         <module>(): Line 751 - INFO - Running default scraper on KT_ZG > https://services.geo.zg.ch/ows/Naturobjekte?SERVICE=WMS&REQUEST=GetCapabilities (source 494/1467)
2026-01-11 05:51:59,553 - Scraping log - scraper.py >         <module>(): Line 759 - WARNING - Scraping KT_ZG > https://services.geo.zg.ch/ows/Naturobjekte?SERVICE=WMS&REQUEST=GetCapabilities aborted
2026-01-11 05:51:59,553 - Scraping log - scraper.py >         <module>(): Line 751 - INFO - Running default scraper on KT_ZG > https://services.geo.zg.ch/ows/Naturschutz?SERVICE=WMS&REQUEST=GetCapabilities (source 495/1467)
2026-01-11 05:51:59,966 - Scraping log - scraper.py >         <module>(): Line 759 - WARNING - Scraping KT_ZG > https://services.geo.zg.ch/ows/Naturschutz?SERVICE=WMS&REQUEST=GetCapabilities aborted
2026-01-11 05:51:59,966 - Scraping log - scraper.py >         <module>(): Line 751 - INFO - Running default scraper on KT_ZG > https://services.geo.zg.ch/ows/Neophyten?SERVICE=WMS&REQUEST=GetCapabilities (source 496/1467)
2026-01-11 05:52:00,398 - Scraping log - scraper.py >         <module>(): Line 759 - WARNING - Scraping KT_ZG > https://services.geo.zg.ch/ows/Neophyten?SERVICE=WMS&REQUEST=GetCapabilities aborted
2026-01-11 05:52:00,398 - Scraping log - scraper.py >         <module>(): Line 751 - INFO - Running default scraper on KT_ZG > https://services.geo.zg.ch/ows/Orthofotos?SERVICE=WMS&REQUEST=GetCapabilities (source 497/1467)
2026-01-11 05:52:00,865 - Scraping log - scraper.py >         <module>(): Line 759 - WARNING - Scraping KT_ZG > https://services.geo.zg.ch/ows/Orthofotos?SERVICE=WMS&REQUEST=GetCapabilities aborted
2026-01-11 05:52:00,865 - Scraping log - scraper.py >         <module>(): Line 751 - INFO - Running default scraper on KT_ZG > https://services.geo.zg.ch/ows/Ortsbildschutz?SERVICE=WMS&REQUEST=GetCapabilities (source 498/1467)
2026-01-11 05:52:01,298 - Scraping log - scraper.py >         <module>(): Line 759 - WARNING - Scraping KT_ZG > https://services.geo.zg.ch/ows/Ortsbildschutz?SERVICE=WMS&REQUEST=GetCapabilities aborted
2026-01-11 05:52:01,298 - Scraping log - scraper.py >         <module>(): Line 751 - INFO - Running default scraper on KT_ZG > https://services.geo.zg.ch/ows/Parkplaetze?SERVICE=WMS&REQUEST=GetCapabilities (source 499/1467)
2026-01-11 05:52:01,730 - Scraping log - scraper.py >         <module>(): Line 759 - WARNING - Scraping KT_ZG > https://services.geo.zg.ch/ows/Parkplaetze?SERVICE=WMS&REQUEST=GetCapabilities aborted
2026-01-11 05:52:01,730 - Scraping log - scraper.py >         <module>(): Line 751 - INFO - Running default scraper on KT_ZG > https://services.geo.zg.ch/ows/Points_of_Interest?SERVICE=WMS&REQUEST=GetCapabilities (source 500/1467)
2026-01-11 05:52:02,137 - Scraping log - scraper.py >         <module>(): Line 759 - WARNING - Scraping KT_ZG > https://services.geo.zg.ch/ows/Points_of_Interest?SERVICE=WMS&REQUEST=GetCapabilities aborted
2026-01-11 05:52:02,137 - Scraping log - scraper.py >         <module>(): Line 751 - INFO - Running default scraper on KT_ZG > https://services.geo.zg.ch/ows/Radwege?SERVICE=WMS&REQUEST=GetCapabilities (source 501/1467)
2026-01-11 05:52:02,553 - Scraping log - scraper.py >         <module>(): Line 759 - WARNING - Scraping KT_ZG > https://services.geo.zg.ch/ows/Radwege?SERVICE=WMS&REQUEST=GetCapabilities aborted
2026-01-11 05:52:02,553 - Scraping log - scraper.py >         <module>(): Line 751 - INFO - Running default scraper on KT_ZG > https://services.geo.zg.ch/ows/Richtplan?SERVICE=WMS&REQUEST=GetCapabilities (source 502/1467)
2026-01-11 05:52:02,993 - Scraping log - scraper.py >         <module>(): Line 759 - WARNING - Scraping KT_ZG > https://services.geo.zg.ch/ows/Richtplan?SERVICE=WMS&REQUEST=GetCapabilities aborted
2026-01-11 05:52:02,993 - Scraping log - scraper.py >         <module>(): Line 751 - INFO - Running default scraper on KT_ZG > https://services.geo.zg.ch/ows/Schulhaeuser_Kindergaerten?SERVICE=WMS&REQUEST=GetCapabilities (source 503/1467)
2026-01-11 05:52:03,406 - Scraping log - scraper.py >         <module>(): Line 759 - WARNING - Scraping KT_ZG > https://services.geo.zg.ch/ows/Schulhaeuser_Kindergaerten?SERVICE=WMS&REQUEST=GetCapabilities aborted
2026-01-11 05:52:03,406 - Scraping log - scraper.py >         <module>(): Line 751 - INFO - Running default scraper on KT_ZG > https://services.geo.zg.ch/ows/Schutzraumbau?SERVICE=WMS&REQUEST=GetCapabilities (source 504/1467)
2026-01-11 05:52:03,822 - Scraping log - scraper.py >         <module>(): Line 759 - WARNING - Scraping KT_ZG > https://services.geo.zg.ch/ows/Schutzraumbau?SERVICE=WMS&REQUEST=GetCapabilities aborted
2026-01-11 05:52:03,822 - Scraping log - scraper.py >         <module>(): Line 751 - INFO - Running default scraper on KT_ZG > https://services.geo.zg.ch/ows/Schutzwald?SERVICE=WMS&REQUEST=GetCapabilities (source 505/1467)
2026-01-11 05:52:04,237 - Scraping log - scraper.py >         <module>(): Line 759 - WARNING - Scraping KT_ZG > https://services.geo.zg.ch/ows/Schutzwald?SERVICE=WMS&REQUEST=GetCapabilities aborted
2026-01-11 05:52:04,238 - Scraping log - scraper.py >         <module>(): Line 751 - INFO - Running default scraper on KT_ZG > https://services.geo.zg.ch/ows/Standorte_Wahlplakate?SERVICE=WMS&REQUEST=GetCapabilities (source 506/1467)
2026-01-11 05:52:04,670 - Scraping log - scraper.py >         <module>(): Line 759 - WARNING - Scraping KT_ZG > https://services.geo.zg.ch/ows/Standorte_Wahlplakate?SERVICE=WMS&REQUEST=GetCapabilities aborted
2026-01-11 05:52:04,670 - Scraping log - scraper.py >         <module>(): Line 751 - INFO - Running default scraper on KT_ZG > https://services.geo.zg.ch/ows/Statische_Waldgrenzen?SERVICE=WMS&REQUEST=GetCapabilities (source 507/1467)
2026-01-11 05:52:05,087 - Scraping log - scraper.py >         <module>(): Line 759 - WARNING - Scraping KT_ZG > https://services.geo.zg.ch/ows/Statische_Waldgrenzen?SERVICE=WMS&REQUEST=GetCapabilities aborted
2026-01-11 05:52:05,087 - Scraping log - scraper.py >         <module>(): Line 751 - INFO - Running default scraper on KT_ZG > https://services.geo.zg.ch/ows/Strassenlaermkataster_Gemeindestrassen?SERVICE=WMS&REQUEST=GetCapabilities (source 508/1467)
2026-01-11 05:52:05,493 - Scraping log - scraper.py >         <module>(): Line 759 - WARNING - Scraping KT_ZG > https://services.geo.zg.ch/ows/Strassenlaermkataster_Gemeindestrassen?SERVICE=WMS&REQUEST=GetCapabilities aborted
2026-01-11 05:52:05,493 - Scraping log - scraper.py >         <module>(): Line 751 - INFO - Running default scraper on KT_ZG > https://services.geo.zg.ch/ows/Strassenlaermkataster_Kantonsstrassen?SERVICE=WMS&REQUEST=GetCapabilities (source 509/1467)
2026-01-11 05:52:05,908 - Scraping log - scraper.py >         <module>(): Line 759 - WARNING - Scraping KT_ZG > https://services.geo.zg.ch/ows/Strassenlaermkataster_Kantonsstrassen?SERVICE=WMS&REQUEST=GetCapabilities aborted
2026-01-11 05:52:05,908 - Scraping log - scraper.py >         <module>(): Line 751 - INFO - Running default scraper on KT_ZG > https://services.geo.zg.ch/ows/Treffpunkte_RDZ?SERVICE=WMS&REQUEST=GetCapabilities (source 510/1467)
2026-01-11 05:52:06,340 - Scraping log - scraper.py >         <module>(): Line 759 - WARNING - Scraping KT_ZG > https://services.geo.zg.ch/ows/Treffpunkte_RDZ?SERVICE=WMS&REQUEST=GetCapabilities aborted
2026-01-11 05:52:06,340 - Scraping log - scraper.py >         <module>(): Line 751 - INFO - Running default scraper on KT_ZG > https://services.geo.zg.ch/ows/Verkehrszaehlung?SERVICE=WMS&REQUEST=GetCapabilities (source 511/1467)
2026-01-11 05:52:06,772 - Scraping log - scraper.py >         <module>(): Line 759 - WARNING - Scraping KT_ZG > https://services.geo.zg.ch/ows/Verkehrszaehlung?SERVICE=WMS&REQUEST=GetCapabilities aborted
2026-01-11 05:52:06,772 - Scraping log - scraper.py >         <module>(): Line 751 - INFO - Running default scraper on KT_ZG > https://services.geo.zg.ch/ows/Zonenplan?SERVICE=WMS&REQUEST=GetCapabilities (source 512/1467)
2026-01-11 05:52:07,203 - Scraping log - scraper.py >         <module>(): Line 759 - WARNING - Scraping KT_ZG > https://services.geo.zg.ch/ows/Zonenplan?SERVICE=WMS&REQUEST=GetCapabilities aborted
2026-01-11 05:52:07,203 - Scraping log - scraper.py >         <module>(): Line 751 - INFO - Running default scraper on KT_ZG > https://services.geo.zg.ch/ows/defibrillatoren?SERVICE=WMS&REQUEST=GetCapabilities (source 513/1467)
2026-01-11 05:52:07,627 - Scraping log - scraper.py >         <module>(): Line 759 - WARNING - Scraping KT_ZG > https://services.geo.zg.ch/ows/defibrillatoren?SERVICE=WMS&REQUEST=GetCapabilities aborted
2026-01-11 05:52:07,627 - Scraping log - scraper.py >         <module>(): Line 751 - INFO - Running default scraper on KT_ZG > https://services.geo.zg.ch/ows/geologisches_aufschlussarchiv?SERVICE=WMS&REQUEST=GetCapabilities (source 514/1467)
2026-01-11 05:52:08,059 - Scraping log - scraper.py >         <module>(): Line 759 - WARNING - Scraping KT_ZG > https://services.geo.zg.ch/ows/geologisches_aufschlussarchiv?SERVICE=WMS&REQUEST=GetCapabilities aborted
2026-01-11 05:52:08,059 - Scraping log - scraper.py >         <module>(): Line 751 - INFO - Running default scraper on KT_ZG > https://services.geo.zg.ch/ows/kbs?SERVICE=WMS&REQUEST=GetCapabilities (source 515/1467)
2026-01-11 05:52:08,593 - Scraping log - scraper.py >         <module>(): Line 759 - WARNING - Scraping KT_ZG > https://services.geo.zg.ch/ows/kbs?SERVICE=WMS&REQUEST=GetCapabilities aborted
2026-01-11 05:52:08,593 - Scraping log - scraper.py >         <module>(): Line 751 - INFO - Running default scraper on KT_ZG > https://services.geo.zg.ch/ows/pbv?SERVICE=WMS&REQUEST=GetCapabilities (source 516/1467)
2026-01-11 05:52:09,032 - Scraping log - scraper.py >         <module>(): Line 759 - WARNING - Scraping KT_ZG > https://services.geo.zg.ch/ows/pbv?SERVICE=WMS&REQUEST=GetCapabilities aborted
2026-01-11 05:52:09,032 - Scraping log - scraper.py >         <module>(): Line 751 - INFO - Running default scraper on KT_ZG > https://services.geo.zg.ch/ows/stand_der_erschliessung?SERVICE=WMS&REQUEST=GetCapabilities (source 517/1467)
2026-01-11 05:52:09,449 - Scraping log - scraper.py >         <module>(): Line 759 - WARNING - Scraping KT_ZG > https://services.geo.zg.ch/ows/stand_der_erschliessung?SERVICE=WMS&REQUEST=GetCapabilities aborted
2026-01-11 05:52:09,449 - Scraping log - scraper.py >         <module>(): Line 751 - INFO - Running default scraper on KT_ZG > https://services.geo.zg.ch/ows/Abfallsammelstellen?SERVICE=WFS&REQUEST=GetCapabilities (source 518/1467)
2026-01-11 05:52:09,865 - Scraping log - scraper.py >         <module>(): Line 759 - WARNING - Scraping KT_ZG > https://services.geo.zg.ch/ows/Abfallsammelstellen?SERVICE=WFS&REQUEST=GetCapabilities aborted
2026-01-11 05:52:09,865 - Scraping log - scraper.py >         <module>(): Line 751 - INFO - Running default scraper on KT_ZG > https://services.geo.zg.ch/ows/Abstandslinien?SERVICE=WFS&REQUEST=GetCapabilities (source 519/1467)
2026-01-11 05:52:10,280 - Scraping log - scraper.py >         <module>(): Line 759 - WARNING - Scraping KT_ZG > https://services.geo.zg.ch/ows/Abstandslinien?SERVICE=WFS&REQUEST=GetCapabilities aborted
2026-01-11 05:52:10,280 - Scraping log - scraper.py >         <module>(): Line 751 - INFO - Running default scraper on KT_ZG > https://services.geo.zg.ch/ows/Amphibienlaichgebiete?SERVICE=WFS&REQUEST=GetCapabilities (source 520/1467)
2026-01-11 05:52:10,712 - Scraping log - scraper.py >         <module>(): Line 759 - WARNING - Scraping KT_ZG > https://services.geo.zg.ch/ows/Amphibienlaichgebiete?SERVICE=WFS&REQUEST=GetCapabilities aborted
2026-01-11 05:52:10,713 - Scraping log - scraper.py >         <module>(): Line 751 - INFO - Running default scraper on KT_ZG > https://services.geo.zg.ch/ows/Baumkataster?SERVICE=WFS&REQUEST=GetCapabilities (source 521/1467)
2026-01-11 05:52:11,347 - Scraping log - scraper.py >         <module>(): Line 759 - WARNING - Scraping KT_ZG > https://services.geo.zg.ch/ows/Baumkataster?SERVICE=WFS&REQUEST=GetCapabilities aborted
2026-01-11 05:52:11,347 - Scraping log - scraper.py >         <module>(): Line 751 - INFO - Running default scraper on KT_ZG > https://services.geo.zg.ch/ows/Bebauungsplan?SERVICE=WFS&REQUEST=GetCapabilities (source 522/1467)
2026-01-11 05:52:11,757 - Scraping log - scraper.py >         <module>(): Line 759 - WARNING - Scraping KT_ZG > https://services.geo.zg.ch/ows/Bebauungsplan?SERVICE=WFS&REQUEST=GetCapabilities aborted
2026-01-11 05:52:11,757 - Scraping log - scraper.py >         <module>(): Line 751 - INFO - Running default scraper on KT_ZG > https://services.geo.zg.ch/ows/Besondere_Waldlebensraeume?SERVICE=WFS&REQUEST=GetCapabilities (source 523/1467)
2026-01-11 05:52:12,170 - Scraping log - scraper.py >         <module>(): Line 759 - WARNING - Scraping KT_ZG > https://services.geo.zg.ch/ows/Besondere_Waldlebensraeume?SERVICE=WFS&REQUEST=GetCapabilities aborted
2026-01-11 05:52:12,170 - Scraping log - scraper.py >         <module>(): Line 751 - INFO - Running default scraper on KT_ZG > https://services.geo.zg.ch/ows/Bodenkarte?SERVICE=WFS&REQUEST=GetCapabilities (source 524/1467)
2026-01-11 05:52:12,581 - Scraping log - scraper.py >         <module>(): Line 759 - WARNING - Scraping KT_ZG > https://services.geo.zg.ch/ows/Bodenkarte?SERVICE=WFS&REQUEST=GetCapabilities aborted
2026-01-11 05:52:12,581 - Scraping log - scraper.py >         <module>(): Line 751 - INFO - Running default scraper on KT_ZG > https://services.geo.zg.ch/ows/Buslinien?SERVICE=WFS&REQUEST=GetCapabilities (source 525/1467)
2026-01-11 05:52:13,013 - Scraping log - scraper.py >         <module>(): Line 759 - WARNING - Scraping KT_ZG > https://services.geo.zg.ch/ows/Buslinien?SERVICE=WFS&REQUEST=GetCapabilities aborted
2026-01-11 05:52:13,013 - Scraping log - scraper.py >         <module>(): Line 751 - INFO - Running default scraper on KT_ZG > https://services.geo.zg.ch/ows/Denkmaeler?SERVICE=WFS&REQUEST=GetCapabilities (source 526/1467)
2026-01-11 05:52:13,445 - Scraping log - scraper.py >         <module>(): Line 759 - WARNING - Scraping KT_ZG > https://services.geo.zg.ch/ows/Denkmaeler?SERVICE=WFS&REQUEST=GetCapabilities aborted
2026-01-11 05:52:13,446 - Scraping log - scraper.py >         <module>(): Line 751 - INFO - Running default scraper on KT_ZG > https://services.geo.zg.ch/ows/Einzelbaeume_K5?SERVICE=WFS&REQUEST=GetCapabilities (source 527/1467)
2026-01-11 05:52:13,870 - Scraping log - scraper.py >         <module>(): Line 759 - WARNING - Scraping KT_ZG > https://services.geo.zg.ch/ows/Einzelbaeume_K5?SERVICE=WFS&REQUEST=GetCapabilities aborted
2026-01-11 05:52:13,870 - Scraping log - scraper.py >         <module>(): Line 751 - INFO - Running default scraper on KT_ZG > https://services.geo.zg.ch/ows/Erdwaermenutzung?SERVICE=WFS&REQUEST=GetCapabilities (source 528/1467)
2026-01-11 05:52:14,301 - Scraping log - scraper.py >         <module>(): Line 759 - WARNING - Scraping KT_ZG > https://services.geo.zg.ch/ows/Erdwaermenutzung?SERVICE=WFS&REQUEST=GetCapabilities aborted
2026-01-11 05:52:14,301 - Scraping log - scraper.py >         <module>(): Line 751 - INFO - Running default scraper on KT_ZG > https://services.geo.zg.ch/ows/Erholungswald?SERVICE=WFS&REQUEST=GetCapabilities (source 529/1467)
2026-01-11 05:52:14,828 - Scraping log - scraper.py >         <module>(): Line 759 - WARNING - Scraping KT_ZG > https://services.geo.zg.ch/ows/Erholungswald?SERVICE=WFS&REQUEST=GetCapabilities aborted
2026-01-11 05:52:14,829 - Scraping log - scraper.py >         <module>(): Line 751 - INFO - Running default scraper on KT_ZG > https://services.geo.zg.ch/ows/Fahrzeuglaengen_geplant?SERVICE=WFS&REQUEST=GetCapabilities (source 530/1467)
2026-01-11 05:52:15,266 - Scraping log - scraper.py >         <module>(): Line 759 - WARNING - Scraping KT_ZG > https://services.geo.zg.ch/ows/Fahrzeuglaengen_geplant?SERVICE=WFS&REQUEST=GetCapabilities aborted
2026-01-11 05:52:15,266 - Scraping log - scraper.py >         <module>(): Line 751 - INFO - Running default scraper on KT_ZG > https://services.geo.zg.ch/ows/Fledermaus-Quartiere?SERVICE=WFS&REQUEST=GetCapabilities (source 531/1467)
2026-01-11 05:52:15,683 - Scraping log - scraper.py >         <module>(): Line 759 - WARNING - Scraping KT_ZG > https://services.geo.zg.ch/ows/Fledermaus-Quartiere?SERVICE=WFS&REQUEST=GetCapabilities aborted
2026-01-11 05:52:15,684 - Scraping log - scraper.py >         <module>(): Line 751 - INFO - Running default scraper on KT_ZG > https://services.geo.zg.ch/ows/Forstreviere?SERVICE=WFS&REQUEST=GetCapabilities (source 532/1467)
2026-01-11 05:52:16,099 - Scraping log - scraper.py >         <module>(): Line 759 - WARNING - Scraping KT_ZG > https://services.geo.zg.ch/ows/Forstreviere?SERVICE=WFS&REQUEST=GetCapabilities aborted
2026-01-11 05:52:16,100 - Scraping log - scraper.py >         <module>(): Line 751 - INFO - Running default scraper on KT_ZG > https://services.geo.zg.ch/ows/Fussgaengerstreifen?SERVICE=WFS&REQUEST=GetCapabilities (source 533/1467)
2026-01-11 05:52:16,743 - Scraping log - scraper.py >         <module>(): Line 759 - WARNING - Scraping KT_ZG > https://services.geo.zg.ch/ows/Fussgaengerstreifen?SERVICE=WFS&REQUEST=GetCapabilities aborted
2026-01-11 05:52:16,743 - Scraping log - scraper.py >         <module>(): Line 751 - INFO - Running default scraper on KT_ZG > https://services.geo.zg.ch/ows/Gebaeudebrueter?SERVICE=WFS&REQUEST=GetCapabilities (source 534/1467)
2026-01-11 05:52:17,175 - Scraping log - scraper.py >         <module>(): Line 759 - WARNING - Scraping KT_ZG > https://services.geo.zg.ch/ows/Gebaeudebrueter?SERVICE=WFS&REQUEST=GetCapabilities aborted
2026-01-11 05:52:17,176 - Scraping log - scraper.py >         <module>(): Line 751 - INFO - Running default scraper on KT_ZG > https://services.geo.zg.ch/ows/Geomorphologie?SERVICE=WFS&REQUEST=GetCapabilities (source 535/1467)
2026-01-11 05:52:17,592 - Scraping log - scraper.py >         <module>(): Line 759 - WARNING - Scraping KT_ZG > https://services.geo.zg.ch/ows/Geomorphologie?SERVICE=WFS&REQUEST=GetCapabilities aborted
2026-01-11 05:52:17,592 - Scraping log - scraper.py >         <module>(): Line 751 - INFO - Running default scraper on KT_ZG > https://services.geo.zg.ch/ows/Gewaessernetz?SERVICE=WFS&REQUEST=GetCapabilities (source 536/1467)
2026-01-11 05:52:17,997 - Scraping log - scraper.py >         <module>(): Line 759 - WARNING - Scraping KT_ZG > https://services.geo.zg.ch/ows/Gewaessernetz?SERVICE=WFS&REQUEST=GetCapabilities aborted
2026-01-11 05:52:17,997 - Scraping log - scraper.py >         <module>(): Line 751 - INFO - Running default scraper on KT_ZG > https://services.geo.zg.ch/ows/Gewaesserschutzkarte?SERVICE=WFS&REQUEST=GetCapabilities (source 537/1467)
2026-01-11 05:52:18,409 - Scraping log - scraper.py >         <module>(): Line 759 - WARNING - Scraping KT_ZG > https://services.geo.zg.ch/ows/Gewaesserschutzkarte?SERVICE=WFS&REQUEST=GetCapabilities aborted
2026-01-11 05:52:18,409 - Scraping log - scraper.py >         <module>(): Line 751 - INFO - Running default scraper on KT_ZG > https://services.geo.zg.ch/ows/Hecken_Feldgehoelze?SERVICE=WFS&REQUEST=GetCapabilities (source 538/1467)
2026-01-11 05:52:18,820 - Scraping log - scraper.py >         <module>(): Line 759 - WARNING - Scraping KT_ZG > https://services.geo.zg.ch/ows/Hecken_Feldgehoelze?SERVICE=WFS&REQUEST=GetCapabilities aborted
2026-01-11 05:52:18,820 - Scraping log - scraper.py >         <module>(): Line 751 - INFO - Running default scraper on KT_ZG > https://services.geo.zg.ch/ows/Hist_Gewaesser?SERVICE=WFS&REQUEST=GetCapabilities (source 539/1467)
2026-01-11 05:52:19,252 - Scraping log - scraper.py >         <module>(): Line 759 - WARNING - Scraping KT_ZG > https://services.geo.zg.ch/ows/Hist_Gewaesser?SERVICE=WFS&REQUEST=GetCapabilities aborted
2026-01-11 05:52:19,252 - Scraping log - scraper.py >         <module>(): Line 751 - INFO - Running default scraper on KT_ZG > https://services.geo.zg.ch/ows/Hoehenkurven_Isobathen?SERVICE=WFS&REQUEST=GetCapabilities (source 540/1467)
2026-01-11 05:52:19,684 - Scraping log - scraper.py >         <module>(): Line 759 - WARNING - Scraping KT_ZG > https://services.geo.zg.ch/ows/Hoehenkurven_Isobathen?SERVICE=WFS&REQUEST=GetCapabilities aborted
2026-01-11 05:52:19,684 - Scraping log - scraper.py >         <module>(): Line 751 - INFO - Running default scraper on KT_ZG > https://services.geo.zg.ch/ows/Jagdbezirke?SERVICE=WFS&REQUEST=GetCapabilities&VERSION=1.1.0 (source 541/1467)
2026-01-11 05:52:20,109 - Scraping log - scraper.py >         <module>(): Line 759 - WARNING - Scraping KT_ZG > https://services.geo.zg.ch/ows/Jagdbezirke?SERVICE=WFS&REQUEST=GetCapabilities&VERSION=1.1.0 aborted
2026-01-11 05:52:20,109 - Scraping log - scraper.py >         <module>(): Line 751 - INFO - Running default scraper on KT_ZG > https://services.geo.zg.ch/ows/Kinderbetreuung?SERVICE=WFS&REQUEST=GetCapabilities (source 542/1467)
2026-01-11 05:52:20,541 - Scraping log - scraper.py >         <module>(): Line 759 - WARNING - Scraping KT_ZG > https://services.geo.zg.ch/ows/Kinderbetreuung?SERVICE=WFS&REQUEST=GetCapabilities aborted
2026-01-11 05:52:20,542 - Scraping log - scraper.py >         <module>(): Line 751 - INFO - Running default scraper on KT_ZG > https://services.geo.zg.ch/ows/Kunstbauten?SERVICE=WFS&REQUEST=GetCapabilities (source 543/1467)
2026-01-11 05:52:20,950 - Scraping log - scraper.py >         <module>(): Line 759 - WARNING - Scraping KT_ZG > https://services.geo.zg.ch/ows/Kunstbauten?SERVICE=WFS&REQUEST=GetCapabilities aborted
2026-01-11 05:52:20,950 - Scraping log - scraper.py >         <module>(): Line 751 - INFO - Running default scraper on KT_ZG > https://services.geo.zg.ch/ows/Landwertzonen_Steuern?SERVICE=WFS&REQUEST=GetCapabilities (source 544/1467)
2026-01-11 05:52:21,389 - Scraping log - scraper.py >         <module>(): Line 759 - WARNING - Scraping KT_ZG > https://services.geo.zg.ch/ows/Landwertzonen_Steuern?SERVICE=WFS&REQUEST=GetCapabilities aborted
2026-01-11 05:52:21,389 - Scraping log - scraper.py >         <module>(): Line 751 - INFO - Running default scraper on KT_ZG > https://services.geo.zg.ch/ows/Landwirtschaft?SERVICE=WFS&REQUEST=GetCapabilities (source 545/1467)
2026-01-11 05:52:21,806 - Scraping log - scraper.py >         <module>(): Line 759 - WARNING - Scraping KT_ZG > https://services.geo.zg.ch/ows/Landwirtschaft?SERVICE=WFS&REQUEST=GetCapabilities aborted
2026-01-11 05:52:21,806 - Scraping log - scraper.py >         <module>(): Line 751 - INFO - Running default scraper on KT_ZG > https://services.geo.zg.ch/ows/Messstellen_an_Gewaessern?SERVICE=WFS&REQUEST=GetCapabilities (source 546/1467)
2026-01-11 05:52:22,221 - Scraping log - scraper.py >         <module>(): Line 759 - WARNING - Scraping KT_ZG > https://services.geo.zg.ch/ows/Messstellen_an_Gewaessern?SERVICE=WFS&REQUEST=GetCapabilities aborted
2026-01-11 05:52:22,222 - Scraping log - scraper.py >         <module>(): Line 751 - INFO - Running default scraper on KT_ZG > https://services.geo.zg.ch/ows/Moorlandschaften?SERVICE=WFS&REQUEST=GetCapabilities (source 547/1467)
2026-01-11 05:52:22,635 - Scraping log - scraper.py >         <module>(): Line 759 - WARNING - Scraping KT_ZG > https://services.geo.zg.ch/ows/Moorlandschaften?SERVICE=WFS&REQUEST=GetCapabilities aborted
2026-01-11 05:52:22,635 - Scraping log - scraper.py >         <module>(): Line 751 - INFO - Running default scraper on KT_ZG > https://services.geo.zg.ch/ows/NGHK_Phaenomene?SERVICE=WFS&REQUEST=GetCapabilities (source 548/1467)
2026-01-11 05:52:23,049 - Scraping log - scraper.py >         <module>(): Line 759 - WARNING - Scraping KT_ZG > https://services.geo.zg.ch/ows/NGHK_Phaenomene?SERVICE=WFS&REQUEST=GetCapabilities aborted
2026-01-11 05:52:23,049 - Scraping log - scraper.py >         <module>(): Line 751 - INFO - Running default scraper on KT_ZG > https://services.geo.zg.ch/ows/NGHK_Prozesse?SERVICE=WFS&REQUEST=GetCapabilities (source 549/1467)
2026-01-11 05:52:23,481 - Scraping log - scraper.py >         <module>(): Line 759 - WARNING - Scraping KT_ZG > https://services.geo.zg.ch/ows/NGHK_Prozesse?SERVICE=WFS&REQUEST=GetCapabilities aborted
2026-01-11 05:52:23,481 - Scraping log - scraper.py >         <module>(): Line 751 - INFO - Running default scraper on KT_ZG > https://services.geo.zg.ch/ows/Naturobjekte?SERVICE=WFS&REQUEST=GetCapabilities (source 550/1467)
2026-01-11 05:52:23,897 - Scraping log - scraper.py >         <module>(): Line 759 - WARNING - Scraping KT_ZG > https://services.geo.zg.ch/ows/Naturobjekte?SERVICE=WFS&REQUEST=GetCapabilities aborted
2026-01-11 05:52:23,897 - Scraping log - scraper.py >         <module>(): Line 751 - INFO - Running default scraper on KT_ZG > https://services.geo.zg.ch/ows/Naturschutz?SERVICE=WFS&REQUEST=GetCapabilities (source 551/1467)
2026-01-11 05:52:24,662 - Scraping log - scraper.py >         <module>(): Line 759 - WARNING - Scraping KT_ZG > https://services.geo.zg.ch/ows/Naturschutz?SERVICE=WFS&REQUEST=GetCapabilities aborted
2026-01-11 05:52:24,662 - Scraping log - scraper.py >         <module>(): Line 751 - INFO - Running default scraper on KT_ZG > https://services.geo.zg.ch/ows/Neophyten?SERVICE=WFS&REQUEST=GetCapabilities (source 552/1467)
2026-01-11 05:52:25,073 - Scraping log - scraper.py >         <module>(): Line 759 - WARNING - Scraping KT_ZG > https://services.geo.zg.ch/ows/Neophyten?SERVICE=WFS&REQUEST=GetCapabilities aborted
2026-01-11 05:52:25,073 - Scraping log - scraper.py >         <module>(): Line 751 - INFO - Running default scraper on KT_ZG > https://services.geo.zg.ch/ows/Ortsbildschutz?SERVICE=WFS&REQUEST=GetCapabilities (source 553/1467)
2026-01-11 05:52:25,487 - Scraping log - scraper.py >         <module>(): Line 759 - WARNING - Scraping KT_ZG > https://services.geo.zg.ch/ows/Ortsbildschutz?SERVICE=WFS&REQUEST=GetCapabilities aborted
2026-01-11 05:52:25,488 - Scraping log - scraper.py >         <module>(): Line 751 - INFO - Running default scraper on KT_ZG > https://services.geo.zg.ch/ows/Parkplaetze?SERVICE=WFS&REQUEST=GetCapabilities (source 554/1467)
2026-01-11 05:52:25,920 - Scraping log - scraper.py >         <module>(): Line 759 - WARNING - Scraping KT_ZG > https://services.geo.zg.ch/ows/Parkplaetze?SERVICE=WFS&REQUEST=GetCapabilities aborted
2026-01-11 05:52:25,920 - Scraping log - scraper.py >         <module>(): Line 751 - INFO - Running default scraper on KT_ZG > https://services.geo.zg.ch/ows/Parkplaetze?SERVICE=WMS&REQUEST=GetCapabilities (source 555/1467)
2026-01-11 05:52:26,343 - Scraping log - scraper.py >         <module>(): Line 759 - WARNING - Scraping KT_ZG > https://services.geo.zg.ch/ows/Parkplaetze?SERVICE=WMS&REQUEST=GetCapabilities aborted
2026-01-11 05:52:26,343 - Scraping log - scraper.py >         <module>(): Line 751 - INFO - Running default scraper on KT_ZG > https://services.geo.zg.ch/ows/Points_of_Interest?SERVICE=WFS&REQUEST=GetCapabilities (source 556/1467)
2026-01-11 05:52:26,807 - Scraping log - scraper.py >         <module>(): Line 759 - WARNING - Scraping KT_ZG > https://services.geo.zg.ch/ows/Points_of_Interest?SERVICE=WFS&REQUEST=GetCapabilities aborted
2026-01-11 05:52:26,807 - Scraping log - scraper.py >         <module>(): Line 751 - INFO - Running default scraper on KT_ZG > https://services.geo.zg.ch/ows/Quartiergestaltungsplanung?SERVICE=WFS&REQUEST=GetCapabilities (source 557/1467)
2026-01-11 05:52:27,213 - Scraping log - scraper.py >         <module>(): Line 759 - WARNING - Scraping KT_ZG > https://services.geo.zg.ch/ows/Quartiergestaltungsplanung?SERVICE=WFS&REQUEST=GetCapabilities aborted
2026-01-11 05:52:27,213 - Scraping log - scraper.py >         <module>(): Line 751 - INFO - Running default scraper on KT_ZG > https://services.geo.zg.ch/ows/Radwege?SERVICE=WFS&REQUEST=GetCapabilities (source 558/1467)
2026-01-11 05:52:27,653 - Scraping log - scraper.py >         <module>(): Line 759 - WARNING - Scraping KT_ZG > https://services.geo.zg.ch/ows/Radwege?SERVICE=WFS&REQUEST=GetCapabilities aborted
2026-01-11 05:52:27,653 - Scraping log - scraper.py >         <module>(): Line 751 - INFO - Running default scraper on KT_ZG > https://services.geo.zg.ch/ows/Richtplan?SERVICE=WFS&REQUEST=GetCapabilities (source 559/1467)
2026-01-11 05:52:28,084 - Scraping log - scraper.py >         <module>(): Line 759 - WARNING - Scraping KT_ZG > https://services.geo.zg.ch/ows/Richtplan?SERVICE=WFS&REQUEST=GetCapabilities aborted
2026-01-11 05:52:28,084 - Scraping log - scraper.py >         <module>(): Line 751 - INFO - Running default scraper on KT_ZG > https://services.geo.zg.ch/ows/Schulhaeuser_Kindergaerten?SERVICE=WFS&REQUEST=GetCapabilities (source 560/1467)
2026-01-11 05:52:28,499 - Scraping log - scraper.py >         <module>(): Line 759 - WARNING - Scraping KT_ZG > https://services.geo.zg.ch/ows/Schulhaeuser_Kindergaerten?SERVICE=WFS&REQUEST=GetCapabilities aborted
2026-01-11 05:52:28,499 - Scraping log - scraper.py >         <module>(): Line 751 - INFO - Running default scraper on KT_ZG > https://services.geo.zg.ch/ows/Schutzraumbau?SERVICE=WFS&REQUEST=GetCapabilities (source 561/1467)
2026-01-11 05:52:28,916 - Scraping log - scraper.py >         <module>(): Line 759 - WARNING - Scraping KT_ZG > https://services.geo.zg.ch/ows/Schutzraumbau?SERVICE=WFS&REQUEST=GetCapabilities aborted
2026-01-11 05:52:28,916 - Scraping log - scraper.py >         <module>(): Line 751 - INFO - Running default scraper on KT_ZG > https://services.geo.zg.ch/ows/Schutzwald?SERVICE=WFS&REQUEST=GetCapabilities (source 562/1467)
2026-01-11 05:52:29,332 - Scraping log - scraper.py >         <module>(): Line 759 - WARNING - Scraping KT_ZG > https://services.geo.zg.ch/ows/Schutzwald?SERVICE=WFS&REQUEST=GetCapabilities aborted
2026-01-11 05:52:29,332 - Scraping log - scraper.py >         <module>(): Line 751 - INFO - Running default scraper on KT_ZG > https://services.geo.zg.ch/ows/Standorte_Wahlplakate?SERVICE=WFS&REQUEST=GetCapabilities (source 563/1467)
2026-01-11 05:52:29,765 - Scraping log - scraper.py >         <module>(): Line 759 - WARNING - Scraping KT_ZG > https://services.geo.zg.ch/ows/Standorte_Wahlplakate?SERVICE=WFS&REQUEST=GetCapabilities aborted
2026-01-11 05:52:29,765 - Scraping log - scraper.py >         <module>(): Line 751 - INFO - Running default scraper on KT_ZG > https://services.geo.zg.ch/ows/Statische_Waldgrenzen?SERVICE=WFS&REQUEST=GetCapabilities (source 564/1467)
2026-01-11 05:52:30,182 - Scraping log - scraper.py >         <module>(): Line 759 - WARNING - Scraping KT_ZG > https://services.geo.zg.ch/ows/Statische_Waldgrenzen?SERVICE=WFS&REQUEST=GetCapabilities aborted
2026-01-11 05:52:30,182 - Scraping log - scraper.py >         <module>(): Line 751 - INFO - Running default scraper on KT_ZG > https://services.geo.zg.ch/ows/Strassenlaermkataster_Gemeindestrassen?SERVICE=WFS&REQUEST=GetCapabilities (source 565/1467)
2026-01-11 05:52:30,595 - Scraping log - scraper.py >         <module>(): Line 759 - WARNING - Scraping KT_ZG > https://services.geo.zg.ch/ows/Strassenlaermkataster_Gemeindestrassen?SERVICE=WFS&REQUEST=GetCapabilities aborted
2026-01-11 05:52:30,595 - Scraping log - scraper.py >         <module>(): Line 751 - INFO - Running default scraper on KT_ZG > https://services.geo.zg.ch/ows/Strassenlaermkataster_Kantonsstrassen?SERVICE=WFS&REQUEST=GetCapabilities (source 566/1467)
2026-01-11 05:52:31,001 - Scraping log - scraper.py >         <module>(): Line 759 - WARNING - Scraping KT_ZG > https://services.geo.zg.ch/ows/Strassenlaermkataster_Kantonsstrassen?SERVICE=WFS&REQUEST=GetCapabilities aborted
2026-01-11 05:52:31,001 - Scraping log - scraper.py >         <module>(): Line 751 - INFO - Running default scraper on KT_ZG > https://services.geo.zg.ch/ows/Treffpunkte_RDZ?SERVICE=WFS&REQUEST=GetCapabilities (source 567/1467)
2026-01-11 05:52:31,413 - Scraping log - scraper.py >         <module>(): Line 759 - WARNING - Scraping KT_ZG > https://services.geo.zg.ch/ows/Treffpunkte_RDZ?SERVICE=WFS&REQUEST=GetCapabilities aborted
2026-01-11 05:52:31,413 - Scraping log - scraper.py >         <module>(): Line 751 - INFO - Running default scraper on KT_ZG > https://services.geo.zg.ch/ows/Verkehrszaehlung?SERVICE=WFS&REQUEST=GetCapabilities (source 568/1467)
2026-01-11 05:52:31,835 - Scraping log - scraper.py >         <module>(): Line 759 - WARNING - Scraping KT_ZG > https://services.geo.zg.ch/ows/Verkehrszaehlung?SERVICE=WFS&REQUEST=GetCapabilities aborted
2026-01-11 05:52:31,836 - Scraping log - scraper.py >         <module>(): Line 751 - INFO - Running default scraper on KT_ZG > https://services.geo.zg.ch/ows/Zonenplan?SERVICE=WFS&REQUEST=GetCapabilities (source 569/1467)
2026-01-11 05:52:32,271 - Scraping log - scraper.py >         <module>(): Line 759 - WARNING - Scraping KT_ZG > https://services.geo.zg.ch/ows/Zonenplan?SERVICE=WFS&REQUEST=GetCapabilities aborted
2026-01-11 05:52:32,271 - Scraping log - scraper.py >         <module>(): Line 751 - INFO - Running default scraper on KT_ZG > https://services.geo.zg.ch/ows/defibrillatoren?SERVICE=WFS&REQUEST=GetCapabilities (source 570/1467)
2026-01-11 05:52:32,695 - Scraping log - scraper.py >         <module>(): Line 759 - WARNING - Scraping KT_ZG > https://services.geo.zg.ch/ows/defibrillatoren?SERVICE=WFS&REQUEST=GetCapabilities aborted
2026-01-11 05:52:32,695 - Scraping log - scraper.py >         <module>(): Line 751 - INFO - Running default scraper on KT_ZG > https://services.geo.zg.ch/ows/geologisches_aufschlussarchiv?SERVICE=WFS&REQUEST=GetCapabilities (source 571/1467)
2026-01-11 05:52:33,127 - Scraping log - scraper.py >         <module>(): Line 759 - WARNING - Scraping KT_ZG > https://services.geo.zg.ch/ows/geologisches_aufschlussarchiv?SERVICE=WFS&REQUEST=GetCapabilities aborted
2026-01-11 05:52:33,127 - Scraping log - scraper.py >         <module>(): Line 751 - INFO - Running default scraper on KT_ZG > https://services.geo.zg.ch/ows/kbs?SERVICE=WFS&REQUEST=GetCapabilities (source 572/1467)
2026-01-11 05:52:33,533 - Scraping log - scraper.py >         <module>(): Line 759 - WARNING - Scraping KT_ZG > https://services.geo.zg.ch/ows/kbs?SERVICE=WFS&REQUEST=GetCapabilities aborted
2026-01-11 05:52:33,533 - Scraping log - scraper.py >         <module>(): Line 751 - INFO - Running default scraper on KT_ZG > https://services.geo.zg.ch/ows/pbv?SERVICE=WFS&REQUEST=GetCapabilities (source 573/1467)
2026-01-11 05:52:33,972 - Scraping log - scraper.py >         <module>(): Line 759 - WARNING - Scraping KT_ZG > https://services.geo.zg.ch/ows/pbv?SERVICE=WFS&REQUEST=GetCapabilities aborted
2026-01-11 05:52:33,972 - Scraping log - scraper.py >         <module>(): Line 751 - INFO - Running default scraper on KT_ZG > https://services.geo.zg.ch/ows/stand_der_erschliessung?SERVICE=WFS&REQUEST=GetCapabilities (source 574/1467)
2026-01-11 05:52:34,404 - Scraping log - scraper.py >         <module>(): Line 759 - WARNING - Scraping KT_ZG > https://services.geo.zg.ch/ows/stand_der_erschliessung?SERVICE=WFS&REQUEST=GetCapabilities aborted
2026-01-11 05:52:34,404 - Scraping log - scraper.py >         <module>(): Line 751 - INFO - Running default scraper on KT_ZG > https://services.geo.zg.ch/tc/wmts/1.0.0/WMTSCapabilities.xml (source 575/1467)
2026-01-11 05:52:34,819 - Scraping log - scraper.py >         <module>(): Line 759 - WARNING - Scraping KT_ZG > https://services.geo.zg.ch/tc/wmts/1.0.0/WMTSCapabilities.xml aborted
2026-01-11 05:52:34,819 - Scraping log - scraper.py >         <module>(): Line 751 - INFO - Running default scraper on KT_ZH > https://wms.zh.ch/ArchWMS?service=WMS&request=GetCapabilities (source 576/1467)
2026-01-11 05:52:38,168 - Scraping log - scraper.py >         <module>(): Line 751 - INFO - Running default scraper on KT_ZH > https://wms.zh.ch/TbaBaustellenZHWMS?service=WMS&request=GetCapabilities (source 577/1467)
2026-01-11 05:52:41,310 - Scraping log - scraper.py >         <module>(): Line 751 - INFO - Running default scraper on KT_ZH > https://wms.zh.ch/TBAAnlagenZHWMS?service=WMS&request=GetCapabilities (source 578/1467)
2026-01-11 05:52:44,665 - Scraping log - scraper.py >         <module>(): Line 751 - INFO - Running default scraper on KT_ZH > https://wms.zh.ch/DenkmalschutzWMS?service=WMS&request=GetCapabilities (source 579/1467)
2026-01-11 05:52:47,619 - Scraping log - scraper.py >         <module>(): Line 751 - INFO - Running default scraper on KT_ZH > https://wms.zh.ch/HaltestellenZHWMS?service=WMS&request=GetCapabilities (source 580/1467)
2026-01-11 05:52:49,909 - Scraping log - scraper.py >         <module>(): Line 751 - INFO - Running default scraper on KT_ZH > https://wms.zh.ch/WaldWNBZHWMS?service=WMS&request=GetCapabilities (source 581/1467)
2026-01-11 05:52:52,843 - Scraping log - scraper.py >         <module>(): Line 751 - INFO - Running default scraper on KT_ZH > https://wms.zh.ch/OrtsbildschutzZHWMS?service=WMS&request=GetCapabilities (source 582/1467)
2026-01-11 05:53:01,136 - Scraping log - scraper.py >         <module>(): Line 751 - INFO - Running default scraper on KT_ZH > https://wms.zh.ch/FnsLRKZHWMS?service=WMS&request=GetCapabilities (source 583/1467)
2026-01-11 05:53:12,664 - Scraping log - scraper.py >         <module>(): Line 751 - INFO - Running default scraper on KT_ZH > https://wms.zh.ch/WaldSWZHWMS?service=WMS&request=GetCapabilities (source 584/1467)
2026-01-11 05:53:16,228 - Scraping log - scraper.py >         <module>(): Line 751 - INFO - Running default scraper on KT_ZH > https://wms.zh.ch/TBAStr3ZHWMS?service=WMS&request=GetCapabilities (source 585/1467)
2026-01-11 05:53:18,829 - Scraping log - scraper.py >         <module>(): Line 751 - INFO - Running default scraper on KT_ZH > https://wms.zh.ch/TBAStr2ZHWMS?service=WMS&request=GetCapabilities (source 586/1467)
2026-01-11 05:53:21,249 - Scraping log - scraper.py >         <module>(): Line 751 - INFO - Running default scraper on KT_ZH > https://wms.zh.ch/TBAStr1ZHWMS?service=WMS&request=GetCapabilities (source 587/1467)
2026-01-11 05:53:23,748 - Scraping log - scraper.py >         <module>(): Line 751 - INFO - Running default scraper on KT_ZH > https://wms.zh.ch/ZVVZHWMS?service=WMS&request=GetCapabilities (source 588/1467)
2026-01-11 05:53:25,830 - Scraping log - scraper.py >         <module>(): Line 751 - INFO - Running default scraper on KT_ZH > https://wms.zh.ch/AFVTempo30ZHWMS?service=WMS&request=GetCapabilities (source 589/1467)
2026-01-11 05:53:28,429 - Scraping log - scraper.py >         <module>(): Line 751 - INFO - Running default scraper on KT_ZH > https://wms.zh.ch/WaldVKWMS?service=WMS&request=GetCapabilities (source 590/1467)
2026-01-11 05:53:30,696 - Scraping log - scraper.py >         <module>(): Line 751 - INFO - Running default scraper on KT_ZH > https://wms.zh.ch/VeloinfrastrukturZHWMS?service=WMS&request=GetCapabilities (source 591/1467)
2026-01-11 05:53:33,277 - Scraping log - scraper.py >         <module>(): Line 751 - INFO - Running default scraper on KT_ZH > https://wms.zh.ch/VelonetzZHWMS?service=WMS&request=GetCapabilities (source 592/1467)
2026-01-11 05:53:36,898 - Scraping log - scraper.py >         <module>(): Line 751 - INFO - Running default scraper on KT_ZH > https://wms.zh.ch/VeloparkieranlagenZHWMS?service=WMS&request=GetCapabilities (source 593/1467)
2026-01-11 05:53:37,782 - Scraping log - scraper.py >      get_version(): Line 113 - WARNING - https://wms.zh.ch/VeloparkieranlagenZHWMS?service=WMS&request=GetCapabilities: Version attribute not found
2026-01-11 05:53:37,783 - Scraping log - scraper.py > get_service_info(): Line 378 - ERROR - KT_ZH > https://wms.zh.ch/VeloparkieranlagenZHWMS?service=WMS&request=GetCapabilities: expected string or bytes-like object
2026-01-11 05:53:37,783 - Scraping log - scraper.py >         <module>(): Line 751 - INFO - Running default scraper on KT_ZH > https://wms.zh.ch/TBAVMSZHWMS?service=WMS&request=GetCapabilities (source 594/1467)
2026-01-11 05:53:40,793 - Scraping log - scraper.py >         <module>(): Line 751 - INFO - Running default scraper on KT_ZH > https://wms.zh.ch/WaldarealZHWMS?service=WMS&request=GetCapabilities (source 595/1467)
2026-01-11 05:53:43,854 - Scraping log - scraper.py >         <module>(): Line 751 - INFO - Running default scraper on KT_ZH > https://wms.zh.ch/WildkarteZHWMS?service=WMS&request=GetCapabilities (source 596/1467)
2026-01-11 05:53:46,589 - Scraping log - scraper.py >         <module>(): Line 751 - INFO - Running default scraper on KT_ZH > https://wms.zh.ch/FnsLWZHWMS?service=WMS&request=GetCapabilities (source 597/1467)
2026-01-11 05:53:52,668 - Scraping log - scraper.py >         <module>(): Line 751 - INFO - Running default scraper on KT_ZH > https://wms.zh.ch/FNSOEQVZHWMS?service=WMS&request=GetCapabilities (source 598/1467)
2026-01-11 05:53:59,225 - Scraping log - scraper.py >         <module>(): Line 751 - INFO - Running default scraper on KT_ZH > https://wms.zh.ch/FNSLRPZHWMS?service=WMS&request=GetCapabilities (source 599/1467)
2026-01-11 05:54:04,794 - Scraping log - scraper.py >         <module>(): Line 751 - INFO - Running default scraper on KT_ZH > https://wms.zh.ch/FnsSVOZHWMS?service=WMS&request=GetCapabilities (source 600/1467)
2026-01-11 05:54:05,686 - Scraping log - scraper.py >      get_version(): Line 113 - WARNING - https://wms.zh.ch/FnsSVOZHWMS?service=WMS&request=GetCapabilities: Version attribute not found
2026-01-11 05:54:05,687 - Scraping log - scraper.py > get_service_info(): Line 378 - ERROR - KT_ZH > https://wms.zh.ch/FnsSVOZHWMS?service=WMS&request=GetCapabilities: expected string or bytes-like object
2026-01-11 05:54:05,687 - Scraping log - scraper.py >         <module>(): Line 751 - INFO - Running default scraper on KT_ZH > https://wms.zh.ch/FnsInvZHWMS?service=WMS&request=GetCapabilities (source 601/1467)
2026-01-11 05:54:10,169 - Scraping log - scraper.py >         <module>(): Line 751 - INFO - Running default scraper on KT_ZH > https://wms.zh.ch/kkgeo_gws_zh?service=WMS&request=GetCapabilities (source 602/1467)
2026-01-11 05:54:11,097 - Scraping log - scraper.py >      get_version(): Line 113 - WARNING - https://wms.zh.ch/kkgeo_gws_zh?service=WMS&request=GetCapabilities: Version attribute not found
2026-01-11 05:54:11,097 - Scraping log - scraper.py > get_service_info(): Line 378 - ERROR - KT_ZH > https://wms.zh.ch/kkgeo_gws_zh?service=WMS&request=GetCapabilities: expected string or bytes-like object
2026-01-11 05:54:11,097 - Scraping log - scraper.py >         <module>(): Line 751 - INFO - Running default scraper on KT_ZH > https://wms.zh.ch/OGDFuJ2ZH?service=WMS&request=GetCapabilities (source 603/1467)
2026-01-11 05:54:12,104 - Scraping log - scraper.py >      get_version(): Line 113 - WARNING - https://wms.zh.ch/OGDFuJ2ZH?service=WMS&request=GetCapabilities: Version attribute not found
2026-01-11 05:54:12,104 - Scraping log - scraper.py > get_service_info(): Line 378 - ERROR - KT_ZH > https://wms.zh.ch/OGDFuJ2ZH?service=WMS&request=GetCapabilities: expected string or bytes-like object
2026-01-11 05:54:12,104 - Scraping log - scraper.py >         <module>(): Line 751 - INFO - Running default scraper on KT_ZH > https://wms.zh.ch/OGDAVswZH?service=WMS&request=GetCapabilities (source 604/1467)
2026-01-11 05:54:23,783 - Scraping log - scraper.py >         <module>(): Line 751 - INFO - Running default scraper on KT_ZH > https://wms.zh.ch/OerebKatasterZHWMS?service=WMS&request=GetCapabilities (source 605/1467)
2026-01-11 05:54:44,756 - Scraping log - scraper.py >         <module>(): Line 751 - INFO - Running default scraper on KT_ZH > https://wms.zh.ch/upwms?service=WMS&request=GetCapabilities (source 606/1467)
2026-01-11 05:54:47,167 - Scraping log - scraper.py >         <module>(): Line 751 - INFO - Running default scraper on KT_ZH > https://wms.zh.ch/OGDAwelFliessZH?service=WMS&request=GetCapabilities (source 607/1467)
2026-01-11 05:54:50,842 - Scraping log - scraper.py >         <module>(): Line 751 - INFO - Running default scraper on KT_ZH > https://wms.zh.ch/AwelWBRevitZHWMS?service=WMS&request=GetCapabilities (source 608/1467)
2026-01-11 05:54:54,258 - Scraping log - scraper.py >         <module>(): Line 751 - INFO - Running default scraper on KT_ZH > https://wms.zh.ch/OGDAVfarbigZH?service=WMS&request=GetCapabilities (source 609/1467)
2026-01-11 05:55:05,963 - Scraping log - scraper.py >         <module>(): Line 751 - INFO - Running default scraper on KT_ZH > https://wms.zh.ch/AwelGKHWsynoptischWMS?service=WMS&request=GetCapabilities (source 610/1467)
2026-01-11 05:55:09,264 - Scraping log - scraper.py >         <module>(): Line 751 - INFO - Running default scraper on KT_ZH > https://wms.zh.ch/OGDAwelHydroStatZH?service=WMS&request=GetCapabilities (source 611/1467)
2026-01-11 05:55:15,056 - Scraping log - scraper.py >         <module>(): Line 751 - INFO - Running default scraper on KT_ZH > https://wms.zh.ch/OGDWaldWEPZH?service=WMS&request=GetCapabilities (source 612/1467)
2026-01-11 05:55:20,784 - Scraping log - scraper.py >         <module>(): Line 751 - INFO - Running default scraper on KT_ZH > https://wms.zh.ch/AwelGSWaermewwwZHWMS?SERVICE=WMS&Request=GetCapabilities (source 613/1467)
2026-01-11 05:55:29,990 - Scraping log - scraper.py >         <module>(): Line 751 - INFO - Running default scraper on KT_ZH > https://wms.zh.ch/AwelGrundWaMWZHWMS?service=WMS&request=GetCapabilities (source 614/1467)
2026-01-11 05:55:36,860 - Scraping log - scraper.py >         <module>(): Line 751 - INFO - Running default scraper on KT_ZH > https://wms.zh.ch/AwelWBhauptZHWMS?service=WMS&request=GetCapabilities (source 615/1467)
2026-01-11 05:55:37,320 - Scraping log - scraper.py >         <module>(): Line 759 - WARNING - Scraping KT_ZH > https://wms.zh.ch/AwelWBhauptZHWMS?service=WMS&request=GetCapabilities aborted
2026-01-11 05:55:37,320 - Scraping log - scraper.py >         <module>(): Line 751 - INFO - Running default scraper on KT_ZH > https://wms.zh.ch/OGDAdminZH?service=WMS&request=GetCapabilities (source 616/1467)
2026-01-11 05:55:44,069 - Scraping log - scraper.py >         <module>(): Line 751 - INFO - Running default scraper on KT_ZH > https://wms.zh.ch/OGDStatGebAlterZH?service=WMS&request=GetCapabilities (source 617/1467)
2026-01-11 05:55:52,828 - Scraping log - scraper.py >         <module>(): Line 751 - INFO - Running default scraper on KT_ZH > https://wms.zh.ch/OGDBoKaZH?service=WMS&request=GetCapabilities (source 618/1467)
2026-01-11 05:56:01,397 - Scraping log - scraper.py >         <module>(): Line 751 - INFO - Running default scraper on KT_ZH > https://wms.zh.ch/OGDAla4wwwZH?service=WMS&request=GetCapabilities (source 619/1467)
2026-01-11 05:56:11,579 - Scraping log - scraper.py >         <module>(): Line 751 - INFO - Running default scraper on KT_ZH > https://wms.zh.ch/avwms?service=WMS&request=GetCapabilities (source 620/1467)
2026-01-11 05:56:32,364 - Scraping log - scraper.py >         <module>(): Line 751 - INFO - Running default scraper on KT_ZH > https://wms.zh.ch/OGDOrthoZH?service=WMS&request=GetCapabilities (source 621/1467)
2026-01-11 05:56:41,477 - Scraping log - scraper.py >         <module>(): Line 751 - INFO - Running default scraper on KT_ZH > https://wms.zh.ch/FnsSchutzanordnungenZHWMS?service=WMS&request=GetCapabilities (source 622/1467)
2026-01-11 05:56:48,313 - Scraping log - scraper.py >         <module>(): Line 751 - INFO - Running default scraper on KT_ZH > https://wms.zh.ch/FaBoFFFZHWMS?service=WMS&request=GetCapabilities (source 623/1467)
2026-01-11 05:56:51,663 - Scraping log - scraper.py >         <module>(): Line 751 - INFO - Running default scraper on KT_ZH > https://wms.zh.ch/AwelWindpotenzialZHWMS?service=WMS&request=GetCapabilities (source 624/1467)
2026-01-11 05:56:52,543 - Scraping log - scraper.py >      get_version(): Line 113 - WARNING - https://wms.zh.ch/AwelWindpotenzialZHWMS?service=WMS&request=GetCapabilities: Version attribute not found
2026-01-11 05:56:52,543 - Scraping log - scraper.py > get_service_info(): Line 378 - ERROR - KT_ZH > https://wms.zh.ch/AwelWindpotenzialZHWMS?service=WMS&request=GetCapabilities: expected string or bytes-like object
2026-01-11 05:56:52,543 - Scraping log - scraper.py >         <module>(): Line 751 - INFO - Running default scraper on KT_ZH > https://wms.zh.ch/uplayerwms?service=WMS&request=GetCapabilities (source 625/1467)
2026-01-11 05:57:04,794 - Scraping log - scraper.py >         <module>(): Line 751 - INFO - Running default scraper on KT_ZH > https://wms.zh.ch/TBAInnerAusserortsZHWMS?service=WMS&request=GetCapabilities (source 626/1467)
2026-01-11 05:57:07,458 - Scraping log - scraper.py >         <module>(): Line 751 - INFO - Running default scraper on KT_ZH > https://wms.zh.ch/OGDAwelLHKlimaPlanhinweisZH?service=WMS&request=GetCapabilities (source 627/1467)
2026-01-11 05:57:19,187 - Scraping log - scraper.py > get_service_info(): Line 319 - ERROR - OGDAwelLHKlimaPlanhinweisZH: HTTPSConnectionPool(host='wms.zh.ch', port=443): Read timed out. (read timeout=10)
2026-01-11 05:57:21,013 - Scraping log - scraper.py >         <module>(): Line 751 - INFO - Running default scraper on KT_ZH > https://wms.zh.ch/OGDARPStandZH?service=WMS&request=GetCapabilities (source 628/1467)
2026-01-11 05:57:26,507 - Scraping log - scraper.py >         <module>(): Line 751 - INFO - Running default scraper on KT_ZH > https://wms.zh.ch/FnsPflegeZHWMS?service=WMS&request=GetCapabilities (source 629/1467)
2026-01-11 05:57:33,700 - Scraping log - scraper.py >         <module>(): Line 751 - INFO - Running default scraper on KT_ZH > https://wms.zh.ch/OGDAwelLHKlimaanalyseZH?service=WMS&request=GetCapabilities (source 630/1467)
2026-01-11 05:57:34,566 - Scraping log - scraper.py >      get_version(): Line 113 - WARNING - https://wms.zh.ch/OGDAwelLHKlimaanalyseZH?service=WMS&request=GetCapabilities: Version attribute not found
2026-01-11 05:57:34,566 - Scraping log - scraper.py > get_service_info(): Line 378 - ERROR - KT_ZH > https://wms.zh.ch/OGDAwelLHKlimaanalyseZH?service=WMS&request=GetCapabilities: expected string or bytes-like object
2026-01-11 05:57:34,566 - Scraping log - scraper.py >         <module>(): Line 751 - INFO - Running default scraper on KT_ZH > https://wms.zh.ch/HistGewKarteZHWMS?service=WMS&request=GetCapabilities (source 631/1467)
2026-01-11 05:57:37,307 - Scraping log - scraper.py >         <module>(): Line 751 - INFO - Running default scraper on KT_ZH > https://wms.zh.ch/OGDARPOerebZH?service=WMS&request=GetCapabilities (source 632/1467)
2026-01-11 05:57:44,581 - Scraping log - scraper.py >         <module>(): Line 751 - INFO - Running default scraper on KT_ZH > https://wms.zh.ch/OGDCMS3ZH?service=WMS&request=GetCapabilities (source 633/1467)
2026-01-11 05:57:49,076 - Scraping log - scraper.py >         <module>(): Line 751 - INFO - Running default scraper on KT_ZH > https://wms.zh.ch/OGDFaboAnthroposolZH?service=WMS&request=GetCapabilities (source 634/1467)
2026-01-11 05:57:55,450 - Scraping log - scraper.py >         <module>(): Line 751 - INFO - Running default scraper on KT_ZH > https://wms.zh.ch/OGDAlnJagdreviereZH?service=WMS&request=GetCapabilities (source 635/1467)
2026-01-11 05:58:00,630 - Scraping log - scraper.py >         <module>(): Line 751 - INFO - Running default scraper on KT_ZH > https://wms.zh.ch/TBA9ZHWMS?service=WMS&request=GetCapabilities (source 636/1467)
2026-01-11 05:58:03,396 - Scraping log - scraper.py >         <module>(): Line 751 - INFO - Running default scraper on KT_ZH > https://wms.zh.ch/AwelWBZustZHWMS?service=WMS&request=GetCapabilities (source 637/1467)
2026-01-11 05:58:09,766 - Scraping log - scraper.py >         <module>(): Line 751 - INFO - Running default scraper on KT_ZH > https://wms.zh.ch/TBAStrassenlaermZHWMS?service=WMS&request=GetCapabilities (source 638/1467)
2026-01-11 05:58:12,679 - Scraping log - scraper.py >         <module>(): Line 751 - INFO - Running default scraper on KT_ZH > https://wms.zh.ch/OGDOrtho81ZH?service=WMS&request=GetCapabilities (source 639/1467)
2026-01-11 05:58:15,724 - Scraping log - scraper.py >         <module>(): Line 751 - INFO - Running default scraper on KT_ZH > https://wms.zh.ch/AwelGKHWwassertiefen1WMS?service=WMS&request=GetCapabilities (source 640/1467)
2026-01-11 05:58:20,024 - Scraping log - scraper.py >         <module>(): Line 751 - INFO - Running default scraper on KT_ZH > https://wms.zh.ch/OGDLidarZH?service=WMS&request=GetCapabilities (source 641/1467)
2026-01-11 05:58:31,786 - Scraping log - scraper.py > get_service_info(): Line 319 - ERROR - OGDLidarZH: HTTPSConnectionPool(host='wms.zh.ch', port=443): Read timed out. (read timeout=10)
2026-01-11 05:58:34,949 - Scraping log - scraper.py >         <module>(): Line 751 - INFO - Running default scraper on KT_ZH > https://wms.zh.ch/OGDAwelOekoMorphwwwZH?service=WMS&request=GetCapabilities (source 642/1467)
2026-01-11 05:58:41,519 - Scraping log - scraper.py >         <module>(): Line 751 - INFO - Running default scraper on KT_ZH > https://wms.zh.ch/AwelStromnetzZHWMS?service=WMS&request=GetCapabilities (source 643/1467)
2026-01-11 05:58:44,168 - Scraping log - scraper.py >         <module>(): Line 751 - INFO - Running default scraper on KT_ZH > https://wms.zh.ch/AwelWBwwwZHWMS?service=WMS&request=GetCapabilities (source 644/1467)
2026-01-11 05:58:45,053 - Scraping log - scraper.py >      get_version(): Line 113 - WARNING - https://wms.zh.ch/AwelWBwwwZHWMS?service=WMS&request=GetCapabilities: Version attribute not found
2026-01-11 05:58:45,053 - Scraping log - scraper.py > get_service_info(): Line 378 - ERROR - KT_ZH > https://wms.zh.ch/AwelWBwwwZHWMS?service=WMS&request=GetCapabilities: expected string or bytes-like object
2026-01-11 05:58:45,053 - Scraping log - scraper.py >         <module>(): Line 751 - INFO - Running default scraper on KT_ZH > https://wms.zh.ch/OGDWaldWEP2ZH?service=WMS&request=GetCapabilities (source 645/1467)
2026-01-11 05:58:51,279 - Scraping log - scraper.py >         <module>(): Line 751 - INFO - Running default scraper on KT_ZH > https://wms.zh.ch/OGDFuJRevZH?service=WMS&request=GetCapabilities (source 646/1467)
2026-01-11 05:58:55,627 - Scraping log - scraper.py >         <module>(): Line 751 - INFO - Running default scraper on KT_ZH > https://wms.zh.ch/OGDArchDenkmalZH?service=WMS&request=GetCapabilities (source 647/1467)
2026-01-11 05:59:02,214 - Scraping log - scraper.py >         <module>(): Line 751 - INFO - Running default scraper on KT_ZH > https://wms.zh.ch/AWELWWgwsZHWMS?service=WMS&request=GetCapabilities (source 648/1467)
2026-01-11 05:59:08,513 - Scraping log - scraper.py >         <module>(): Line 751 - INFO - Running default scraper on KT_ZH > https://wms.zh.ch/OGDAwelWBwwwZH?service=WMS&request=GetCapabilities (source 649/1467)
2026-01-11 05:59:16,680 - Scraping log - scraper.py >         <module>(): Line 751 - INFO - Running default scraper on KT_ZH > https://wms.zh.ch/OGDAwelWbAbflussZH?service=WMS&request=GetCapabilities (source 650/1467)
2026-01-11 05:59:25,371 - Scraping log - scraper.py >         <module>(): Line 751 - INFO - Running default scraper on KT_ZH > https://wms.zh.ch/AwelGrundWaHWZHWMS?service=WMS&request=GetCapabilities (source 651/1467)
2026-01-11 05:59:33,384 - Scraping log - scraper.py >         <module>(): Line 751 - INFO - Running default scraper on KT_ZH > https://wms.zh.ch/AwelWbAbflussZHWMS?service=WMS&request=GetCapabilities (source 652/1467)
2026-01-11 05:59:41,510 - Scraping log - scraper.py >         <module>(): Line 751 - INFO - Running default scraper on KT_ZH > https://wms.zh.ch/AwelGKHWwassertiefen2WMS?service=WMS&request=GetCapabilities (source 653/1467)
2026-01-11 05:59:44,494 - Scraping log - scraper.py >         <module>(): Line 751 - INFO - Running default scraper on KT_ZH > https://wms.zh.ch/TBAGeschZHWMS?service=WMS&request=GetCapabilities (source 654/1467)
2026-01-11 05:59:46,980 - Scraping log - scraper.py >         <module>(): Line 751 - INFO - Running default scraper on KT_ZH > https://wms.zh.ch/ImmissionenZHWMS?service=WMS&request=GetCapabilities (source 655/1467)
2026-01-11 05:59:51,051 - Scraping log - scraper.py >         <module>(): Line 751 - INFO - Running default scraper on KT_ZH > https://wms.zh.ch/AwelSBKwwwZHWMS?service=WMS&request=GetCapabilities (source 656/1467)
2026-01-11 05:59:54,555 - Scraping log - scraper.py >         <module>(): Line 751 - INFO - Running default scraper on KT_ZH > https://wms.zh.ch/OGDAwelOberAbflussZH?service=WMS&request=GetCapabilities (source 657/1467)
2026-01-11 06:00:03,366 - Scraping log - scraper.py >         <module>(): Line 751 - INFO - Running default scraper on KT_ZH > https://wms.zh.ch/OrthoZHWMS?service=WMS&request=GetCapabilities (source 658/1467)
2026-01-11 06:00:17,209 - Scraping log - scraper.py >         <module>(): Line 751 - INFO - Running default scraper on KT_ZH > https://wms.zh.ch/AwelGKHWmassenbewegungWMS?service=WMS&request=GetCapabilities (source 659/1467)
2026-01-11 06:00:20,470 - Scraping log - scraper.py >         <module>(): Line 751 - INFO - Running default scraper on KT_ZH > https://wms.zh.ch/AwelEnergieplanZHWMS?service=WMS&request=GetCapabilities (source 660/1467)
2026-01-11 06:00:24,517 - Scraping log - scraper.py >         <module>(): Line 751 - INFO - Running default scraper on KT_ZH > https://wms.zh.ch/OGDAwelLHKlimaszenarienZH?service=WMS&request=GetCapabilities (source 661/1467)
2026-01-11 06:00:31,162 - Scraping log - scraper.py >         <module>(): Line 751 - INFO - Running default scraper on KT_ZH > https://wms.zh.ch/OGDNEKZH?service=WMS&request=GetCapabilities (source 662/1467)
2026-01-11 06:00:42,841 - Scraping log - scraper.py >         <module>(): Line 751 - INFO - Running default scraper on KT_ZH > https://wms.zh.ch/AwelGEBVOLZHWMS?service=WMS&request=GetCapabilities (source 663/1467)
2026-01-11 06:00:45,420 - Scraping log - scraper.py >         <module>(): Line 751 - INFO - Running default scraper on KT_ZH > https://wms.zh.ch/OGDHistLuftZH?service=WMS&request=GetCapabilities (source 664/1467)
2026-01-11 06:00:50,753 - Scraping log - scraper.py >         <module>(): Line 751 - INFO - Running default scraper on KT_ZH > https://wms.zh.ch/OGDWaldWEP3ZH?service=WMS&request=GetCapabilities (source 665/1467)
2026-01-11 06:00:54,697 - Scraping log - scraper.py >         <module>(): Line 751 - INFO - Running default scraper on KT_ZH > https://wms.zh.ch/OGDWildkarteZH?service=WMS&request=GetCapabilities (source 666/1467)
2026-01-11 06:00:58,665 - Scraping log - scraper.py >         <module>(): Line 751 - INFO - Running default scraper on KT_ZH > https://wms.zh.ch/AwelRKHWZHWMS?service=WMS&request=GetCapabilities (source 667/1467)
2026-01-11 06:01:02,170 - Scraping log - scraper.py >         <module>(): Line 751 - INFO - Running default scraper on KT_ZH > https://maps.zh.ch/wfs/OGDZHWFS?service=WFS&request=GetCapabilities (source 668/1467)
2026-01-11 06:02:32,448 - Scraping log - scraper.py >         <module>(): Line 751 - INFO - Running default scraper on KT_ZH > https://maps.zh.ch/wfs/TBAStrassenlaermZHWFS?service=WFS&request=GetCapabilities (source 669/1467)
2026-01-11 06:02:35,822 - Scraping log - scraper.py >         <module>(): Line 751 - INFO - Running default scraper on KT_ZH > https://maps.zh.ch/wfs/TBAStrZHWFS?service=WFS&request=GetCapabilities (source 670/1467)
2026-01-11 06:02:39,123 - Scraping log - scraper.py >         <module>(): Line 751 - INFO - Running default scraper on KT_ZH > https://maps.zh.ch/wfs/TBAGeschZHWFS?service=WFS&request=GetCapabilities (source 671/1467)
2026-01-11 06:02:41,961 - Scraping log - scraper.py >         <module>(): Line 751 - INFO - Running default scraper on KT_ZH > https://maps.zh.ch/wfs/AVZHWFS?service=WFS&request=GetCapabilities (source 672/1467)
2026-01-11 06:02:50,764 - Scraping log - scraper.py >         <module>(): Line 751 - INFO - Running default scraper on KT_ZH > https://maps.zh.ch/wfs/OerebKatasterZHWFS?service=WFS&request=GetCapabilities (source 673/1467)
2026-01-11 06:03:00,250 - Scraping log - scraper.py >         <module>(): Line 751 - INFO - Running default scraper on KT_ZH > https://maps.zh.ch/wfs/DenkmalschutzWFS?service=WFS&request=GetCapabilities (source 674/1467)
2026-01-11 06:03:02,916 - Scraping log - scraper.py >         <module>(): Line 751 - INFO - Running default scraper on KT_ZH > https://maps.zh.ch/wfs/SportanlagenZHWFS?service=WFS&request=GetCapabilities (source 675/1467)
2026-01-11 06:03:05,516 - Scraping log - scraper.py >         <module>(): Line 751 - INFO - Running default scraper on KT_ZH > https://maps.zh.ch/wfs/AwelWbAbflussZHWFS?service=WFS&request=GetCapabilities (source 676/1467)
2026-01-11 06:03:06,432 - Scraping log - scraper.py >      get_version(): Line 113 - WARNING - https://maps.zh.ch/wfs/AwelWbAbflussZHWFS?service=WFS&request=GetCapabilities: Version attribute not found
2026-01-11 06:03:06,432 - Scraping log - scraper.py > get_service_info(): Line 378 - ERROR - KT_ZH > https://maps.zh.ch/wfs/AwelWbAbflussZHWFS?service=WFS&request=GetCapabilities: expected string or bytes-like object
2026-01-11 06:03:06,433 - Scraping log - scraper.py >         <module>(): Line 751 - INFO - Running default scraper on KT_ZH > https://maps.zh.ch/wfs/VeloinfrastrukturZHWFS?service=WFS&request=GetCapabilities (source 677/1467)
2026-01-11 06:03:09,085 - Scraping log - scraper.py >         <module>(): Line 751 - INFO - Running default scraper on KT_ZH > https://maps.zh.ch/wfs/TBAWFS?service=WFS&request=GetCapabilities (source 678/1467)
2026-01-11 06:03:11,565 - Scraping log - scraper.py >         <module>(): Line 751 - INFO - Running default scraper on KT_ZH > https://maps.zh.ch/wfs/AwelGSWaermewwwZHWFS?service=WFS&request=GetCapabilities (source 679/1467)
2026-01-11 06:03:16,866 - Scraping log - scraper.py >         <module>(): Line 751 - INFO - Running default scraper on KT_ZH > https://maps.zh.ch/wfs/AWELEnergieWFS?service=WFS&request=GetCapabilities (source 680/1467)
2026-01-11 06:03:21,892 - Scraping log - scraper.py >         <module>(): Line 751 - INFO - Running default scraper on KT_ZH > https://maps.zh.ch/wfs/VeloparkieranlagenZHWFS?service=WFS&request=GetCapabilities (source 681/1467)
2026-01-11 06:03:22,782 - Scraping log - scraper.py >      get_version(): Line 113 - WARNING - https://maps.zh.ch/wfs/VeloparkieranlagenZHWFS?service=WFS&request=GetCapabilities: Version attribute not found
2026-01-11 06:03:22,782 - Scraping log - scraper.py > get_service_info(): Line 378 - ERROR - KT_ZH > https://maps.zh.ch/wfs/VeloparkieranlagenZHWFS?service=WFS&request=GetCapabilities: expected string or bytes-like object
2026-01-11 06:03:22,782 - Scraping log - scraper.py >         <module>(): Line 751 - INFO - Running default scraper on KT_ZH > https://maps.zh.ch/wfs/TbaBaustellenZHWFS?service=WFS&request=GetCapabilities (source 682/1467)
2026-01-11 06:03:25,540 - Scraping log - scraper.py >         <module>(): Line 751 - INFO - Running default scraper on KT_ZH > https://maps.zh.ch/wfs/ALNWaldarealZHWFS?service=WFS&request=GetCapabilities (source 683/1467)
2026-01-11 06:03:25,988 - Scraping log - scraper.py >         <module>(): Line 759 - WARNING - Scraping KT_ZH > https://maps.zh.ch/wfs/ALNWaldarealZHWFS?service=WFS&request=GetCapabilities aborted
2026-01-11 06:03:25,988 - Scraping log - scraper.py >         <module>(): Line 751 - INFO - Running default scraper on KT_ZH > https://maps.zh.ch/wfs/GemZHWFS?service=WFS&request=GetCapabilities (source 684/1467)
2026-01-11 06:03:29,823 - Scraping log - scraper.py >         <module>(): Line 751 - INFO - Running default scraper on KT_ZH > https://maps.zh.ch/wfs/AwelWWgwsZHWFS?service=WFS&request=GetCapabilities (source 685/1467)
2026-01-11 06:03:35,155 - Scraping log - scraper.py >         <module>(): Line 751 - INFO - Running default scraper on KT_ZH > https://maps.zh.ch/wfs/TBAVMSZHWFS?service=WFS&request=GetCapabilities (source 686/1467)
2026-01-11 06:03:37,646 - Scraping log - scraper.py >         <module>(): Line 751 - INFO - Running default scraper on KT_ZH > https://maps.zh.ch/wfs/AwelGrundWaMWZHWFS?service=WFS&request=GetCapabilities (source 687/1467)
2026-01-11 06:03:45,160 - Scraping log - scraper.py >         <module>(): Line 751 - INFO - Running default scraper on KT_ZH > https://maps.zh.ch/wfs/AwelGrundWaHWZHWFS?service=WFS&request=GetCapabilities (source 688/1467)
2026-01-11 06:03:52,247 - Scraping log - scraper.py >         <module>(): Line 751 - INFO - Running default scraper on KT_ZH > https://maps.zh.ch/wfs/HaltestellenZHWFS?service=WFS&request=GetCapabilities (source 689/1467)
2026-01-11 06:03:54,686 - Scraping log - scraper.py >         <module>(): Line 751 - INFO - Running default scraper on KT_ZH > https://maps.zh.ch/wfs/AwelOekomorphZHWFS?service=WFS&request=GetCapabilities (source 690/1467)
2026-01-11 06:03:57,516 - Scraping log - scraper.py >         <module>(): Line 751 - INFO - Running default scraper on KT_ZH > https://maps.zh.ch/wfs/TBAInnerAusserortsZHWFS?service=WFS&request=GetCapabilities (source 691/1467)
2026-01-11 06:03:59,987 - Scraping log - scraper.py >         <module>(): Line 751 - INFO - Running default scraper on KT_ZH > https://maps.zh.ch/wfs/TBA9ZHWFS?service=WFS&request=GetCapabilities (source 692/1467)
2026-01-11 06:04:02,670 - Scraping log - scraper.py >         <module>(): Line 751 - INFO - Running default scraper on KT_ZH > https://maps.zh.ch/wfs/TBAAnlagenZHWFS?service=WFS&request=GetCapabilities (source 693/1467)
2026-01-11 06:04:05,175 - Scraping log - scraper.py >         <module>(): Line 751 - INFO - Running default scraper on ST_ZH > https://www.ogc.stadt-zuerich.ch/mapproxy/wmts/1.0.0/WMTSCapabilities.xml (source 694/1467)
2026-01-11 06:04:32,054 - Scraping log - scraper.py >         <module>(): Line 751 - INFO - Running default scraper on ST_ZH > https://www.ogc.stadt-zuerich.ch/mapproxy/service?SERVICE=WMS&REQUEST=GetCapabilities (source 695/1467)
2026-01-11 06:06:00,031 - Scraping log - scraper.py >         <module>(): Line 751 - INFO - Running default scraper on KT_VD > https://www.ogc.vd.ch/public/services/OGC/wmsVD/Mapserver/WMSServer?SERVICE=WMS&REQUEST=GetCapabilities (source 696/1467)
2026-01-11 06:12:59,171 - Scraping log - scraper.py > get_service_info(): Line 319 - ERROR - vd.perimetre_plan_legalise: HTTPSConnectionPool(host='www.ogc.vd.ch', port=443): Read timed out. (read timeout=10)
2026-01-11 06:13:48,959 - Scraping log - scraper.py >         <module>(): Line 751 - INFO - Running default scraper on KT_FR > https://geo.fr.ch/ags/services/OpenData/Accidents_de_la_circulation_routiere/MapServer/WFSServer?request=GetCapabilities&service=WFS (source 697/1467)
2026-01-11 06:13:52,692 - Scraping log - scraper.py >         <module>(): Line 751 - INFO - Running default scraper on KT_FR > https://geo.fr.ch/ags/services/OpenData/Accroissement_annuel_de_trafic_2015_2020/MapServer/WFSServer?request=GetCapabilities&service=WFS (source 698/1467)
2026-01-11 06:13:56,472 - Scraping log - scraper.py >         <module>(): Line 751 - INFO - Running default scraper on KT_FR > https://geo.fr.ch/ags/services/OpenData/Admissibilite_des_sondes_geothermiques_SGV/MapServer/WFSServer?request=GetCapabilities&service=WFS (source 699/1467)
2026-01-11 06:14:00,049 - Scraping log - scraper.py >         <module>(): Line 751 - INFO - Running default scraper on KT_FR > https://geo.fr.ch/ags/services/OpenData/Adresses_MO_RegBL_par_rue/MapServer/WFSServer?request=GetCapabilities&service=WFS (source 700/1467)
2026-01-11 06:14:04,210 - Scraping log - scraper.py >         <module>(): Line 751 - INFO - Running default scraper on KT_FR > https://geo.fr.ch/ags/services/OpenData/Adresses_MO_RegBL_RegBAFR/MapServer/WFSServer?request=GetCapabilities&service=WFS (source 701/1467)
2026-01-11 06:14:07,593 - Scraping log - scraper.py >         <module>(): Line 751 - INFO - Running default scraper on KT_FR > https://geo.fr.ch/ags/services/OpenData/Adresses_REGBL/MapServer/WFSServer?request=GetCapabilities&service=WFS (source 702/1467)
2026-01-11 06:14:10,970 - Scraping log - scraper.py >         <module>(): Line 751 - INFO - Running default scraper on KT_FR > https://geo.fr.ch/ags/services/OpenData/Affectations_primaires_RDPPF_affectation/MapServer/WFSServer?request=GetCapabilities&service=WFS (source 703/1467)
2026-01-11 06:14:14,025 - Scraping log - scraper.py >         <module>(): Line 751 - INFO - Running default scraper on KT_FR > https://geo.fr.ch/ags/services/OpenData/Amenagements_longitudinaux_plan_sectoriel_velo/MapServer/WFSServer?request=GetCapabilities&service=WFS (source 704/1467)
2026-01-11 06:14:17,636 - Scraping log - scraper.py >         <module>(): Line 751 - INFO - Running default scraper on KT_FR > https://geo.fr.ch/ags/services/OpenData/Amenagements_ponctuels_plan_sectoriel_velo/MapServer/WFSServer?request=GetCapabilities&service=WFS (source 705/1467)
2026-01-11 06:14:21,016 - Scraping log - scraper.py >         <module>(): Line 751 - INFO - Running default scraper on KT_FR > https://geo.fr.ch/ags/services/OpenData/Animation_socioculturelle_communale/MapServer/WFSServer?request=GetCapabilities&service=WFS (source 706/1467)
2026-01-11 06:14:24,599 - Scraping log - scraper.py >         <module>(): Line 751 - INFO - Running default scraper on KT_FR > https://geo.fr.ch/ags/services/OpenData/Animation_socioculturelle_regionale/MapServer/WFSServer?request=GetCapabilities&service=WFS (source 707/1467)
2026-01-11 06:14:27,849 - Scraping log - scraper.py >         <module>(): Line 751 - INFO - Running default scraper on KT_FR > https://geo.fr.ch/ags/services/OpenData/AOP_Emmental/MapServer/WFSServer?request=GetCapabilities&service=WFS (source 708/1467)
2026-01-11 06:14:31,189 - Scraping log - scraper.py >         <module>(): Line 751 - INFO - Running default scraper on KT_FR > https://geo.fr.ch/ags/services/OpenData/AOP_Gruyere/MapServer/WFSServer?request=GetCapabilities&service=WFS (source 709/1467)
2026-01-11 06:14:36,837 - Scraping log - scraper.py >         <module>(): Line 751 - INFO - Running default scraper on KT_FR > https://geo.fr.ch/ags/services/OpenData/AOP_Poire_a_botzi/MapServer/WFSServer?request=GetCapabilities&service=WFS (source 710/1467)
2026-01-11 06:14:41,187 - Scraping log - scraper.py >         <module>(): Line 751 - INFO - Running default scraper on KT_FR > https://geo.fr.ch/ags/services/OpenData/AOP_Vacherin_fribourgeois/MapServer/WFSServer?request=GetCapabilities&service=WFS (source 711/1467)
2026-01-11 06:14:44,825 - Scraping log - scraper.py >         <module>(): Line 751 - INFO - Running default scraper on KT_FR > https://geo.fr.ch/ags/services/OpenData/Aptitudes_climatiques/MapServer/WFSServer?request=GetCapabilities&service=WFS (source 712/1467)
2026-01-11 06:14:52,729 - Scraping log - scraper.py >         <module>(): Line 751 - INFO - Running default scraper on KT_FR > https://geo.fr.ch/ags/services/OpenData/Aquiferes_de_l_inventaire_des_eaux_souterraines/MapServer/WFSServer?request=GetCapabilities&service=WFS (source 713/1467)
2026-01-11 06:14:59,390 - Scraping log - scraper.py >         <module>(): Line 751 - INFO - Running default scraper on KT_FR > https://geo.fr.ch/ags/services/OpenData/Arbres_culture/MapServer/WFSServer?request=GetCapabilities&service=WFS (source 714/1467)
2026-01-11 06:15:03,169 - Scraping log - scraper.py >         <module>(): Line 751 - INFO - Running default scraper on KT_FR > https://geo.fr.ch/ags/services/OpenData/Arbres_spectaculaires/MapServer/WFSServer?request=GetCapabilities&service=WFS (source 715/1467)
2026-01-11 06:15:07,159 - Scraping log - scraper.py >         <module>(): Line 751 - INFO - Running default scraper on KT_FR > https://geo.fr.ch/ags/services/OpenData/Arrets_de_transport_public/MapServer/WFSServer?request=GetCapabilities&service=WFS (source 716/1467)
2026-01-11 06:15:11,330 - Scraping log - scraper.py >         <module>(): Line 751 - INFO - Running default scraper on KT_FR > https://geo.fr.ch/ags/services/OpenData/Arrondissements_d_entretien_routes_cantonales/MapServer/WFSServer?request=GetCapabilities&service=WFS (source 717/1467)
2026-01-11 06:15:14,428 - Scraping log - scraper.py >         <module>(): Line 751 - INFO - Running default scraper on KT_FR > https://geo.fr.ch/ags/services/OpenData/Arrondissements_d_inspectorat_ecoles/MapServer/WFSServer?request=GetCapabilities&service=WFS (source 718/1467)
2026-01-11 06:15:17,872 - Scraping log - scraper.py >         <module>(): Line 751 - INFO - Running default scraper on KT_FR > https://geo.fr.ch/ags/services/OpenData/Arrondissements_forestiers/MapServer/WFSServer?request=GetCapabilities&service=WFS (source 719/1467)
2026-01-11 06:15:21,488 - Scraping log - scraper.py >         <module>(): Line 751 - INFO - Running default scraper on KT_FR > https://geo.fr.ch/ags/services/OpenData/Assainissement_de_terrain_drainage/MapServer/WFSServer?request=GetCapabilities&service=WFS (source 720/1467)
2026-01-11 06:15:24,766 - Scraping log - scraper.py >         <module>(): Line 751 - INFO - Running default scraper on KT_FR > https://geo.fr.ch/ags/services/OpenData/Associations_forestieres_remarquables/MapServer/WFSServer?request=GetCapabilities&service=WFS (source 721/1467)
2026-01-11 06:15:28,572 - Scraping log - scraper.py >         <module>(): Line 751 - INFO - Running default scraper on KT_FR > https://geo.fr.ch/ags/services/OpenData/Axes_de_maintenance_SRB/MapServer/WFSServer?request=GetCapabilities&service=WFS (source 722/1467)
2026-01-11 06:15:32,210 - Scraping log - scraper.py >         <module>(): Line 751 - INFO - Running default scraper on KT_FR > https://geo.fr.ch/ags/services/OpenData/Bandes_cyclables_routes_cantonales/MapServer/WFSServer?request=GetCapabilities&service=WFS (source 723/1467)
2026-01-11 06:15:35,755 - Scraping log - scraper.py >         <module>(): Line 751 - INFO - Running default scraper on KT_FR > https://geo.fr.ch/ags/services/OpenData/Bas_marais_d_importance_locale/MapServer/WFSServer?request=GetCapabilities&service=WFS (source 724/1467)
2026-01-11 06:15:39,011 - Scraping log - scraper.py >         <module>(): Line 751 - INFO - Running default scraper on KT_FR > https://geo.fr.ch/ags/services/OpenData/Bas_marais_d_importance_nationale/MapServer/WFSServer?request=GetCapabilities&service=WFS (source 725/1467)
2026-01-11 06:15:42,432 - Scraping log - scraper.py >         <module>(): Line 751 - INFO - Running default scraper on KT_FR > https://geo.fr.ch/ags/services/OpenData/Bas_marais/MapServer/WFSServer?request=GetCapabilities&service=WFS (source 726/1467)
2026-01-11 06:15:42,860 - Scraping log - scraper.py >         <module>(): Line 759 - WARNING - Scraping KT_FR > https://geo.fr.ch/ags/services/OpenData/Bas_marais/MapServer/WFSServer?request=GetCapabilities&service=WFS aborted
2026-01-11 06:15:42,860 - Scraping log - scraper.py >         <module>(): Line 751 - INFO - Running default scraper on KT_FR > https://geo.fr.ch/ags/services/OpenData/Batiments_exposes_aux_dangers_naturels_gravitaires___par_processus/MapServer/WFSServer?request=GetCapabilities&service=WFS (source 727/1467)
2026-01-11 06:15:43,275 - Scraping log - scraper.py >         <module>(): Line 759 - WARNING - Scraping KT_FR > https://geo.fr.ch/ags/services/OpenData/Batiments_exposes_aux_dangers_naturels_gravitaires___par_processus/MapServer/WFSServer?request=GetCapabilities&service=WFS aborted
2026-01-11 06:15:43,275 - Scraping log - scraper.py >         <module>(): Line 751 - INFO - Running default scraper on KT_FR > https://geo.fr.ch/ags/services/OpenData/Batiments_MO_RegBL_par_rue/MapServer/WFSServer?request=GetCapabilities&service=WFS (source 728/1467)
2026-01-11 06:15:47,019 - Scraping log - scraper.py >         <module>(): Line 751 - INFO - Running default scraper on KT_FR > https://geo.fr.ch/ags/services/OpenData/Batiments_MO_RegBL_RegBAFR/MapServer/WFSServer?request=GetCapabilities&service=WFS (source 729/1467)
2026-01-11 06:15:50,167 - Scraping log - scraper.py >         <module>(): Line 751 - INFO - Running default scraper on KT_FR > https://geo.fr.ch/ags/services/OpenData/Batraciens_et_trafic_routier/MapServer/WFSServer?request=GetCapabilities&service=WFS (source 730/1467)
2026-01-11 06:15:50,581 - Scraping log - scraper.py >         <module>(): Line 759 - WARNING - Scraping KT_FR > https://geo.fr.ch/ags/services/OpenData/Batraciens_et_trafic_routier/MapServer/WFSServer?request=GetCapabilities&service=WFS aborted
2026-01-11 06:15:50,581 - Scraping log - scraper.py >         <module>(): Line 751 - INFO - Running default scraper on KT_FR > https://geo.fr.ch/ags/services/OpenData/Belastete_Standorte_Ablagerungsstandorte/MapServer/WFSServer?request=GetCapabilities&service=WFS (source 731/1467)
2026-01-11 06:15:54,671 - Scraping log - scraper.py >         <module>(): Line 751 - INFO - Running default scraper on KT_FR > https://geo.fr.ch/ags/services/OpenData/Belastete_Standorte_Betriebsstandorte/MapServer/WFSServer?request=GetCapabilities&service=WFS (source 732/1467)
2026-01-11 06:16:03,662 - Scraping log - scraper.py > get_service_info(): Line 372 - WARNING - KT_FR > https://geo.fr.ch/ags/services/OpenData/Belastete_Standorte_Betriebsstandorte/MapServer/WFSServer?request=GetCapabilities&service=WFS: Service does not seem to be a valid WMS, WMTS or WFS
2026-01-11 06:16:03,662 - Scraping log - scraper.py >         <module>(): Line 751 - INFO - Running default scraper on KT_FR > https://geo.fr.ch/ags/services/OpenData/Belastete_Standorte_Schiessanlagen/MapServer/WFSServer?request=GetCapabilities&service=WFS (source 733/1467)
2026-01-11 06:16:07,229 - Scraping log - scraper.py >         <module>(): Line 751 - INFO - Running default scraper on KT_FR > https://geo.fr.ch/ags/services/OpenData/Belastete_Standorte_Unfallstandorte/MapServer/WFSServer?request=GetCapabilities&service=WFS (source 734/1467)
2026-01-11 06:16:10,847 - Scraping log - scraper.py >         <module>(): Line 751 - INFO - Running default scraper on KT_FR > https://geo.fr.ch/ags/services/OpenData/Biens_culturels_immeubles_proteges_RBCI_SBC/MapServer/WFSServer?request=GetCapabilities&service=WFS (source 735/1467)
2026-01-11 06:16:14,222 - Scraping log - scraper.py >         <module>(): Line 751 - INFO - Running default scraper on KT_FR > https://geo.fr.ch/ags/services/OpenData/Biens_culturels_immeubles_recenses_RBCI_SBC/MapServer/WFSServer?request=GetCapabilities&service=WFS (source 736/1467)
2026-01-11 06:16:17,795 - Scraping log - scraper.py >         <module>(): Line 751 - INFO - Running default scraper on KT_FR > https://geo.fr.ch/ags/services/OpenData/Blocs_erratiques_d_importance_cantonale_Etude_de_base/MapServer/WFSServer?request=GetCapabilities&service=WFS (source 737/1467)
2026-01-11 06:16:21,100 - Scraping log - scraper.py >         <module>(): Line 751 - INFO - Running default scraper on KT_FR > https://geo.fr.ch/ags/services/OpenData/Bornes_historiques/MapServer/WFSServer?request=GetCapabilities&service=WFS (source 738/1467)
2026-01-11 06:16:24,426 - Scraping log - scraper.py >         <module>(): Line 751 - INFO - Running default scraper on KT_FR > https://geo.fr.ch/ags/services/OpenData/Cadastre_des_evenements_StorMe/MapServer/WFSServer?request=GetCapabilities&service=WFS (source 739/1467)
2026-01-11 06:16:24,974 - Scraping log - scraper.py >         <module>(): Line 759 - WARNING - Scraping KT_FR > https://geo.fr.ch/ags/services/OpenData/Cadastre_des_evenements_StorMe/MapServer/WFSServer?request=GetCapabilities&service=WFS aborted
2026-01-11 06:16:24,974 - Scraping log - scraper.py >         <module>(): Line 751 - INFO - Running default scraper on KT_FR > https://geo.fr.ch/ags/services/OpenData/Cadastre_des_sites_pollues_RDPPF/MapServer/WFSServer?request=GetCapabilities&service=WFS (source 740/1467)
2026-01-11 06:16:28,459 - Scraping log - scraper.py >         <module>(): Line 751 - INFO - Running default scraper on KT_FR > https://geo.fr.ch/ags/services/OpenData/Canton/MapServer/WFSServer?request=GetCapabilities&service=WFS (source 741/1467)
2026-01-11 06:16:31,893 - Scraping log - scraper.py >         <module>(): Line 751 - INFO - Running default scraper on KT_FR > https://geo.fr.ch/ags/services/OpenData/Captages_AquaFri/MapServer/WFSServer?request=GetCapabilities&service=WFS (source 742/1467)
2026-01-11 06:16:36,367 - Scraping log - scraper.py >         <module>(): Line 751 - INFO - Running default scraper on KT_FR > https://geo.fr.ch/ags/services/OpenData/Carte_de_danger___Avalanches/MapServer/WFSServer?request=GetCapabilities&service=WFS (source 743/1467)
2026-01-11 06:16:39,856 - Scraping log - scraper.py >         <module>(): Line 751 - INFO - Running default scraper on KT_FR > https://geo.fr.ch/ags/services/OpenData/Carte_de_danger___Chutes_de_pierres__blocs/MapServer/WFSServer?request=GetCapabilities&service=WFS (source 744/1467)
2026-01-11 06:16:40,281 - Scraping log - scraper.py >         <module>(): Line 759 - WARNING - Scraping KT_FR > https://geo.fr.ch/ags/services/OpenData/Carte_de_danger___Chutes_de_pierres__blocs/MapServer/WFSServer?request=GetCapabilities&service=WFS aborted
2026-01-11 06:16:40,281 - Scraping log - scraper.py >         <module>(): Line 751 - INFO - Running default scraper on KT_FR > https://geo.fr.ch/ags/services/OpenData/Carte_de_danger___Crues/MapServer/WFSServer?request=GetCapabilities&service=WFS (source 745/1467)
2026-01-11 06:16:43,577 - Scraping log - scraper.py >         <module>(): Line 751 - INFO - Running default scraper on KT_FR > https://geo.fr.ch/ags/services/OpenData/Carte_de_danger___Effondrements_de_falaise/MapServer/WFSServer?request=GetCapabilities&service=WFS (source 746/1467)
2026-01-11 06:16:46,905 - Scraping log - scraper.py >         <module>(): Line 751 - INFO - Running default scraper on KT_FR > https://geo.fr.ch/ags/services/OpenData/Carte_de_danger___Glissements_de_terrain/MapServer/WFSServer?request=GetCapabilities&service=WFS (source 747/1467)
2026-01-11 06:16:47,319 - Scraping log - scraper.py >         <module>(): Line 759 - WARNING - Scraping KT_FR > https://geo.fr.ch/ags/services/OpenData/Carte_de_danger___Glissements_de_terrain/MapServer/WFSServer?request=GetCapabilities&service=WFS aborted
2026-01-11 06:16:47,319 - Scraping log - scraper.py >         <module>(): Line 751 - INFO - Running default scraper on KT_FR > https://geo.fr.ch/ags/services/OpenData/Carte_de_danger___Laves_torrentielles/MapServer/WFSServer?request=GetCapabilities&service=WFS (source 748/1467)
2026-01-11 06:16:50,934 - Scraping log - scraper.py >         <module>(): Line 751 - INFO - Running default scraper on KT_FR > https://geo.fr.ch/ags/services/OpenData/Carte_de_protection_des_eaux/MapServer/WFSServer?request=GetCapabilities&service=WFS (source 749/1467)
2026-01-11 06:16:54,618 - Scraping log - scraper.py >         <module>(): Line 751 - INFO - Running default scraper on KT_FR > https://geo.fr.ch/ags/services/OpenData/Carte_des_sols_de_fondation/MapServer/WFSServer?request=GetCapabilities&service=WFS (source 750/1467)
2026-01-11 06:16:58,174 - Scraping log - scraper.py >         <module>(): Line 751 - INFO - Running default scraper on KT_FR > https://geo.fr.ch/ags/services/OpenData/Categorie_de_protection_ISOS/MapServer/WFSServer?request=GetCapabilities&service=WFS (source 751/1467)
2026-01-11 06:17:01,448 - Scraping log - scraper.py >         <module>(): Line 751 - INFO - Running default scraper on KT_FR > https://geo.fr.ch/ags/services/OpenData/Centrales_MCT_AquaFri/MapServer/WFSServer?request=GetCapabilities&service=WFS (source 752/1467)
2026-01-11 06:17:11,804 - Scraping log - scraper.py >         <module>(): Line 751 - INFO - Running default scraper on KT_FR > https://geo.fr.ch/ags/services/OpenData/Centres_d_exploitation_agricole/MapServer/WFSServer?request=GetCapabilities&service=WFS (source 753/1467)
2026-01-11 06:17:15,915 - Scraping log - scraper.py >         <module>(): Line 751 - INFO - Running default scraper on KT_FR > https://geo.fr.ch/ags/services/OpenData/Centres_forestiers/MapServer/WFSServer?request=GetCapabilities&service=WFS (source 754/1467)
2026-01-11 06:17:19,730 - Scraping log - scraper.py >         <module>(): Line 751 - INFO - Running default scraper on KT_FR > https://geo.fr.ch/ags/services/OpenData/Cercles_electoraux_des_anciennes_paroisses_catholiques/MapServer/WFSServer?request=GetCapabilities&service=WFS (source 755/1467)
2026-01-11 06:17:23,240 - Scraping log - scraper.py >         <module>(): Line 751 - INFO - Running default scraper on KT_FR > https://geo.fr.ch/ags/services/OpenData/Cercles_scolaires_primaires_francophones/MapServer/WFSServer?request=GetCapabilities&service=WFS (source 756/1467)
2026-01-11 06:17:26,866 - Scraping log - scraper.py >         <module>(): Line 751 - INFO - Running default scraper on KT_FR > https://geo.fr.ch/ags/services/OpenData/Cercles_scolaires_primaires_germanophones/MapServer/WFSServer?request=GetCapabilities&service=WFS (source 757/1467)
2026-01-11 06:17:30,194 - Scraping log - scraper.py >         <module>(): Line 751 - INFO - Running default scraper on KT_FR > https://geo.fr.ch/ags/services/OpenData/Cercles_scolaires_secondaires_francophones/MapServer/WFSServer?request=GetCapabilities&service=WFS (source 758/1467)
2026-01-11 06:17:33,442 - Scraping log - scraper.py >         <module>(): Line 751 - INFO - Running default scraper on KT_FR > https://geo.fr.ch/ags/services/OpenData/Cercles_scolaires_secondaires_germanophones/MapServer/WFSServer?request=GetCapabilities&service=WFS (source 759/1467)
2026-01-11 06:17:36,781 - Scraping log - scraper.py >         <module>(): Line 751 - INFO - Running default scraper on KT_FR > https://geo.fr.ch/ags/services/OpenData/Chalets_d_alpage_recenses_SBC/MapServer/WFSServer?request=GetCapabilities&service=WFS (source 760/1467)
2026-01-11 06:17:40,101 - Scraping log - scraper.py >         <module>(): Line 751 - INFO - Running default scraper on KT_FR > https://geo.fr.ch/ags/services/OpenData/Chalets_d_alpage_recenses/MapServer/WFSServer?request=GetCapabilities&service=WFS (source 761/1467)
2026-01-11 06:17:40,624 - Scraping log - scraper.py >         <module>(): Line 759 - WARNING - Scraping KT_FR > https://geo.fr.ch/ags/services/OpenData/Chalets_d_alpage_recenses/MapServer/WFSServer?request=GetCapabilities&service=WFS aborted
2026-01-11 06:17:40,624 - Scraping log - scraper.py >         <module>(): Line 751 - INFO - Running default scraper on KT_FR > https://geo.fr.ch/ags/services/OpenData/Chambres_AquaFri/MapServer/WFSServer?request=GetCapabilities&service=WFS (source 762/1467)
2026-01-11 06:17:44,023 - Scraping log - scraper.py >         <module>(): Line 751 - INFO - Running default scraper on KT_FR > https://geo.fr.ch/ags/services/OpenData/Chemins_de_randonnee_pedestre/MapServer/WFSServer?request=GetCapabilities&service=WFS (source 763/1467)
2026-01-11 06:17:47,458 - Scraping log - scraper.py >         <module>(): Line 751 - INFO - Running default scraper on KT_FR > https://geo.fr.ch/ags/services/OpenData/Chroniques_archeologiques/MapServer/WFSServer?request=GetCapabilities&service=WFS (source 764/1467)
2026-01-11 06:17:50,964 - Scraping log - scraper.py >         <module>(): Line 751 - INFO - Running default scraper on KT_FR > https://geo.fr.ch/ags/services/OpenData/Circonscriptions_des_gardes_faune/MapServer/WFSServer?request=GetCapabilities&service=WFS (source 765/1467)
2026-01-11 06:17:54,451 - Scraping log - scraper.py >         <module>(): Line 751 - INFO - Running default scraper on KT_FR > https://geo.fr.ch/ags/services/OpenData/Collecteurs_fonction_canalisations_routes_cantonales/MapServer/WFSServer?request=GetCapabilities&service=WFS (source 766/1467)
2026-01-11 06:17:58,261 - Scraping log - scraper.py >         <module>(): Line 751 - INFO - Running default scraper on KT_FR > https://geo.fr.ch/ags/services/OpenData/Collecteurs_proprietaire_canalisations_routes_cantonales/MapServer/WFSServer?request=GetCapabilities&service=WFS (source 767/1467)
2026-01-11 06:18:01,639 - Scraping log - scraper.py >         <module>(): Line 751 - INFO - Running default scraper on KT_FR > https://geo.fr.ch/ags/services/OpenData/Colonies_de_bouquetins/MapServer/WFSServer?request=GetCapabilities&service=WFS (source 768/1467)
2026-01-11 06:18:04,965 - Scraping log - scraper.py >         <module>(): Line 751 - INFO - Running default scraper on KT_FR > https://geo.fr.ch/ags/services/OpenData/Communes_partenaires_d_easyvote/MapServer/WFSServer?request=GetCapabilities&service=WFS (source 769/1467)
2026-01-11 06:18:08,725 - Scraping log - scraper.py >         <module>(): Line 751 - INFO - Running default scraper on KT_FR > https://geo.fr.ch/ags/services/OpenData/Communes_partenaires_d_engage_ch/MapServer/WFSServer?request=GetCapabilities&service=WFS (source 770/1467)
2026-01-11 06:18:11,831 - Scraping log - scraper.py >         <module>(): Line 751 - INFO - Running default scraper on KT_FR > https://geo.fr.ch/ags/services/OpenData/Communes/MapServer/WFSServer?request=GetCapabilities&service=WFS (source 771/1467)
2026-01-11 06:18:14,997 - Scraping log - scraper.py >         <module>(): Line 751 - INFO - Running default scraper on KT_FR > https://geo.fr.ch/ags/services/OpenData/Conduites_AquaFri/MapServer/WFSServer?request=GetCapabilities&service=WFS (source 772/1467)
2026-01-11 06:18:19,223 - Scraping log - scraper.py >         <module>(): Line 751 - INFO - Running default scraper on KT_FR > https://geo.fr.ch/ags/services/OpenData/Conduites/MapServer/WFSServer?request=GetCapabilities&service=WFS (source 773/1467)
2026-01-11 06:18:22,531 - Scraping log - scraper.py >         <module>(): Line 751 - INFO - Running default scraper on KT_FR > https://geo.fr.ch/ags/services/OpenData/Conseil_d_enfants_ou_de_jeunes_projets_de_participation_politique/MapServer/WFSServer?request=GetCapabilities&service=WFS (source 774/1467)
2026-01-11 06:18:25,920 - Scraping log - scraper.py >         <module>(): Line 751 - INFO - Running default scraper on KT_FR > https://geo.fr.ch/ags/services/OpenData/Contenus_lineaires_RDPPF_affectation/MapServer/WFSServer?request=GetCapabilities&service=WFS (source 775/1467)
2026-01-11 06:18:29,135 - Scraping log - scraper.py >         <module>(): Line 751 - INFO - Running default scraper on KT_FR > https://geo.fr.ch/ags/services/OpenData/Contenus_ponctuels_RDPPF_affectation/MapServer/WFSServer?request=GetCapabilities&service=WFS (source 776/1467)
2026-01-11 06:18:32,477 - Scraping log - scraper.py >         <module>(): Line 751 - INFO - Running default scraper on KT_FR > https://geo.fr.ch/ags/services/OpenData/Contrats_d_exploitation_en_vertu_de_la_loi_sur_la_protection_de_la_nature/MapServer/WFSServer?request=GetCapabilities&service=WFS (source 777/1467)
2026-01-11 06:18:35,648 - Scraping log - scraper.py >         <module>(): Line 751 - INFO - Running default scraper on KT_FR > https://geo.fr.ch/ags/services/OpenData/Corridors_a_faune/MapServer/WFSServer?request=GetCapabilities&service=WFS (source 778/1467)
2026-01-11 06:18:39,015 - Scraping log - scraper.py >         <module>(): Line 751 - INFO - Running default scraper on KT_FR > https://geo.fr.ch/ags/services/OpenData/Couverture_des_places_protegees_dans_le_canton/MapServer/WFSServer?request=GetCapabilities&service=WFS (source 779/1467)
2026-01-11 06:18:42,283 - Scraping log - scraper.py >         <module>(): Line 751 - INFO - Running default scraper on KT_FR > https://geo.fr.ch/ags/services/OpenData/Couverture_du_sol/MapServer/WFSServer?request=GetCapabilities&service=WFS (source 780/1467)
2026-01-11 06:18:45,888 - Scraping log - scraper.py >         <module>(): Line 751 - INFO - Running default scraper on KT_FR > https://geo.fr.ch/ags/services/OpenData/Cultures/MapServer/WFSServer?request=GetCapabilities&service=WFS (source 781/1467)
2026-01-11 06:18:46,304 - Scraping log - scraper.py >         <module>(): Line 759 - WARNING - Scraping KT_FR > https://geo.fr.ch/ags/services/OpenData/Cultures/MapServer/WFSServer?request=GetCapabilities&service=WFS aborted
2026-01-11 06:18:46,304 - Scraping log - scraper.py >         <module>(): Line 751 - INFO - Running default scraper on KT_FR > https://geo.fr.ch/ags/services/OpenData/Decoupage_du_MNS_swissSURFACE3D_Raster_pour_telechargement_par_tuile/MapServer/WFSServer?request=GetCapabilities&service=WFS (source 782/1467)
2026-01-11 06:18:49,384 - Scraping log - scraper.py >         <module>(): Line 751 - INFO - Running default scraper on KT_FR > https://geo.fr.ch/ags/services/OpenData/Decoupage_du_MNT_swissALTI3D_pour_telechargement_par_tuile/MapServer/WFSServer?request=GetCapabilities&service=WFS (source 783/1467)
2026-01-11 06:18:52,654 - Scraping log - scraper.py >         <module>(): Line 751 - INFO - Running default scraper on KT_FR > https://geo.fr.ch/ags/services/OpenData/Decoupage_du_nuage_de_points_classifies_swissSURFACE3D_pour_telechargement_par_tuile/MapServer/WFSServer?request=GetCapabilities&service=WFS (source 784/1467)
2026-01-11 06:18:55,796 - Scraping log - scraper.py >         <module>(): Line 751 - INFO - Running default scraper on KT_FR > https://geo.fr.ch/ags/services/OpenData/Degre_de_sensibilite_au_bruit_dans_les_zones_d_affectation_RDPPF/MapServer/WFSServer?request=GetCapabilities&service=WFS (source 785/1467)
2026-01-11 06:18:59,097 - Scraping log - scraper.py >         <module>(): Line 751 - INFO - Running default scraper on KT_FR > https://geo.fr.ch/ags/services/OpenData/Demandes_de_permis_de_construire_en_traitement/MapServer/WFSServer?request=GetCapabilities&service=WFS (source 786/1467)
2026-01-11 06:19:02,035 - Scraping log - scraper.py >         <module>(): Line 751 - INFO - Running default scraper on KT_FR > https://geo.fr.ch/ags/services/OpenData/Depots_d_entretien_routes_cantonales/MapServer/WFSServer?request=GetCapabilities&service=WFS (source 787/1467)
2026-01-11 06:19:05,587 - Scraping log - scraper.py >         <module>(): Line 751 - INFO - Running default scraper on KT_FR > https://geo.fr.ch/ags/services/OpenData/Disponibilite_cadastre_RDPPF_par_commune/MapServer/WFSServer?request=GetCapabilities&service=WFS (source 788/1467)
2026-01-11 06:19:06,097 - Scraping log - scraper.py >         <module>(): Line 759 - WARNING - Scraping KT_FR > https://geo.fr.ch/ags/services/OpenData/Disponibilite_cadastre_RDPPF_par_commune/MapServer/WFSServer?request=GetCapabilities&service=WFS aborted
2026-01-11 06:19:06,097 - Scraping log - scraper.py >         <module>(): Line 751 - INFO - Running default scraper on KT_FR > https://geo.fr.ch/ags/services/OpenData/Distances_par_rapport_a_la_foret_RDPPF/MapServer/WFSServer?request=GetCapabilities&service=WFS (source 789/1467)
2026-01-11 06:19:09,475 - Scraping log - scraper.py >         <module>(): Line 751 - INFO - Running default scraper on KT_FR > https://geo.fr.ch/ags/services/OpenData/Distances_par_rapport_a_la_foret/MapServer/WFSServer?request=GetCapabilities&service=WFS (source 790/1467)
2026-01-11 06:19:09,885 - Scraping log - scraper.py >         <module>(): Line 759 - WARNING - Scraping KT_FR > https://geo.fr.ch/ags/services/OpenData/Distances_par_rapport_a_la_foret/MapServer/WFSServer?request=GetCapabilities&service=WFS aborted
2026-01-11 06:19:09,885 - Scraping log - scraper.py >         <module>(): Line 751 - INFO - Running default scraper on KT_FR > https://geo.fr.ch/ags/services/OpenData/Districts_francs/MapServer/WFSServer?request=GetCapabilities&service=WFS (source 791/1467)
2026-01-11 06:19:14,142 - Scraping log - scraper.py >         <module>(): Line 751 - INFO - Running default scraper on KT_FR > https://geo.fr.ch/ags/services/OpenData/Districts/MapServer/WFSServer?request=GetCapabilities&service=WFS (source 792/1467)
2026-01-11 06:19:17,814 - Scraping log - scraper.py >         <module>(): Line 751 - INFO - Running default scraper on KT_FR > https://geo.fr.ch/ags/services/OpenData/Donnees_FRIBO_sol_agricole/MapServer/WFSServer?request=GetCapabilities&service=WFS (source 793/1467)
2026-01-11 06:19:21,340 - Scraping log - scraper.py >         <module>(): Line 751 - INFO - Running default scraper on KT_FR > https://geo.fr.ch/ags/services/OpenData/Ecoles_primaires_batiments/MapServer/WFSServer?request=GetCapabilities&service=WFS (source 794/1467)
2026-01-11 06:19:24,628 - Scraping log - scraper.py >         <module>(): Line 751 - INFO - Running default scraper on KT_FR > https://geo.fr.ch/ags/services/OpenData/Ecoles_secondaires_batiments/MapServer/WFSServer?request=GetCapabilities&service=WFS (source 795/1467)
2026-01-11 06:19:27,724 - Scraping log - scraper.py >         <module>(): Line 751 - INFO - Running default scraper on KT_FR > https://geo.fr.ch/ags/services/OpenData/EGID_REGBL/MapServer/WFSServer?request=GetCapabilities&service=WFS (source 796/1467)
2026-01-11 06:19:31,085 - Scraping log - scraper.py >         <module>(): Line 751 - INFO - Running default scraper on KT_FR > https://geo.fr.ch/ags/services/OpenData/Elements_superposes_de_type_affectation_RDPPF_affectation/MapServer/WFSServer?request=GetCapabilities&service=WFS (source 797/1467)
2026-01-11 06:19:34,475 - Scraping log - scraper.py >         <module>(): Line 751 - INFO - Running default scraper on KT_FR > https://geo.fr.ch/ags/services/OpenData/Elements_superposes_de_type_protection_RDPPF_affectation/MapServer/WFSServer?request=GetCapabilities&service=WFS (source 798/1467)
2026-01-11 06:19:38,040 - Scraping log - scraper.py >         <module>(): Line 751 - INFO - Running default scraper on KT_FR > https://geo.fr.ch/ags/services/OpenData/Emplacement_des_barrieres_a_batraciens/MapServer/WFSServer?request=GetCapabilities&service=WFS (source 799/1467)
2026-01-11 06:19:41,297 - Scraping log - scraper.py >         <module>(): Line 751 - INFO - Running default scraper on KT_FR > https://geo.fr.ch/ags/services/OpenData/Entites_paysageres_CQP/MapServer/WFSServer?request=GetCapabilities&service=WFS (source 800/1467)
2026-01-11 06:19:45,011 - Scraping log - scraper.py >         <module>(): Line 751 - INFO - Running default scraper on KT_FR > https://geo.fr.ch/ags/services/OpenData/Entreprises_approuvees/MapServer/WFSServer?request=GetCapabilities&service=WFS (source 801/1467)
2026-01-11 06:19:48,396 - Scraping log - scraper.py >         <module>(): Line 751 - INFO - Running default scraper on KT_FR > https://geo.fr.ch/ags/services/OpenData/Entreprises_en_cours/MapServer/WFSServer?request=GetCapabilities&service=WFS (source 802/1467)
2026-01-11 06:19:51,640 - Scraping log - scraper.py >         <module>(): Line 751 - INFO - Running default scraper on KT_FR > https://geo.fr.ch/ags/services/OpenData/Entreprises_planifiees/MapServer/WFSServer?request=GetCapabilities&service=WFS (source 803/1467)
2026-01-11 06:19:54,836 - Scraping log - scraper.py >         <module>(): Line 751 - INFO - Running default scraper on KT_FR > https://geo.fr.ch/ags/services/OpenData/Equipes_d_arrondissement_routes_cantonales/MapServer/WFSServer?request=GetCapabilities&service=WFS (source 804/1467)
2026-01-11 06:19:55,357 - Scraping log - scraper.py >         <module>(): Line 759 - WARNING - Scraping KT_FR > https://geo.fr.ch/ags/services/OpenData/Equipes_d_arrondissement_routes_cantonales/MapServer/WFSServer?request=GetCapabilities&service=WFS aborted
2026-01-11 06:19:55,358 - Scraping log - scraper.py >         <module>(): Line 751 - INFO - Running default scraper on KT_FR > https://geo.fr.ch/ags/services/OpenData/Etat_des_cartes_de_dangers/MapServer/WFSServer?request=GetCapabilities&service=WFS (source 805/1467)
2026-01-11 06:19:58,765 - Scraping log - scraper.py >         <module>(): Line 751 - INFO - Running default scraper on KT_FR > https://geo.fr.ch/ags/services/OpenData/Etat_du_registre_foncier/MapServer/WFSServer?request=GetCapabilities&service=WFS (source 806/1467)
2026-01-11 06:20:01,922 - Scraping log - scraper.py >         <module>(): Line 751 - INFO - Running default scraper on KT_FR > https://geo.fr.ch/ags/services/OpenData/Etudes_geologiques_geotechniques/MapServer/WFSServer?request=GetCapabilities&service=WFS (source 807/1467)
2026-01-11 06:20:05,829 - Scraping log - scraper.py >         <module>(): Line 751 - INFO - Running default scraper on KT_FR > https://geo.fr.ch/ags/services/OpenData/Exploitations_de_materiaux_et_decharges/MapServer/WFSServer?request=GetCapabilities&service=WFS (source 808/1467)
2026-01-11 06:20:09,291 - Scraping log - scraper.py >         <module>(): Line 751 - INFO - Running default scraper on KT_FR > https://geo.fr.ch/ags/services/OpenData/Forages_lies_a_des_constructions/MapServer/WFSServer?request=GetCapabilities&service=WFS (source 809/1467)
2026-01-11 06:20:13,181 - Scraping log - scraper.py >         <module>(): Line 751 - INFO - Running default scraper on KT_FR > https://geo.fr.ch/ags/services/OpenData/Forages_lies_a_des_sites_pollues/MapServer/WFSServer?request=GetCapabilities&service=WFS (source 810/1467)
2026-01-11 06:20:23,817 - Scraping log - scraper.py > get_service_info(): Line 372 - WARNING - KT_FR > https://geo.fr.ch/ags/services/OpenData/Forages_lies_a_des_sites_pollues/MapServer/WFSServer?request=GetCapabilities&service=WFS: Service does not seem to be a valid WMS, WMTS or WFS
2026-01-11 06:20:23,817 - Scraping log - scraper.py >         <module>(): Line 751 - INFO - Running default scraper on KT_FR > https://geo.fr.ch/ags/services/OpenData/Forages_lies_a_des_sondes_geothermiques/MapServer/WFSServer?request=GetCapabilities&service=WFS (source 811/1467)
2026-01-11 06:20:27,191 - Scraping log - scraper.py >         <module>(): Line 751 - INFO - Running default scraper on KT_FR > https://geo.fr.ch/ags/services/OpenData/Foret_de_protection_contre_les_dangers_naturels/MapServer/WFSServer?request=GetCapabilities&service=WFS (source 812/1467)
2026-01-11 06:20:30,591 - Scraping log - scraper.py >         <module>(): Line 751 - INFO - Running default scraper on KT_FR > https://geo.fr.ch/ags/services/OpenData/Foret_en_zones_S_de_protection_des_eaux_souterraines/MapServer/WFSServer?request=GetCapabilities&service=WFS (source 813/1467)
2026-01-11 06:20:31,001 - Scraping log - scraper.py >         <module>(): Line 759 - WARNING - Scraping KT_FR > https://geo.fr.ch/ags/services/OpenData/Foret_en_zones_S_de_protection_des_eaux_souterraines/MapServer/WFSServer?request=GetCapabilities&service=WFS aborted
2026-01-11 06:20:31,001 - Scraping log - scraper.py >         <module>(): Line 751 - INFO - Running default scraper on KT_FR > https://geo.fr.ch/ags/services/OpenData/Gazoducs_OPAM/MapServer/WFSServer?request=GetCapabilities&service=WFS (source 814/1467)
2026-01-11 06:20:34,387 - Scraping log - scraper.py >         <module>(): Line 751 - INFO - Running default scraper on KT_FR > https://geo.fr.ch/ags/services/OpenData/Geotopes_d_importance_cantonale_GIC_Etude_de_base/MapServer/WFSServer?request=GetCapabilities&service=WFS (source 815/1467)
2026-01-11 06:20:38,070 - Scraping log - scraper.py >         <module>(): Line 751 - INFO - Running default scraper on KT_FR > https://geo.fr.ch/ags/services/OpenData/Geotopes/MapServer/WFSServer?request=GetCapabilities&service=WFS (source 816/1467)
2026-01-11 06:20:38,593 - Scraping log - scraper.py >         <module>(): Line 759 - WARNING - Scraping KT_FR > https://geo.fr.ch/ags/services/OpenData/Geotopes/MapServer/WFSServer?request=GetCapabilities&service=WFS aborted
2026-01-11 06:20:38,593 - Scraping log - scraper.py >         <module>(): Line 751 - INFO - Running default scraper on KT_FR > https://geo.fr.ch/ags/services/OpenData/Hauts_marais_d_importance_nationale/MapServer/WFSServer?request=GetCapabilities&service=WFS (source 817/1467)
2026-01-11 06:20:41,701 - Scraping log - scraper.py >         <module>(): Line 751 - INFO - Running default scraper on KT_FR > https://geo.fr.ch/ags/services/OpenData/Hierarchie_du_reseau_cyclable_plan_sectoriel_velo/MapServer/WFSServer?request=GetCapabilities&service=WFS (source 818/1467)
2026-01-11 06:20:45,023 - Scraping log - scraper.py >         <module>(): Line 751 - INFO - Running default scraper on KT_FR > https://geo.fr.ch/ags/services/OpenData/Horizons_sourciers_de_l_inventaire_des_eaux_souterraines/MapServer/WFSServer?request=GetCapabilities&service=WFS (source 819/1467)
2026-01-11 06:20:48,313 - Scraping log - scraper.py >         <module>(): Line 751 - INFO - Running default scraper on KT_FR > https://geo.fr.ch/ags/services/OpenData/Hors_reseau_AquaFri/MapServer/WFSServer?request=GetCapabilities&service=WFS (source 820/1467)
2026-01-11 06:20:51,669 - Scraping log - scraper.py >         <module>(): Line 751 - INFO - Running default scraper on KT_FR > https://geo.fr.ch/ags/services/OpenData/Hydrants_AquaFri/MapServer/WFSServer?request=GetCapabilities&service=WFS (source 821/1467)
2026-01-11 06:20:55,238 - Scraping log - scraper.py >         <module>(): Line 751 - INFO - Running default scraper on KT_FR > https://geo.fr.ch/ags/services/OpenData/Immeubles_en_vigueur/MapServer/WFSServer?request=GetCapabilities&service=WFS (source 822/1467)
2026-01-11 06:20:58,065 - Scraping log - scraper.py >         <module>(): Line 751 - INFO - Running default scraper on KT_FR > https://geo.fr.ch/ags/services/OpenData/Immeubles_projetes/MapServer/WFSServer?request=GetCapabilities&service=WFS (source 823/1467)
2026-01-11 06:21:01,743 - Scraping log - scraper.py >         <module>(): Line 751 - INFO - Running default scraper on KT_FR > https://geo.fr.ch/ags/services/OpenData/Infrastructures_d_accueil_en_foret_lignes/MapServer/WFSServer?request=GetCapabilities&service=WFS (source 824/1467)
2026-01-11 06:21:05,046 - Scraping log - scraper.py >         <module>(): Line 751 - INFO - Running default scraper on KT_FR > https://geo.fr.ch/ags/services/OpenData/Infrastructures_d_accueil_en_foret_points/MapServer/WFSServer?request=GetCapabilities&service=WFS (source 825/1467)
2026-01-11 06:21:09,239 - Scraping log - scraper.py >         <module>(): Line 751 - INFO - Running default scraper on KT_FR > https://geo.fr.ch/ags/services/OpenData/Instabilites_de_terrain_morphologie/MapServer/WFSServer?request=GetCapabilities&service=WFS (source 826/1467)
2026-01-11 06:21:09,648 - Scraping log - scraper.py >         <module>(): Line 759 - WARNING - Scraping KT_FR > https://geo.fr.ch/ags/services/OpenData/Instabilites_de_terrain_morphologie/MapServer/WFSServer?request=GetCapabilities&service=WFS aborted
2026-01-11 06:21:09,648 - Scraping log - scraper.py >         <module>(): Line 751 - INFO - Running default scraper on KT_FR > https://geo.fr.ch/ags/services/OpenData/Instabilites_de_terrain_typologie/MapServer/WFSServer?request=GetCapabilities&service=WFS (source 827/1467)
2026-01-11 06:21:10,153 - Scraping log - scraper.py >         <module>(): Line 759 - WARNING - Scraping KT_FR > https://geo.fr.ch/ags/services/OpenData/Instabilites_de_terrain_typologie/MapServer/WFSServer?request=GetCapabilities&service=WFS aborted
2026-01-11 06:21:10,153 - Scraping log - scraper.py >         <module>(): Line 751 - INFO - Running default scraper on KT_FR > https://geo.fr.ch/ags/services/OpenData/Installations_de_mesure_AquaFri/MapServer/WFSServer?request=GetCapabilities&service=WFS (source 828/1467)
2026-01-11 06:21:14,100 - Scraping log - scraper.py >         <module>(): Line 751 - INFO - Running default scraper on KT_FR > https://geo.fr.ch/ags/services/OpenData/Installations_de_traitement_AquaFri/MapServer/WFSServer?request=GetCapabilities&service=WFS (source 829/1467)
2026-01-11 06:21:17,342 - Scraping log - scraper.py >         <module>(): Line 751 - INFO - Running default scraper on KT_FR > https://geo.fr.ch/ags/services/OpenData/Installations_stationnaires_OPAM/MapServer/WFSServer?request=GetCapabilities&service=WFS (source 830/1467)
2026-01-11 06:21:20,559 - Scraping log - scraper.py >         <module>(): Line 751 - INFO - Running default scraper on KT_FR > https://geo.fr.ch/ags/services/OpenData/Irrigation/MapServer/WFSServer?request=GetCapabilities&service=WFS (source 831/1467)
2026-01-11 06:21:24,112 - Scraping log - scraper.py >         <module>(): Line 751 - INFO - Running default scraper on KT_FR > https://geo.fr.ch/ags/services/OpenData/Itineraire_d_agglomeration_planifie_plan_sectoriel_velo/MapServer/WFSServer?request=GetCapabilities&service=WFS (source 832/1467)
2026-01-11 06:21:27,350 - Scraping log - scraper.py >         <module>(): Line 751 - INFO - Running default scraper on KT_FR > https://geo.fr.ch/ags/services/OpenData/Itineraires_a_ski/MapServer/WFSServer?request=GetCapabilities&service=WFS (source 833/1467)
2026-01-11 06:21:30,862 - Scraping log - scraper.py >         <module>(): Line 751 - INFO - Running default scraper on KT_FR > https://geo.fr.ch/ags/services/OpenData/Itineraires_convois_exceptionnels/MapServer/WFSServer?request=GetCapabilities&service=WFS (source 834/1467)
2026-01-11 06:21:34,985 - Scraping log - scraper.py >         <module>(): Line 751 - INFO - Running default scraper on KT_FR > https://geo.fr.ch/ags/services/OpenData/Itineraires_en_raquette/MapServer/WFSServer?request=GetCapabilities&service=WFS (source 835/1467)
2026-01-11 06:21:38,362 - Scraping log - scraper.py >         <module>(): Line 751 - INFO - Running default scraper on KT_FR > https://geo.fr.ch/ags/services/OpenData/Itineraires_SuisseMobile_randonnee_pedestre/MapServer/WFSServer?request=GetCapabilities&service=WFS (source 836/1467)
2026-01-11 06:21:41,648 - Scraping log - scraper.py >         <module>(): Line 751 - INFO - Running default scraper on KT_FR > https://geo.fr.ch/ags/services/OpenData/Itineraires_SuisseMobile_roller/MapServer/WFSServer?request=GetCapabilities&service=WFS (source 837/1467)
2026-01-11 06:21:44,855 - Scraping log - scraper.py >         <module>(): Line 751 - INFO - Running default scraper on KT_FR > https://geo.fr.ch/ags/services/OpenData/Itineraires_SuisseMobile_velo/MapServer/WFSServer?request=GetCapabilities&service=WFS (source 838/1467)
2026-01-11 06:21:48,484 - Scraping log - scraper.py >         <module>(): Line 751 - INFO - Running default scraper on KT_FR > https://geo.fr.ch/ags/services/OpenData/Itineraires_SuisseMobile_VTT/MapServer/WFSServer?request=GetCapabilities&service=WFS (source 839/1467)
2026-01-11 06:21:51,776 - Scraping log - scraper.py >         <module>(): Line 751 - INFO - Running default scraper on KT_FR > https://geo.fr.ch/ags/services/OpenData/Lieux_de_detention_d_animaux/MapServer/WFSServer?request=GetCapabilities&service=WFS (source 840/1467)
2026-01-11 06:21:54,959 - Scraping log - scraper.py >         <module>(): Line 751 - INFO - Running default scraper on KT_FR > https://geo.fr.ch/ags/services/OpenData/Lieux_denommes_en_couleurs/MapServer/WFSServer?request=GetCapabilities&service=WFS (source 841/1467)
2026-01-11 06:21:58,210 - Scraping log - scraper.py >         <module>(): Line 751 - INFO - Running default scraper on KT_FR > https://geo.fr.ch/ags/services/OpenData/Lieux_denommes/MapServer/WFSServer?request=GetCapabilities&service=WFS (source 842/1467)
2026-01-11 06:22:01,334 - Scraping log - scraper.py >         <module>(): Line 751 - INFO - Running default scraper on KT_FR > https://geo.fr.ch/ags/services/OpenData/Lignes_de_transport_public/MapServer/WFSServer?request=GetCapabilities&service=WFS (source 843/1467)
2026-01-11 06:22:04,884 - Scraping log - scraper.py >         <module>(): Line 751 - INFO - Running default scraper on KT_FR > https://geo.fr.ch/ags/services/OpenData/Limitations_de_vitesse_routes_cantonales/MapServer/WFSServer?request=GetCapabilities&service=WFS (source 844/1467)
2026-01-11 06:22:08,274 - Scraping log - scraper.py >         <module>(): Line 751 - INFO - Running default scraper on KT_FR > https://geo.fr.ch/ags/services/OpenData/Limite_du_canton/MapServer/WFSServer?request=GetCapabilities&service=WFS (source 845/1467)
2026-01-11 06:22:12,019 - Scraping log - scraper.py >         <module>(): Line 751 - INFO - Running default scraper on KT_FR > https://geo.fr.ch/ags/services/OpenData/Limites_de_communes/MapServer/WFSServer?request=GetCapabilities&service=WFS (source 846/1467)
2026-01-11 06:22:14,978 - Scraping log - scraper.py >         <module>(): Line 751 - INFO - Running default scraper on KT_FR > https://geo.fr.ch/ags/services/OpenData/Limites_de_districts/MapServer/WFSServer?request=GetCapabilities&service=WFS (source 847/1467)
2026-01-11 06:22:18,070 - Scraping log - scraper.py >         <module>(): Line 751 - INFO - Running default scraper on KT_FR > https://geo.fr.ch/ags/services/OpenData/Limites_des_stations_forestieres/MapServer/WFSServer?request=GetCapabilities&service=WFS (source 848/1467)
2026-01-11 06:22:21,241 - Scraping log - scraper.py >         <module>(): Line 751 - INFO - Running default scraper on KT_FR > https://geo.fr.ch/ags/services/OpenData/Limites_des_zones_agricoles/MapServer/WFSServer?request=GetCapabilities&service=WFS (source 849/1467)
2026-01-11 06:22:24,659 - Scraping log - scraper.py >         <module>(): Line 751 - INFO - Running default scraper on KT_FR > https://geo.fr.ch/ags/services/OpenData/Limites_forestieres_statiques_RDPPF/MapServer/WFSServer?request=GetCapabilities&service=WFS (source 850/1467)
2026-01-11 06:22:27,937 - Scraping log - scraper.py >         <module>(): Line 751 - INFO - Running default scraper on KT_FR > https://geo.fr.ch/ags/services/OpenData/Limites_forestieres_statiques/MapServer/WFSServer?request=GetCapabilities&service=WFS (source 851/1467)
2026-01-11 06:22:28,360 - Scraping log - scraper.py >         <module>(): Line 759 - WARNING - Scraping KT_FR > https://geo.fr.ch/ags/services/OpenData/Limites_forestieres_statiques/MapServer/WFSServer?request=GetCapabilities&service=WFS aborted
2026-01-11 06:22:28,360 - Scraping log - scraper.py >         <module>(): Line 751 - INFO - Running default scraper on KT_FR > https://geo.fr.ch/ags/services/OpenData/Localisation_des_sondes_geothermiques_SGV/MapServer/WFSServer?request=GetCapabilities&service=WFS (source 852/1467)
2026-01-11 06:22:43,414 - Scraping log - scraper.py >         <module>(): Line 751 - INFO - Running default scraper on KT_FR > https://geo.fr.ch/ags/services/OpenData/Localites_avec_presence_d_un_chauffage_a_distance/MapServer/WFSServer?request=GetCapabilities&service=WFS (source 853/1467)
2026-01-11 06:22:47,205 - Scraping log - scraper.py >         <module>(): Line 751 - INFO - Running default scraper on KT_FR > https://geo.fr.ch/ags/services/OpenData/Lots_de_mise_a_jour_periodique/MapServer/WFSServer?request=GetCapabilities&service=WFS (source 854/1467)
2026-01-11 06:22:50,461 - Scraping log - scraper.py >         <module>(): Line 751 - INFO - Running default scraper on KT_FR > https://geo.fr.ch/ags/services/OpenData/Lots_de_peche_affermee/MapServer/WFSServer?request=GetCapabilities&service=WFS (source 855/1467)
2026-01-11 06:22:54,052 - Scraping log - scraper.py >         <module>(): Line 751 - INFO - Running default scraper on KT_FR > https://geo.fr.ch/ags/services/OpenData/Lots_pour_la_pisciculture/MapServer/WFSServer?request=GetCapabilities&service=WFS (source 856/1467)
2026-01-11 06:22:57,381 - Scraping log - scraper.py >         <module>(): Line 751 - INFO - Running default scraper on KT_FR > https://geo.fr.ch/ags/services/OpenData/Materiau_et_diametre_des_conduites_AquaFri/MapServer/WFSServer?request=GetCapabilities&service=WFS (source 857/1467)
2026-01-11 06:23:00,747 - Scraping log - scraper.py >         <module>(): Line 751 - INFO - Running default scraper on KT_FR > https://geo.fr.ch/ags/services/OpenData/Modification_RCU_ou_revision_PAL_d_un_secteur_amenagement_local/MapServer/WFSServer?request=GetCapabilities&service=WFS (source 858/1467)
2026-01-11 06:23:04,298 - Scraping log - scraper.py >         <module>(): Line 751 - INFO - Running default scraper on KT_FR > https://geo.fr.ch/ags/services/OpenData/Muehleberg_Zone_de_danger_de_la_centrale/MapServer/WFSServer?request=GetCapabilities&service=WFS (source 859/1467)
2026-01-11 06:23:07,795 - Scraping log - scraper.py >         <module>(): Line 751 - INFO - Running default scraper on KT_FR > https://geo.fr.ch/ags/services/OpenData/Muehleberg_Zones_de_distribution_de_comprimes_d_iode/MapServer/WFSServer?request=GetCapabilities&service=WFS (source 860/1467)
2026-01-11 06:23:11,065 - Scraping log - scraper.py >         <module>(): Line 751 - INFO - Running default scraper on KT_FR > https://geo.fr.ch/ags/services/OpenData/Noeuds_de_trafic_routes_cantonales/MapServer/WFSServer?request=GetCapabilities&service=WFS (source 861/1467)
2026-01-11 06:23:14,688 - Scraping log - scraper.py >         <module>(): Line 751 - INFO - Running default scraper on KT_FR > https://geo.fr.ch/ags/services/OpenData/Noms_de_rues_et_de_lieux_denommes/MapServer/WFSServer?request=GetCapabilities&service=WFS (source 862/1467)
2026-01-11 06:23:18,138 - Scraping log - scraper.py >         <module>(): Line 751 - INFO - Running default scraper on KT_FR > https://geo.fr.ch/ags/services/OpenData/Noms_locaux/MapServer/WFSServer?request=GetCapabilities&service=WFS (source 863/1467)
2026-01-11 06:23:21,497 - Scraping log - scraper.py >         <module>(): Line 751 - INFO - Running default scraper on KT_FR > https://geo.fr.ch/ags/services/OpenData/NPA_et_localites/MapServer/WFSServer?request=GetCapabilities&service=WFS (source 864/1467)
2026-01-11 06:23:25,956 - Scraping log - scraper.py >         <module>(): Line 751 - INFO - Running default scraper on KT_FR > https://geo.fr.ch/ags/services/OpenData/Numeros_d_immeubles_en_vigueur/MapServer/WFSServer?request=GetCapabilities&service=WFS (source 865/1467)
2026-01-11 06:23:29,085 - Scraping log - scraper.py >         <module>(): Line 751 - INFO - Running default scraper on KT_FR > https://geo.fr.ch/ags/services/OpenData/Numeros_d_immeubles_projetes/MapServer/WFSServer?request=GetCapabilities&service=WFS (source 866/1467)
2026-01-11 06:23:31,947 - Scraping log - scraper.py >         <module>(): Line 751 - INFO - Running default scraper on KT_FR > https://geo.fr.ch/ags/services/OpenData/Numeros_de_maisons/MapServer/WFSServer?request=GetCapabilities&service=WFS (source 867/1467)
2026-01-11 06:23:35,071 - Scraping log - scraper.py >         <module>(): Line 751 - INFO - Running default scraper on KT_FR > https://geo.fr.ch/ags/services/OpenData/Numeros_des_batiments_et_noms_Labels_CS/MapServer/WFSServer?request=GetCapabilities&service=WFS (source 868/1467)
2026-01-11 06:23:37,990 - Scraping log - scraper.py >         <module>(): Line 751 - INFO - Running default scraper on KT_FR > https://geo.fr.ch/ags/services/OpenData/Objets_divers_lineaires/MapServer/WFSServer?request=GetCapabilities&service=WFS (source 869/1467)
2026-01-11 06:23:41,059 - Scraping log - scraper.py >         <module>(): Line 751 - INFO - Running default scraper on KT_FR > https://geo.fr.ch/ags/services/OpenData/Objets_divers_ponctuels/MapServer/WFSServer?request=GetCapabilities&service=WFS (source 870/1467)
2026-01-11 06:23:44,214 - Scraping log - scraper.py >         <module>(): Line 751 - INFO - Running default scraper on KT_FR > https://geo.fr.ch/ags/services/OpenData/Objets_divers_surfaciques/MapServer/WFSServer?request=GetCapabilities&service=WFS (source 871/1467)
2026-01-11 06:23:46,024 - Scraping log - scraper.py >        is_online(): Line 181 - INFO - KT_FR https://geo.fr.ch/ags/services/OpenData/Objets_divers_surfaciques/MapServer/WFSServer?request=GetCapabilities&service=WFS: ('Received response with content-encoding: gzip, but failed to decode it.', error('Error -3 while decompressing data: incorrect header check'))
2026-01-11 06:23:46,024 - Scraping log - scraper.py >         <module>(): Line 759 - WARNING - Scraping KT_FR > https://geo.fr.ch/ags/services/OpenData/Objets_divers_surfaciques/MapServer/WFSServer?request=GetCapabilities&service=WFS aborted
2026-01-11 06:23:46,024 - Scraping log - scraper.py >         <module>(): Line 751 - INFO - Running default scraper on KT_FR > https://geo.fr.ch/ags/services/OpenData/Obstacles_convois_exceptionnels/MapServer/WFSServer?request=GetCapabilities&service=WFS (source 872/1467)
2026-01-11 06:23:54,674 - Scraping log - scraper.py >         <module>(): Line 759 - WARNING - Scraping KT_FR > https://geo.fr.ch/ags/services/OpenData/Obstacles_convois_exceptionnels/MapServer/WFSServer?request=GetCapabilities&service=WFS aborted
2026-01-11 06:23:54,674 - Scraping log - scraper.py >         <module>(): Line 751 - INFO - Running default scraper on KT_FR > https://geo.fr.ch/ags/services/OpenData/Organes_communaux_de_conduite_ORCOC/MapServer/WFSServer?request=GetCapabilities&service=WFS (source 873/1467)
2026-01-11 06:23:58,900 - Scraping log - scraper.py >         <module>(): Line 751 - INFO - Running default scraper on KT_FR > https://geo.fr.ch/ags/services/OpenData/Organisation_de_la_protection_civile/MapServer/WFSServer?request=GetCapabilities&service=WFS (source 874/1467)
2026-01-11 06:24:02,141 - Scraping log - scraper.py >         <module>(): Line 751 - INFO - Running default scraper on KT_FR > https://geo.fr.ch/ags/services/OpenData/Ouvrages_d_art_routes_cantonales/MapServer/WFSServer?request=GetCapabilities&service=WFS (source 875/1467)
2026-01-11 06:24:05,942 - Scraping log - scraper.py >         <module>(): Line 751 - INFO - Running default scraper on KT_FR > https://geo.fr.ch/ags/services/OpenData/Ouvrages_de_protection_lineaires_contre_les_instabilites_de_terrain_et_avalanches/MapServer/WFSServer?request=GetCapabilities&service=WFS (source 876/1467)
2026-01-11 06:24:09,267 - Scraping log - scraper.py >         <module>(): Line 751 - INFO - Running default scraper on KT_FR > https://geo.fr.ch/ags/services/OpenData/Ouvrages_de_protection_ponctuels_contre_les_instabilites_de_terrain_et_avalanches/MapServer/WFSServer?request=GetCapabilities&service=WFS (source 877/1467)
2026-01-11 06:24:12,761 - Scraping log - scraper.py >         <module>(): Line 751 - INFO - Running default scraper on KT_FR > https://geo.fr.ch/ags/services/OpenData/Ouvrages_de_protection_surfaciques_contre_les_instabilites_de_terrain_et_avalanches/MapServer/WFSServer?request=GetCapabilities&service=WFS (source 878/1467)
2026-01-11 06:24:16,289 - Scraping log - scraper.py >         <module>(): Line 751 - INFO - Running default scraper on KT_FR > https://geo.fr.ch/ags/services/OpenData/Ouvrages_fonction_canalisations_routes_cantonales/MapServer/WFSServer?request=GetCapabilities&service=WFS (source 879/1467)
2026-01-11 06:24:19,616 - Scraping log - scraper.py >         <module>(): Line 751 - INFO - Running default scraper on KT_FR > https://geo.fr.ch/ags/services/OpenData/Ouvrages_type_canalisations_routes_cantonales/MapServer/WFSServer?request=GetCapabilities&service=WFS (source 880/1467)
2026-01-11 06:24:22,809 - Scraping log - scraper.py >         <module>(): Line 751 - INFO - Running default scraper on KT_FR > https://geo.fr.ch/ags/services/OpenData/Parcs_naturels/MapServer/WFSServer?request=GetCapabilities&service=WFS (source 881/1467)
2026-01-11 06:24:23,218 - Scraping log - scraper.py >         <module>(): Line 759 - WARNING - Scraping KT_FR > https://geo.fr.ch/ags/services/OpenData/Parcs_naturels/MapServer/WFSServer?request=GetCapabilities&service=WFS aborted
2026-01-11 06:24:23,218 - Scraping log - scraper.py >         <module>(): Line 751 - INFO - Running default scraper on KT_FR > https://geo.fr.ch/ags/services/OpenData/Paroisses_catholiques/MapServer/WFSServer?request=GetCapabilities&service=WFS (source 882/1467)
2026-01-11 06:24:26,649 - Scraping log - scraper.py >         <module>(): Line 751 - INFO - Running default scraper on KT_FR > https://geo.fr.ch/ags/services/OpenData/Paroisses_reformees/MapServer/WFSServer?request=GetCapabilities&service=WFS (source 883/1467)
2026-01-11 06:24:30,130 - Scraping log - scraper.py >         <module>(): Line 751 - INFO - Running default scraper on KT_FR > https://geo.fr.ch/ags/services/OpenData/Paysages_IFP/MapServer/WFSServer?request=GetCapabilities&service=WFS (source 884/1467)
2026-01-11 06:24:30,543 - Scraping log - scraper.py >         <module>(): Line 759 - WARNING - Scraping KT_FR > https://geo.fr.ch/ags/services/OpenData/Paysages_IFP/MapServer/WFSServer?request=GetCapabilities&service=WFS aborted
2026-01-11 06:24:30,543 - Scraping log - scraper.py >         <module>(): Line 751 - INFO - Running default scraper on KT_FR > https://geo.fr.ch/ags/services/OpenData/Perimetre_de_couverture_Sirenes_de_la_PCi/MapServer/WFSServer?request=GetCapabilities&service=WFS (source 885/1467)
2026-01-11 06:24:33,816 - Scraping log - scraper.py >         <module>(): Line 751 - INFO - Running default scraper on KT_FR > https://geo.fr.ch/ags/services/OpenData/Perimetres_archeologiques/MapServer/WFSServer?request=GetCapabilities&service=WFS (source 886/1467)
2026-01-11 06:24:36,945 - Scraping log - scraper.py >         <module>(): Line 751 - INFO - Running default scraper on KT_FR > https://geo.fr.ch/ags/services/OpenData/Perimetres_d_epuration/MapServer/WFSServer?request=GetCapabilities&service=WFS (source 887/1467)
2026-01-11 06:24:40,108 - Scraping log - scraper.py >         <module>(): Line 751 - INFO - Running default scraper on KT_FR > https://geo.fr.ch/ags/services/OpenData/Perimetres_d_etude_detaillee___Crues_et_laves_torrentielles/MapServer/WFSServer?request=GetCapabilities&service=WFS (source 888/1467)
2026-01-11 06:24:43,689 - Scraping log - scraper.py >         <module>(): Line 751 - INFO - Running default scraper on KT_FR > https://geo.fr.ch/ags/services/OpenData/Perimetres_d_etude_detaillee___Instabilites_et_avalanches/MapServer/WFSServer?request=GetCapabilities&service=WFS (source 889/1467)
2026-01-11 06:24:47,005 - Scraping log - scraper.py >         <module>(): Line 751 - INFO - Running default scraper on KT_FR > https://geo.fr.ch/ags/services/OpenData/Perimetres_de_noms_locaux/MapServer/WFSServer?request=GetCapabilities&service=WFS (source 890/1467)
2026-01-11 06:24:50,144 - Scraping log - scraper.py >         <module>(): Line 751 - INFO - Running default scraper on KT_FR > https://geo.fr.ch/ags/services/OpenData/Perimetres_de_protection_des_eaux_souterraines_RDPPF/MapServer/WFSServer?request=GetCapabilities&service=WFS (source 891/1467)
2026-01-11 06:24:53,416 - Scraping log - scraper.py >         <module>(): Line 751 - INFO - Running default scraper on KT_FR > https://geo.fr.ch/ags/services/OpenData/Pistes_cyclables_routes_cantonales/MapServer/WFSServer?request=GetCapabilities&service=WFS (source 892/1467)
2026-01-11 06:25:08,609 - Scraping log - scraper.py > get_service_info(): Line 372 - WARNING - KT_FR > https://geo.fr.ch/ags/services/OpenData/Pistes_cyclables_routes_cantonales/MapServer/WFSServer?request=GetCapabilities&service=WFS: Service does not seem to be a valid WMS, WMTS or WFS
2026-01-11 06:25:08,609 - Scraping log - scraper.py >         <module>(): Line 751 - INFO - Running default scraper on KT_FR > https://geo.fr.ch/ags/services/OpenData/Plan_sectoriel_pour_l_exploitation_de_materiaux_PSEM/MapServer/WFSServer?request=GetCapabilities&service=WFS (source 893/1467)
2026-01-11 06:25:12,330 - Scraping log - scraper.py >         <module>(): Line 751 - INFO - Running default scraper on KT_FR > https://geo.fr.ch/ags/services/OpenData/Planification_cantonale_parcs_relais/MapServer/WFSServer?request=GetCapabilities&service=WFS (source 894/1467)
2026-01-11 06:25:15,648 - Scraping log - scraper.py >         <module>(): Line 751 - INFO - Running default scraper on KT_FR > https://geo.fr.ch/ags/services/OpenData/Points_de_limite_territoriale/MapServer/WFSServer?request=GetCapabilities&service=WFS (source 895/1467)
2026-01-11 06:25:19,257 - Scraping log - scraper.py >         <module>(): Line 751 - INFO - Running default scraper on KT_FR > https://geo.fr.ch/ags/services/OpenData/Points_de_Repere_SRB/MapServer/WFSServer?request=GetCapabilities&service=WFS (source 896/1467)
2026-01-11 06:25:22,648 - Scraping log - scraper.py >         <module>(): Line 751 - INFO - Running default scraper on KT_FR > https://geo.fr.ch/ags/services/OpenData/Points_fixes/MapServer/WFSServer?request=GetCapabilities&service=WFS (source 897/1467)
2026-01-11 06:25:26,176 - Scraping log - scraper.py >         <module>(): Line 751 - INFO - Running default scraper on KT_FR > https://geo.fr.ch/ags/services/OpenData/Points_limites_projetes/MapServer/WFSServer?request=GetCapabilities&service=WFS (source 898/1467)
2026-01-11 06:25:29,304 - Scraping log - scraper.py >         <module>(): Line 751 - INFO - Running default scraper on KT_FR > https://geo.fr.ch/ags/services/OpenData/Points_limites/MapServer/WFSServer?request=GetCapabilities&service=WFS (source 899/1467)
2026-01-11 06:25:32,594 - Scraping log - scraper.py >         <module>(): Line 751 - INFO - Running default scraper on KT_FR > https://geo.fr.ch/ags/services/OpenData/Pompes_AquaFri/MapServer/WFSServer?request=GetCapabilities&service=WFS (source 900/1467)
2026-01-11 06:25:35,893 - Scraping log - scraper.py >         <module>(): Line 751 - INFO - Running default scraper on KT_FR > https://geo.fr.ch/ags/services/OpenData/Postes_de_comptage_de_trafic/MapServer/WFSServer?request=GetCapabilities&service=WFS (source 901/1467)
2026-01-11 06:25:39,138 - Scraping log - scraper.py >         <module>(): Line 751 - INFO - Running default scraper on KT_FR > https://geo.fr.ch/ags/services/OpenData/Prairies_et_paturages_secs_d_importance_cantonale/MapServer/WFSServer?request=GetCapabilities&service=WFS (source 902/1467)
2026-01-11 06:25:39,555 - Scraping log - scraper.py >         <module>(): Line 759 - WARNING - Scraping KT_FR > https://geo.fr.ch/ags/services/OpenData/Prairies_et_paturages_secs_d_importance_cantonale/MapServer/WFSServer?request=GetCapabilities&service=WFS aborted
2026-01-11 06:25:39,555 - Scraping log - scraper.py >         <module>(): Line 751 - INFO - Running default scraper on KT_FR > https://geo.fr.ch/ags/services/OpenData/Prairies_et_paturages_secs_d_importance_nationale/MapServer/WFSServer?request=GetCapabilities&service=WFS (source 903/1467)
2026-01-11 06:25:39,992 - Scraping log - scraper.py >         <module>(): Line 759 - WARNING - Scraping KT_FR > https://geo.fr.ch/ags/services/OpenData/Prairies_et_paturages_secs_d_importance_nationale/MapServer/WFSServer?request=GetCapabilities&service=WFS aborted
2026-01-11 06:25:39,992 - Scraping log - scraper.py >         <module>(): Line 751 - INFO - Running default scraper on KT_FR > https://geo.fr.ch/ags/services/OpenData/Pression_statique_des_hydrants_AquaFri/MapServer/WFSServer?request=GetCapabilities&service=WFS (source 904/1467)
2026-01-11 06:25:43,140 - Scraping log - scraper.py >         <module>(): Line 751 - INFO - Running default scraper on KT_FR > https://geo.fr.ch/ags/services/OpenData/Produits_d_alpage/MapServer/WFSServer?request=GetCapabilities&service=WFS (source 905/1467)
2026-01-11 06:25:46,325 - Scraping log - scraper.py >         <module>(): Line 751 - INFO - Running default scraper on KT_FR > https://geo.fr.ch/ags/services/OpenData/Produits_de_montagne/MapServer/WFSServer?request=GetCapabilities&service=WFS (source 906/1467)
2026-01-11 06:25:49,550 - Scraping log - scraper.py >         <module>(): Line 751 - INFO - Running default scraper on KT_FR > https://geo.fr.ch/ags/services/OpenData/Projets_paysage_CQP/MapServer/WFSServer?request=GetCapabilities&service=WFS (source 907/1467)
2026-01-11 06:25:52,804 - Scraping log - scraper.py >         <module>(): Line 751 - INFO - Running default scraper on KT_FR > https://geo.fr.ch/ags/services/OpenData/Projets_VALTRALOC/MapServer/WFSServer?request=GetCapabilities&service=WFS (source 908/1467)
2026-01-11 06:25:53,316 - Scraping log - scraper.py >         <module>(): Line 759 - WARNING - Scraping KT_FR > https://geo.fr.ch/ags/services/OpenData/Projets_VALTRALOC/MapServer/WFSServer?request=GetCapabilities&service=WFS aborted
2026-01-11 06:25:53,316 - Scraping log - scraper.py >         <module>(): Line 751 - INFO - Running default scraper on KT_FR > https://geo.fr.ch/ags/services/OpenData/Proportion_du_bati_expose_aux_dangers_naturels_par_commune/MapServer/WFSServer?request=GetCapabilities&service=WFS (source 909/1467)
2026-01-11 06:25:56,499 - Scraping log - scraper.py >         <module>(): Line 751 - INFO - Running default scraper on KT_FR > https://geo.fr.ch/ags/services/OpenData/Qualite_des_donnees_descriptives/MapServer/WFSServer?request=GetCapabilities&service=WFS (source 910/1467)
2026-01-11 06:25:59,921 - Scraping log - scraper.py >         <module>(): Line 751 - INFO - Running default scraper on KT_FR > https://geo.fr.ch/ags/services/OpenData/Qualite_des_immeubles_en_vigueur/MapServer/WFSServer?request=GetCapabilities&service=WFS (source 911/1467)
2026-01-11 06:26:03,233 - Scraping log - scraper.py >         <module>(): Line 751 - INFO - Running default scraper on KT_FR > https://geo.fr.ch/ags/services/OpenData/Qualite_des_immeubles_projetes/MapServer/WFSServer?request=GetCapabilities&service=WFS (source 912/1467)
2026-01-11 06:26:07,072 - Scraping log - scraper.py >         <module>(): Line 751 - INFO - Running default scraper on KT_FR > https://geo.fr.ch/ags/services/OpenData/Reducteurs_AquaFri/MapServer/WFSServer?request=GetCapabilities&service=WFS (source 913/1467)
2026-01-11 06:26:10,319 - Scraping log - scraper.py >         <module>(): Line 751 - INFO - Running default scraper on KT_FR > https://geo.fr.ch/ags/services/OpenData/Remaniements_parcellaires/MapServer/WFSServer?request=GetCapabilities&service=WFS (source 914/1467)
2026-01-11 06:26:13,441 - Scraping log - scraper.py >         <module>(): Line 751 - INFO - Running default scraper on KT_FR > https://geo.fr.ch/ags/services/OpenData/Repartition_des_niveaux_de_tolerance/MapServer/WFSServer?request=GetCapabilities&service=WFS (source 915/1467)
2026-01-11 06:26:16,780 - Scraping log - scraper.py >         <module>(): Line 751 - INFO - Running default scraper on KT_FR > https://geo.fr.ch/ags/services/OpenData/Repartitions_des_plans/MapServer/WFSServer?request=GetCapabilities&service=WFS (source 916/1467)
2026-01-11 06:26:19,836 - Scraping log - scraper.py >         <module>(): Line 751 - INFO - Running default scraper on KT_FR > https://geo.fr.ch/ags/services/OpenData/Reseau_d_itineraires_en_zones_de_tranquillite/MapServer/WFSServer?request=GetCapabilities&service=WFS (source 917/1467)
2026-01-11 06:26:22,801 - Scraping log - scraper.py >         <module>(): Line 751 - INFO - Running default scraper on KT_FR > https://geo.fr.ch/ags/services/OpenData/Reseaux_ecologiques/MapServer/WFSServer?request=GetCapabilities&service=WFS (source 918/1467)
2026-01-11 06:26:25,935 - Scraping log - scraper.py >         <module>(): Line 751 - INFO - Running default scraper on KT_FR > https://geo.fr.ch/ags/services/OpenData/Reseaux_integres_dans_AquaFri/MapServer/WFSServer?request=GetCapabilities&service=WFS (source 919/1467)
2026-01-11 06:26:28,922 - Scraping log - scraper.py >         <module>(): Line 751 - INFO - Running default scraper on KT_FR > https://geo.fr.ch/ags/services/OpenData/Reseaux_non_integres_dans_AquaFri/MapServer/WFSServer?request=GetCapabilities&service=WFS (source 920/1467)
2026-01-11 06:26:32,361 - Scraping log - scraper.py >         <module>(): Line 751 - INFO - Running default scraper on KT_FR > https://geo.fr.ch/ags/services/OpenData/Reserve_mycologique/MapServer/WFSServer?request=GetCapabilities&service=WFS (source 921/1467)
2026-01-11 06:26:35,341 - Scraping log - scraper.py >         <module>(): Line 751 - INFO - Running default scraper on KT_FR > https://geo.fr.ch/ags/services/OpenData/Reserves_d_oiseaux_d_eau_et_migrateurs/MapServer/WFSServer?request=GetCapabilities&service=WFS (source 922/1467)
2026-01-11 06:26:38,517 - Scraping log - scraper.py >         <module>(): Line 751 - INFO - Running default scraper on KT_FR > https://geo.fr.ch/ags/services/OpenData/Reserves_de_faune_pour_la_chasse/MapServer/WFSServer?request=GetCapabilities&service=WFS (source 923/1467)
2026-01-11 06:26:41,682 - Scraping log - scraper.py >         <module>(): Line 751 - INFO - Running default scraper on KT_FR > https://geo.fr.ch/ags/services/OpenData/Reserves_forestieres_cantonales/MapServer/WFSServer?request=GetCapabilities&service=WFS (source 924/1467)
2026-01-11 06:26:42,199 - Scraping log - scraper.py >         <module>(): Line 759 - WARNING - Scraping KT_FR > https://geo.fr.ch/ags/services/OpenData/Reserves_forestieres_cantonales/MapServer/WFSServer?request=GetCapabilities&service=WFS aborted
2026-01-11 06:26:42,200 - Scraping log - scraper.py >         <module>(): Line 751 - INFO - Running default scraper on KT_FR > https://geo.fr.ch/ags/services/OpenData/Reserves_forestieres_RDPPF/MapServer/WFSServer?request=GetCapabilities&service=WFS (source 925/1467)
2026-01-11 06:26:45,287 - Scraping log - scraper.py >         <module>(): Line 751 - INFO - Running default scraper on KT_FR > https://geo.fr.ch/ags/services/OpenData/Reserves_forestieres/MapServer/WFSServer?request=GetCapabilities&service=WFS (source 926/1467)
2026-01-11 06:26:48,313 - Scraping log - scraper.py >         <module>(): Line 751 - INFO - Running default scraper on KT_FR > https://geo.fr.ch/ags/services/OpenData/Reserves_naturelles_cantonales/MapServer/WFSServer?request=GetCapabilities&service=WFS (source 927/1467)
2026-01-11 06:26:51,343 - Scraping log - scraper.py >         <module>(): Line 751 - INFO - Running default scraper on KT_FR > https://geo.fr.ch/ags/services/OpenData/Reserves_paysageres_cantonales/MapServer/WFSServer?request=GetCapabilities&service=WFS (source 928/1467)
2026-01-11 06:26:54,734 - Scraping log - scraper.py >         <module>(): Line 751 - INFO - Running default scraper on KT_FR > https://geo.fr.ch/ags/services/OpenData/Reservoirs_AquaFri/MapServer/WFSServer?request=GetCapabilities&service=WFS (source 929/1467)
2026-01-11 06:26:57,714 - Scraping log - scraper.py >         <module>(): Line 751 - INFO - Running default scraper on KT_FR > https://geo.fr.ch/ags/services/OpenData/Ressources___sources_et_puits___de_l_inventaire_des_eaux_souterraines/MapServer/WFSServer?request=GetCapabilities&service=WFS (source 930/1467)
2026-01-11 06:27:05,349 - Scraping log - scraper.py >         <module>(): Line 751 - INFO - Running default scraper on KT_FR > https://geo.fr.ch/ags/services/OpenData/Revetements_phono_absorbants_routes_cantonales/MapServer/WFSServer?request=GetCapabilities&service=WFS (source 931/1467)
2026-01-11 06:27:08,892 - Scraping log - scraper.py >         <module>(): Line 751 - INFO - Running default scraper on KT_FR > https://geo.fr.ch/ags/services/OpenData/Revision_generale_PAL_amenagement_local/MapServer/WFSServer?request=GetCapabilities&service=WFS (source 932/1467)
2026-01-11 06:27:12,147 - Scraping log - scraper.py >         <module>(): Line 751 - INFO - Running default scraper on KT_FR > https://geo.fr.ch/ags/services/OpenData/Routes_Cantonales_ORGT___OUMin/MapServer/WFSServer?request=GetCapabilities&service=WFS (source 933/1467)
2026-01-11 06:27:15,041 - Scraping log - scraper.py >         <module>(): Line 751 - INFO - Running default scraper on KT_FR > https://geo.fr.ch/ags/services/OpenData/Routes_Cantonales_OSR/MapServer/WFSServer?request=GetCapabilities&service=WFS (source 934/1467)
2026-01-11 06:27:18,360 - Scraping log - scraper.py >         <module>(): Line 751 - INFO - Running default scraper on KT_FR > https://geo.fr.ch/ags/services/OpenData/Routes_lineaires_OPAM/MapServer/WFSServer?request=GetCapabilities&service=WFS (source 935/1467)
2026-01-11 06:27:21,698 - Scraping log - scraper.py >         <module>(): Line 751 - INFO - Running default scraper on KT_FR > https://geo.fr.ch/ags/services/OpenData/Routes_Nationales/MapServer/WFSServer?request=GetCapabilities&service=WFS (source 936/1467)
2026-01-11 06:27:24,704 - Scraping log - scraper.py >         <module>(): Line 751 - INFO - Running default scraper on KT_FR > https://geo.fr.ch/ags/services/OpenData/Routes_surfaciques_OPAM/MapServer/WFSServer?request=GetCapabilities&service=WFS (source 937/1467)
2026-01-11 06:27:28,668 - Scraping log - scraper.py >         <module>(): Line 751 - INFO - Running default scraper on KT_FR > https://geo.fr.ch/ags/services/OpenData/Ruisseaux_utilises_par_l_Etat/MapServer/WFSServer?request=GetCapabilities&service=WFS (source 938/1467)
2026-01-11 06:27:31,977 - Scraping log - scraper.py >         <module>(): Line 751 - INFO - Running default scraper on KT_FR > https://geo.fr.ch/ags/services/OpenData/Salamandre_tachetee/MapServer/WFSServer?request=GetCapabilities&service=WFS (source 939/1467)
2026-01-11 06:27:32,392 - Scraping log - scraper.py >         <module>(): Line 759 - WARNING - Scraping KT_FR > https://geo.fr.ch/ags/services/OpenData/Salamandre_tachetee/MapServer/WFSServer?request=GetCapabilities&service=WFS aborted
2026-01-11 06:27:32,392 - Scraping log - scraper.py >         <module>(): Line 751 - INFO - Running default scraper on KT_FR > https://geo.fr.ch/ags/services/OpenData/Secteur_de_dangers_naturels_RDPPF_affectation/MapServer/WFSServer?request=GetCapabilities&service=WFS (source 940/1467)
2026-01-11 06:27:35,746 - Scraping log - scraper.py >         <module>(): Line 751 - INFO - Running default scraper on KT_FR > https://geo.fr.ch/ags/services/OpenData/Secteurs_a_objectifs_de_protection_du_patrimoine_PAL/MapServer/WFSServer?request=GetCapabilities&service=WFS (source 941/1467)
2026-01-11 06:27:39,059 - Scraping log - scraper.py >         <module>(): Line 751 - INFO - Running default scraper on KT_FR > https://geo.fr.ch/ags/services/OpenData/Secteurs_de_faune/MapServer/WFSServer?request=GetCapabilities&service=WFS (source 942/1467)
2026-01-11 06:27:42,248 - Scraping log - scraper.py >         <module>(): Line 751 - INFO - Running default scraper on KT_FR > https://geo.fr.ch/ags/services/OpenData/Secteurs_de_protection_du_patrimoine_ayant_passe_l_enquete_publique_PAL_en_revison/MapServer/WFSServer?request=GetCapabilities&service=WFS (source 943/1467)
2026-01-11 06:27:45,289 - Scraping log - scraper.py >         <module>(): Line 751 - INFO - Running default scraper on KT_FR > https://geo.fr.ch/ags/services/OpenData/Secteurs_soumis_a_PAD_amenagement_local/MapServer/WFSServer?request=GetCapabilities&service=WFS (source 944/1467)
2026-01-11 06:27:48,323 - Scraping log - scraper.py >         <module>(): Line 751 - INFO - Running default scraper on KT_FR > https://geo.fr.ch/ags/services/OpenData/Servitudes_Labels/MapServer/WFSServer?request=GetCapabilities&service=WFS (source 945/1467)
2026-01-11 06:27:51,161 - Scraping log - scraper.py >         <module>(): Line 751 - INFO - Running default scraper on KT_FR > https://geo.fr.ch/ags/services/OpenData/Servitudes_Lignes/MapServer/WFSServer?request=GetCapabilities&service=WFS (source 946/1467)
2026-01-11 06:27:54,168 - Scraping log - scraper.py >         <module>(): Line 751 - INFO - Running default scraper on KT_FR > https://geo.fr.ch/ags/services/OpenData/Servitudes_Points/MapServer/WFSServer?request=GetCapabilities&service=WFS (source 947/1467)
2026-01-11 06:27:57,315 - Scraping log - scraper.py >         <module>(): Line 751 - INFO - Running default scraper on KT_FR > https://geo.fr.ch/ags/services/OpenData/Servitudes_Surfaces/MapServer/WFSServer?request=GetCapabilities&service=WFS (source 948/1467)
2026-01-11 06:28:00,626 - Scraping log - scraper.py >         <module>(): Line 751 - INFO - Running default scraper on KT_FR > https://geo.fr.ch/ags/services/OpenData/Sirenes_de_la_PCi/MapServer/WFSServer?request=GetCapabilities&service=WFS (source 949/1467)
2026-01-11 06:28:03,541 - Scraping log - scraper.py >         <module>(): Line 751 - INFO - Running default scraper on KT_FR > https://geo.fr.ch/ags/services/OpenData/Sites_a_batraciens_annexe_1/MapServer/WFSServer?request=GetCapabilities&service=WFS (source 950/1467)
2026-01-11 06:28:03,965 - Scraping log - scraper.py >         <module>(): Line 759 - WARNING - Scraping KT_FR > https://geo.fr.ch/ags/services/OpenData/Sites_a_batraciens_annexe_1/MapServer/WFSServer?request=GetCapabilities&service=WFS aborted
2026-01-11 06:28:03,965 - Scraping log - scraper.py >         <module>(): Line 751 - INFO - Running default scraper on KT_FR > https://geo.fr.ch/ags/services/OpenData/Sites_a_batraciens_annexe_2/MapServer/WFSServer?request=GetCapabilities&service=WFS (source 951/1467)
2026-01-11 06:28:04,501 - Scraping log - scraper.py >         <module>(): Line 759 - WARNING - Scraping KT_FR > https://geo.fr.ch/ags/services/OpenData/Sites_a_batraciens_annexe_2/MapServer/WFSServer?request=GetCapabilities&service=WFS aborted
2026-01-11 06:28:04,501 - Scraping log - scraper.py >         <module>(): Line 751 - INFO - Running default scraper on KT_FR > https://geo.fr.ch/ags/services/OpenData/Sites_a_batraciens_annexe_3/MapServer/WFSServer?request=GetCapabilities&service=WFS (source 952/1467)
2026-01-11 06:28:04,928 - Scraping log - scraper.py >         <module>(): Line 759 - WARNING - Scraping KT_FR > https://geo.fr.ch/ags/services/OpenData/Sites_a_batraciens_annexe_3/MapServer/WFSServer?request=GetCapabilities&service=WFS aborted
2026-01-11 06:28:04,928 - Scraping log - scraper.py >         <module>(): Line 751 - INFO - Running default scraper on KT_FR > https://geo.fr.ch/ags/services/OpenData/Sites_a_batraciens_objets_fixes/MapServer/WFSServer?request=GetCapabilities&service=WFS (source 953/1467)
2026-01-11 06:28:05,349 - Scraping log - scraper.py >         <module>(): Line 759 - WARNING - Scraping KT_FR > https://geo.fr.ch/ags/services/OpenData/Sites_a_batraciens_objets_fixes/MapServer/WFSServer?request=GetCapabilities&service=WFS aborted
2026-01-11 06:28:05,349 - Scraping log - scraper.py >         <module>(): Line 751 - INFO - Running default scraper on KT_FR > https://geo.fr.ch/ags/services/OpenData/Sites_a_batraciens_objets_itinerants/MapServer/WFSServer?request=GetCapabilities&service=WFS (source 954/1467)
2026-01-11 06:28:05,885 - Scraping log - scraper.py >         <module>(): Line 759 - WARNING - Scraping KT_FR > https://geo.fr.ch/ags/services/OpenData/Sites_a_batraciens_objets_itinerants/MapServer/WFSServer?request=GetCapabilities&service=WFS aborted
2026-01-11 06:28:05,885 - Scraping log - scraper.py >         <module>(): Line 751 - INFO - Running default scraper on KT_FR > https://geo.fr.ch/ags/services/OpenData/Sites_bases_sur_l_ISOS/MapServer/WFSServer?request=GetCapabilities&service=WFS (source 955/1467)
2026-01-11 06:28:09,068 - Scraping log - scraper.py >         <module>(): Line 751 - INFO - Running default scraper on KT_FR > https://geo.fr.ch/ags/services/OpenData/Sites_de_reproduction_de_batraciens_d_importance_locale/MapServer/WFSServer?request=GetCapabilities&service=WFS (source 956/1467)
2026-01-11 06:28:12,357 - Scraping log - scraper.py >         <module>(): Line 751 - INFO - Running default scraper on KT_FR > https://geo.fr.ch/ags/services/OpenData/Sites_marecageux_d_importance_nationale/MapServer/WFSServer?request=GetCapabilities&service=WFS (source 957/1467)
2026-01-11 06:28:15,373 - Scraping log - scraper.py >         <module>(): Line 751 - INFO - Running default scraper on KT_FR > https://geo.fr.ch/ags/services/OpenData/Sites_prioritaires_prairies_et_paturages_secs/MapServer/WFSServer?request=GetCapabilities&service=WFS (source 958/1467)
2026-01-11 06:28:18,473 - Scraping log - scraper.py >         <module>(): Line 751 - INFO - Running default scraper on KT_FR > https://geo.fr.ch/ags/services/OpenData/Stations_d_epuration/MapServer/WFSServer?request=GetCapabilities&service=WFS (source 959/1467)
2026-01-11 06:28:28,612 - Scraping log - scraper.py > get_service_info(): Line 378 - ERROR - KT_FR > https://geo.fr.ch/ags/services/OpenData/Stations_d_epuration/MapServer/WFSServer?request=GetCapabilities&service=WFS: mismatched tag: line 1, column 907
2026-01-11 06:28:28,612 - Scraping log - scraper.py >         <module>(): Line 751 - INFO - Running default scraper on KT_FR > https://geo.fr.ch/ags/services/OpenData/Stations_de_fecondation_des_abeilles/MapServer/WFSServer?request=GetCapabilities&service=WFS (source 960/1467)
2026-01-11 06:28:31,908 - Scraping log - scraper.py >         <module>(): Line 751 - INFO - Running default scraper on KT_FR > https://geo.fr.ch/ags/services/OpenData/Stations_forestieres/MapServer/WFSServer?request=GetCapabilities&service=WFS (source 961/1467)
2026-01-11 06:28:35,415 - Scraping log - scraper.py >         <module>(): Line 751 - INFO - Running default scraper on KT_FR > https://geo.fr.ch/ags/services/OpenData/Stations_meteo_degres_jours_et_temperatures_moyennes/MapServer/WFSServer?request=GetCapabilities&service=WFS (source 962/1467)
2026-01-11 06:28:35,824 - Scraping log - scraper.py >         <module>(): Line 759 - WARNING - Scraping KT_FR > https://geo.fr.ch/ags/services/OpenData/Stations_meteo_degres_jours_et_temperatures_moyennes/MapServer/WFSServer?request=GetCapabilities&service=WFS aborted
2026-01-11 06:28:35,824 - Scraping log - scraper.py >         <module>(): Line 751 - INFO - Running default scraper on KT_FR > https://geo.fr.ch/ags/services/OpenData/Statuts_des_donnees_descriptives/MapServer/WFSServer?request=GetCapabilities&service=WFS (source 963/1467)
2026-01-11 06:28:39,118 - Scraping log - scraper.py >         <module>(): Line 751 - INFO - Running default scraper on KT_FR > https://geo.fr.ch/ags/services/OpenData/Statuts_des_immeubles_en_vigueur/MapServer/WFSServer?request=GetCapabilities&service=WFS (source 964/1467)
2026-01-11 06:28:42,844 - Scraping log - scraper.py >         <module>(): Line 751 - INFO - Running default scraper on KT_FR > https://geo.fr.ch/ags/services/OpenData/Statuts_des_immeubles_projetes/MapServer/WFSServer?request=GetCapabilities&service=WFS (source 965/1467)
2026-01-11 06:28:46,293 - Scraping log - scraper.py >         <module>(): Line 751 - INFO - Running default scraper on KT_FR > https://geo.fr.ch/ags/services/OpenData/Structures_d_accueil/MapServer/WFSServer?request=GetCapabilities&service=WFS (source 966/1467)
2026-01-11 06:28:49,909 - Scraping log - scraper.py >         <module>(): Line 751 - INFO - Running default scraper on KT_FR > https://geo.fr.ch/ags/services/OpenData/Structures_d_activites_de_promotion_enfance_jeunesse/MapServer/WFSServer?request=GetCapabilities&service=WFS (source 967/1467)
2026-01-11 06:28:53,581 - Scraping log - scraper.py >         <module>(): Line 751 - INFO - Running default scraper on KT_FR > https://geo.fr.ch/ags/services/OpenData/Surface_agricole_utile/MapServer/WFSServer?request=GetCapabilities&service=WFS (source 968/1467)
2026-01-11 06:28:53,995 - Scraping log - scraper.py >         <module>(): Line 759 - WARNING - Scraping KT_FR > https://geo.fr.ch/ags/services/OpenData/Surface_agricole_utile/MapServer/WFSServer?request=GetCapabilities&service=WFS aborted
2026-01-11 06:28:53,995 - Scraping log - scraper.py >         <module>(): Line 751 - INFO - Running default scraper on KT_FR > https://geo.fr.ch/ags/services/OpenData/Surface_chaussee_routes_cantonales/MapServer/WFSServer?request=GetCapabilities&service=WFS (source 969/1467)
2026-01-11 06:28:57,335 - Scraping log - scraper.py >         <module>(): Line 751 - INFO - Running default scraper on KT_FR > https://geo.fr.ch/ags/services/OpenData/Surface_de_couverture_Sirenes_de_la_PCi/MapServer/WFSServer?request=GetCapabilities&service=WFS (source 970/1467)
2026-01-11 06:29:00,635 - Scraping log - scraper.py >         <module>(): Line 751 - INFO - Running default scraper on KT_FR > https://geo.fr.ch/ags/services/OpenData/Surfaces_a_aptitude_reduite_pour_la_culture_des_champs/MapServer/WFSServer?request=GetCapabilities&service=WFS (source 971/1467)
2026-01-11 06:29:03,958 - Scraping log - scraper.py >         <module>(): Line 751 - INFO - Running default scraper on KT_FR > https://geo.fr.ch/ags/services/OpenData/Surfaces_d_assolement/MapServer/WFSServer?request=GetCapabilities&service=WFS (source 972/1467)
2026-01-11 06:29:07,086 - Scraping log - scraper.py >         <module>(): Line 751 - INFO - Running default scraper on KT_FR > https://geo.fr.ch/ags/services/OpenData/Surfaces_de_promotion_de_la_biodiversite_SPB_I/MapServer/WFSServer?request=GetCapabilities&service=WFS (source 973/1467)
2026-01-11 06:29:10,331 - Scraping log - scraper.py >         <module>(): Line 751 - INFO - Running default scraper on KT_FR > https://geo.fr.ch/ags/services/OpenData/Surfaces_de_promotion_de_la_biodiversite_SPB_II_Estivage/MapServer/WFSServer?request=GetCapabilities&service=WFS (source 974/1467)
2026-01-11 06:29:13,761 - Scraping log - scraper.py >         <module>(): Line 751 - INFO - Running default scraper on KT_FR > https://geo.fr.ch/ags/services/OpenData/Surfaces_de_promotion_de_la_biodiversite_SPB_II_Plaine/MapServer/WFSServer?request=GetCapabilities&service=WFS (source 975/1467)
2026-01-11 06:29:17,397 - Scraping log - scraper.py >         <module>(): Line 751 - INFO - Running default scraper on KT_FR > https://geo.fr.ch/ags/services/OpenData/Syndicats_de_chemins_alpestres/MapServer/WFSServer?request=GetCapabilities&service=WFS (source 976/1467)
2026-01-11 06:29:21,223 - Scraping log - scraper.py >         <module>(): Line 751 - INFO - Running default scraper on KT_FR > https://geo.fr.ch/ags/services/OpenData/Talus_a_valeur_ecologique_routes_cantonales/MapServer/WFSServer?request=GetCapabilities&service=WFS (source 977/1467)
2026-01-11 06:29:25,082 - Scraping log - scraper.py >         <module>(): Line 751 - INFO - Running default scraper on KT_FR > https://geo.fr.ch/ags/services/OpenData/Terrains_en_pente/MapServer/WFSServer?request=GetCapabilities&service=WFS (source 978/1467)
2026-01-11 06:29:28,336 - Scraping log - scraper.py >         <module>(): Line 751 - INFO - Running default scraper on KT_FR > https://geo.fr.ch/ags/services/OpenData/Territoires_de_chasse_en_montagne/MapServer/WFSServer?request=GetCapabilities&service=WFS (source 979/1467)
2026-01-11 06:29:32,818 - Scraping log - scraper.py >         <module>(): Line 751 - INFO - Running default scraper on KT_FR > https://geo.fr.ch/ags/services/OpenData/Trafic_journalier_moyen/MapServer/WFSServer?request=GetCapabilities&service=WFS (source 980/1467)
2026-01-11 06:29:36,762 - Scraping log - scraper.py >         <module>(): Line 751 - INFO - Running default scraper on KT_FR > https://geo.fr.ch/ags/services/OpenData/Trafic_poids_lourds/MapServer/WFSServer?request=GetCapabilities&service=WFS (source 981/1467)
2026-01-11 06:29:40,498 - Scraping log - scraper.py >         <module>(): Line 751 - INFO - Running default scraper on KT_FR > https://geo.fr.ch/ags/services/OpenData/Triages_forestiers/MapServer/WFSServer?request=GetCapabilities&service=WFS (source 982/1467)
2026-01-11 06:29:44,036 - Scraping log - scraper.py >         <module>(): Line 751 - INFO - Running default scraper on KT_FR > https://geo.fr.ch/ags/services/OpenData/Troncons_de_rues_en_couleurs/MapServer/WFSServer?request=GetCapabilities&service=WFS (source 983/1467)
2026-01-11 06:29:47,194 - Scraping log - scraper.py >         <module>(): Line 751 - INFO - Running default scraper on KT_FR > https://geo.fr.ch/ags/services/OpenData/Troncons_de_rues/MapServer/WFSServer?request=GetCapabilities&service=WFS (source 984/1467)
2026-01-11 06:29:50,522 - Scraping log - scraper.py >         <module>(): Line 751 - INFO - Running default scraper on KT_FR > https://geo.fr.ch/ags/services/OpenData/Type_d_objet_ISOS___Ligne/MapServer/WFSServer?request=GetCapabilities&service=WFS (source 985/1467)
2026-01-11 06:29:53,941 - Scraping log - scraper.py >         <module>(): Line 751 - INFO - Running default scraper on KT_FR > https://geo.fr.ch/ags/services/OpenData/Type_d_objet_ISOS___Polygone/MapServer/WFSServer?request=GetCapabilities&service=WFS (source 986/1467)
2026-01-11 06:29:57,406 - Scraping log - scraper.py >         <module>(): Line 751 - INFO - Running default scraper on KT_FR > https://geo.fr.ch/ags/services/OpenData/Unites_d_exploitation/MapServer/WFSServer?request=GetCapabilities&service=WFS (source 987/1467)
2026-01-11 06:30:00,603 - Scraping log - scraper.py >         <module>(): Line 751 - INFO - Running default scraper on KT_FR > https://geo.fr.ch/ags/services/OpenData/Unites_de_gestion_des_forets_publiques/MapServer/WFSServer?request=GetCapabilities&service=WFS (source 988/1467)
2026-01-11 06:30:04,066 - Scraping log - scraper.py >         <module>(): Line 751 - INFO - Running default scraper on KT_FR > https://geo.fr.ch/ags/services/OpenData/Unites_pastorales_catholiques/MapServer/WFSServer?request=GetCapabilities&service=WFS (source 989/1467)
2026-01-11 06:30:07,654 - Scraping log - scraper.py >         <module>(): Line 751 - INFO - Running default scraper on KT_FR > https://geo.fr.ch/ags/services/OpenData/Vannes_AquaFri/MapServer/WFSServer?request=GetCapabilities&service=WFS (source 990/1467)
2026-01-11 06:30:11,102 - Scraping log - scraper.py >         <module>(): Line 751 - INFO - Running default scraper on KT_FR > https://geo.fr.ch/ags/services/OpenData/Vigne_en_production_AOC/MapServer/WFSServer?request=GetCapabilities&service=WFS (source 991/1467)
2026-01-11 06:30:14,424 - Scraping log - scraper.py >         <module>(): Line 751 - INFO - Running default scraper on KT_FR > https://geo.fr.ch/ags/services/OpenData/Vignobles_en_pente/MapServer/WFSServer?request=GetCapabilities&service=WFS (source 992/1467)
2026-01-11 06:30:17,978 - Scraping log - scraper.py >         <module>(): Line 751 - INFO - Running default scraper on KT_FR > https://geo.fr.ch/ags/services/OpenData/Voies_historiques_IVS/MapServer/WFSServer?request=GetCapabilities&service=WFS (source 993/1467)
2026-01-11 06:30:22,017 - Scraping log - scraper.py >         <module>(): Line 751 - INFO - Running default scraper on KT_FR > https://geo.fr.ch/ags/services/OpenData/Zones_a_batir_et_perimetre_d_habitat_a_maintenir_amenagement_local_PAZ/MapServer/WFSServer?request=GetCapabilities&service=WFS (source 994/1467)
2026-01-11 06:30:22,446 - Scraping log - scraper.py >         <module>(): Line 759 - WARNING - Scraping KT_FR > https://geo.fr.ch/ags/services/OpenData/Zones_a_batir_et_perimetre_d_habitat_a_maintenir_amenagement_local_PAZ/MapServer/WFSServer?request=GetCapabilities&service=WFS aborted
2026-01-11 06:30:22,446 - Scraping log - scraper.py >         <module>(): Line 751 - INFO - Running default scraper on KT_FR > https://geo.fr.ch/ags/services/OpenData/Zones_alluviales_d_importance_locale/MapServer/WFSServer?request=GetCapabilities&service=WFS (source 995/1467)
2026-01-11 06:30:25,690 - Scraping log - scraper.py >         <module>(): Line 751 - INFO - Running default scraper on KT_FR > https://geo.fr.ch/ags/services/OpenData/Zones_alluviales_d_importance_nationale/MapServer/WFSServer?request=GetCapabilities&service=WFS (source 996/1467)
2026-01-11 06:30:41,342 - Scraping log - scraper.py >         <module>(): Line 751 - INFO - Running default scraper on KT_FR > https://geo.fr.ch/ags/services/OpenData/Zones_alluviales/MapServer/WFSServer?request=GetCapabilities&service=WFS (source 997/1467)
2026-01-11 06:30:41,854 - Scraping log - scraper.py >         <module>(): Line 759 - WARNING - Scraping KT_FR > https://geo.fr.ch/ags/services/OpenData/Zones_alluviales/MapServer/WFSServer?request=GetCapabilities&service=WFS aborted
2026-01-11 06:30:41,854 - Scraping log - scraper.py >         <module>(): Line 751 - INFO - Running default scraper on KT_FR > https://geo.fr.ch/ags/services/OpenData/Zones_de_contribution_federale_MO/MapServer/WFSServer?request=GetCapabilities&service=WFS (source 998/1467)
2026-01-11 06:30:45,555 - Scraping log - scraper.py >         <module>(): Line 751 - INFO - Running default scraper on KT_FR > https://geo.fr.ch/ags/services/OpenData/Zones_de_desserte_de_l_approvisionnement_en_electricite/MapServer/WFSServer?request=GetCapabilities&service=WFS (source 999/1467)
2026-01-11 06:30:48,782 - Scraping log - scraper.py >         <module>(): Line 751 - INFO - Running default scraper on KT_FR > https://geo.fr.ch/ags/services/OpenData/Zones_de_protection_des_eaux_souterraines_RDPPF/MapServer/WFSServer?request=GetCapabilities&service=WFS (source 1000/1467)
2026-01-11 06:30:52,228 - Scraping log - scraper.py >         <module>(): Line 751 - INFO - Running default scraper on KT_FR > https://geo.fr.ch/ags/services/OpenData/Zones_de_recrutement_des_etablissements_primaires_francophones/MapServer/WFSServer?request=GetCapabilities&service=WFS (source 1001/1467)
2026-01-11 06:30:55,588 - Scraping log - scraper.py >         <module>(): Line 751 - INFO - Running default scraper on KT_FR > https://geo.fr.ch/ags/services/OpenData/Zones_de_recrutement_des_etablissements_primaires_germanophones/MapServer/WFSServer?request=GetCapabilities&service=WFS (source 1002/1467)
2026-01-11 06:30:59,104 - Scraping log - scraper.py >         <module>(): Line 751 - INFO - Running default scraper on KT_FR > https://geo.fr.ch/ags/services/OpenData/Zones_de_recrutement_des_etablissements_secondaires_francophones/MapServer/WFSServer?request=GetCapabilities&service=WFS (source 1003/1467)
2026-01-11 06:31:02,349 - Scraping log - scraper.py >         <module>(): Line 751 - INFO - Running default scraper on KT_FR > https://geo.fr.ch/ags/services/OpenData/Zones_de_recrutement_des_etablissements_secondaires_germanophones/MapServer/WFSServer?request=GetCapabilities&service=WFS (source 1004/1467)
2026-01-11 06:31:06,138 - Scraping log - scraper.py >         <module>(): Line 751 - INFO - Running default scraper on KT_FR > https://geo.fr.ch/ags/services/OpenData/Zones_de_tensions_negligeables/MapServer/WFSServer?request=GetCapabilities&service=WFS (source 1005/1467)
2026-01-11 06:31:09,331 - Scraping log - scraper.py >         <module>(): Line 751 - INFO - Running default scraper on KT_FR > https://geo.fr.ch/ags/services/OpenData/Zones_de_tranquillite/MapServer/WFSServer?request=GetCapabilities&service=WFS (source 1006/1467)
2026-01-11 06:31:12,666 - Scraping log - scraper.py >         <module>(): Line 751 - INFO - Running default scraper on KT_FR > https://geo.fr.ch/ags/services/OpenData/Zones_et_reserves_de_peche_cours_d_eau/MapServer/WFSServer?request=GetCapabilities&service=WFS (source 1007/1467)
2026-01-11 06:31:13,079 - Scraping log - scraper.py >         <module>(): Line 759 - WARNING - Scraping KT_FR > https://geo.fr.ch/ags/services/OpenData/Zones_et_reserves_de_peche_cours_d_eau/MapServer/WFSServer?request=GetCapabilities&service=WFS aborted
2026-01-11 06:31:13,080 - Scraping log - scraper.py >         <module>(): Line 751 - INFO - Running default scraper on KT_FR > https://geo.fr.ch/ags/services/OpenData/Zones_et_reserves_de_peche_lacs/MapServer/WFSServer?request=GetCapabilities&service=WFS (source 1008/1467)
2026-01-11 06:31:13,589 - Scraping log - scraper.py >         <module>(): Line 759 - WARNING - Scraping KT_FR > https://geo.fr.ch/ags/services/OpenData/Zones_et_reserves_de_peche_lacs/MapServer/WFSServer?request=GetCapabilities&service=WFS aborted
2026-01-11 06:31:13,589 - Scraping log - scraper.py >         <module>(): Line 751 - INFO - Running default scraper on KT_FR > https://geo.fr.ch/ags/services/OpenData/Zones_humides_Ramsar/MapServer/WFSServer?request=GetCapabilities&service=WFS (source 1009/1467)
2026-01-11 06:31:17,274 - Scraping log - scraper.py >         <module>(): Line 751 - INFO - Running default scraper on KT_FR > https://geo.fr.ch/ags/services/OpenData/Zones_interdites_au_kitesurfing/MapServer/WFSServer?request=GetCapabilities&service=WFS (source 1010/1467)
2026-01-11 06:31:20,698 - Scraping log - scraper.py >         <module>(): Line 751 - INFO - Running default scraper on KT_FR > https://geo.fr.ch/ags/services/OpenData/Zones_reservees_des_routes_cantonales_RDPPF/MapServer/WFSServer?request=GetCapabilities&service=WFS (source 1011/1467)
2026-01-11 06:31:24,100 - Scraping log - scraper.py >         <module>(): Line 751 - INFO - Running default scraper on KT_FR > https://geo.fr.ch/ags/services/OpenData/Zones_reservees_RDPPF_affectation/MapServer/WFSServer?request=GetCapabilities&service=WFS (source 1012/1467)
2026-01-11 06:31:28,561 - Scraping log - scraper.py >         <module>(): Line 751 - INFO - Running default scraper on KT_FR > https://geo.fr.ch/ags/services/OpenData/Zones_superposees_de_protection_de_la_nature_et_du_paysage/MapServer/WFSServer?request=GetCapabilities&service=WFS (source 1013/1467)
2026-01-11 06:31:28,977 - Scraping log - scraper.py >         <module>(): Line 759 - WARNING - Scraping KT_FR > https://geo.fr.ch/ags/services/OpenData/Zones_superposees_de_protection_de_la_nature_et_du_paysage/MapServer/WFSServer?request=GetCapabilities&service=WFS aborted
2026-01-11 06:31:28,977 - Scraping log - scraper.py >         <module>(): Line 751 - INFO - Running default scraper on KT_FR > https://geo.fr.ch/ags/services/OpenData/Accidents_de_la_circulation_routiere/MapServer/WMSServer?request=GetCapabilities&service=WMS (source 1014/1467)
2026-01-11 06:31:32,212 - Scraping log - scraper.py >         <module>(): Line 751 - INFO - Running default scraper on KT_FR > https://geo.fr.ch/ags/services/OpenData/Accroissement_annuel_de_trafic_2015_2020/MapServer/WMSServer?request=GetCapabilities&service=WMS (source 1015/1467)
2026-01-11 06:31:34,627 - Scraping log - scraper.py >         <module>(): Line 751 - INFO - Running default scraper on KT_FR > https://geo.fr.ch/ags/services/OpenData/Admissibilite_des_sondes_geothermiques_SGV/MapServer/WMSServer?request=GetCapabilities&service=WMS (source 1016/1467)
2026-01-11 06:31:37,013 - Scraping log - scraper.py >         <module>(): Line 751 - INFO - Running default scraper on KT_FR > https://geo.fr.ch/ags/services/OpenData/Adresses_MO_RegBL_par_rue/MapServer/WMSServer?request=GetCapabilities&service=WMS (source 1017/1467)
2026-01-11 06:31:40,219 - Scraping log - scraper.py >         <module>(): Line 751 - INFO - Running default scraper on KT_FR > https://geo.fr.ch/ags/services/OpenData/Adresses_MO_RegBL_RegBAFR/MapServer/WMSServer?request=GetCapabilities&service=WMS (source 1018/1467)
2026-01-11 06:31:42,343 - Scraping log - scraper.py >         <module>(): Line 751 - INFO - Running default scraper on KT_FR > https://geo.fr.ch/ags/services/OpenData/Adresses_REGBL/MapServer/WMSServer?request=GetCapabilities&service=WMS (source 1019/1467)
2026-01-11 06:31:45,253 - Scraping log - scraper.py >         <module>(): Line 751 - INFO - Running default scraper on KT_FR > https://geo.fr.ch/ags/services/OpenData/Affectations_primaires_RDPPF_affectation/MapServer/WMSServer?request=GetCapabilities&service=WMS (source 1020/1467)
2026-01-11 06:31:48,811 - Scraping log - scraper.py >         <module>(): Line 751 - INFO - Running default scraper on KT_FR > https://geo.fr.ch/ags/services/OpenData/Amenagements_longitudinaux_plan_sectoriel_velo/MapServer/WMSServer?request=GetCapabilities&service=WMS (source 1021/1467)
2026-01-11 06:31:51,667 - Scraping log - scraper.py >         <module>(): Line 751 - INFO - Running default scraper on KT_FR > https://geo.fr.ch/ags/services/OpenData/Amenagements_ponctuels_plan_sectoriel_velo/MapServer/WMSServer?request=GetCapabilities&service=WMS (source 1022/1467)
2026-01-11 06:31:54,200 - Scraping log - scraper.py >         <module>(): Line 751 - INFO - Running default scraper on KT_FR > https://geo.fr.ch/ags/services/OpenData/Animation_socioculturelle_communale/MapServer/WMSServer?request=GetCapabilities&service=WMS (source 1023/1467)
2026-01-11 06:31:57,386 - Scraping log - scraper.py >         <module>(): Line 751 - INFO - Running default scraper on KT_FR > https://geo.fr.ch/ags/services/OpenData/Animation_socioculturelle_regionale/MapServer/WMSServer?request=GetCapabilities&service=WMS (source 1024/1467)
2026-01-11 06:31:59,925 - Scraping log - scraper.py >         <module>(): Line 751 - INFO - Running default scraper on KT_FR > https://geo.fr.ch/ags/services/OpenData/AOP_Emmental/MapServer/WMSServer?request=GetCapabilities&service=WMS (source 1025/1467)
2026-01-11 06:32:02,297 - Scraping log - scraper.py >         <module>(): Line 751 - INFO - Running default scraper on KT_FR > https://geo.fr.ch/ags/services/OpenData/AOP_Gruyere/MapServer/WMSServer?request=GetCapabilities&service=WMS (source 1026/1467)
2026-01-11 06:32:05,246 - Scraping log - scraper.py >         <module>(): Line 751 - INFO - Running default scraper on KT_FR > https://geo.fr.ch/ags/services/OpenData/AOP_Poire_a_botzi/MapServer/WMSServer?request=GetCapabilities&service=WMS (source 1027/1467)
2026-01-11 06:32:07,767 - Scraping log - scraper.py >         <module>(): Line 751 - INFO - Running default scraper on KT_FR > https://geo.fr.ch/ags/services/OpenData/AOP_Vacherin_fribourgeois/MapServer/WMSServer?request=GetCapabilities&service=WMS (source 1028/1467)
2026-01-11 06:32:10,257 - Scraping log - scraper.py >         <module>(): Line 751 - INFO - Running default scraper on KT_FR > https://geo.fr.ch/ags/services/OpenData/Aptitudes_climatiques/MapServer/WMSServer?request=GetCapabilities&service=WMS (source 1029/1467)
2026-01-11 06:32:13,122 - Scraping log - scraper.py >         <module>(): Line 751 - INFO - Running default scraper on KT_FR > https://geo.fr.ch/ags/services/OpenData/Aquiferes_de_l_inventaire_des_eaux_souterraines/MapServer/WMSServer?request=GetCapabilities&service=WMS (source 1030/1467)
2026-01-11 06:32:15,729 - Scraping log - scraper.py >         <module>(): Line 751 - INFO - Running default scraper on KT_FR > https://geo.fr.ch/ags/services/OpenData/Arbres_culture/MapServer/WMSServer?request=GetCapabilities&service=WMS (source 1031/1467)
2026-01-11 06:32:18,289 - Scraping log - scraper.py >         <module>(): Line 751 - INFO - Running default scraper on KT_FR > https://geo.fr.ch/ags/services/OpenData/Arbres_spectaculaires/MapServer/WMSServer?request=GetCapabilities&service=WMS (source 1032/1467)
2026-01-11 06:32:21,222 - Scraping log - scraper.py >         <module>(): Line 751 - INFO - Running default scraper on KT_FR > https://geo.fr.ch/ags/services/OpenData/Arrets_de_transport_public/MapServer/WMSServer?request=GetCapabilities&service=WMS (source 1033/1467)
2026-01-11 06:32:25,056 - Scraping log - scraper.py >         <module>(): Line 751 - INFO - Running default scraper on KT_FR > https://geo.fr.ch/ags/services/OpenData/Arrondissements_d_entretien_routes_cantonales/MapServer/WMSServer?request=GetCapabilities&service=WMS (source 1034/1467)
2026-01-11 06:32:28,231 - Scraping log - scraper.py >         <module>(): Line 751 - INFO - Running default scraper on KT_FR > https://geo.fr.ch/ags/services/OpenData/Arrondissements_d_inspectorat_ecoles/MapServer/WMSServer?request=GetCapabilities&service=WMS (source 1035/1467)
2026-01-11 06:32:30,731 - Scraping log - scraper.py >         <module>(): Line 751 - INFO - Running default scraper on KT_FR > https://geo.fr.ch/ags/services/OpenData/Arrondissements_forestiers/MapServer/WMSServer?request=GetCapabilities&service=WMS (source 1036/1467)
2026-01-11 06:32:33,128 - Scraping log - scraper.py >         <module>(): Line 751 - INFO - Running default scraper on KT_FR > https://geo.fr.ch/ags/services/OpenData/Assainissement_de_terrain_drainage/MapServer/WMSServer?request=GetCapabilities&service=WMS (source 1037/1467)
2026-01-11 06:32:35,691 - Scraping log - scraper.py >         <module>(): Line 751 - INFO - Running default scraper on KT_FR > https://geo.fr.ch/ags/services/OpenData/Associations_forestieres_remarquables/MapServer/WMSServer?request=GetCapabilities&service=WMS (source 1038/1467)
2026-01-11 06:32:38,524 - Scraping log - scraper.py >         <module>(): Line 751 - INFO - Running default scraper on KT_FR > https://geo.fr.ch/ags/services/OpenData/Axes_de_maintenance_SRB/MapServer/WMSServer?request=GetCapabilities&service=WMS (source 1039/1467)
2026-01-11 06:32:41,295 - Scraping log - scraper.py >         <module>(): Line 751 - INFO - Running default scraper on KT_FR > https://geo.fr.ch/ags/services/OpenData/Bandes_cyclables_routes_cantonales/MapServer/WMSServer?request=GetCapabilities&service=WMS (source 1040/1467)
2026-01-11 06:32:44,082 - Scraping log - scraper.py >         <module>(): Line 751 - INFO - Running default scraper on KT_FR > https://geo.fr.ch/ags/services/OpenData/Bas_marais_d_importance_locale/MapServer/WMSServer?request=GetCapabilities&service=WMS (source 1041/1467)
2026-01-11 06:32:46,857 - Scraping log - scraper.py >         <module>(): Line 751 - INFO - Running default scraper on KT_FR > https://geo.fr.ch/ags/services/OpenData/Bas_marais_d_importance_nationale/MapServer/WMSServer?request=GetCapabilities&service=WMS (source 1042/1467)
2026-01-11 06:32:49,362 - Scraping log - scraper.py >         <module>(): Line 751 - INFO - Running default scraper on KT_FR > https://geo.fr.ch/ags/services/OpenData/Bas_marais/MapServer/WMSServer?request=GetCapabilities&service=WMS (source 1043/1467)
2026-01-11 06:32:49,866 - Scraping log - scraper.py >         <module>(): Line 759 - WARNING - Scraping KT_FR > https://geo.fr.ch/ags/services/OpenData/Bas_marais/MapServer/WMSServer?request=GetCapabilities&service=WMS aborted
2026-01-11 06:32:49,866 - Scraping log - scraper.py >         <module>(): Line 751 - INFO - Running default scraper on KT_FR > https://geo.fr.ch/ags/services/OpenData/Batiments_exposes_aux_dangers_naturels_gravitaires___par_processus/MapServer/WMSServer?request=GetCapabilities&service=WMS (source 1044/1467)
2026-01-11 06:32:50,280 - Scraping log - scraper.py >         <module>(): Line 759 - WARNING - Scraping KT_FR > https://geo.fr.ch/ags/services/OpenData/Batiments_exposes_aux_dangers_naturels_gravitaires___par_processus/MapServer/WMSServer?request=GetCapabilities&service=WMS aborted
2026-01-11 06:32:50,280 - Scraping log - scraper.py >         <module>(): Line 751 - INFO - Running default scraper on KT_FR > https://geo.fr.ch/ags/services/OpenData/Batiments_MO_RegBL_par_rue/MapServer/WMSServer?request=GetCapabilities&service=WMS (source 1045/1467)
2026-01-11 06:32:52,899 - Scraping log - scraper.py >         <module>(): Line 751 - INFO - Running default scraper on KT_FR > https://geo.fr.ch/ags/services/OpenData/Batiments_MO_RegBL_RegBAFR/MapServer/WMSServer?request=GetCapabilities&service=WMS (source 1046/1467)
2026-01-11 06:32:55,169 - Scraping log - scraper.py >         <module>(): Line 751 - INFO - Running default scraper on KT_FR > https://geo.fr.ch/ags/services/OpenData/Batraciens_et_trafic_routier/MapServer/WMSServer?request=GetCapabilities&service=WMS (source 1047/1467)
2026-01-11 06:32:55,581 - Scraping log - scraper.py >         <module>(): Line 759 - WARNING - Scraping KT_FR > https://geo.fr.ch/ags/services/OpenData/Batraciens_et_trafic_routier/MapServer/WMSServer?request=GetCapabilities&service=WMS aborted
2026-01-11 06:32:55,581 - Scraping log - scraper.py >         <module>(): Line 751 - INFO - Running default scraper on KT_FR > https://geo.fr.ch/ags/services/OpenData/Belastete_Standorte_Ablagerungsstandorte/MapServer/WMSServer?request=GetCapabilities&service=WMS (source 1048/1467)
2026-01-11 06:32:58,029 - Scraping log - scraper.py >         <module>(): Line 751 - INFO - Running default scraper on KT_FR > https://geo.fr.ch/ags/services/OpenData/Belastete_Standorte_Betriebsstandorte/MapServer/WMSServer?request=GetCapabilities&service=WMS (source 1049/1467)
2026-01-11 06:33:00,573 - Scraping log - scraper.py >         <module>(): Line 751 - INFO - Running default scraper on KT_FR > https://geo.fr.ch/ags/services/OpenData/Belastete_Standorte_Schiessanlagen/MapServer/WMSServer?request=GetCapabilities&service=WMS (source 1050/1467)
2026-01-11 06:33:03,110 - Scraping log - scraper.py >         <module>(): Line 751 - INFO - Running default scraper on KT_FR > https://geo.fr.ch/ags/services/OpenData/Belastete_Standorte_Unfallstandorte/MapServer/WMSServer?request=GetCapabilities&service=WMS (source 1051/1467)
2026-01-11 06:33:05,381 - Scraping log - scraper.py >         <module>(): Line 751 - INFO - Running default scraper on KT_FR > https://geo.fr.ch/ags/services/OpenData/Biens_culturels_immeubles_proteges_RBCI_SBC/MapServer/WMSServer?request=GetCapabilities&service=WMS (source 1052/1467)
2026-01-11 06:33:08,308 - Scraping log - scraper.py >         <module>(): Line 751 - INFO - Running default scraper on KT_FR > https://geo.fr.ch/ags/services/OpenData/Biens_culturels_immeubles_recenses_RBCI_SBC/MapServer/WMSServer?request=GetCapabilities&service=WMS (source 1053/1467)
2026-01-11 06:33:10,602 - Scraping log - scraper.py >         <module>(): Line 751 - INFO - Running default scraper on KT_FR > https://geo.fr.ch/ags/services/OpenData/Blocs_erratiques_d_importance_cantonale_Etude_de_base/MapServer/WMSServer?request=GetCapabilities&service=WMS (source 1054/1467)
2026-01-11 06:33:13,010 - Scraping log - scraper.py >         <module>(): Line 751 - INFO - Running default scraper on KT_FR > https://geo.fr.ch/ags/services/OpenData/Bornes_historiques/MapServer/WMSServer?request=GetCapabilities&service=WMS (source 1055/1467)
2026-01-11 06:33:15,453 - Scraping log - scraper.py >         <module>(): Line 751 - INFO - Running default scraper on KT_FR > https://geo.fr.ch/ags/services/OpenData/Cadastre_des_evenements_StorMe/MapServer/WMSServer?request=GetCapabilities&service=WMS (source 1056/1467)
2026-01-11 06:33:15,958 - Scraping log - scraper.py >         <module>(): Line 759 - WARNING - Scraping KT_FR > https://geo.fr.ch/ags/services/OpenData/Cadastre_des_evenements_StorMe/MapServer/WMSServer?request=GetCapabilities&service=WMS aborted
2026-01-11 06:33:15,959 - Scraping log - scraper.py >         <module>(): Line 751 - INFO - Running default scraper on KT_FR > https://geo.fr.ch/ags/services/OpenData/Cadastre_des_sites_pollues_RDPPF/MapServer/WMSServer?request=GetCapabilities&service=WMS (source 1057/1467)
2026-01-11 06:33:18,476 - Scraping log - scraper.py >         <module>(): Line 751 - INFO - Running default scraper on KT_FR > https://geo.fr.ch/ags/services/OpenData/Canton/MapServer/WMSServer?request=GetCapabilities&service=WMS (source 1058/1467)
2026-01-11 06:33:21,039 - Scraping log - scraper.py >         <module>(): Line 751 - INFO - Running default scraper on KT_FR > https://geo.fr.ch/ags/services/OpenData/Captages_AquaFri/MapServer/WMSServer?request=GetCapabilities&service=WMS (source 1059/1467)
2026-01-11 06:33:26,096 - Scraping log - scraper.py >         <module>(): Line 751 - INFO - Running default scraper on KT_FR > https://geo.fr.ch/ags/services/OpenData/Carte_de_danger___Avalanches/MapServer/WMSServer?request=GetCapabilities&service=WMS (source 1060/1467)
2026-01-11 06:33:28,896 - Scraping log - scraper.py >         <module>(): Line 751 - INFO - Running default scraper on KT_FR > https://geo.fr.ch/ags/services/OpenData/Carte_de_danger___Chutes_de_pierres___blocs/MapServer/WMSServer?request=GetCapabilities&service=WMS (source 1061/1467)
2026-01-11 06:33:29,409 - Scraping log - scraper.py >         <module>(): Line 759 - WARNING - Scraping KT_FR > https://geo.fr.ch/ags/services/OpenData/Carte_de_danger___Chutes_de_pierres___blocs/MapServer/WMSServer?request=GetCapabilities&service=WMS aborted
2026-01-11 06:33:29,409 - Scraping log - scraper.py >         <module>(): Line 751 - INFO - Running default scraper on KT_FR > https://geo.fr.ch/ags/services/OpenData/Carte_de_danger___Chutes_de_pierres__blocs/MapServer/WMSServer?request=GetCapabilities&service=WMS (source 1062/1467)
2026-01-11 06:33:29,834 - Scraping log - scraper.py >         <module>(): Line 759 - WARNING - Scraping KT_FR > https://geo.fr.ch/ags/services/OpenData/Carte_de_danger___Chutes_de_pierres__blocs/MapServer/WMSServer?request=GetCapabilities&service=WMS aborted
2026-01-11 06:33:29,834 - Scraping log - scraper.py >         <module>(): Line 751 - INFO - Running default scraper on KT_FR > https://geo.fr.ch/ags/services/OpenData/Carte_de_danger___Crues/MapServer/WMSServer?request=GetCapabilities&service=WMS (source 1063/1467)
2026-01-11 06:33:32,330 - Scraping log - scraper.py >         <module>(): Line 751 - INFO - Running default scraper on KT_FR > https://geo.fr.ch/ags/services/OpenData/Carte_de_danger___Effondrements_de_falaise/MapServer/WMSServer?request=GetCapabilities&service=WMS (source 1064/1467)
2026-01-11 06:33:35,023 - Scraping log - scraper.py >         <module>(): Line 751 - INFO - Running default scraper on KT_FR > https://geo.fr.ch/ags/services/OpenData/Carte_de_danger___Glissements_de_terrain/MapServer/WMSServer?request=GetCapabilities&service=WMS (source 1065/1467)
2026-01-11 06:33:35,440 - Scraping log - scraper.py >         <module>(): Line 759 - WARNING - Scraping KT_FR > https://geo.fr.ch/ags/services/OpenData/Carte_de_danger___Glissements_de_terrain/MapServer/WMSServer?request=GetCapabilities&service=WMS aborted
2026-01-11 06:33:35,440 - Scraping log - scraper.py >         <module>(): Line 751 - INFO - Running default scraper on KT_FR > https://geo.fr.ch/ags/services/OpenData/Carte_de_danger___Laves_torrentielles/MapServer/WMSServer?request=GetCapabilities&service=WMS (source 1066/1467)
2026-01-11 06:33:37,905 - Scraping log - scraper.py >         <module>(): Line 751 - INFO - Running default scraper on KT_FR > https://geo.fr.ch/ags/services/OpenData/Carte_de_protection_des_eaux/MapServer/WMSServer?request=GetCapabilities&service=WMS (source 1067/1467)
2026-01-11 06:33:40,509 - Scraping log - scraper.py >         <module>(): Line 751 - INFO - Running default scraper on KT_FR > https://geo.fr.ch/ags/services/OpenData/Carte_des_sols_de_fondation/MapServer/WMSServer?request=GetCapabilities&service=WMS (source 1068/1467)
2026-01-11 06:33:43,047 - Scraping log - scraper.py >         <module>(): Line 751 - INFO - Running default scraper on KT_FR > https://geo.fr.ch/ags/services/OpenData/Categorie_de_protection_ISOS/MapServer/WMSServer?request=GetCapabilities&service=WMS (source 1069/1467)
2026-01-11 06:33:45,794 - Scraping log - scraper.py >         <module>(): Line 751 - INFO - Running default scraper on KT_FR > https://geo.fr.ch/ags/services/OpenData/Centrales_MCT_AquaFri/MapServer/WMSServer?request=GetCapabilities&service=WMS (source 1070/1467)
2026-01-11 06:33:48,176 - Scraping log - scraper.py >         <module>(): Line 751 - INFO - Running default scraper on KT_FR > https://geo.fr.ch/ags/services/OpenData/Centres_d_exploitation_agricole/MapServer/WMSServer?request=GetCapabilities&service=WMS (source 1071/1467)
2026-01-11 06:33:50,648 - Scraping log - scraper.py >         <module>(): Line 751 - INFO - Running default scraper on KT_FR > https://geo.fr.ch/ags/services/OpenData/Centres_forestiers/MapServer/WMSServer?request=GetCapabilities&service=WMS (source 1072/1467)
2026-01-11 06:33:53,441 - Scraping log - scraper.py >         <module>(): Line 751 - INFO - Running default scraper on KT_FR > https://geo.fr.ch/ags/services/OpenData/Cercles_electoraux_des_anciennes_paroisses_catholiques/MapServer/WMSServer?request=GetCapabilities&service=WMS (source 1073/1467)
2026-01-11 06:33:55,809 - Scraping log - scraper.py >         <module>(): Line 751 - INFO - Running default scraper on KT_FR > https://geo.fr.ch/ags/services/OpenData/Cercles_scolaires_primaires_francophones/MapServer/WMSServer?request=GetCapabilities&service=WMS (source 1074/1467)
2026-01-11 06:33:58,348 - Scraping log - scraper.py >         <module>(): Line 751 - INFO - Running default scraper on KT_FR > https://geo.fr.ch/ags/services/OpenData/Cercles_scolaires_primaires_germanophones/MapServer/WMSServer?request=GetCapabilities&service=WMS (source 1075/1467)
2026-01-11 06:34:00,958 - Scraping log - scraper.py >         <module>(): Line 751 - INFO - Running default scraper on KT_FR > https://geo.fr.ch/ags/services/OpenData/Cercles_scolaires_secondaires_francophones/MapServer/WMSServer?request=GetCapabilities&service=WMS (source 1076/1467)
2026-01-11 06:34:03,698 - Scraping log - scraper.py >         <module>(): Line 751 - INFO - Running default scraper on KT_FR > https://geo.fr.ch/ags/services/OpenData/Cercles_scolaires_secondaires_germanophones/MapServer/WMSServer?request=GetCapabilities&service=WMS (source 1077/1467)
2026-01-11 06:34:06,358 - Scraping log - scraper.py >         <module>(): Line 751 - INFO - Running default scraper on KT_FR > https://geo.fr.ch/ags/services/OpenData/Chalets_d_alpage_recenses_SBC/MapServer/WMSServer?request=GetCapabilities&service=WMS (source 1078/1467)
2026-01-11 06:34:09,004 - Scraping log - scraper.py >         <module>(): Line 751 - INFO - Running default scraper on KT_FR > https://geo.fr.ch/ags/services/OpenData/Chalets_d_alpage_recenses/MapServer/WMSServer?request=GetCapabilities&service=WMS (source 1079/1467)
2026-01-11 06:34:09,527 - Scraping log - scraper.py >         <module>(): Line 759 - WARNING - Scraping KT_FR > https://geo.fr.ch/ags/services/OpenData/Chalets_d_alpage_recenses/MapServer/WMSServer?request=GetCapabilities&service=WMS aborted
2026-01-11 06:34:09,527 - Scraping log - scraper.py >         <module>(): Line 751 - INFO - Running default scraper on KT_FR > https://geo.fr.ch/ags/services/OpenData/Chambres_AquaFri/MapServer/WMSServer?request=GetCapabilities&service=WMS (source 1080/1467)
2026-01-11 06:34:11,946 - Scraping log - scraper.py >         <module>(): Line 751 - INFO - Running default scraper on KT_FR > https://geo.fr.ch/ags/services/OpenData/Chemins_de_randonnee_pedestre/MapServer/WMSServer?request=GetCapabilities&service=WMS (source 1081/1467)
2026-01-11 06:34:14,450 - Scraping log - scraper.py >         <module>(): Line 751 - INFO - Running default scraper on KT_FR > https://geo.fr.ch/ags/services/OpenData/Chroniques_archeologiques/MapServer/WMSServer?request=GetCapabilities&service=WMS (source 1082/1467)
2026-01-11 06:34:17,222 - Scraping log - scraper.py >         <module>(): Line 751 - INFO - Running default scraper on KT_FR > https://geo.fr.ch/ags/services/OpenData/Circonscriptions_des_gardes_faune/MapServer/WMSServer?request=GetCapabilities&service=WMS (source 1083/1467)
2026-01-11 06:34:19,328 - Scraping log - scraper.py >         <module>(): Line 751 - INFO - Running default scraper on KT_FR > https://geo.fr.ch/ags/services/OpenData/Collecteurs_fonction_canalisations_routes_cantonales/MapServer/WMSServer?request=GetCapabilities&service=WMS (source 1084/1467)
2026-01-11 06:34:27,357 - Scraping log - scraper.py >         <module>(): Line 751 - INFO - Running default scraper on KT_FR > https://geo.fr.ch/ags/services/OpenData/Collecteurs_proprietaire_canalisations_routes_cantonales/MapServer/WMSServer?request=GetCapabilities&service=WMS (source 1085/1467)
2026-01-11 06:34:31,403 - Scraping log - scraper.py >         <module>(): Line 751 - INFO - Running default scraper on KT_FR > https://geo.fr.ch/ags/services/OpenData/Colonies_de_bouquetins/MapServer/WMSServer?request=GetCapabilities&service=WMS (source 1086/1467)
2026-01-11 06:34:33,706 - Scraping log - scraper.py >         <module>(): Line 751 - INFO - Running default scraper on KT_FR > https://geo.fr.ch/ags/services/OpenData/Communes_partenaires_d_easyvote/MapServer/WMSServer?request=GetCapabilities&service=WMS (source 1087/1467)
2026-01-11 06:34:36,127 - Scraping log - scraper.py >         <module>(): Line 751 - INFO - Running default scraper on KT_FR > https://geo.fr.ch/ags/services/OpenData/Communes_partenaires_d_engage_ch/MapServer/WMSServer?request=GetCapabilities&service=WMS (source 1088/1467)
2026-01-11 06:34:39,035 - Scraping log - scraper.py >         <module>(): Line 751 - INFO - Running default scraper on KT_FR > https://geo.fr.ch/ags/services/OpenData/Communes/MapServer/WMSServer?request=GetCapabilities&service=WMS (source 1089/1467)
2026-01-11 06:34:41,238 - Scraping log - scraper.py >         <module>(): Line 751 - INFO - Running default scraper on KT_FR > https://geo.fr.ch/ags/services/OpenData/Conduites_AquaFri/MapServer/WMSServer?request=GetCapabilities&service=WMS (source 1090/1467)
2026-01-11 06:34:44,057 - Scraping log - scraper.py >         <module>(): Line 751 - INFO - Running default scraper on KT_FR > https://geo.fr.ch/ags/services/OpenData/Conduites/MapServer/WMSServer?request=GetCapabilities&service=WMS (source 1091/1467)
2026-01-11 06:34:46,615 - Scraping log - scraper.py >         <module>(): Line 751 - INFO - Running default scraper on KT_FR > https://geo.fr.ch/ags/services/OpenData/Conseil_d_enfants_ou_de_jeunes_projets_de_participation_politique/MapServer/WMSServer?request=GetCapabilities&service=WMS (source 1092/1467)
2026-01-11 06:34:49,246 - Scraping log - scraper.py >         <module>(): Line 751 - INFO - Running default scraper on KT_FR > https://geo.fr.ch/ags/services/OpenData/Contenus_lineaires_RDPPF_affectation/MapServer/WMSServer?request=GetCapabilities&service=WMS (source 1093/1467)
2026-01-11 06:34:52,454 - Scraping log - scraper.py >         <module>(): Line 751 - INFO - Running default scraper on KT_FR > https://geo.fr.ch/ags/services/OpenData/Contenus_ponctuels_RDPPF_affectation/MapServer/WMSServer?request=GetCapabilities&service=WMS (source 1094/1467)
2026-01-11 06:34:55,715 - Scraping log - scraper.py >         <module>(): Line 751 - INFO - Running default scraper on KT_FR > https://geo.fr.ch/ags/services/OpenData/Contrats_d_exploitation_en_vertu_de_la_loi_sur_la_protection_de_la_nature/MapServer/WMSServer?request=GetCapabilities&service=WMS (source 1095/1467)
2026-01-11 06:34:58,032 - Scraping log - scraper.py >         <module>(): Line 751 - INFO - Running default scraper on KT_FR > https://geo.fr.ch/ags/services/OpenData/Corridors_a_faune/MapServer/WMSServer?request=GetCapabilities&service=WMS (source 1096/1467)
2026-01-11 06:35:00,369 - Scraping log - scraper.py >         <module>(): Line 751 - INFO - Running default scraper on KT_FR > https://geo.fr.ch/ags/services/OpenData/Couverture_des_places_protegees_dans_le_canton/MapServer/WMSServer?request=GetCapabilities&service=WMS (source 1097/1467)
2026-01-11 06:35:02,946 - Scraping log - scraper.py >         <module>(): Line 751 - INFO - Running default scraper on KT_FR > https://geo.fr.ch/ags/services/OpenData/Couverture_du_sol/MapServer/WMSServer?request=GetCapabilities&service=WMS (source 1098/1467)
2026-01-11 06:35:05,983 - Scraping log - scraper.py >         <module>(): Line 751 - INFO - Running default scraper on KT_FR > https://geo.fr.ch/ags/services/OpenData/Cultures/MapServer/WMSServer?request=GetCapabilities&service=WMS (source 1099/1467)
2026-01-11 06:35:06,504 - Scraping log - scraper.py >         <module>(): Line 759 - WARNING - Scraping KT_FR > https://geo.fr.ch/ags/services/OpenData/Cultures/MapServer/WMSServer?request=GetCapabilities&service=WMS aborted
2026-01-11 06:35:06,504 - Scraping log - scraper.py >         <module>(): Line 751 - INFO - Running default scraper on KT_FR > https://geo.fr.ch/ags/services/OpenData/Decoupage_du_MNS_swissSURFACE3D_Raster_pour_telechargement_par_tuile/MapServer/WMSServer?request=GetCapabilities&service=WMS (source 1100/1467)
2026-01-11 06:35:08,996 - Scraping log - scraper.py >         <module>(): Line 751 - INFO - Running default scraper on KT_FR > https://geo.fr.ch/ags/services/OpenData/Decoupage_du_MNT_swissALTI3D_pour_telechargement_par_tuile/MapServer/WMSServer?request=GetCapabilities&service=WMS (source 1101/1467)
2026-01-11 06:35:12,435 - Scraping log - scraper.py >         <module>(): Line 751 - INFO - Running default scraper on KT_FR > https://geo.fr.ch/ags/services/OpenData/Decoupage_du_nuage_de_points_classifies_swissSURFACE3D_pour_telechargement_par_tuile/MapServer/WMSServer?request=GetCapabilities&service=WMS (source 1102/1467)
2026-01-11 06:35:15,063 - Scraping log - scraper.py >         <module>(): Line 751 - INFO - Running default scraper on KT_FR > https://geo.fr.ch/ags/services/OpenData/Degre_de_sensibilite_au_bruit_dans_les_zones_d_affectation_RDPPF/MapServer/WMSServer?request=GetCapabilities&service=WMS (source 1103/1467)
2026-01-11 06:35:17,500 - Scraping log - scraper.py >         <module>(): Line 751 - INFO - Running default scraper on KT_FR > https://geo.fr.ch/ags/services/OpenData/Demandes_de_permis_de_construire_en_traitement/MapServer/WMSServer?request=GetCapabilities&service=WMS (source 1104/1467)
2026-01-11 06:35:20,165 - Scraping log - scraper.py >         <module>(): Line 751 - INFO - Running default scraper on KT_FR > https://geo.fr.ch/ags/services/OpenData/Depots_d_entretien_routes_cantonales/MapServer/WMSServer?request=GetCapabilities&service=WMS (source 1105/1467)
2026-01-11 06:35:23,572 - Scraping log - scraper.py >         <module>(): Line 751 - INFO - Running default scraper on KT_FR > https://geo.fr.ch/ags/services/OpenData/Disponibilite_cadastre_RDPPF_par_commune/MapServer/WMSServer?request=GetCapabilities&service=WMS (source 1106/1467)
2026-01-11 06:35:23,985 - Scraping log - scraper.py >         <module>(): Line 759 - WARNING - Scraping KT_FR > https://geo.fr.ch/ags/services/OpenData/Disponibilite_cadastre_RDPPF_par_commune/MapServer/WMSServer?request=GetCapabilities&service=WMS aborted
2026-01-11 06:35:23,985 - Scraping log - scraper.py >         <module>(): Line 751 - INFO - Running default scraper on KT_FR > https://geo.fr.ch/ags/services/OpenData/Distances_par_rapport_a_la_foret_RDPPF/MapServer/WMSServer?request=GetCapabilities&service=WMS (source 1107/1467)
2026-01-11 06:35:26,535 - Scraping log - scraper.py >         <module>(): Line 751 - INFO - Running default scraper on KT_FR > https://geo.fr.ch/ags/services/OpenData/Distances_par_rapport_a_la_foret/MapServer/WMSServer?request=GetCapabilities&service=WMS (source 1108/1467)
2026-01-11 06:35:26,948 - Scraping log - scraper.py >         <module>(): Line 759 - WARNING - Scraping KT_FR > https://geo.fr.ch/ags/services/OpenData/Distances_par_rapport_a_la_foret/MapServer/WMSServer?request=GetCapabilities&service=WMS aborted
2026-01-11 06:35:26,948 - Scraping log - scraper.py >         <module>(): Line 751 - INFO - Running default scraper on KT_FR > https://geo.fr.ch/ags/services/OpenData/Districts_francs/MapServer/WMSServer?request=GetCapabilities&service=WMS (source 1109/1467)
2026-01-11 06:35:29,491 - Scraping log - scraper.py >         <module>(): Line 751 - INFO - Running default scraper on KT_FR > https://geo.fr.ch/ags/services/OpenData/Districts/MapServer/WMSServer?request=GetCapabilities&service=WMS (source 1110/1467)
2026-01-11 06:35:31,962 - Scraping log - scraper.py >         <module>(): Line 751 - INFO - Running default scraper on KT_FR > https://geo.fr.ch/ags/services/OpenData/Donnees_FRIBO_sol_agricole/MapServer/WMSServer?request=GetCapabilities&service=WMS (source 1111/1467)
2026-01-11 06:35:34,832 - Scraping log - scraper.py >         <module>(): Line 751 - INFO - Running default scraper on KT_FR > https://geo.fr.ch/ags/services/OpenData/Ecoles_primaires_batiments/MapServer/WMSServer?request=GetCapabilities&service=WMS (source 1112/1467)
2026-01-11 06:35:37,748 - Scraping log - scraper.py >         <module>(): Line 751 - INFO - Running default scraper on KT_FR > https://geo.fr.ch/ags/services/OpenData/Ecoles_secondaires_batiments/MapServer/WMSServer?request=GetCapabilities&service=WMS (source 1113/1467)
2026-01-11 06:35:40,282 - Scraping log - scraper.py >         <module>(): Line 751 - INFO - Running default scraper on KT_FR > https://geo.fr.ch/ags/services/OpenData/EGID_REGBL/MapServer/WMSServer?request=GetCapabilities&service=WMS (source 1114/1467)
2026-01-11 06:35:42,998 - Scraping log - scraper.py >         <module>(): Line 751 - INFO - Running default scraper on KT_FR > https://geo.fr.ch/ags/services/OpenData/Elements_superposes_de_type_affectation_RDPPF_affectation/MapServer/WMSServer?request=GetCapabilities&service=WMS (source 1115/1467)
2026-01-11 06:35:45,943 - Scraping log - scraper.py >         <module>(): Line 751 - INFO - Running default scraper on KT_FR > https://geo.fr.ch/ags/services/OpenData/Elements_superposes_de_type_protection_RDPPF_affectation/MapServer/WMSServer?request=GetCapabilities&service=WMS (source 1116/1467)
2026-01-11 06:35:48,523 - Scraping log - scraper.py >         <module>(): Line 751 - INFO - Running default scraper on KT_FR > https://geo.fr.ch/ags/services/OpenData/Emplacement_des_barrieres_a_batraciens/MapServer/WMSServer?request=GetCapabilities&service=WMS (source 1117/1467)
2026-01-11 06:35:50,909 - Scraping log - scraper.py >         <module>(): Line 751 - INFO - Running default scraper on KT_FR > https://geo.fr.ch/ags/services/OpenData/Entites_paysageres_CQP/MapServer/WMSServer?request=GetCapabilities&service=WMS (source 1118/1467)
2026-01-11 06:35:53,557 - Scraping log - scraper.py >         <module>(): Line 751 - INFO - Running default scraper on KT_FR > https://geo.fr.ch/ags/services/OpenData/Entreprises_approuvees/MapServer/WMSServer?request=GetCapabilities&service=WMS (source 1119/1467)
2026-01-11 06:35:55,973 - Scraping log - scraper.py >         <module>(): Line 751 - INFO - Running default scraper on KT_FR > https://geo.fr.ch/ags/services/OpenData/Entreprises_en_cours/MapServer/WMSServer?request=GetCapabilities&service=WMS (source 1120/1467)
2026-01-11 06:35:58,278 - Scraping log - scraper.py >         <module>(): Line 751 - INFO - Running default scraper on KT_FR > https://geo.fr.ch/ags/services/OpenData/Entreprises_planifiees/MapServer/WMSServer?request=GetCapabilities&service=WMS (source 1121/1467)
2026-01-11 06:36:01,870 - Scraping log - scraper.py >         <module>(): Line 751 - INFO - Running default scraper on KT_FR > https://geo.fr.ch/ags/services/OpenData/Equipes_d_arrondissement_routes_cantonales/MapServer/WMSServer?request=GetCapabilities&service=WMS (source 1122/1467)
2026-01-11 06:36:02,277 - Scraping log - scraper.py >         <module>(): Line 759 - WARNING - Scraping KT_FR > https://geo.fr.ch/ags/services/OpenData/Equipes_d_arrondissement_routes_cantonales/MapServer/WMSServer?request=GetCapabilities&service=WMS aborted
2026-01-11 06:36:02,277 - Scraping log - scraper.py >         <module>(): Line 751 - INFO - Running default scraper on KT_FR > https://geo.fr.ch/ags/services/OpenData/Etat_des_cartes_de_dangers/MapServer/WMSServer?request=GetCapabilities&service=WMS (source 1123/1467)
2026-01-11 06:36:05,077 - Scraping log - scraper.py >         <module>(): Line 751 - INFO - Running default scraper on KT_FR > https://geo.fr.ch/ags/services/OpenData/Etat_du_registre_foncier/MapServer/WMSServer?request=GetCapabilities&service=WMS (source 1124/1467)
2026-01-11 06:36:07,644 - Scraping log - scraper.py >         <module>(): Line 751 - INFO - Running default scraper on KT_FR > https://geo.fr.ch/ags/services/OpenData/Etudes_geologiques_geotechniques/MapServer/WMSServer?request=GetCapabilities&service=WMS (source 1125/1467)
2026-01-11 06:36:12,169 - Scraping log - scraper.py >         <module>(): Line 751 - INFO - Running default scraper on KT_FR > https://geo.fr.ch/ags/services/OpenData/Exploitations_de_materiaux_et_decharges/MapServer/WMSServer?request=GetCapabilities&service=WMS (source 1126/1467)
2026-01-11 06:36:14,789 - Scraping log - scraper.py >         <module>(): Line 751 - INFO - Running default scraper on KT_FR > https://geo.fr.ch/ags/services/OpenData/Forages_lies_a_des_constructions/MapServer/WMSServer?request=GetCapabilities&service=WMS (source 1127/1467)
2026-01-11 06:36:19,155 - Scraping log - scraper.py >         <module>(): Line 751 - INFO - Running default scraper on KT_FR > https://geo.fr.ch/ags/services/OpenData/Forages_lies_a_des_sites_pollues/MapServer/WMSServer?request=GetCapabilities&service=WMS (source 1128/1467)
2026-01-11 06:36:22,245 - Scraping log - scraper.py >         <module>(): Line 751 - INFO - Running default scraper on KT_FR > https://geo.fr.ch/ags/services/OpenData/Forages_lies_a_des_sondes_geothermiques/MapServer/WMSServer?request=GetCapabilities&service=WMS (source 1129/1467)
2026-01-11 06:36:25,805 - Scraping log - scraper.py >         <module>(): Line 751 - INFO - Running default scraper on KT_FR > https://geo.fr.ch/ags/services/OpenData/Foret_de_protection_contre_les_dangers_naturels/MapServer/WMSServer?request=GetCapabilities&service=WMS (source 1130/1467)
2026-01-11 06:36:30,277 - Scraping log - scraper.py >         <module>(): Line 751 - INFO - Running default scraper on KT_FR > https://geo.fr.ch/ags/services/OpenData/Foret_en_zones_S_de_protection_des_eaux_souterraines/MapServer/WMSServer?request=GetCapabilities&service=WMS (source 1131/1467)
2026-01-11 06:36:30,685 - Scraping log - scraper.py >         <module>(): Line 759 - WARNING - Scraping KT_FR > https://geo.fr.ch/ags/services/OpenData/Foret_en_zones_S_de_protection_des_eaux_souterraines/MapServer/WMSServer?request=GetCapabilities&service=WMS aborted
2026-01-11 06:36:30,685 - Scraping log - scraper.py >         <module>(): Line 751 - INFO - Running default scraper on KT_FR > https://geo.fr.ch/ags/services/OpenData/Gazoducs_OPAM/MapServer/WMSServer?request=GetCapabilities&service=WMS (source 1132/1467)
2026-01-11 06:36:33,453 - Scraping log - scraper.py >         <module>(): Line 751 - INFO - Running default scraper on KT_FR > https://geo.fr.ch/ags/services/OpenData/Geotopes_d_importance_cantonale_GIC_Etude_de_base/MapServer/WMSServer?request=GetCapabilities&service=WMS (source 1133/1467)
2026-01-11 06:36:36,226 - Scraping log - scraper.py >         <module>(): Line 751 - INFO - Running default scraper on KT_FR > https://geo.fr.ch/ags/services/OpenData/Geotopes/MapServer/WMSServer?request=GetCapabilities&service=WMS (source 1134/1467)
2026-01-11 06:36:36,649 - Scraping log - scraper.py >         <module>(): Line 759 - WARNING - Scraping KT_FR > https://geo.fr.ch/ags/services/OpenData/Geotopes/MapServer/WMSServer?request=GetCapabilities&service=WMS aborted
2026-01-11 06:36:36,649 - Scraping log - scraper.py >         <module>(): Line 751 - INFO - Running default scraper on KT_FR > https://geo.fr.ch/ags/services/OpenData/Hauts_marais_d_importance_nationale/MapServer/WMSServer?request=GetCapabilities&service=WMS (source 1135/1467)
2026-01-11 06:36:39,067 - Scraping log - scraper.py >         <module>(): Line 751 - INFO - Running default scraper on KT_FR > https://geo.fr.ch/ags/services/OpenData/Hierarchie_du_reseau_cyclable_plan_sectoriel_velo/MapServer/WMSServer?request=GetCapabilities&service=WMS (source 1136/1467)
2026-01-11 06:36:41,740 - Scraping log - scraper.py >         <module>(): Line 751 - INFO - Running default scraper on KT_FR > https://geo.fr.ch/ags/services/OpenData/Horizons_sourciers_de_l_inventaire_des_eaux_souterraines/MapServer/WMSServer?request=GetCapabilities&service=WMS (source 1137/1467)
2026-01-11 06:36:44,421 - Scraping log - scraper.py >         <module>(): Line 751 - INFO - Running default scraper on KT_FR > https://geo.fr.ch/ags/services/OpenData/Hors_reseau_AquaFri/MapServer/WMSServer?request=GetCapabilities&service=WMS (source 1138/1467)
2026-01-11 06:36:47,323 - Scraping log - scraper.py >         <module>(): Line 751 - INFO - Running default scraper on KT_FR > https://geo.fr.ch/ags/services/OpenData/Hydrants_AquaFri/MapServer/WMSServer?request=GetCapabilities&service=WMS (source 1139/1467)
2026-01-11 06:36:49,446 - Scraping log - scraper.py >         <module>(): Line 751 - INFO - Running default scraper on KT_FR > https://geo.fr.ch/ags/services/OpenData/Immeubles_en_vigueur/MapServer/WMSServer?request=GetCapabilities&service=WMS (source 1140/1467)
2026-01-11 06:36:51,774 - Scraping log - scraper.py >         <module>(): Line 751 - INFO - Running default scraper on KT_FR > https://geo.fr.ch/ags/services/OpenData/Immeubles_projetes/MapServer/WMSServer?request=GetCapabilities&service=WMS (source 1141/1467)
2026-01-11 06:36:54,193 - Scraping log - scraper.py >         <module>(): Line 751 - INFO - Running default scraper on KT_FR > https://geo.fr.ch/ags/services/OpenData/Infrastructures_d_accueil_en_foret_lignes/MapServer/WMSServer?request=GetCapabilities&service=WMS (source 1142/1467)
2026-01-11 06:36:56,446 - Scraping log - scraper.py >         <module>(): Line 751 - INFO - Running default scraper on KT_FR > https://geo.fr.ch/ags/services/OpenData/Infrastructures_d_accueil_en_foret_points/MapServer/WMSServer?request=GetCapabilities&service=WMS (source 1143/1467)
2026-01-11 06:36:59,659 - Scraping log - scraper.py >         <module>(): Line 751 - INFO - Running default scraper on KT_FR > https://geo.fr.ch/ags/services/OpenData/Instabilites_de_terrain_morphologie/MapServer/WMSServer?request=GetCapabilities&service=WMS (source 1144/1467)
2026-01-11 06:37:00,086 - Scraping log - scraper.py >         <module>(): Line 759 - WARNING - Scraping KT_FR > https://geo.fr.ch/ags/services/OpenData/Instabilites_de_terrain_morphologie/MapServer/WMSServer?request=GetCapabilities&service=WMS aborted
2026-01-11 06:37:00,086 - Scraping log - scraper.py >         <module>(): Line 751 - INFO - Running default scraper on KT_FR > https://geo.fr.ch/ags/services/OpenData/Instabilites_de_terrain_typologie/MapServer/WMSServer?request=GetCapabilities&service=WMS (source 1145/1467)
2026-01-11 06:37:00,594 - Scraping log - scraper.py >         <module>(): Line 759 - WARNING - Scraping KT_FR > https://geo.fr.ch/ags/services/OpenData/Instabilites_de_terrain_typologie/MapServer/WMSServer?request=GetCapabilities&service=WMS aborted
2026-01-11 06:37:00,594 - Scraping log - scraper.py >         <module>(): Line 751 - INFO - Running default scraper on KT_FR > https://geo.fr.ch/ags/services/OpenData/Installations_de_mesure_AquaFri/MapServer/WMSServer?request=GetCapabilities&service=WMS (source 1146/1467)
2026-01-11 06:37:03,336 - Scraping log - scraper.py >         <module>(): Line 751 - INFO - Running default scraper on KT_FR > https://geo.fr.ch/ags/services/OpenData/Installations_de_traitement_AquaFri/MapServer/WMSServer?request=GetCapabilities&service=WMS (source 1147/1467)
2026-01-11 06:37:06,111 - Scraping log - scraper.py >         <module>(): Line 751 - INFO - Running default scraper on KT_FR > https://geo.fr.ch/ags/services/OpenData/Installations_stationnaires_OPAM/MapServer/WMSServer?request=GetCapabilities&service=WMS (source 1148/1467)
2026-01-11 06:37:08,472 - Scraping log - scraper.py >         <module>(): Line 751 - INFO - Running default scraper on KT_FR > https://geo.fr.ch/ags/services/OpenData/Irrigation/MapServer/WMSServer?request=GetCapabilities&service=WMS (source 1149/1467)
2026-01-11 06:37:10,701 - Scraping log - scraper.py >         <module>(): Line 751 - INFO - Running default scraper on KT_FR > https://geo.fr.ch/ags/services/OpenData/Itineraire_d_agglomeration_planifie_plan_sectoriel_velo/MapServer/WMSServer?request=GetCapabilities&service=WMS (source 1150/1467)
2026-01-11 06:37:13,345 - Scraping log - scraper.py >         <module>(): Line 751 - INFO - Running default scraper on KT_FR > https://geo.fr.ch/ags/services/OpenData/Itineraires_a_ski/MapServer/WMSServer?request=GetCapabilities&service=WMS (source 1151/1467)
2026-01-11 06:37:16,063 - Scraping log - scraper.py >         <module>(): Line 751 - INFO - Running default scraper on KT_FR > https://geo.fr.ch/ags/services/OpenData/Itineraires_convois_exceptionnels/MapServer/WMSServer?request=GetCapabilities&service=WMS (source 1152/1467)
2026-01-11 06:37:18,406 - Scraping log - scraper.py >         <module>(): Line 751 - INFO - Running default scraper on KT_FR > https://geo.fr.ch/ags/services/OpenData/Itineraires_en_raquette/MapServer/WMSServer?request=GetCapabilities&service=WMS (source 1153/1467)
2026-01-11 06:37:21,049 - Scraping log - scraper.py >         <module>(): Line 751 - INFO - Running default scraper on KT_FR > https://geo.fr.ch/ags/services/OpenData/Itineraires_SuisseMobile_randonnee_pedestre/MapServer/WMSServer?request=GetCapabilities&service=WMS (source 1154/1467)
2026-01-11 06:37:23,293 - Scraping log - scraper.py >         <module>(): Line 751 - INFO - Running default scraper on KT_FR > https://geo.fr.ch/ags/services/OpenData/Itineraires_SuisseMobile_roller/MapServer/WMSServer?request=GetCapabilities&service=WMS (source 1155/1467)
2026-01-11 06:37:25,677 - Scraping log - scraper.py >         <module>(): Line 751 - INFO - Running default scraper on KT_FR > https://geo.fr.ch/ags/services/OpenData/Itineraires_SuisseMobile_velo/MapServer/WMSServer?request=GetCapabilities&service=WMS (source 1156/1467)
2026-01-11 06:37:28,416 - Scraping log - scraper.py >         <module>(): Line 751 - INFO - Running default scraper on KT_FR > https://geo.fr.ch/ags/services/OpenData/Itineraires_SuisseMobile_VTT/MapServer/WMSServer?request=GetCapabilities&service=WMS (source 1157/1467)
2026-01-11 06:37:30,565 - Scraping log - scraper.py >         <module>(): Line 751 - INFO - Running default scraper on KT_FR > https://geo.fr.ch/ags/services/OpenData/Lieux_de_detention_d_animaux/MapServer/WMSServer?request=GetCapabilities&service=WMS (source 1158/1467)
2026-01-11 06:37:33,052 - Scraping log - scraper.py >         <module>(): Line 751 - INFO - Running default scraper on KT_FR > https://geo.fr.ch/ags/services/OpenData/Lieux_denommes_en_couleurs/MapServer/WMSServer?request=GetCapabilities&service=WMS (source 1159/1467)
2026-01-11 06:37:35,437 - Scraping log - scraper.py >         <module>(): Line 751 - INFO - Running default scraper on KT_FR > https://geo.fr.ch/ags/services/OpenData/Lieux_denommes/MapServer/WMSServer?request=GetCapabilities&service=WMS (source 1160/1467)
2026-01-11 06:37:37,975 - Scraping log - scraper.py >         <module>(): Line 751 - INFO - Running default scraper on KT_FR > https://geo.fr.ch/ags/services/OpenData/Lignes_de_transport_public/MapServer/WMSServer?request=GetCapabilities&service=WMS (source 1161/1467)
2026-01-11 06:37:41,753 - Scraping log - scraper.py >         <module>(): Line 751 - INFO - Running default scraper on KT_FR > https://geo.fr.ch/ags/services/OpenData/Limitations_de_vitesse_routes_cantonales/MapServer/WMSServer?request=GetCapabilities&service=WMS (source 1162/1467)
2026-01-11 06:37:44,202 - Scraping log - scraper.py >         <module>(): Line 751 - INFO - Running default scraper on KT_FR > https://geo.fr.ch/ags/services/OpenData/Limite_du_canton/MapServer/WMSServer?request=GetCapabilities&service=WMS (source 1163/1467)
2026-01-11 06:37:47,250 - Scraping log - scraper.py >         <module>(): Line 751 - INFO - Running default scraper on KT_FR > https://geo.fr.ch/ags/services/OpenData/Limites_de_communes/MapServer/WMSServer?request=GetCapabilities&service=WMS (source 1164/1467)
2026-01-11 06:37:49,687 - Scraping log - scraper.py >         <module>(): Line 751 - INFO - Running default scraper on KT_FR > https://geo.fr.ch/ags/services/OpenData/Limites_de_districts/MapServer/WMSServer?request=GetCapabilities&service=WMS (source 1165/1467)
2026-01-11 06:37:52,014 - Scraping log - scraper.py >         <module>(): Line 751 - INFO - Running default scraper on KT_FR > https://geo.fr.ch/ags/services/OpenData/Limites_des_stations_forestieres/MapServer/WMSServer?request=GetCapabilities&service=WMS (source 1166/1467)
2026-01-11 06:37:54,448 - Scraping log - scraper.py >         <module>(): Line 751 - INFO - Running default scraper on KT_FR > https://geo.fr.ch/ags/services/OpenData/Limites_des_zones_agricoles/MapServer/WMSServer?request=GetCapabilities&service=WMS (source 1167/1467)
2026-01-11 06:37:56,988 - Scraping log - scraper.py >         <module>(): Line 751 - INFO - Running default scraper on KT_FR > https://geo.fr.ch/ags/services/OpenData/Limites_forestieres_statiques_RDPPF/MapServer/WMSServer?request=GetCapabilities&service=WMS (source 1168/1467)
2026-01-11 06:37:59,716 - Scraping log - scraper.py >         <module>(): Line 751 - INFO - Running default scraper on KT_FR > https://geo.fr.ch/ags/services/OpenData/Limites_forestieres_statiques/MapServer/WMSServer?request=GetCapabilities&service=WMS (source 1169/1467)
2026-01-11 06:38:00,140 - Scraping log - scraper.py >         <module>(): Line 759 - WARNING - Scraping KT_FR > https://geo.fr.ch/ags/services/OpenData/Limites_forestieres_statiques/MapServer/WMSServer?request=GetCapabilities&service=WMS aborted
2026-01-11 06:38:00,140 - Scraping log - scraper.py >         <module>(): Line 751 - INFO - Running default scraper on KT_FR > https://geo.fr.ch/ags/services/OpenData/Localisation_des_sondes_geothermiques_SGV/MapServer/WMSServer?request=GetCapabilities&service=WMS (source 1170/1467)
2026-01-11 06:38:05,300 - Scraping log - scraper.py >         <module>(): Line 751 - INFO - Running default scraper on KT_FR > https://geo.fr.ch/ags/services/OpenData/Localites_avec_presence_d_un_chauffage_a_distance/MapServer/WMSServer?request=GetCapabilities&service=WMS (source 1171/1467)
2026-01-11 06:38:08,064 - Scraping log - scraper.py >         <module>(): Line 751 - INFO - Running default scraper on KT_FR > https://geo.fr.ch/ags/services/OpenData/Lots_de_mise_a_jour_periodique/MapServer/WMSServer?request=GetCapabilities&service=WMS (source 1172/1467)
2026-01-11 06:38:10,597 - Scraping log - scraper.py >         <module>(): Line 751 - INFO - Running default scraper on KT_FR > https://geo.fr.ch/ags/services/OpenData/Lots_de_peche_affermee/MapServer/WMSServer?request=GetCapabilities&service=WMS (source 1173/1467)
2026-01-11 06:38:13,450 - Scraping log - scraper.py >         <module>(): Line 751 - INFO - Running default scraper on KT_FR > https://geo.fr.ch/ags/services/OpenData/Lots_pour_la_pisciculture/MapServer/WMSServer?request=GetCapabilities&service=WMS (source 1174/1467)
2026-01-11 06:38:16,068 - Scraping log - scraper.py >         <module>(): Line 751 - INFO - Running default scraper on KT_FR > https://geo.fr.ch/ags/services/OpenData/Materiau_et_diametre_des_conduites_AquaFri/MapServer/WMSServer?request=GetCapabilities&service=WMS (source 1175/1467)
2026-01-11 06:38:18,486 - Scraping log - scraper.py >         <module>(): Line 751 - INFO - Running default scraper on KT_FR > https://geo.fr.ch/ags/services/OpenData/Modification_RCU_ou_revision_PAL_d_un_secteur_amenagement_local/MapServer/WMSServer?request=GetCapabilities&service=WMS (source 1176/1467)
2026-01-11 06:38:20,956 - Scraping log - scraper.py >         <module>(): Line 751 - INFO - Running default scraper on KT_FR > https://geo.fr.ch/ags/services/OpenData/Muehleberg_Zone_de_danger_de_la_centrale/MapServer/WMSServer?request=GetCapabilities&service=WMS (source 1177/1467)
2026-01-11 06:38:23,495 - Scraping log - scraper.py >         <module>(): Line 751 - INFO - Running default scraper on KT_FR > https://geo.fr.ch/ags/services/OpenData/Muehleberg_Zones_de_distribution_de_comprimes_d_iode/MapServer/WMSServer?request=GetCapabilities&service=WMS (source 1178/1467)
2026-01-11 06:38:25,821 - Scraping log - scraper.py >         <module>(): Line 751 - INFO - Running default scraper on KT_FR > https://geo.fr.ch/ags/services/OpenData/Noeuds_de_trafic_routes_cantonales/MapServer/WMSServer?request=GetCapabilities&service=WMS (source 1179/1467)
2026-01-11 06:38:28,845 - Scraping log - scraper.py >         <module>(): Line 751 - INFO - Running default scraper on KT_FR > https://geo.fr.ch/ags/services/OpenData/Noms_de_rues_et_de_lieux_denommes/MapServer/WMSServer?request=GetCapabilities&service=WMS (source 1180/1467)
2026-01-11 06:38:31,400 - Scraping log - scraper.py >         <module>(): Line 751 - INFO - Running default scraper on KT_FR > https://geo.fr.ch/ags/services/OpenData/Noms_locaux/MapServer/WMSServer?request=GetCapabilities&service=WMS (source 1181/1467)
2026-01-11 06:38:33,975 - Scraping log - scraper.py >         <module>(): Line 751 - INFO - Running default scraper on KT_FR > https://geo.fr.ch/ags/services/OpenData/NPA_et_localites/MapServer/WMSServer?request=GetCapabilities&service=WMS (source 1182/1467)
2026-01-11 06:38:36,720 - Scraping log - scraper.py >         <module>(): Line 751 - INFO - Running default scraper on KT_FR > https://geo.fr.ch/ags/services/OpenData/Numeros_d_immeubles_en_vigueur/MapServer/WMSServer?request=GetCapabilities&service=WMS (source 1183/1467)
2026-01-11 06:38:38,877 - Scraping log - scraper.py >         <module>(): Line 751 - INFO - Running default scraper on KT_FR > https://geo.fr.ch/ags/services/OpenData/Numeros_d_immeubles_projetes/MapServer/WMSServer?request=GetCapabilities&service=WMS (source 1184/1467)
2026-01-11 06:38:41,212 - Scraping log - scraper.py >         <module>(): Line 751 - INFO - Running default scraper on KT_FR > https://geo.fr.ch/ags/services/OpenData/Numeros_de_maisons/MapServer/WMSServer?request=GetCapabilities&service=WMS (source 1185/1467)
2026-01-11 06:38:43,459 - Scraping log - scraper.py >         <module>(): Line 751 - INFO - Running default scraper on KT_FR > https://geo.fr.ch/ags/services/OpenData/Numeros_des_batiments_et_noms_Labels_CS/MapServer/WMSServer?request=GetCapabilities&service=WMS (source 1186/1467)
2026-01-11 06:38:45,672 - Scraping log - scraper.py >         <module>(): Line 751 - INFO - Running default scraper on KT_FR > https://geo.fr.ch/ags/services/OpenData/Objets_divers_lineaires/MapServer/WMSServer?request=GetCapabilities&service=WMS (source 1187/1467)
2026-01-11 06:38:48,082 - Scraping log - scraper.py >         <module>(): Line 751 - INFO - Running default scraper on KT_FR > https://geo.fr.ch/ags/services/OpenData/Objets_divers_ponctuels/MapServer/WMSServer?request=GetCapabilities&service=WMS (source 1188/1467)
2026-01-11 06:38:51,007 - Scraping log - scraper.py >         <module>(): Line 751 - INFO - Running default scraper on KT_FR > https://geo.fr.ch/ags/services/OpenData/Objets_divers_surfaciques/MapServer/WMSServer?request=GetCapabilities&service=WMS (source 1189/1467)
2026-01-11 06:38:53,410 - Scraping log - scraper.py >         <module>(): Line 751 - INFO - Running default scraper on KT_FR > https://geo.fr.ch/ags/services/OpenData/Obstacles_convois_exceptionnels/MapServer/WMSServer?request=GetCapabilities&service=WMS (source 1190/1467)
2026-01-11 06:38:56,238 - Scraping log - scraper.py >         <module>(): Line 751 - INFO - Running default scraper on KT_FR > https://geo.fr.ch/ags/services/OpenData/Organes_communaux_de_conduite_ORCOC/MapServer/WMSServer?request=GetCapabilities&service=WMS (source 1191/1467)
2026-01-11 06:38:58,723 - Scraping log - scraper.py >         <module>(): Line 751 - INFO - Running default scraper on KT_FR > https://geo.fr.ch/ags/services/OpenData/Organisation_de_la_protection_civile/MapServer/WMSServer?request=GetCapabilities&service=WMS (source 1192/1467)
2026-01-11 06:39:01,190 - Scraping log - scraper.py >         <module>(): Line 751 - INFO - Running default scraper on KT_FR > https://geo.fr.ch/ags/services/OpenData/Ouvrages_d_art_routes_cantonales/MapServer/WMSServer?request=GetCapabilities&service=WMS (source 1193/1467)
2026-01-11 06:39:04,073 - Scraping log - scraper.py >         <module>(): Line 751 - INFO - Running default scraper on KT_FR > https://geo.fr.ch/ags/services/OpenData/Ouvrages_de_protection_lineaires_contre_les_instabilites_de_terrain_et_avalanches/MapServer/WMSServer?request=GetCapabilities&service=WMS (source 1194/1467)
2026-01-11 06:39:07,053 - Scraping log - scraper.py >         <module>(): Line 751 - INFO - Running default scraper on KT_FR > https://geo.fr.ch/ags/services/OpenData/Ouvrages_de_protection_ponctuels_contre_les_instabilites_de_terrain_et_avalanches/MapServer/WMSServer?request=GetCapabilities&service=WMS (source 1195/1467)
2026-01-11 06:39:09,547 - Scraping log - scraper.py >         <module>(): Line 751 - INFO - Running default scraper on KT_FR > https://geo.fr.ch/ags/services/OpenData/Ouvrages_de_protection_surfaciques_contre_les_instabilites_de_terrain_et_avalanches/MapServer/WMSServer?request=GetCapabilities&service=WMS (source 1196/1467)
2026-01-11 06:39:12,429 - Scraping log - scraper.py >         <module>(): Line 751 - INFO - Running default scraper on KT_FR > https://geo.fr.ch/ags/services/OpenData/Ouvrages_fonction_canalisations_routes_cantonales/MapServer/WMSServer?request=GetCapabilities&service=WMS (source 1197/1467)
2026-01-11 06:39:15,048 - Scraping log - scraper.py >         <module>(): Line 751 - INFO - Running default scraper on KT_FR > https://geo.fr.ch/ags/services/OpenData/Ouvrages_type_canalisations_routes_cantonales/MapServer/WMSServer?request=GetCapabilities&service=WMS (source 1198/1467)
2026-01-11 06:39:17,578 - Scraping log - scraper.py >         <module>(): Line 751 - INFO - Running default scraper on KT_FR > https://geo.fr.ch/ags/services/OpenData/Parcs_naturels/MapServer/WMSServer?request=GetCapabilities&service=WMS (source 1199/1467)
2026-01-11 06:39:17,986 - Scraping log - scraper.py >         <module>(): Line 759 - WARNING - Scraping KT_FR > https://geo.fr.ch/ags/services/OpenData/Parcs_naturels/MapServer/WMSServer?request=GetCapabilities&service=WMS aborted
2026-01-11 06:39:17,986 - Scraping log - scraper.py >         <module>(): Line 751 - INFO - Running default scraper on KT_FR > https://geo.fr.ch/ags/services/OpenData/Paroisses_catholiques/MapServer/WMSServer?request=GetCapabilities&service=WMS (source 1200/1467)
2026-01-11 06:39:20,580 - Scraping log - scraper.py >         <module>(): Line 751 - INFO - Running default scraper on KT_FR > https://geo.fr.ch/ags/services/OpenData/Paroisses_reformees/MapServer/WMSServer?request=GetCapabilities&service=WMS (source 1201/1467)
2026-01-11 06:39:23,345 - Scraping log - scraper.py >         <module>(): Line 751 - INFO - Running default scraper on KT_FR > https://geo.fr.ch/ags/services/OpenData/Paysages_IFP/MapServer/WMSServer?request=GetCapabilities&service=WMS (source 1202/1467)
2026-01-11 06:39:23,758 - Scraping log - scraper.py >         <module>(): Line 759 - WARNING - Scraping KT_FR > https://geo.fr.ch/ags/services/OpenData/Paysages_IFP/MapServer/WMSServer?request=GetCapabilities&service=WMS aborted
2026-01-11 06:39:23,758 - Scraping log - scraper.py >         <module>(): Line 751 - INFO - Running default scraper on KT_FR > https://geo.fr.ch/ags/services/OpenData/Perimetre_de_couverture_Sirenes_de_la_PCi/MapServer/WMSServer?request=GetCapabilities&service=WMS (source 1203/1467)
2026-01-11 06:39:26,128 - Scraping log - scraper.py >         <module>(): Line 751 - INFO - Running default scraper on KT_FR > https://geo.fr.ch/ags/services/OpenData/Perimetres_archeologiques/MapServer/WMSServer?request=GetCapabilities&service=WMS (source 1204/1467)
2026-01-11 06:39:28,788 - Scraping log - scraper.py >         <module>(): Line 751 - INFO - Running default scraper on KT_FR > https://geo.fr.ch/ags/services/OpenData/Perimetres_d_epuration/MapServer/WMSServer?request=GetCapabilities&service=WMS (source 1205/1467)
2026-01-11 06:39:31,115 - Scraping log - scraper.py >         <module>(): Line 751 - INFO - Running default scraper on KT_FR > https://geo.fr.ch/ags/services/OpenData/Perimetres_d_etude_detaillee___Crues_et_laves_torrentielles/MapServer/WMSServer?request=GetCapabilities&service=WMS (source 1206/1467)
2026-01-11 06:39:33,612 - Scraping log - scraper.py >         <module>(): Line 751 - INFO - Running default scraper on KT_FR > https://geo.fr.ch/ags/services/OpenData/Perimetres_d_etude_detaillee___Instabilites_et_avalanches/MapServer/WMSServer?request=GetCapabilities&service=WMS (source 1207/1467)
2026-01-11 06:39:36,164 - Scraping log - scraper.py >         <module>(): Line 751 - INFO - Running default scraper on KT_FR > https://geo.fr.ch/ags/services/OpenData/Perimetres_de_noms_locaux/MapServer/WMSServer?request=GetCapabilities&service=WMS (source 1208/1467)
2026-01-11 06:39:38,459 - Scraping log - scraper.py >         <module>(): Line 751 - INFO - Running default scraper on KT_FR > https://geo.fr.ch/ags/services/OpenData/Perimetres_de_protection_des_eaux_souterraines_RDPPF/MapServer/WMSServer?request=GetCapabilities&service=WMS (source 1209/1467)
2026-01-11 06:39:40,930 - Scraping log - scraper.py >         <module>(): Line 751 - INFO - Running default scraper on KT_FR > https://geo.fr.ch/ags/services/OpenData/Pistes_cyclables_routes_cantonales/MapServer/WMSServer?request=GetCapabilities&service=WMS (source 1210/1467)
2026-01-11 06:39:43,457 - Scraping log - scraper.py >         <module>(): Line 751 - INFO - Running default scraper on KT_FR > https://geo.fr.ch/ags/services/OpenData/Plan_sectoriel_pour_l_exploitation_de_materiaux_PSEM/MapServer/WMSServer?request=GetCapabilities&service=WMS (source 1211/1467)
2026-01-11 06:39:46,081 - Scraping log - scraper.py >         <module>(): Line 751 - INFO - Running default scraper on KT_FR > https://geo.fr.ch/ags/services/OpenData/Planification_cantonale_parcs_relais/MapServer/WMSServer?request=GetCapabilities&service=WMS (source 1212/1467)
2026-01-11 06:39:49,050 - Scraping log - scraper.py >         <module>(): Line 751 - INFO - Running default scraper on KT_FR > https://geo.fr.ch/ags/services/OpenData/Points_de_limite_territoriale/MapServer/WMSServer?request=GetCapabilities&service=WMS (source 1213/1467)
2026-01-11 06:39:51,421 - Scraping log - scraper.py >         <module>(): Line 751 - INFO - Running default scraper on KT_FR > https://geo.fr.ch/ags/services/OpenData/Points_de_Repere_SRB/MapServer/WMSServer?request=GetCapabilities&service=WMS (source 1214/1467)
2026-01-11 06:39:54,388 - Scraping log - scraper.py >         <module>(): Line 751 - INFO - Running default scraper on KT_FR > https://geo.fr.ch/ags/services/OpenData/Points_fixes/MapServer/WMSServer?request=GetCapabilities&service=WMS (source 1215/1467)
2026-01-11 06:39:56,862 - Scraping log - scraper.py >         <module>(): Line 751 - INFO - Running default scraper on KT_FR > https://geo.fr.ch/ags/services/OpenData/Points_limites_projetes/MapServer/WMSServer?request=GetCapabilities&service=WMS (source 1216/1467)
2026-01-11 06:39:59,676 - Scraping log - scraper.py >         <module>(): Line 751 - INFO - Running default scraper on KT_FR > https://geo.fr.ch/ags/services/OpenData/Points_limites/MapServer/WMSServer?request=GetCapabilities&service=WMS (source 1217/1467)
2026-01-11 06:40:01,936 - Scraping log - scraper.py >         <module>(): Line 751 - INFO - Running default scraper on KT_FR > https://geo.fr.ch/ags/services/OpenData/Pompes_AquaFri/MapServer/WMSServer?request=GetCapabilities&service=WMS (source 1218/1467)
2026-01-11 06:40:04,541 - Scraping log - scraper.py >         <module>(): Line 751 - INFO - Running default scraper on KT_FR > https://geo.fr.ch/ags/services/OpenData/Postes_de_comptage_de_trafic/MapServer/WMSServer?request=GetCapabilities&service=WMS (source 1219/1467)
2026-01-11 06:40:07,100 - Scraping log - scraper.py >         <module>(): Line 751 - INFO - Running default scraper on KT_FR > https://geo.fr.ch/ags/services/OpenData/Prairies_et_paturages_secs_d_importance_cantonale/MapServer/WMSServer?request=GetCapabilities&service=WMS (source 1220/1467)
2026-01-11 06:40:07,514 - Scraping log - scraper.py >         <module>(): Line 759 - WARNING - Scraping KT_FR > https://geo.fr.ch/ags/services/OpenData/Prairies_et_paturages_secs_d_importance_cantonale/MapServer/WMSServer?request=GetCapabilities&service=WMS aborted
2026-01-11 06:40:07,514 - Scraping log - scraper.py >         <module>(): Line 751 - INFO - Running default scraper on KT_FR > https://geo.fr.ch/ags/services/OpenData/Prairies_et_paturages_secs_d_importance_nationale/MapServer/WMSServer?request=GetCapabilities&service=WMS (source 1221/1467)
2026-01-11 06:40:07,939 - Scraping log - scraper.py >         <module>(): Line 759 - WARNING - Scraping KT_FR > https://geo.fr.ch/ags/services/OpenData/Prairies_et_paturages_secs_d_importance_nationale/MapServer/WMSServer?request=GetCapabilities&service=WMS aborted
2026-01-11 06:40:07,939 - Scraping log - scraper.py >         <module>(): Line 751 - INFO - Running default scraper on KT_FR > https://geo.fr.ch/ags/services/OpenData/Pression_statique_des_hydrants_AquaFri/MapServer/WMSServer?request=GetCapabilities&service=WMS (source 1222/1467)
2026-01-11 06:40:10,045 - Scraping log - scraper.py >         <module>(): Line 751 - INFO - Running default scraper on KT_FR > https://geo.fr.ch/ags/services/OpenData/Produits_d_alpage/MapServer/WMSServer?request=GetCapabilities&service=WMS (source 1223/1467)
2026-01-11 06:40:12,373 - Scraping log - scraper.py >         <module>(): Line 751 - INFO - Running default scraper on KT_FR > https://geo.fr.ch/ags/services/OpenData/Produits_de_montagne/MapServer/WMSServer?request=GetCapabilities&service=WMS (source 1224/1467)
2026-01-11 06:40:14,734 - Scraping log - scraper.py >         <module>(): Line 751 - INFO - Running default scraper on KT_FR > https://geo.fr.ch/ags/services/OpenData/Projets_paysage_CQP/MapServer/WMSServer?request=GetCapabilities&service=WMS (source 1225/1467)
2026-01-11 06:40:17,138 - Scraping log - scraper.py >         <module>(): Line 751 - INFO - Running default scraper on KT_FR > https://geo.fr.ch/ags/services/OpenData/Projets_VALTRALOC/MapServer/WMSServer?request=GetCapabilities&service=WMS (source 1226/1467)
2026-01-11 06:40:17,559 - Scraping log - scraper.py >         <module>(): Line 759 - WARNING - Scraping KT_FR > https://geo.fr.ch/ags/services/OpenData/Projets_VALTRALOC/MapServer/WMSServer?request=GetCapabilities&service=WMS aborted
2026-01-11 06:40:17,560 - Scraping log - scraper.py >         <module>(): Line 751 - INFO - Running default scraper on KT_FR > https://geo.fr.ch/ags/services/OpenData/Proportion_du_bati_expose_aux_dangers_naturels_par_commune/MapServer/WMSServer?request=GetCapabilities&service=WMS (source 1227/1467)
2026-01-11 06:40:20,453 - Scraping log - scraper.py >         <module>(): Line 751 - INFO - Running default scraper on KT_FR > https://geo.fr.ch/ags/services/OpenData/Qualite_des_donnees_descriptives/MapServer/WMSServer?request=GetCapabilities&service=WMS (source 1228/1467)
2026-01-11 06:40:23,203 - Scraping log - scraper.py >         <module>(): Line 751 - INFO - Running default scraper on KT_FR > https://geo.fr.ch/ags/services/OpenData/Qualite_des_immeubles_en_vigueur/MapServer/WMSServer?request=GetCapabilities&service=WMS (source 1229/1467)
2026-01-11 06:40:25,891 - Scraping log - scraper.py >         <module>(): Line 751 - INFO - Running default scraper on KT_FR > https://geo.fr.ch/ags/services/OpenData/Qualite_des_immeubles_projetes/MapServer/WMSServer?request=GetCapabilities&service=WMS (source 1230/1467)
2026-01-11 06:40:28,462 - Scraping log - scraper.py >         <module>(): Line 751 - INFO - Running default scraper on KT_FR > https://geo.fr.ch/ags/services/OpenData/Reducteurs_AquaFri/MapServer/WMSServer?request=GetCapabilities&service=WMS (source 1231/1467)
2026-01-11 06:40:31,274 - Scraping log - scraper.py >         <module>(): Line 751 - INFO - Running default scraper on KT_FR > https://geo.fr.ch/ags/services/OpenData/Remaniements_parcellaires/MapServer/WMSServer?request=GetCapabilities&service=WMS (source 1232/1467)
2026-01-11 06:40:33,783 - Scraping log - scraper.py >         <module>(): Line 751 - INFO - Running default scraper on KT_FR > https://geo.fr.ch/ags/services/OpenData/Repartition_des_niveaux_de_tolerance/MapServer/WMSServer?request=GetCapabilities&service=WMS (source 1233/1467)
2026-01-11 06:40:36,217 - Scraping log - scraper.py >         <module>(): Line 751 - INFO - Running default scraper on KT_FR > https://geo.fr.ch/ags/services/OpenData/Repartitions_des_plans/MapServer/WMSServer?request=GetCapabilities&service=WMS (source 1234/1467)
2026-01-11 06:40:38,416 - Scraping log - scraper.py >         <module>(): Line 751 - INFO - Running default scraper on KT_FR > https://geo.fr.ch/ags/services/OpenData/Reseau_d_itineraires_en_zones_de_tranquillite/MapServer/WMSServer?request=GetCapabilities&service=WMS (source 1235/1467)
2026-01-11 06:40:40,717 - Scraping log - scraper.py >         <module>(): Line 751 - INFO - Running default scraper on KT_FR > https://geo.fr.ch/ags/services/OpenData/Reseaux_ecologiques/MapServer/WMSServer?request=GetCapabilities&service=WMS (source 1236/1467)
2026-01-11 06:40:43,476 - Scraping log - scraper.py >         <module>(): Line 751 - INFO - Running default scraper on KT_FR > https://geo.fr.ch/ags/services/OpenData/Reseaux_integres_dans_AquaFri/MapServer/WMSServer?request=GetCapabilities&service=WMS (source 1237/1467)
2026-01-11 06:40:47,138 - Scraping log - scraper.py >         <module>(): Line 751 - INFO - Running default scraper on KT_FR > https://geo.fr.ch/ags/services/OpenData/Reseaux_non_integres_dans_AquaFri/MapServer/WMSServer?request=GetCapabilities&service=WMS (source 1238/1467)
2026-01-11 06:40:49,899 - Scraping log - scraper.py >         <module>(): Line 751 - INFO - Running default scraper on KT_FR > https://geo.fr.ch/ags/services/OpenData/Reserve_mycologique/MapServer/WMSServer?request=GetCapabilities&service=WMS (source 1239/1467)
2026-01-11 06:40:52,596 - Scraping log - scraper.py >         <module>(): Line 751 - INFO - Running default scraper on KT_FR > https://geo.fr.ch/ags/services/OpenData/Reserves_d_oiseaux_d_eau_et_migrateurs/MapServer/WMSServer?request=GetCapabilities&service=WMS (source 1240/1467)
2026-01-11 06:40:54,991 - Scraping log - scraper.py >         <module>(): Line 751 - INFO - Running default scraper on KT_FR > https://geo.fr.ch/ags/services/OpenData/Reserves_de_faune_pour_la_chasse/MapServer/WMSServer?request=GetCapabilities&service=WMS (source 1241/1467)
2026-01-11 06:40:57,550 - Scraping log - scraper.py >         <module>(): Line 751 - INFO - Running default scraper on KT_FR > https://geo.fr.ch/ags/services/OpenData/Reserves_forestieres_cantonales/MapServer/WMSServer?request=GetCapabilities&service=WMS (source 1242/1467)
2026-01-11 06:40:57,973 - Scraping log - scraper.py >         <module>(): Line 759 - WARNING - Scraping KT_FR > https://geo.fr.ch/ags/services/OpenData/Reserves_forestieres_cantonales/MapServer/WMSServer?request=GetCapabilities&service=WMS aborted
2026-01-11 06:40:57,973 - Scraping log - scraper.py >         <module>(): Line 751 - INFO - Running default scraper on KT_FR > https://geo.fr.ch/ags/services/OpenData/Reserves_forestieres_RDPPF/MapServer/WMSServer?request=GetCapabilities&service=WMS (source 1243/1467)
2026-01-11 06:41:00,686 - Scraping log - scraper.py >         <module>(): Line 751 - INFO - Running default scraper on KT_FR > https://geo.fr.ch/ags/services/OpenData/Reserves_forestieres/MapServer/WMSServer?request=GetCapabilities&service=WMS (source 1244/1467)
2026-01-11 06:41:03,268 - Scraping log - scraper.py >         <module>(): Line 751 - INFO - Running default scraper on KT_FR > https://geo.fr.ch/ags/services/OpenData/Reserves_naturelles_cantonales/MapServer/WMSServer?request=GetCapabilities&service=WMS (source 1245/1467)
2026-01-11 06:41:05,650 - Scraping log - scraper.py >         <module>(): Line 751 - INFO - Running default scraper on KT_FR > https://geo.fr.ch/ags/services/OpenData/Reserves_paysageres_cantonales/MapServer/WMSServer?request=GetCapabilities&service=WMS (source 1246/1467)
2026-01-11 06:41:08,383 - Scraping log - scraper.py >         <module>(): Line 751 - INFO - Running default scraper on KT_FR > https://geo.fr.ch/ags/services/OpenData/Reservoirs_AquaFri/MapServer/WMSServer?request=GetCapabilities&service=WMS (source 1247/1467)
2026-01-11 06:41:12,139 - Scraping log - scraper.py >         <module>(): Line 751 - INFO - Running default scraper on KT_FR > https://geo.fr.ch/ags/services/OpenData/Ressources___sources_et_puits___de_l_inventaire_des_eaux_souterraines/MapServer/WMSServer?request=GetCapabilities&service=WMS (source 1248/1467)
2026-01-11 06:41:14,754 - Scraping log - scraper.py >         <module>(): Line 751 - INFO - Running default scraper on KT_FR > https://geo.fr.ch/ags/services/OpenData/Revetements_phono_absorbants_routes_cantonales/MapServer/WMSServer?request=GetCapabilities&service=WMS (source 1249/1467)
2026-01-11 06:41:17,260 - Scraping log - scraper.py >         <module>(): Line 751 - INFO - Running default scraper on KT_FR > https://geo.fr.ch/ags/services/OpenData/Revision_generale_PAL_amenagement_local/MapServer/WMSServer?request=GetCapabilities&service=WMS (source 1250/1467)
2026-01-11 06:41:20,003 - Scraping log - scraper.py >         <module>(): Line 751 - INFO - Running default scraper on KT_FR > https://geo.fr.ch/ags/services/OpenData/Routes_Cantonales_LR/MapServer/WMSServer?request=GetCapabilities&service=WMS (source 1251/1467)
2026-01-11 06:41:20,418 - Scraping log - scraper.py >         <module>(): Line 759 - WARNING - Scraping KT_FR > https://geo.fr.ch/ags/services/OpenData/Routes_Cantonales_LR/MapServer/WMSServer?request=GetCapabilities&service=WMS aborted
2026-01-11 06:41:20,419 - Scraping log - scraper.py >         <module>(): Line 751 - INFO - Running default scraper on KT_FR > https://geo.fr.ch/ags/services/OpenData/Routes_Cantonales_ORGT___OUMin/MapServer/WMSServer?request=GetCapabilities&service=WMS (source 1252/1467)
2026-01-11 06:41:22,861 - Scraping log - scraper.py >         <module>(): Line 751 - INFO - Running default scraper on KT_FR > https://geo.fr.ch/ags/services/OpenData/Routes_Cantonales_OSR/MapServer/WMSServer?request=GetCapabilities&service=WMS (source 1253/1467)
2026-01-11 06:41:25,494 - Scraping log - scraper.py >         <module>(): Line 751 - INFO - Running default scraper on KT_FR > https://geo.fr.ch/ags/services/OpenData/Routes_lineaires_OPAM/MapServer/WMSServer?request=GetCapabilities&service=WMS (source 1254/1467)
2026-01-11 06:41:27,928 - Scraping log - scraper.py >         <module>(): Line 751 - INFO - Running default scraper on KT_FR > https://geo.fr.ch/ags/services/OpenData/Routes_Nationales/MapServer/WMSServer?request=GetCapabilities&service=WMS (source 1255/1467)
2026-01-11 06:41:30,165 - Scraping log - scraper.py >         <module>(): Line 751 - INFO - Running default scraper on KT_FR > https://geo.fr.ch/ags/services/OpenData/Routes_surfaciques_OPAM/MapServer/WMSServer?request=GetCapabilities&service=WMS (source 1256/1467)
2026-01-11 06:41:32,428 - Scraping log - scraper.py >         <module>(): Line 751 - INFO - Running default scraper on KT_FR > https://geo.fr.ch/ags/services/OpenData/Ruisseaux_utilises_par_l_Etat/MapServer/WMSServer?request=GetCapabilities&service=WMS (source 1257/1467)
2026-01-11 06:41:35,197 - Scraping log - scraper.py >         <module>(): Line 751 - INFO - Running default scraper on KT_FR > https://geo.fr.ch/ags/services/OpenData/Ruisseaux_utilises_par_les_societes_de_peche/MapServer/WMSServer?request=GetCapabilities&service=WMS (source 1258/1467)
2026-01-11 06:41:37,639 - Scraping log - scraper.py >         <module>(): Line 751 - INFO - Running default scraper on KT_FR > https://geo.fr.ch/ags/services/OpenData/Salamandre_tachetee/MapServer/WMSServer?request=GetCapabilities&service=WMS (source 1259/1467)
2026-01-11 06:41:38,153 - Scraping log - scraper.py >         <module>(): Line 759 - WARNING - Scraping KT_FR > https://geo.fr.ch/ags/services/OpenData/Salamandre_tachetee/MapServer/WMSServer?request=GetCapabilities&service=WMS aborted
2026-01-11 06:41:38,153 - Scraping log - scraper.py >         <module>(): Line 751 - INFO - Running default scraper on KT_FR > https://geo.fr.ch/ags/services/OpenData/Secteur_de_dangers_naturels_RDPPF_affectation/MapServer/WMSServer?request=GetCapabilities&service=WMS (source 1260/1467)
2026-01-11 06:41:40,970 - Scraping log - scraper.py >         <module>(): Line 751 - INFO - Running default scraper on KT_FR > https://geo.fr.ch/ags/services/OpenData/Secteurs_a_objectifs_de_protection_du_patrimoine_PAL/MapServer/WMSServer?request=GetCapabilities&service=WMS (source 1261/1467)
2026-01-11 06:41:43,754 - Scraping log - scraper.py >         <module>(): Line 751 - INFO - Running default scraper on KT_FR > https://geo.fr.ch/ags/services/OpenData/Secteurs_de_faune/MapServer/WMSServer?request=GetCapabilities&service=WMS (source 1262/1467)
2026-01-11 06:41:46,480 - Scraping log - scraper.py >         <module>(): Line 751 - INFO - Running default scraper on KT_FR > https://geo.fr.ch/ags/services/OpenData/Secteurs_de_protection_du_patrimoine_ayant_passe_l_enquete_publique_PAL_en_revison/MapServer/WMSServer?request=GetCapabilities&service=WMS (source 1263/1467)
2026-01-11 06:41:48,897 - Scraping log - scraper.py >         <module>(): Line 751 - INFO - Running default scraper on KT_FR > https://geo.fr.ch/ags/services/OpenData/Secteurs_soumis_a_PAD_amenagement_local/MapServer/WMSServer?request=GetCapabilities&service=WMS (source 1264/1467)
2026-01-11 06:41:51,730 - Scraping log - scraper.py >         <module>(): Line 751 - INFO - Running default scraper on KT_FR > https://geo.fr.ch/ags/services/OpenData/Servitudes_Labels/MapServer/WMSServer?request=GetCapabilities&service=WMS (source 1265/1467)
2026-01-11 06:41:54,145 - Scraping log - scraper.py >         <module>(): Line 751 - INFO - Running default scraper on KT_FR > https://geo.fr.ch/ags/services/OpenData/Servitudes_Lignes/MapServer/WMSServer?request=GetCapabilities&service=WMS (source 1266/1467)
2026-01-11 06:41:56,636 - Scraping log - scraper.py >         <module>(): Line 751 - INFO - Running default scraper on KT_FR > https://geo.fr.ch/ags/services/OpenData/Servitudes_Points/MapServer/WMSServer?request=GetCapabilities&service=WMS (source 1267/1467)
2026-01-11 06:41:59,220 - Scraping log - scraper.py >         <module>(): Line 751 - INFO - Running default scraper on KT_FR > https://geo.fr.ch/ags/services/OpenData/Servitudes_Surfaces/MapServer/WMSServer?request=GetCapabilities&service=WMS (source 1268/1467)
2026-01-11 06:42:01,654 - Scraping log - scraper.py >         <module>(): Line 751 - INFO - Running default scraper on KT_FR > https://geo.fr.ch/ags/services/OpenData/Sirenes_de_la_PCi/MapServer/WMSServer?request=GetCapabilities&service=WMS (source 1269/1467)
2026-01-11 06:42:04,371 - Scraping log - scraper.py >         <module>(): Line 751 - INFO - Running default scraper on KT_FR > https://geo.fr.ch/ags/services/OpenData/Sites_a_batraciens_annexe_1/MapServer/WMSServer?request=GetCapabilities&service=WMS (source 1270/1467)
2026-01-11 06:42:04,808 - Scraping log - scraper.py >         <module>(): Line 759 - WARNING - Scraping KT_FR > https://geo.fr.ch/ags/services/OpenData/Sites_a_batraciens_annexe_1/MapServer/WMSServer?request=GetCapabilities&service=WMS aborted
2026-01-11 06:42:04,808 - Scraping log - scraper.py >         <module>(): Line 751 - INFO - Running default scraper on KT_FR > https://geo.fr.ch/ags/services/OpenData/Sites_a_batraciens_annexe_2/MapServer/WMSServer?request=GetCapabilities&service=WMS (source 1271/1467)
2026-01-11 06:42:05,232 - Scraping log - scraper.py >         <module>(): Line 759 - WARNING - Scraping KT_FR > https://geo.fr.ch/ags/services/OpenData/Sites_a_batraciens_annexe_2/MapServer/WMSServer?request=GetCapabilities&service=WMS aborted
2026-01-11 06:42:05,232 - Scraping log - scraper.py >         <module>(): Line 751 - INFO - Running default scraper on KT_FR > https://geo.fr.ch/ags/services/OpenData/Sites_a_batraciens_annexe_3/MapServer/WMSServer?request=GetCapabilities&service=WMS (source 1272/1467)
2026-01-11 06:42:05,645 - Scraping log - scraper.py >         <module>(): Line 759 - WARNING - Scraping KT_FR > https://geo.fr.ch/ags/services/OpenData/Sites_a_batraciens_annexe_3/MapServer/WMSServer?request=GetCapabilities&service=WMS aborted
2026-01-11 06:42:05,645 - Scraping log - scraper.py >         <module>(): Line 751 - INFO - Running default scraper on KT_FR > https://geo.fr.ch/ags/services/OpenData/Sites_a_batraciens_objets_fixes/MapServer/WMSServer?request=GetCapabilities&service=WMS (source 1273/1467)
2026-01-11 06:42:06,151 - Scraping log - scraper.py >         <module>(): Line 759 - WARNING - Scraping KT_FR > https://geo.fr.ch/ags/services/OpenData/Sites_a_batraciens_objets_fixes/MapServer/WMSServer?request=GetCapabilities&service=WMS aborted
2026-01-11 06:42:06,151 - Scraping log - scraper.py >         <module>(): Line 751 - INFO - Running default scraper on KT_FR > https://geo.fr.ch/ags/services/OpenData/Sites_a_batraciens_objets_itinerants/MapServer/WMSServer?request=GetCapabilities&service=WMS (source 1274/1467)
2026-01-11 06:42:06,655 - Scraping log - scraper.py >         <module>(): Line 759 - WARNING - Scraping KT_FR > https://geo.fr.ch/ags/services/OpenData/Sites_a_batraciens_objets_itinerants/MapServer/WMSServer?request=GetCapabilities&service=WMS aborted
2026-01-11 06:42:06,655 - Scraping log - scraper.py >         <module>(): Line 751 - INFO - Running default scraper on KT_FR > https://geo.fr.ch/ags/services/OpenData/Sites_bases_sur_l_ISOS/MapServer/WMSServer?request=GetCapabilities&service=WMS (source 1275/1467)
2026-01-11 06:42:08,940 - Scraping log - scraper.py >         <module>(): Line 751 - INFO - Running default scraper on KT_FR > https://geo.fr.ch/ags/services/OpenData/Sites_de_reproduction_de_batraciens_d_importance_locale/MapServer/WMSServer?request=GetCapabilities&service=WMS (source 1276/1467)
2026-01-11 06:42:11,546 - Scraping log - scraper.py >         <module>(): Line 751 - INFO - Running default scraper on KT_FR > https://geo.fr.ch/ags/services/OpenData/Sites_marecageux_d_importance_nationale/MapServer/WMSServer?request=GetCapabilities&service=WMS (source 1277/1467)
2026-01-11 06:42:13,851 - Scraping log - scraper.py >         <module>(): Line 751 - INFO - Running default scraper on KT_FR > https://geo.fr.ch/ags/services/OpenData/Sites_prioritaires_prairies_et_paturages_secs/MapServer/WMSServer?request=GetCapabilities&service=WMS (source 1278/1467)
2026-01-11 06:42:16,323 - Scraping log - scraper.py >         <module>(): Line 751 - INFO - Running default scraper on KT_FR > https://geo.fr.ch/ags/services/OpenData/Stations_d_epuration/MapServer/WMSServer?request=GetCapabilities&service=WMS (source 1279/1467)
2026-01-11 06:42:18,821 - Scraping log - scraper.py >         <module>(): Line 751 - INFO - Running default scraper on KT_FR > https://geo.fr.ch/ags/services/OpenData/Stations_de_fecondation_des_abeilles/MapServer/WMSServer?request=GetCapabilities&service=WMS (source 1280/1467)
2026-01-11 06:42:21,262 - Scraping log - scraper.py >         <module>(): Line 751 - INFO - Running default scraper on KT_FR > https://geo.fr.ch/ags/services/OpenData/Stations_forestieres/MapServer/WMSServer?request=GetCapabilities&service=WMS (source 1281/1467)
2026-01-11 06:42:23,997 - Scraping log - scraper.py >         <module>(): Line 751 - INFO - Running default scraper on KT_FR > https://geo.fr.ch/ags/services/OpenData/Stations_meteo_degres_jours_et_temperatures_moyennes/MapServer/WMSServer?request=GetCapabilities&service=WMS (source 1282/1467)
2026-01-11 06:42:24,421 - Scraping log - scraper.py >         <module>(): Line 759 - WARNING - Scraping KT_FR > https://geo.fr.ch/ags/services/OpenData/Stations_meteo_degres_jours_et_temperatures_moyennes/MapServer/WMSServer?request=GetCapabilities&service=WMS aborted
2026-01-11 06:42:24,421 - Scraping log - scraper.py >         <module>(): Line 751 - INFO - Running default scraper on KT_FR > https://geo.fr.ch/ags/services/OpenData/Statuts_des_donnees_descriptives/MapServer/WMSServer?request=GetCapabilities&service=WMS (source 1283/1467)
2026-01-11 06:42:26,545 - Scraping log - scraper.py >         <module>(): Line 751 - INFO - Running default scraper on KT_FR > https://geo.fr.ch/ags/services/OpenData/Statuts_des_immeubles_en_vigueur/MapServer/WMSServer?request=GetCapabilities&service=WMS (source 1284/1467)
2026-01-11 06:42:28,892 - Scraping log - scraper.py >         <module>(): Line 751 - INFO - Running default scraper on KT_FR > https://geo.fr.ch/ags/services/OpenData/Statuts_des_immeubles_projetes/MapServer/WMSServer?request=GetCapabilities&service=WMS (source 1285/1467)
2026-01-11 06:42:31,364 - Scraping log - scraper.py >         <module>(): Line 751 - INFO - Running default scraper on KT_FR > https://geo.fr.ch/ags/services/OpenData/Structures_d_accueil/MapServer/WMSServer?request=GetCapabilities&service=WMS (source 1286/1467)
2026-01-11 06:42:34,169 - Scraping log - scraper.py >         <module>(): Line 751 - INFO - Running default scraper on KT_FR > https://geo.fr.ch/ags/services/OpenData/Structures_d_activites_de_promotion_enfance_jeunesse/MapServer/WMSServer?request=GetCapabilities&service=WMS (source 1287/1467)
2026-01-11 06:42:36,717 - Scraping log - scraper.py >         <module>(): Line 751 - INFO - Running default scraper on KT_FR > https://geo.fr.ch/ags/services/OpenData/Surface_agricole_utile/MapServer/WMSServer?request=GetCapabilities&service=WMS (source 1288/1467)
2026-01-11 06:42:37,239 - Scraping log - scraper.py >         <module>(): Line 759 - WARNING - Scraping KT_FR > https://geo.fr.ch/ags/services/OpenData/Surface_agricole_utile/MapServer/WMSServer?request=GetCapabilities&service=WMS aborted
2026-01-11 06:42:37,239 - Scraping log - scraper.py >         <module>(): Line 751 - INFO - Running default scraper on KT_FR > https://geo.fr.ch/ags/services/OpenData/Surface_chaussee_routes_cantonales/MapServer/WMSServer?request=GetCapabilities&service=WMS (source 1289/1467)
2026-01-11 06:42:40,665 - Scraping log - scraper.py >         <module>(): Line 751 - INFO - Running default scraper on KT_FR > https://geo.fr.ch/ags/services/OpenData/Surface_de_couverture_Sirenes_de_la_PCi/MapServer/WMSServer?request=GetCapabilities&service=WMS (source 1290/1467)
2026-01-11 06:42:43,119 - Scraping log - scraper.py >         <module>(): Line 751 - INFO - Running default scraper on KT_FR > https://geo.fr.ch/ags/services/OpenData/Surfaces_a_aptitude_reduite_pour_la_culture_des_champs/MapServer/WMSServer?request=GetCapabilities&service=WMS (source 1291/1467)
2026-01-11 06:42:45,770 - Scraping log - scraper.py >         <module>(): Line 751 - INFO - Running default scraper on KT_FR > https://geo.fr.ch/ags/services/OpenData/Surfaces_d_assolement/MapServer/WMSServer?request=GetCapabilities&service=WMS (source 1292/1467)
2026-01-11 06:42:48,136 - Scraping log - scraper.py >         <module>(): Line 751 - INFO - Running default scraper on KT_FR > https://geo.fr.ch/ags/services/OpenData/Surfaces_de_promotion_de_la_biodiversite_SPB_II_Estivage/MapServer/WMSServer?request=GetCapabilities&service=WMS (source 1293/1467)
2026-01-11 06:42:50,409 - Scraping log - scraper.py >         <module>(): Line 751 - INFO - Running default scraper on KT_FR > https://geo.fr.ch/ags/services/OpenData/Surfaces_de_promotion_de_la_biodiversite_SPB_II_Plaine/MapServer/WMSServer?request=GetCapabilities&service=WMS (source 1294/1467)
2026-01-11 06:42:52,911 - Scraping log - scraper.py >         <module>(): Line 751 - INFO - Running default scraper on KT_FR > https://geo.fr.ch/ags/services/OpenData/Surfaces_de_promotion_de_la_biodiversite_SPB_I/MapServer/WMSServer?request=GetCapabilities&service=WMS (source 1295/1467)
2026-01-11 06:42:55,498 - Scraping log - scraper.py >         <module>(): Line 751 - INFO - Running default scraper on KT_FR > https://geo.fr.ch/ags/services/OpenData/Syndicats_de_chemins_alpestres/MapServer/WMSServer?request=GetCapabilities&service=WMS (source 1296/1467)
2026-01-11 06:42:57,879 - Scraping log - scraper.py >         <module>(): Line 751 - INFO - Running default scraper on KT_FR > https://geo.fr.ch/ags/services/OpenData/Talus_a_valeur_ecologique_routes_cantonales/MapServer/WMSServer?request=GetCapabilities&service=WMS (source 1297/1467)
2026-01-11 06:43:00,135 - Scraping log - scraper.py >         <module>(): Line 751 - INFO - Running default scraper on KT_FR > https://geo.fr.ch/ags/services/OpenData/Terrains_en_pente/MapServer/WMSServer?request=GetCapabilities&service=WMS (source 1298/1467)
2026-01-11 06:43:02,233 - Scraping log - scraper.py >         <module>(): Line 751 - INFO - Running default scraper on KT_FR > https://geo.fr.ch/ags/services/OpenData/Territoires_de_chasse_en_montagne/MapServer/WMSServer?request=GetCapabilities&service=WMS (source 1299/1467)
2026-01-11 06:43:05,057 - Scraping log - scraper.py >         <module>(): Line 751 - INFO - Running default scraper on KT_FR > https://geo.fr.ch/ags/services/OpenData/Trafic_journalier_moyen/MapServer/WMSServer?request=GetCapabilities&service=WMS (source 1300/1467)
2026-01-11 06:43:07,911 - Scraping log - scraper.py >         <module>(): Line 751 - INFO - Running default scraper on KT_FR > https://geo.fr.ch/ags/services/OpenData/Trafic_poids_lourds/MapServer/WMSServer?request=GetCapabilities&service=WMS (source 1301/1467)
2026-01-11 06:43:10,375 - Scraping log - scraper.py >         <module>(): Line 751 - INFO - Running default scraper on KT_FR > https://geo.fr.ch/ags/services/OpenData/Triages_forestiers/MapServer/WMSServer?request=GetCapabilities&service=WMS (source 1302/1467)
2026-01-11 06:43:12,761 - Scraping log - scraper.py >         <module>(): Line 751 - INFO - Running default scraper on KT_FR > https://geo.fr.ch/ags/services/OpenData/Troncons_de_rues_en_couleurs/MapServer/WMSServer?request=GetCapabilities&service=WMS (source 1303/1467)
2026-01-11 06:43:14,957 - Scraping log - scraper.py >         <module>(): Line 751 - INFO - Running default scraper on KT_FR > https://geo.fr.ch/ags/services/OpenData/Troncons_de_rues/MapServer/WMSServer?request=GetCapabilities&service=WMS (source 1304/1467)
2026-01-11 06:43:17,642 - Scraping log - scraper.py >         <module>(): Line 751 - INFO - Running default scraper on KT_FR > https://geo.fr.ch/ags/services/OpenData/Type_d_objet_ISOS___Ligne/MapServer/WMSServer?request=GetCapabilities&service=WMS (source 1305/1467)
2026-01-11 06:43:19,896 - Scraping log - scraper.py >         <module>(): Line 751 - INFO - Running default scraper on KT_FR > https://geo.fr.ch/ags/services/OpenData/Type_d_objet_ISOS___Polygone/MapServer/WMSServer?request=GetCapabilities&service=WMS (source 1306/1467)
2026-01-11 06:43:22,631 - Scraping log - scraper.py >         <module>(): Line 751 - INFO - Running default scraper on KT_FR > https://geo.fr.ch/ags/services/OpenData/Unites_d_exploitation/MapServer/WMSServer?request=GetCapabilities&service=WMS (source 1307/1467)
2026-01-11 06:43:25,006 - Scraping log - scraper.py >         <module>(): Line 751 - INFO - Running default scraper on KT_FR > https://geo.fr.ch/ags/services/OpenData/Unites_de_gestion_des_forets_publiques/MapServer/WMSServer?request=GetCapabilities&service=WMS (source 1308/1467)
2026-01-11 06:43:27,645 - Scraping log - scraper.py >         <module>(): Line 751 - INFO - Running default scraper on KT_FR > https://geo.fr.ch/ags/services/OpenData/Unites_pastorales_catholiques/MapServer/WMSServer?request=GetCapabilities&service=WMS (source 1309/1467)
2026-01-11 06:43:30,016 - Scraping log - scraper.py >         <module>(): Line 751 - INFO - Running default scraper on KT_FR > https://geo.fr.ch/ags/services/OpenData/Vannes_AquaFri/MapServer/WMSServer?request=GetCapabilities&service=WMS (source 1310/1467)
2026-01-11 06:43:32,978 - Scraping log - scraper.py >         <module>(): Line 751 - INFO - Running default scraper on KT_FR > https://geo.fr.ch/ags/services/OpenData/Vigne_en_production_AOC/MapServer/WMSServer?request=GetCapabilities&service=WMS (source 1311/1467)
2026-01-11 06:43:35,368 - Scraping log - scraper.py >         <module>(): Line 751 - INFO - Running default scraper on KT_FR > https://geo.fr.ch/ags/services/OpenData/Vignobles_en_pente/MapServer/WMSServer?request=GetCapabilities&service=WMS (source 1312/1467)
2026-01-11 06:43:37,867 - Scraping log - scraper.py >         <module>(): Line 751 - INFO - Running default scraper on KT_FR > https://geo.fr.ch/ags/services/OpenData/Voies_historiques_IVS/MapServer/WMSServer?request=GetCapabilities&service=WMS (source 1313/1467)
2026-01-11 06:43:40,330 - Scraping log - scraper.py >         <module>(): Line 751 - INFO - Running default scraper on KT_FR > https://geo.fr.ch/ags/services/OpenData/Zones_a_batir_et_perimetre_d_habitat_a_maintenir_amenagement_local_PAZ/MapServer/WMSServer?request=GetCapabilities&service=WMS (source 1314/1467)
2026-01-11 06:43:40,744 - Scraping log - scraper.py >         <module>(): Line 759 - WARNING - Scraping KT_FR > https://geo.fr.ch/ags/services/OpenData/Zones_a_batir_et_perimetre_d_habitat_a_maintenir_amenagement_local_PAZ/MapServer/WMSServer?request=GetCapabilities&service=WMS aborted
2026-01-11 06:43:40,745 - Scraping log - scraper.py >         <module>(): Line 751 - INFO - Running default scraper on KT_FR > https://geo.fr.ch/ags/services/OpenData/Zones_alluviales_d_importance_locale/MapServer/WMSServer?request=GetCapabilities&service=WMS (source 1315/1467)
2026-01-11 06:43:43,162 - Scraping log - scraper.py >         <module>(): Line 751 - INFO - Running default scraper on KT_FR > https://geo.fr.ch/ags/services/OpenData/Zones_alluviales_d_importance_nationale/MapServer/WMSServer?request=GetCapabilities&service=WMS (source 1316/1467)
2026-01-11 06:43:45,425 - Scraping log - scraper.py >         <module>(): Line 751 - INFO - Running default scraper on KT_FR > https://geo.fr.ch/ags/services/OpenData/Zones_alluviales/MapServer/WMSServer?request=GetCapabilities&service=WMS (source 1317/1467)
2026-01-11 06:43:45,932 - Scraping log - scraper.py >         <module>(): Line 759 - WARNING - Scraping KT_FR > https://geo.fr.ch/ags/services/OpenData/Zones_alluviales/MapServer/WMSServer?request=GetCapabilities&service=WMS aborted
2026-01-11 06:43:45,932 - Scraping log - scraper.py >         <module>(): Line 751 - INFO - Running default scraper on KT_FR > https://geo.fr.ch/ags/services/OpenData/Zones_de_contribution_federale_MO/MapServer/WMSServer?request=GetCapabilities&service=WMS (source 1318/1467)
2026-01-11 06:43:48,938 - Scraping log - scraper.py >         <module>(): Line 751 - INFO - Running default scraper on KT_FR > https://geo.fr.ch/ags/services/OpenData/Zones_de_desserte_de_l_approvisionnement_en_electricite/MapServer/WMSServer?request=GetCapabilities&service=WMS (source 1319/1467)
2026-01-11 06:43:51,417 - Scraping log - scraper.py >         <module>(): Line 751 - INFO - Running default scraper on KT_FR > https://geo.fr.ch/ags/services/OpenData/Zones_de_protection_des_eaux_souterraines_RDPPF/MapServer/WMSServer?request=GetCapabilities&service=WMS (source 1320/1467)
2026-01-11 06:43:54,030 - Scraping log - scraper.py >         <module>(): Line 751 - INFO - Running default scraper on KT_FR > https://geo.fr.ch/ags/services/OpenData/Zones_de_recrutement_des_etablissements_primaires_francophones/MapServer/WMSServer?request=GetCapabilities&service=WMS (source 1321/1467)
2026-01-11 06:43:57,169 - Scraping log - scraper.py >         <module>(): Line 751 - INFO - Running default scraper on KT_FR > https://geo.fr.ch/ags/services/OpenData/Zones_de_recrutement_des_etablissements_primaires_germanophones/MapServer/WMSServer?request=GetCapabilities&service=WMS (source 1322/1467)
2026-01-11 06:43:59,671 - Scraping log - scraper.py >         <module>(): Line 751 - INFO - Running default scraper on KT_FR > https://geo.fr.ch/ags/services/OpenData/Zones_de_recrutement_des_etablissements_secondaires_francophones/MapServer/WMSServer?request=GetCapabilities&service=WMS (source 1323/1467)
2026-01-11 06:44:02,395 - Scraping log - scraper.py >         <module>(): Line 751 - INFO - Running default scraper on KT_FR > https://geo.fr.ch/ags/services/OpenData/Zones_de_recrutement_des_etablissements_secondaires_germanophones/MapServer/WMSServer?request=GetCapabilities&service=WMS (source 1324/1467)
2026-01-11 06:44:04,945 - Scraping log - scraper.py >         <module>(): Line 751 - INFO - Running default scraper on KT_FR > https://geo.fr.ch/ags/services/OpenData/Zones_de_tensions_negligeables/MapServer/WMSServer?request=GetCapabilities&service=WMS (source 1325/1467)
2026-01-11 06:44:07,382 - Scraping log - scraper.py >         <module>(): Line 751 - INFO - Running default scraper on KT_FR > https://geo.fr.ch/ags/services/OpenData/Zones_de_tranquillite/MapServer/WMSServer?request=GetCapabilities&service=WMS (source 1326/1467)
2026-01-11 06:44:09,743 - Scraping log - scraper.py >         <module>(): Line 751 - INFO - Running default scraper on KT_FR > https://geo.fr.ch/ags/services/OpenData/Zones_et_reserves_de_peche_cours_d_eau/MapServer/WMSServer?request=GetCapabilities&service=WMS (source 1327/1467)
2026-01-11 06:44:10,252 - Scraping log - scraper.py >         <module>(): Line 759 - WARNING - Scraping KT_FR > https://geo.fr.ch/ags/services/OpenData/Zones_et_reserves_de_peche_cours_d_eau/MapServer/WMSServer?request=GetCapabilities&service=WMS aborted
2026-01-11 06:44:10,252 - Scraping log - scraper.py >         <module>(): Line 751 - INFO - Running default scraper on KT_FR > https://geo.fr.ch/ags/services/OpenData/Zones_et_reserves_de_peche_lacs/MapServer/WMSServer?request=GetCapabilities&service=WMS (source 1328/1467)
2026-01-11 06:44:10,678 - Scraping log - scraper.py >         <module>(): Line 759 - WARNING - Scraping KT_FR > https://geo.fr.ch/ags/services/OpenData/Zones_et_reserves_de_peche_lacs/MapServer/WMSServer?request=GetCapabilities&service=WMS aborted
2026-01-11 06:44:10,678 - Scraping log - scraper.py >         <module>(): Line 751 - INFO - Running default scraper on KT_FR > https://geo.fr.ch/ags/services/OpenData/Zones_humides_Ramsar/MapServer/WMSServer?request=GetCapabilities&service=WMS (source 1329/1467)
2026-01-11 06:44:13,118 - Scraping log - scraper.py >         <module>(): Line 751 - INFO - Running default scraper on KT_FR > https://geo.fr.ch/ags/services/OpenData/Zones_interdites_au_kitesurfing/MapServer/WMSServer?request=GetCapabilities&service=WMS (source 1330/1467)
2026-01-11 06:44:15,470 - Scraping log - scraper.py >         <module>(): Line 751 - INFO - Running default scraper on KT_FR > https://geo.fr.ch/ags/services/OpenData/Zones_reservees_des_routes_cantonales_RDPPF/MapServer/WMSServer?request=GetCapabilities&service=WMS (source 1331/1467)
2026-01-11 06:44:18,333 - Scraping log - scraper.py >         <module>(): Line 751 - INFO - Running default scraper on KT_FR > https://geo.fr.ch/ags/services/OpenData/Zones_reservees_RDPPF_affectation/MapServer/WMSServer?request=GetCapabilities&service=WMS (source 1332/1467)
2026-01-11 06:44:20,844 - Scraping log - scraper.py >         <module>(): Line 751 - INFO - Running default scraper on KT_FR > https://geo.fr.ch/ags/services/OpenData/Zones_reservees_routes_cantonales/MapServer/WMSServer?request=GetCapabilities&service=WMS (source 1333/1467)
2026-01-11 06:44:21,631 - Scraping log - scraper.py >         <module>(): Line 759 - WARNING - Scraping KT_FR > https://geo.fr.ch/ags/services/OpenData/Zones_reservees_routes_cantonales/MapServer/WMSServer?request=GetCapabilities&service=WMS aborted
2026-01-11 06:44:21,631 - Scraping log - scraper.py >         <module>(): Line 751 - INFO - Running default scraper on KT_FR > https://geo.fr.ch/ags/services/OpenData/Zones_superposees_de_protection_de_la_nature_et_du_paysage/MapServer/WMSServer?request=GetCapabilities&service=WMS (source 1334/1467)
2026-01-11 06:44:22,164 - Scraping log - scraper.py >         <module>(): Line 759 - WARNING - Scraping KT_FR > https://geo.fr.ch/ags/services/OpenData/Zones_superposees_de_protection_de_la_nature_et_du_paysage/MapServer/WMSServer?request=GetCapabilities&service=WMS aborted
2026-01-11 06:44:22,164 - Scraping log - scraper.py >         <module>(): Line 751 - INFO - Running default scraper on KT_FR > https://geo.fr.ch/ags/services/OpenData_Raster/Altitude_du_toit_du_rocher__msm_/MapServer/WMSServer?request=GetCapabilities&service=WMS (source 1335/1467)
2026-01-11 06:44:23,297 - Scraping log - scraper.py >         <module>(): Line 759 - WARNING - Scraping KT_FR > https://geo.fr.ch/ags/services/OpenData_Raster/Altitude_du_toit_du_rocher__msm_/MapServer/WMSServer?request=GetCapabilities&service=WMS aborted
2026-01-11 06:44:23,297 - Scraping log - scraper.py >         <module>(): Line 751 - INFO - Running default scraper on KT_FR > https://geo.fr.ch/ags/services/OpenData_Raster/Atlas_geologique_25000_AG25/MapServer/WMSServer?request=GetCapabilities&service=WMS (source 1336/1467)
2026-01-11 06:44:25,756 - Scraping log - scraper.py >         <module>(): Line 751 - INFO - Running default scraper on KT_FR > https://geo.fr.ch/ags/services/OpenData_Raster/Carte_de_l_alea_ruissellement/MapServer/WMSServer?request=GetCapabilities&service=WMS (source 1337/1467)
2026-01-11 06:44:26,169 - Scraping log - scraper.py >         <module>(): Line 759 - WARNING - Scraping KT_FR > https://geo.fr.ch/ags/services/OpenData_Raster/Carte_de_l_alea_ruissellement/MapServer/WMSServer?request=GetCapabilities&service=WMS aborted
2026-01-11 06:44:26,169 - Scraping log - scraper.py >         <module>(): Line 751 - INFO - Running default scraper on KT_FR > https://geo.fr.ch/ags/services/OpenData_Raster/Carte_geologique_200000_GGK200/MapServer/WMSServer?request=GetCapabilities&service=WMS (source 1338/1467)
2026-01-11 06:44:29,684 - Scraping log - scraper.py >         <module>(): Line 751 - INFO - Running default scraper on KT_FR > https://geo.fr.ch/ags/services/OpenData_Raster/Carte_geologique_500000_GK500_Geol/MapServer/WMSServer?request=GetCapabilities&service=WMS (source 1339/1467)
2026-01-11 06:44:32,213 - Scraping log - scraper.py >         <module>(): Line 751 - INFO - Running default scraper on KT_FR > https://geo.fr.ch/ags/services/OpenData_Raster/Carte_tectonique_500000_GK500_Tekto/MapServer/WMSServer?request=GetCapabilities&service=WMS (source 1340/1467)
2026-01-11 06:44:35,873 - Scraping log - scraper.py >         <module>(): Line 751 - INFO - Running default scraper on KT_FR > https://geo.fr.ch/ags/services/OpenData_Raster/CN1000_NB/MapServer/WMSServer?request=GetCapabilities&service=WMS (source 1341/1467)
2026-01-11 06:44:38,492 - Scraping log - scraper.py >         <module>(): Line 751 - INFO - Running default scraper on KT_FR > https://geo.fr.ch/ags/services/OpenData_Raster/CN1000/MapServer/WMSServer?request=GetCapabilities&service=WMS (source 1342/1467)
2026-01-11 06:44:41,538 - Scraping log - scraper.py >         <module>(): Line 751 - INFO - Running default scraper on KT_FR > https://geo.fr.ch/ags/services/OpenData_Raster/CN100_NB/MapServer/WMSServer?request=GetCapabilities&service=WMS (source 1343/1467)
2026-01-11 06:44:44,298 - Scraping log - scraper.py >         <module>(): Line 751 - INFO - Running default scraper on KT_FR > https://geo.fr.ch/ags/services/OpenData_Raster/CN100/MapServer/WMSServer?request=GetCapabilities&service=WMS (source 1344/1467)
2026-01-11 06:44:47,132 - Scraping log - scraper.py >         <module>(): Line 751 - INFO - Running default scraper on KT_FR > https://geo.fr.ch/ags/services/OpenData_Raster/CN10_NB/MapServer/WMSServer?request=GetCapabilities&service=WMS (source 1345/1467)
2026-01-11 06:44:50,999 - Scraping log - scraper.py >         <module>(): Line 751 - INFO - Running default scraper on KT_FR > https://geo.fr.ch/ags/services/OpenData_Raster/CN10/MapServer/WMSServer?request=GetCapabilities&service=WMS (source 1346/1467)
2026-01-11 06:44:53,653 - Scraping log - scraper.py >         <module>(): Line 751 - INFO - Running default scraper on KT_FR > https://geo.fr.ch/ags/services/OpenData_Raster/CN200_NB/MapServer/WMSServer?request=GetCapabilities&service=WMS (source 1347/1467)
2026-01-11 06:44:56,040 - Scraping log - scraper.py >         <module>(): Line 751 - INFO - Running default scraper on KT_FR > https://geo.fr.ch/ags/services/OpenData_Raster/CN200/MapServer/WMSServer?request=GetCapabilities&service=WMS (source 1348/1467)
2026-01-11 06:44:58,700 - Scraping log - scraper.py >         <module>(): Line 751 - INFO - Running default scraper on KT_FR > https://geo.fr.ch/ags/services/OpenData_Raster/CN25_NB/MapServer/WMSServer?request=GetCapabilities&service=WMS (source 1349/1467)
2026-01-11 06:45:01,585 - Scraping log - scraper.py >         <module>(): Line 751 - INFO - Running default scraper on KT_FR > https://geo.fr.ch/ags/services/OpenData_Raster/CN25/MapServer/WMSServer?request=GetCapabilities&service=WMS (source 1350/1467)
2026-01-11 06:45:04,550 - Scraping log - scraper.py >         <module>(): Line 751 - INFO - Running default scraper on KT_FR > https://geo.fr.ch/ags/services/OpenData_Raster/CN500_NB/MapServer/WMSServer?request=GetCapabilities&service=WMS (source 1351/1467)
2026-01-11 06:45:06,806 - Scraping log - scraper.py >         <module>(): Line 751 - INFO - Running default scraper on KT_FR > https://geo.fr.ch/ags/services/OpenData_Raster/CN500/MapServer/WMSServer?request=GetCapabilities&service=WMS (source 1352/1467)
2026-01-11 06:45:09,412 - Scraping log - scraper.py >         <module>(): Line 751 - INFO - Running default scraper on KT_FR > https://geo.fr.ch/ags/services/OpenData_Raster/CN50_NB/MapServer/WMSServer?request=GetCapabilities&service=WMS (source 1353/1467)
2026-01-11 06:45:12,000 - Scraping log - scraper.py >         <module>(): Line 751 - INFO - Running default scraper on KT_FR > https://geo.fr.ch/ags/services/OpenData_Raster/CN50/MapServer/WMSServer?request=GetCapabilities&service=WMS (source 1354/1467)
2026-01-11 06:45:14,470 - Scraping log - scraper.py >         <module>(): Line 751 - INFO - Running default scraper on KT_FR > https://geo.fr.ch/ags/services/OpenData_Raster/Courbes_de_niveau_2016/MapServer/WMSServer?request=GetCapabilities&service=WMS (source 1355/1467)
2026-01-11 06:45:18,548 - Scraping log - scraper.py >         <module>(): Line 751 - INFO - Running default scraper on KT_FR > https://geo.fr.ch/ags/services/OpenData_Raster/Decoupage_des_courbes_de_niveau_LIDAR_2016_pour_telechargement_par_tuile/MapServer/WMSServer?request=GetCapabilities&service=WMS (source 1356/1467)
2026-01-11 06:45:21,158 - Scraping log - scraper.py >         <module>(): Line 751 - INFO - Running default scraper on KT_FR > https://geo.fr.ch/ags/services/OpenData_Raster/Densite_de_points_au_sol_LIDAR_2016/MapServer/WMSServer?request=GetCapabilities&service=WMS (source 1357/1467)
2026-01-11 06:45:23,377 - Scraping log - scraper.py >         <module>(): Line 751 - INFO - Running default scraper on KT_FR > https://geo.fr.ch/ags/services/OpenData_Raster/Densite_de_points_globale_LIDAR_2016/MapServer/WMSServer?request=GetCapabilities&service=WMS (source 1358/1467)
2026-01-11 06:45:25,798 - Scraping log - scraper.py >         <module>(): Line 751 - INFO - Running default scraper on KT_FR > https://geo.fr.ch/ags/services/OpenData_Raster/Direction_d_ecoulement_1_12500/MapServer/WMSServer?request=GetCapabilities&service=WMS (source 1359/1467)
2026-01-11 06:45:28,242 - Scraping log - scraper.py >         <module>(): Line 751 - INFO - Running default scraper on KT_FR > https://geo.fr.ch/ags/services/OpenData_Raster/Direction_d_ecoulement_1_3000/MapServer/WMSServer?request=GetCapabilities&service=WMS (source 1360/1467)
2026-01-11 06:45:30,589 - Scraping log - scraper.py >         <module>(): Line 751 - INFO - Running default scraper on KT_FR > https://geo.fr.ch/ags/services/OpenData_Raster/Direction_d_ecoulement_1_6000/MapServer/WMSServer?request=GetCapabilities&service=WMS (source 1361/1467)
2026-01-11 06:45:33,021 - Scraping log - scraper.py >         <module>(): Line 751 - INFO - Running default scraper on KT_FR > https://geo.fr.ch/ags/services/OpenData_Raster/Epaisseur_du_Quaternaire__m_/MapServer/WMSServer?request=GetCapabilities&service=WMS (source 1362/1467)
2026-01-11 06:45:35,500 - Scraping log - scraper.py >         <module>(): Line 751 - INFO - Running default scraper on KT_FR > https://geo.fr.ch/ags/services/OpenData_Raster/Habitat_potentiel_du_bouquetin/MapServer/WMSServer?request=GetCapabilities&service=WMS (source 1363/1467)
2026-01-11 06:45:37,625 - Scraping log - scraper.py >         <module>(): Line 751 - INFO - Running default scraper on KT_FR > https://geo.fr.ch/ags/services/OpenData_Raster/Habitat_potentiel_du_cerf/MapServer/WMSServer?request=GetCapabilities&service=WMS (source 1364/1467)
2026-01-11 06:45:39,856 - Scraping log - scraper.py >         <module>(): Line 751 - INFO - Running default scraper on KT_FR > https://geo.fr.ch/ags/services/OpenData_Raster/Habitat_potentiel_du_chamois/MapServer/WMSServer?request=GetCapabilities&service=WMS (source 1365/1467)
2026-01-11 06:45:42,243 - Scraping log - scraper.py >         <module>(): Line 751 - INFO - Running default scraper on KT_FR > https://geo.fr.ch/ags/services/OpenData_Raster/Habitat_potentiel_du_chevreuil/MapServer/WMSServer?request=GetCapabilities&service=WMS (source 1366/1467)
2026-01-11 06:45:44,538 - Scraping log - scraper.py >         <module>(): Line 751 - INFO - Running default scraper on KT_FR > https://geo.fr.ch/ags/services/OpenData_Raster/Image_aerienne_1998/MapServer/WMSServer?request=GetCapabilities&service=WMS (source 1367/1467)
2026-01-11 06:45:47,315 - Scraping log - scraper.py >         <module>(): Line 751 - INFO - Running default scraper on KT_FR > https://geo.fr.ch/ags/services/OpenData_Raster/Image_aerienne_2005/MapServer/WMSServer?request=GetCapabilities&service=WMS (source 1368/1467)
2026-01-11 06:45:50,069 - Scraping log - scraper.py >         <module>(): Line 751 - INFO - Running default scraper on KT_FR > https://geo.fr.ch/ags/services/OpenData_Raster/Image_aerienne_2009/MapServer/WMSServer?request=GetCapabilities&service=WMS (source 1369/1467)
2026-01-11 06:45:52,482 - Scraping log - scraper.py >         <module>(): Line 751 - INFO - Running default scraper on KT_FR > https://geo.fr.ch/ags/services/OpenData_Raster/Image_aerienne_2010/MapServer/WMSServer?request=GetCapabilities&service=WMS (source 1370/1467)
2026-01-11 06:45:54,564 - Scraping log - scraper.py >         <module>(): Line 751 - INFO - Running default scraper on KT_FR > https://geo.fr.ch/ags/services/OpenData_Raster/Image_aerienne_2013/MapServer/WMSServer?request=GetCapabilities&service=WMS (source 1371/1467)
2026-01-11 06:45:57,016 - Scraping log - scraper.py >         <module>(): Line 751 - INFO - Running default scraper on KT_FR > https://geo.fr.ch/ags/services/OpenData_Raster/Image_aerienne_2016/MapServer/WMSServer?request=GetCapabilities&service=WMS (source 1372/1467)
2026-01-11 06:45:59,251 - Scraping log - scraper.py >         <module>(): Line 751 - INFO - Running default scraper on KT_FR > https://geo.fr.ch/ags/services/OpenData_Raster/Image_aerienne_2017/MapServer/WMSServer?request=GetCapabilities&service=WMS (source 1373/1467)
2026-01-11 06:46:01,760 - Scraping log - scraper.py >         <module>(): Line 751 - INFO - Running default scraper on KT_FR > https://geo.fr.ch/ags/services/OpenData_Raster/Image_aerienne_2020/MapServer/WMSServer?request=GetCapabilities&service=WMS (source 1374/1467)
2026-01-11 06:46:04,340 - Scraping log - scraper.py >         <module>(): Line 751 - INFO - Running default scraper on KT_FR > https://geo.fr.ch/ags/services/OpenData_Raster/Isobathes_2012_2016/MapServer/WMSServer?request=GetCapabilities&service=WMS (source 1375/1467)
2026-01-11 06:46:04,766 - Scraping log - scraper.py >         <module>(): Line 759 - WARNING - Scraping KT_FR > https://geo.fr.ch/ags/services/OpenData_Raster/Isobathes_2012_2016/MapServer/WMSServer?request=GetCapabilities&service=WMS aborted
2026-01-11 06:46:04,766 - Scraping log - scraper.py >         <module>(): Line 751 - INFO - Running default scraper on KT_FR > https://geo.fr.ch/ags/services/OpenData_Raster/Lignes_de_vol_LIDAR_2015_2017/MapServer/WMSServer?request=GetCapabilities&service=WMS (source 1376/1467)
2026-01-11 06:46:07,498 - Scraping log - scraper.py >         <module>(): Line 751 - INFO - Running default scraper on KT_FR > https://geo.fr.ch/ags/services/OpenData_Raster/Minutes_originales_MCA/MapServer/WMSServer?request=GetCapabilities&service=WMS (source 1377/1467)
2026-01-11 06:46:10,212 - Scraping log - scraper.py >         <module>(): Line 751 - INFO - Running default scraper on KT_FR > https://geo.fr.ch/ags/services/OpenData_Raster/Minutes_originales_MFA/MapServer/WMSServer?request=GetCapabilities&service=WMS (source 1378/1467)
2026-01-11 06:46:12,739 - Scraping log - scraper.py >         <module>(): Line 751 - INFO - Running default scraper on KT_FR > https://geo.fr.ch/ags/services/OpenData_Raster/MNS_swissSURFACE3D_Raster/MapServer/WMSServer?request=GetCapabilities&service=WMS (source 1379/1467)
2026-01-11 06:46:15,158 - Scraping log - scraper.py >         <module>(): Line 751 - INFO - Running default scraper on KT_FR > https://geo.fr.ch/ags/services/OpenData_Raster/MNT_lacs/MapServer/WMSServer?request=GetCapabilities&service=WMS (source 1380/1467)
2026-01-11 06:46:17,448 - Scraping log - scraper.py >         <module>(): Line 751 - INFO - Running default scraper on KT_FR > https://geo.fr.ch/ags/services/OpenData_Raster/MNT_swissALTI3D/MapServer/WMSServer?request=GetCapabilities&service=WMS (source 1381/1467)
2026-01-11 06:46:19,689 - Scraping log - scraper.py >         <module>(): Line 751 - INFO - Running default scraper on KT_FR > https://geo.fr.ch/ags/services/OpenData_Raster/Modele_numerique_de_hauteur_MNH_2016/MapServer/WMSServer?request=GetCapabilities&service=WMS (source 1382/1467)
2026-01-11 06:46:21,790 - Scraping log - scraper.py >         <module>(): Line 751 - INFO - Running default scraper on KT_FR > https://geo.fr.ch/ags/services/OpenData_Raster/Modele_numerique_de_hauteur_MNH_2021/MapServer/WMSServer?request=GetCapabilities&service=WMS (source 1383/1467)
2026-01-11 06:46:24,271 - Scraping log - scraper.py >         <module>(): Line 751 - INFO - Running default scraper on KT_FR > https://geo.fr.ch/ags/services/OpenData_Raster/Nomenclature_1935_fond_blanc/MapServer/WMSServer?request=GetCapabilities&service=WMS (source 1384/1467)
2026-01-11 06:46:26,550 - Scraping log - scraper.py >         <module>(): Line 751 - INFO - Running default scraper on KT_FR > https://geo.fr.ch/ags/services/OpenData_Raster/Nomenclature_1935/MapServer/WMSServer?request=GetCapabilities&service=WMS (source 1385/1467)
2026-01-11 06:46:28,931 - Scraping log - scraper.py >         <module>(): Line 751 - INFO - Running default scraper on KT_FR > https://geo.fr.ch/ags/services/OpenData_Raster/Orientation_des_pentes_2016/MapServer/WMSServer?request=GetCapabilities&service=WMS (source 1386/1467)
2026-01-11 06:46:31,355 - Scraping log - scraper.py >         <module>(): Line 751 - INFO - Running default scraper on KT_FR > https://geo.fr.ch/ags/services/OpenData_Raster/Orientation_des_pentes_2021/MapServer/WMSServer?request=GetCapabilities&service=WMS (source 1387/1467)
2026-01-11 06:46:33,635 - Scraping log - scraper.py >         <module>(): Line 751 - INFO - Running default scraper on KT_FR > https://geo.fr.ch/ags/services/OpenData_Raster/Orthophoto_technique_LIDAR_2016/MapServer/WMSServer?request=GetCapabilities&service=WMS (source 1388/1467)
2026-01-11 06:46:36,277 - Scraping log - scraper.py >         <module>(): Line 751 - INFO - Running default scraper on KT_FR > https://geo.fr.ch/ags/services/OpenData_Raster/PB_MO_couleur_1_2500/MapServer/WMSServer?request=GetCapabilities&service=WMS (source 1389/1467)
2026-01-11 06:46:36,795 - Scraping log - scraper.py >         <module>(): Line 759 - WARNING - Scraping KT_FR > https://geo.fr.ch/ags/services/OpenData_Raster/PB_MO_couleur_1_2500/MapServer/WMSServer?request=GetCapabilities&service=WMS aborted
2026-01-11 06:46:36,795 - Scraping log - scraper.py >         <module>(): Line 751 - INFO - Running default scraper on KT_FR > https://geo.fr.ch/ags/services/OpenData_Raster/PB_MO_NB_1_2500_fond_transparent/MapServer/WMSServer?request=GetCapabilities&service=WMS (source 1390/1467)
2026-01-11 06:46:37,220 - Scraping log - scraper.py >         <module>(): Line 759 - WARNING - Scraping KT_FR > https://geo.fr.ch/ags/services/OpenData_Raster/PB_MO_NB_1_2500_fond_transparent/MapServer/WMSServer?request=GetCapabilities&service=WMS aborted
2026-01-11 06:46:37,221 - Scraping log - scraper.py >         <module>(): Line 751 - INFO - Running default scraper on KT_FR > https://geo.fr.ch/ags/services/OpenData_Raster/PB_MO_NB_1_2500/MapServer/WMSServer?request=GetCapabilities&service=WMS (source 1391/1467)
2026-01-11 06:46:37,630 - Scraping log - scraper.py >         <module>(): Line 759 - WARNING - Scraping KT_FR > https://geo.fr.ch/ags/services/OpenData_Raster/PB_MO_NB_1_2500/MapServer/WMSServer?request=GetCapabilities&service=WMS aborted
2026-01-11 06:46:37,630 - Scraping log - scraper.py >         <module>(): Line 751 - INFO - Running default scraper on KT_FR > https://geo.fr.ch/ags/services/OpenData_Raster/Pente_en_degres_2016/MapServer/WMSServer?request=GetCapabilities&service=WMS (source 1392/1467)
2026-01-11 06:46:39,744 - Scraping log - scraper.py >         <module>(): Line 751 - INFO - Running default scraper on KT_FR > https://geo.fr.ch/ags/services/OpenData_Raster/Pente_en_degres_2021/MapServer/WMSServer?request=GetCapabilities&service=WMS (source 1393/1467)
2026-01-11 06:46:42,305 - Scraping log - scraper.py >         <module>(): Line 751 - INFO - Running default scraper on KT_FR > https://geo.fr.ch/ags/services/OpenData_Raster/Pente_en_pourcentage_2016/MapServer/WMSServer?request=GetCapabilities&service=WMS (source 1394/1467)
2026-01-11 06:46:44,499 - Scraping log - scraper.py >         <module>(): Line 751 - INFO - Running default scraper on KT_FR > https://geo.fr.ch/ags/services/OpenData_Raster/Pente_en_pourcentage_2021/MapServer/WMSServer?request=GetCapabilities&service=WMS (source 1395/1467)
2026-01-11 06:46:46,876 - Scraping log - scraper.py >         <module>(): Line 751 - INFO - Running default scraper on KT_FR > https://geo.fr.ch/ags/services/OpenData_Raster/Pente_et_orientation_combinees_2016/MapServer/WMSServer?request=GetCapabilities&service=WMS (source 1396/1467)
2026-01-11 06:46:49,283 - Scraping log - scraper.py >         <module>(): Line 751 - INFO - Running default scraper on KT_FR > https://geo.fr.ch/ags/services/OpenData_Raster/Pente_et_orientation_combinees_2021/MapServer/WMSServer?request=GetCapabilities&service=WMS (source 1397/1467)
2026-01-11 06:46:51,377 - Scraping log - scraper.py >         <module>(): Line 751 - INFO - Running default scraper on KT_FR > https://geo.fr.ch/ags/services/OpenData_Raster/Plan_d_ensemble_1_10000_1990/MapServer/WMSServer?request=GetCapabilities&service=WMS (source 1398/1467)
2026-01-11 06:46:53,619 - Scraping log - scraper.py >         <module>(): Line 751 - INFO - Running default scraper on KT_FR > https://geo.fr.ch/ags/services/OpenData_Raster/Plan_d_ensemble_1_5000_2010/MapServer/WMSServer?request=GetCapabilities&service=WMS (source 1399/1467)
2026-01-11 06:46:55,917 - Scraping log - scraper.py >         <module>(): Line 751 - INFO - Running default scraper on KT_FR > https://geo.fr.ch/ags/services/OpenData_Raster/Plans_cadastraux_sur_plaque_aluminium/MapServer/WMSServer?request=GetCapabilities&service=WMS (source 1400/1467)
2026-01-11 06:46:58,843 - Scraping log - scraper.py >         <module>(): Line 751 - INFO - Running default scraper on KT_FR > https://geo.fr.ch/ags/services/OpenData_Raster/Plans_d_ensemble_couleur_1930_1940/MapServer/WMSServer?request=GetCapabilities&service=WMS (source 1401/1467)
2026-01-11 06:47:01,363 - Scraping log - scraper.py >         <module>(): Line 751 - INFO - Running default scraper on KT_FR > https://geo.fr.ch/ags/services/OpenData_Raster/Plans_topographiques_du_19eme_siecle/MapServer/WMSServer?request=GetCapabilities&service=WMS (source 1402/1467)
2026-01-11 06:47:03,475 - Scraping log - scraper.py >         <module>(): Line 751 - INFO - Running default scraper on KT_FR > https://geo.fr.ch/ags/services/OpenData_Raster/Relief_de_surface_ombre_MNS_2002/MapServer/WMSServer?request=GetCapabilities&service=WMS (source 1403/1467)
2026-01-11 06:47:05,694 - Scraping log - scraper.py >         <module>(): Line 751 - INFO - Running default scraper on KT_FR > https://geo.fr.ch/ags/services/OpenData_Raster/Relief_de_surface_ombre_MNS_2016/MapServer/WMSServer?request=GetCapabilities&service=WMS (source 1404/1467)
2026-01-11 06:47:07,903 - Scraping log - scraper.py >         <module>(): Line 751 - INFO - Running default scraper on KT_FR > https://geo.fr.ch/ags/services/OpenData_Raster/Relief_de_surface_ombre_MNS_swissSURFACE3D_Raster_2018_2019/MapServer/WMSServer?request=GetCapabilities&service=WMS (source 1405/1467)
2026-01-11 06:47:10,352 - Scraping log - scraper.py >         <module>(): Line 751 - INFO - Running default scraper on KT_FR > https://geo.fr.ch/ags/services/OpenData_Raster/Relief_de_terrain_ombre_MNT_2002/MapServer/WMSServer?request=GetCapabilities&service=WMS (source 1406/1467)
2026-01-11 06:47:12,773 - Scraping log - scraper.py >         <module>(): Line 751 - INFO - Running default scraper on KT_FR > https://geo.fr.ch/ags/services/OpenData_Raster/Relief_de_terrain_ombre_MNT_2016/MapServer/WMSServer?request=GetCapabilities&service=WMS (source 1407/1467)
2026-01-11 06:47:15,101 - Scraping log - scraper.py >         <module>(): Line 751 - INFO - Running default scraper on KT_FR > https://geo.fr.ch/ags/services/OpenData_Raster/Relief_de_terrain_ombre_MNT_lacs_de_Morat_et_Neuchatel/MapServer/WMSServer?request=GetCapabilities&service=WMS (source 1408/1467)
2026-01-11 06:47:17,321 - Scraping log - scraper.py >         <module>(): Line 751 - INFO - Running default scraper on KT_FR > https://geo.fr.ch/ags/services/OpenData_Raster/Relief_de_terrain_ombre_MNT_swissALTI3D_2021/MapServer/WMSServer?request=GetCapabilities&service=WMS (source 1409/1467)
2026-01-11 06:47:19,552 - Scraping log - scraper.py >         <module>(): Line 751 - INFO - Running default scraper on KT_FR > https://geo.fr.ch/ags/services/OpenData_Raster/Relief_ombre_swissALTI3D_2010/MapServer/WMSServer?request=GetCapabilities&service=WMS (source 1410/1467)
2026-01-11 06:47:21,695 - Scraping log - scraper.py >         <module>(): Line 751 - INFO - Running default scraper on KT_FR > https://geo.fr.ch/ags/services/OpenData_Raster/Toit_du_rocher___Isohypses__msm_/MapServer/WMSServer?request=GetCapabilities&service=WMS (source 1411/1467)
2026-01-11 06:47:24,058 - Scraping log - scraper.py >         <module>(): Line 751 - INFO - Running default scraper on FL_LI > https://service.geo.llv.li/service/wms?service=WMS&request=GetCapabilities (source 1412/1467)
2026-01-11 06:47:39,464 - Scraping log - scraper.py > get_service_info(): Line 319 - ERROR - WMSLI: HTTPSConnectionPool(host='service.geo.llv.li', port=443): Read timed out. (read timeout=10)
2026-01-11 06:48:33,737 - Scraping log - scraper.py >         <module>(): Line 751 - INFO - Running default scraper on Geodienste > https://geodienste.ch/db/av/deu?SERVICE=WMS&REQUEST=GetCapabilities (source 1413/1467)
2026-01-11 06:48:49,506 - Scraping log - scraper.py >         <module>(): Line 751 - INFO - Running default scraper on Geodienste > https://geodienste.ch/db/av_situationsplan/deu?SERVICE=WMS&REQUEST=GetCapabilities (source 1414/1467)
2026-01-11 06:49:22,553 - Scraping log - scraper.py >         <module>(): Line 751 - INFO - Running default scraper on Geodienste > https://geodienste.ch/db/fruchtfolgeflaechen/deu?SERVICE=WMS&REQUEST=GetCapabilities (source 1415/1467)
2026-01-11 06:49:26,328 - Scraping log - scraper.py >         <module>(): Line 751 - INFO - Running default scraper on Geodienste > https://geodienste.ch/db/gefahrenkarten_v1_3_0/deu?SERVICE=WMS&REQUEST=GetCapabilities (source 1416/1467)
2026-01-11 06:49:51,881 - Scraping log - scraper.py >         <module>(): Line 751 - INFO - Running default scraper on Geodienste > https://geodienste.ch/db/kantonale_ausnahmetransportrouten/deu?SERVICE=WMS&REQUEST=GetCapabilities (source 1417/1467)
2026-01-11 06:49:56,189 - Scraping log - scraper.py >         <module>(): Line 751 - INFO - Running default scraper on Geodienste > https://geodienste.ch/db/kataster_belasteter_standorte/deu?SERVICE=WMS&REQUEST=GetCapabilities (source 1418/1467)
2026-01-11 06:50:00,365 - Scraping log - scraper.py >         <module>(): Line 751 - INFO - Running default scraper on Geodienste > https://geodienste.ch/db/lwb_bewirtschaftungseinheit/deu?SERVICE=WMS&REQUEST=GetCapabilities (source 1419/1467)
2026-01-11 06:50:05,345 - Scraping log - scraper.py >         <module>(): Line 751 - INFO - Running default scraper on Geodienste > https://geodienste.ch/db/lwb_biodiversitaetsfoerderflaechen/deu?SERVICE=WMS&REQUEST=GetCapabilities (source 1420/1467)
2026-01-11 06:50:09,731 - Scraping log - scraper.py >         <module>(): Line 751 - INFO - Running default scraper on Geodienste > https://geodienste.ch/db/lwb_nutzungsflaechen/deu?SERVICE=WMS&REQUEST=GetCapabilities (source 1421/1467)
2026-01-11 06:50:14,676 - Scraping log - scraper.py >         <module>(): Line 751 - INFO - Running default scraper on Geodienste > https://geodienste.ch/db/lwb_perimeter_ln_sf/deu?SERVICE=WMS&REQUEST=GetCapabilities (source 1422/1467)
2026-01-11 06:50:18,426 - Scraping log - scraper.py >         <module>(): Line 751 - INFO - Running default scraper on Geodienste > https://geodienste.ch/db/lwb_perimeter_terrassenreben/deu?SERVICE=WMS&REQUEST=GetCapabilities (source 1423/1467)
2026-01-11 06:50:22,183 - Scraping log - scraper.py >         <module>(): Line 751 - INFO - Running default scraper on Geodienste > https://geodienste.ch/db/lwb_rebbaukataster/deu?SERVICE=WMS&REQUEST=GetCapabilities (source 1424/1467)
2026-01-11 06:50:26,004 - Scraping log - scraper.py >         <module>(): Line 751 - INFO - Running default scraper on Geodienste > https://geodienste.ch/db/npl_laermempfindlichkeitsstufen/deu?SERVICE=WMS&REQUEST=GetCapabilities (source 1425/1467)
2026-01-11 06:50:29,793 - Scraping log - scraper.py >         <module>(): Line 751 - INFO - Running default scraper on Geodienste > https://geodienste.ch/db/npl_nutzungsplanung/deu?SERVICE=WMS&REQUEST=GetCapabilities (source 1426/1467)
2026-01-11 06:50:34,743 - Scraping log - scraper.py >         <module>(): Line 751 - INFO - Running default scraper on Geodienste > https://geodienste.ch/db/planerischer_gewaesserschutz_v1_1_1/deu?SERVICE=WMS&REQUEST=GetCapabilities (source 1427/1467)
2026-01-11 06:50:57,222 - Scraping log - scraper.py >         <module>(): Line 751 - INFO - Running default scraper on Geodienste > https://geodienste.ch/db/npl_waldabstandslinien/deu?SERVICE=WMS&REQUEST=GetCapabilities (source 1428/1467)
2026-01-11 06:51:03,850 - Scraping log - scraper.py >         <module>(): Line 751 - INFO - Running default scraper on Geodienste > https://geodienste.ch/db/npl_waldgrenzen/deu?SERVICE=WMS&REQUEST=GetCapabilities (source 1429/1467)
2026-01-11 06:51:07,669 - Scraping log - scraper.py >         <module>(): Line 751 - INFO - Running default scraper on Geodienste > https://geodienste.ch/db/planungszonen_v1_0_0/deu?SERVICE=WMS&REQUEST=GetCapabilities (source 1430/1467)
2026-01-11 06:51:08,043 - Scraping log - scraper.py >         <module>(): Line 759 - WARNING - Scraping Geodienste > https://geodienste.ch/db/planungszonen_v1_0_0/deu?SERVICE=WMS&REQUEST=GetCapabilities aborted
2026-01-11 06:51:08,043 - Scraping log - scraper.py >         <module>(): Line 751 - INFO - Running default scraper on Geodienste > https://geodienste.ch/db/richtplanung_erneuerbare_energien_v1_0_0/deu?SERVICE=WMS&REQUEST=GetCapabilities (source 1431/1467)
2026-01-11 06:51:18,248 - Scraping log - scraper.py >         <module>(): Line 751 - INFO - Running default scraper on Geodienste > https://geodienste.ch/db/stromversorgungssicherheit_netzgebiete_v1_2_0/deu?SERVICE=WMS&REQUEST=GetCapabilities (source 1432/1467)
2026-01-11 06:51:22,590 - Scraping log - scraper.py >         <module>(): Line 751 - INFO - Running default scraper on Geodienste > https://geodienste.ch/db/waldreservate/deu?SERVICE=WMS&REQUEST=GetCapabilities (source 1433/1467)
2026-01-11 06:51:26,358 - Scraping log - scraper.py >         <module>(): Line 751 - INFO - Running default scraper on Geodienste > https://geodienste.ch/db/wildruhezonen_v2_1_1/deu?SERVICE=WMS&REQUEST=GetCapabilities (source 1434/1467)
2026-01-11 06:51:30,721 - Scraping log - scraper.py >         <module>(): Line 751 - INFO - Running default scraper on Geodienste > https://geodienste.ch/db/av/deu?SERVICE=WFS&REQUEST=GetCapabilities (source 1435/1467)
2026-01-11 06:51:37,424 - Scraping log - scraper.py >         <module>(): Line 751 - INFO - Running default scraper on Geodienste > https://geodienste.ch/db/av_situationsplan/deu?SERVICE=WFS&REQUEST=GetCapabilities (source 1436/1467)
2026-01-11 06:51:47,272 - Scraping log - scraper.py >         <module>(): Line 751 - INFO - Running default scraper on Geodienste > https://geodienste.ch/db/fruchtfolgeflaechen/deu?SERVICE=WFS&REQUEST=GetCapabilities (source 1437/1467)
2026-01-11 06:51:49,328 - Scraping log - scraper.py >         <module>(): Line 751 - INFO - Running default scraper on Geodienste > https://geodienste.ch/db/gefahrenkarten_v1_3_0/deu?SERVICE=WFS&REQUEST=GetCapabilities (source 1438/1467)
2026-01-11 06:52:00,210 - Scraping log - scraper.py >         <module>(): Line 751 - INFO - Running default scraper on Geodienste > https://geodienste.ch/db/kantonale_ausnahmetransportrouten/deu?SERVICE=WFS&REQUEST=GetCapabilities (source 1439/1467)
2026-01-11 06:52:02,537 - Scraping log - scraper.py >         <module>(): Line 751 - INFO - Running default scraper on Geodienste > https://geodienste.ch/db/kataster_belasteter_standorte/deu?SERVICE=WFS&REQUEST=GetCapabilities (source 1440/1467)
2026-01-11 06:52:05,311 - Scraping log - scraper.py >         <module>(): Line 751 - INFO - Running default scraper on Geodienste > https://geodienste.ch/db/lwb_bewirtschaftungseinheit/deu?SERVICE=WFS&REQUEST=GetCapabilities (source 1441/1467)
2026-01-11 06:52:07,762 - Scraping log - scraper.py >         <module>(): Line 751 - INFO - Running default scraper on Geodienste > https://geodienste.ch/db/lwb_biodiversitaetsfoerderflaechen/deu?SERVICE=WFS&REQUEST=GetCapabilities (source 1442/1467)
2026-01-11 06:52:10,085 - Scraping log - scraper.py >         <module>(): Line 751 - INFO - Running default scraper on Geodienste > https://geodienste.ch/db/lwb_nutzungsflaechen/deu?SERVICE=WFS&REQUEST=GetCapabilities (source 1443/1467)
2026-01-11 06:52:12,150 - Scraping log - scraper.py >         <module>(): Line 751 - INFO - Running default scraper on Geodienste > https://geodienste.ch/db/lwb_perimeter_ln_sf/deu?SERVICE=WFS&REQUEST=GetCapabilities (source 1444/1467)
2026-01-11 06:52:14,303 - Scraping log - scraper.py >         <module>(): Line 751 - INFO - Running default scraper on Geodienste > https://geodienste.ch/db/lwb_perimeter_terrassenreben/deu?SERVICE=WFS&REQUEST=GetCapabilities (source 1445/1467)
2026-01-11 06:52:16,381 - Scraping log - scraper.py >         <module>(): Line 751 - INFO - Running default scraper on Geodienste > https://geodienste.ch/db/lwb_rebbaukataster/deu?SERVICE=WFS&REQUEST=GetCapabilities (source 1446/1467)
2026-01-11 06:52:18,422 - Scraping log - scraper.py >         <module>(): Line 751 - INFO - Running default scraper on Geodienste > https://geodienste.ch/db/npl_laermempfindlichkeitsstufen/deu?SERVICE=WFS&REQUEST=GetCapabilities (source 1447/1467)
2026-01-11 06:52:20,578 - Scraping log - scraper.py >         <module>(): Line 751 - INFO - Running default scraper on Geodienste > https://geodienste.ch/db/npl_nutzungsplanung/deu?SERVICE=WFS&REQUEST=GetCapabilities (source 1448/1467)
2026-01-11 06:52:23,273 - Scraping log - scraper.py >         <module>(): Line 751 - INFO - Running default scraper on Geodienste > https://geodienste.ch/db/planerischer_gewaesserschutz_v1_1_1/deu?SERVICE=WFS&REQUEST=GetCapabilities (source 1449/1467)
2026-01-11 06:52:31,140 - Scraping log - scraper.py >         <module>(): Line 751 - INFO - Running default scraper on Geodienste > https://geodienste.ch/db/npl_waldabstandslinien/deu?SERVICE=WFS&REQUEST=GetCapabilities (source 1450/1467)
2026-01-11 06:52:33,200 - Scraping log - scraper.py >         <module>(): Line 751 - INFO - Running default scraper on Geodienste > https://geodienste.ch/db/npl_waldgrenzen/deu?SERVICE=WFS&REQUEST=GetCapabilities (source 1451/1467)
2026-01-11 06:52:37,222 - Scraping log - scraper.py >         <module>(): Line 751 - INFO - Running default scraper on Geodienste > https://geodienste.ch/db/planungszonen_v1_0_0/deu?SERVICE=WFS&REQUEST=GetCapabilities (source 1452/1467)
2026-01-11 06:52:37,600 - Scraping log - scraper.py >         <module>(): Line 759 - WARNING - Scraping Geodienste > https://geodienste.ch/db/planungszonen_v1_0_0/deu?SERVICE=WFS&REQUEST=GetCapabilities aborted
2026-01-11 06:52:37,601 - Scraping log - scraper.py >         <module>(): Line 751 - INFO - Running default scraper on Geodienste > https://geodienste.ch/db/richtplanung_erneuerbare_energien_v1_0_0/deu?SERVICE=WFS&REQUEST=GetCapabilities (source 1453/1467)
2026-01-11 06:52:43,495 - Scraping log - scraper.py >         <module>(): Line 751 - INFO - Running default scraper on Geodienste > https://geodienste.ch/db/stromversorgungssicherheit_netzgebiete_v1_2_0/deu?SERVICE=WFS&REQUEST=GetCapabilities (source 1454/1467)
2026-01-11 06:52:45,912 - Scraping log - scraper.py >         <module>(): Line 751 - INFO - Running default scraper on Geodienste > https://geodienste.ch/db/waldreservate/deu?SERVICE=WFS&REQUEST=GetCapabilities (source 1455/1467)
2026-01-11 06:52:48,226 - Scraping log - scraper.py >         <module>(): Line 751 - INFO - Running default scraper on Geodienste > https://geodienste.ch/db/wildruhezonen_v2_1_1/deu?SERVICE=WFS&REQUEST=GetCapabilities (source 1456/1467)
2026-01-11 06:52:50,459 - Scraping log - scraper.py >         <module>(): Line 751 - INFO - Running default scraper on Geodienste > https://geodienste.ch/db/avc/deu?SERVICE=WFS&REQUEST=GetCapabilities (source 1457/1467)
2026-01-11 06:52:57,158 - Scraping log - scraper.py >         <module>(): Line 751 - INFO - Running default scraper on Geodienste > https://geodienste.ch/db/naturereigniskataster_v1_0_0/deu?SERVICE=WFS&REQUEST=GetCapabilities (source 1458/1467)
2026-01-11 06:53:01,973 - Scraping log - scraper.py >         <module>(): Line 751 - INFO - Running default scraper on Geodienste > https://geodienste.ch/db/luftbild/deu?SERVICE=WFS&REQUEST=GetCapabilities (source 1459/1467)
2026-01-11 06:53:09,474 - Scraping log - scraper.py >         <module>(): Line 751 - INFO - Running default scraper on Geodienste > https://geodienste.ch/db/avc/deu?SERVICE=WMS&REQUEST=GetCapabilities (source 1460/1467)
2026-01-11 06:53:24,166 - Scraping log - scraper.py >         <module>(): Line 751 - INFO - Running default scraper on Geodienste > https://geodienste.ch/db/naturereigniskataster_v1_0_0/deu?SERVICE=WMS&REQUEST=GetCapabilities (source 1461/1467)
2026-01-11 06:53:34,759 - Scraping log - scraper.py >         <module>(): Line 751 - INFO - Running default scraper on Geodienste > https://geodienste.ch/db/luftbild/deu?SERVICE=WMS&REQUEST=GetCapabilities (source 1462/1467)
2026-01-11 06:53:57,457 - Scraping log - scraper.py >         <module>(): Line 751 - INFO - Running default scraper on Bund >  https://wmts.geo.admin.ch/EPSG/3857/1.0.0/WMTSCapabilities.xml (source 1463/1467)
2026-01-11 06:58:33,919 - Scraping log - scraper.py >         <module>(): Line 751 - INFO - Running default scraper on Bund >  https://wms.geo.admin.ch/?SERVICE=WMS&VERSION=1.3.0&REQUEST=GetCapabilities (source 1464/1467)
2026-01-11 06:58:59,185 - Scraping log - scraper.py > get_service_info(): Line 319 - ERROR - ch.swisstopo.amtliches-gebaeudeadressverzeichnis: HTTPSConnectionPool(host='wms.geo.admin.ch', port=443): Read timed out. (read timeout=10)
2026-01-11 07:01:07,346 - Scraping log - scraper.py > get_service_info(): Line 319 - ERROR - ch.swisstopo.swisstlm3d-strassen: HTTPSConnectionPool(host='wms.geo.admin.ch', port=443): Read timed out. (read timeout=10)
2026-01-11 07:01:22,770 - Scraping log - scraper.py > get_service_info(): Line 319 - ERROR - ch.swisstopo.swisstne-base: HTTPSConnectionPool(host='wms.geo.admin.ch', port=443): Read timed out. (read timeout=10)
2026-01-11 07:01:50,202 - Scraping log - scraper.py > get_service_info(): Line 319 - ERROR - ch.swisstopo.vec25-gebaeude: HTTPSConnectionPool(host='wms.geo.admin.ch', port=443): Read timed out. (read timeout=10)
2026-01-11 07:03:18,263 - Scraping log - scraper.py > get_service_info(): Line 319 - ERROR - ch.blw.landwirtschaftliche-nutzungsflaechen: HTTPSConnectionPool(host='wms.geo.admin.ch', port=443): Read timed out. (read timeout=10)
2026-01-11 07:03:29,549 - Scraping log - scraper.py > get_service_info(): Line 319 - ERROR - ch.blw.steil_terrassenlagen_rebbau: HTTPSConnectionPool(host='wms.geo.admin.ch', port=443): Read timed out. (read timeout=10)
2026-01-11 07:03:43,326 - Scraping log - scraper.py > get_service_info(): Line 319 - ERROR - ch.blw.hang_steillagen: HTTPSConnectionPool(host='wms.geo.admin.ch', port=443): Read timed out. (read timeout=10)
2026-01-11 07:03:59,605 - Scraping log - scraper.py > get_service_info(): Line 319 - ERROR - ch.bfs.gebaeude_wohnungs_register_waermequelle_heizung: HTTPSConnectionPool(host='wms.geo.admin.ch', port=443): Read timed out. (read timeout=10)
2026-01-11 07:06:56,738 - Scraping log - scraper.py > get_service_info(): Line 319 - ERROR - ch.bafu.gefaehrdungskarte-oberflaechenabfluss: HTTPSConnectionPool(host='wms.geo.admin.ch', port=443): Read timed out. (read timeout=10)
2026-01-11 07:07:50,677 - Scraping log - scraper.py > get_service_info(): Line 319 - ERROR - ch.bafu.klima-co2_ausstoss_gebaeude: HTTPSConnectionPool(host='wms.geo.admin.ch', port=443): Read timed out. (read timeout=10)
2026-01-11 07:08:20,197 - Scraping log - scraper.py > get_service_info(): Line 316 - WARNING - ch.bafu.neophyten-carolina_nachtschatten: GetMap request is blocked for this layer
2026-01-11 07:08:35,659 - Scraping log - scraper.py > get_service_info(): Line 316 - WARNING - ch.bafu.neophyten-portulak_heusenkraut: GetMap request is blocked for this layer
2026-01-11 07:10:57,820 - Scraping log - scraper.py > get_service_info(): Line 319 - ERROR - ch.are.solaranlagen-pruefenswerte_gebiete_vektor: HTTPSConnectionPool(host='wms.geo.admin.ch', port=443): Read timed out. (read timeout=10)
2026-01-11 07:11:26,206 - Scraping log - scraper.py > get_service_info(): Line 319 - ERROR - ch.agroscope.amphibien-bedeutung_parzellen: HTTPSConnectionPool(host='wms.geo.admin.ch', port=443): Read timed out. (read timeout=10)
2026-01-11 07:11:48,603 - Scraping log - scraper.py >         <module>(): Line 751 - INFO - Running default scraper on ASIT >  https://wmts.asit-asso.ch/wmts/1.0.0/WMTSCapabilities.xml (source 1465/1467)
2026-01-11 07:11:51,563 - Scraping log - scraper.py >         <module>(): Line 751 - INFO - Running default scraper on SOSM > https://tile.osm.ch/1.0.0/WMTSCapabilities.xml (source 1466/1467)
2026-01-11 07:11:54,634 - Scraping log - scraper.py >         <module>(): Line 751 - INFO - Running default scraper on ST_BE > https://map.bern.ch/arcgis/rest/services/Geoportal/STEK2016_Entwicklungspotenziale/MapServer/WMTS/1.0.0/WMTSCapabilities.xml (source 1467/1467)
2026-01-11 07:11:56,755 - Scraping log - scraper.py >         <module>(): Line 766 - INFO - Scraping took: 321 mins
2026-01-11 07:30:55,367 - Scraping log - scraper.py >         <module>(): Line 777 - INFO - Keeping 587 datasets from old database without processing
2026-01-11 07:44:40,847 - Scraping log - scraper.py >         <module>(): Line 782 - INFO - Found 48212 datasets for processing
2026-01-11 07:44:41,686 - Scraping log - scraper.py >         <module>(): Line 792 - INFO - Job took: 354 mins
