2025-12-07 01:43:53,114 - Scraping log - scraper.py >         <module>(): Line 706 - INFO - Running scraper with a limit of 
2025-12-07 01:43:53,119 - Scraping log - scraper.py >         <module>(): Line 737 - INFO - Startup time until scraping: 0 mins
2025-12-07 01:43:53,119 - Scraping log - scraper.py >         <module>(): Line 751 - INFO - Running default scraper on KT_AI > https://www.geoportal.ch/services/wms/ktai?SERVICE=WMS&REQUEST=GetCapabilities (source 1/1467)
2025-12-07 01:43:57,301 - Scraping log - scraper.py > get_service_info(): Line 319 - ERROR - ch.geoportal.ktai: 500 Server Error: Internal Server Error for url: https://www.geoportal.ch/services/wms/ktai?service=WMS&version=1.3.0&request=GetMap&layers=ch.geoportal.ktai&styles=&width=256&height=256&crs=EPSG%3A4326&bbox=47.225%2C9.297%2C47.453%2C9.632&format=image%2Fpng&transparent=TRUE&exceptions=XML&bgcolor=0xFFFFFF
2025-12-07 01:43:58,130 - Scraping log - scraper.py >         <module>(): Line 751 - INFO - Running default scraper on KT_AR > https://www.geoportal.ch/services/wms/ktar?SERVICE=WMS&REQUEST=GetCapabilities (source 2/1467)
2025-12-07 01:44:02,405 - Scraping log - scraper.py > get_service_info(): Line 319 - ERROR - ch.geoportal.ktar: 500 Server Error: Internal Server Error for url: https://www.geoportal.ch/services/wms/ktar?service=WMS&version=1.3.0&request=GetMap&layers=ch.geoportal.ktar&styles=&width=256&height=256&crs=EPSG%3A4326&bbox=47.238%2C9.178%2C47.478%2C9.644&format=image%2Fpng&transparent=TRUE&exceptions=XML&bgcolor=0xFFFFFF
2025-12-07 01:44:04,852 - Scraping log - scraper.py >         <module>(): Line 751 - INFO - Running default scraper on KT_AG > https://wms.geo.ag.ch/public/ows?SERVICE=WMS (source 3/1467)
2025-12-07 01:44:14,112 - Scraping log - scraper.py > get_service_info(): Line 319 - ERROR - ch_ag_geo_ATB_SEWKnoten: The requested Style can not be used with this layer.  The style specifies an attribute named 'var rotation = rotation if (art == 'einleitstelle gewässerrelevant' ||art == 'einleitstelle nicht gewässerrelevant' ||art == 'auslauf ins freie' ) { rotation = 90 } return rotation', not found in the 'ch_ag_geo_atb_sewknoten_01' layer
2025-12-07 01:47:33,099 - Scraping log - scraper.py > get_service_info(): Line 319 - ERROR - ch_ag_geo_aw_wbep: HTTPSConnectionPool(host='wms.geo.ag.ch', port=443): Read timed out. (read timeout=10)
2025-12-07 01:47:43,970 - Scraping log - scraper.py > get_service_info(): Line 319 - ERROR - ch_ag_geo_aw_wbsp: HTTPSConnectionPool(host='wms.geo.ag.ch', port=443): Read timed out. (read timeout=10)
2025-12-07 01:48:34,757 - Scraping log - scraper.py > get_service_info(): Line 319 - ERROR - ch_ag_geo_va_avwms_va_lsgp_01: HTTPSConnectionPool(host='wms.geo.ag.ch', port=443): Read timed out. (read timeout=10)
2025-12-07 01:48:41,052 - Scraping log - scraper.py >         <module>(): Line 751 - INFO - Running default scraper on KT_BL > https://tile.geoview.bl.ch/1.0.0/WMTSCapabilities.xml (source 4/1467)
2025-12-07 01:48:43,452 - Scraping log - scraper.py >         <module>(): Line 751 - INFO - Running default scraper on KT_BL > http://geowms.bl.ch/?SERVICE=WMS&VERSION=1.3.0&REQUEST=GetCapabilities (source 5/1467)
2025-12-07 01:48:55,800 - Scraping log - scraper.py > get_service_info(): Line 319 - ERROR - OpenWMS_BL: msWMSApplyTime: WMS server error. No Time value was given, and the default time value 2023 is invalid or outside the time extent defined 2011/2022/P1Y msStyleSetGeomTransform(): General error message. unknown transform expression
2025-12-07 01:55:45,043 - Scraping log - scraper.py >         <module>(): Line 751 - INFO - Running default scraper on KT_BS > https://wfs.geo.bs.ch/?SERVICE=WFS&REQUEST=GetCapabilities (source 6/1467)
2025-12-07 01:56:19,938 - Scraping log - scraper.py >         <module>(): Line 751 - INFO - Running default scraper on KT_BS > https://wmts.geo.bs.ch/EPSG/3857/1.0.0/WMTSCapabilities.xml (source 7/1467)
2025-12-07 01:56:28,375 - Scraping log - scraper.py >         <module>(): Line 751 - INFO - Running default scraper on KT_BS > https://wms.geo.bs.ch/?SERVICE=WMS&REQUEST=GetCapabilities (source 8/1467)
2025-12-07 01:56:53,685 - Scraping log - scraper.py > get_service_info(): Line 319 - ERROR - WMS_BS: HTTPSConnectionPool(host='wms.geo.bs.ch', port=443): Read timed out. (read timeout=10)
2025-12-07 01:57:25,339 - Scraping log - scraper.py > get_service_info(): Line 316 - WARNING - SU_Uebersichtskarte_250_grau_baselayer: GetMap request is blocked for this layer
2025-12-07 01:57:39,851 - Scraping log - scraper.py > get_service_info(): Line 316 - WARNING - Parzellenplan_Bodenbedeckung_sw: GetMap request is blocked for this layer
2025-12-07 01:57:52,349 - Scraping log - scraper.py > get_service_info(): Line 316 - WARNING - AF_AbfuhrzoneGemeindeBasel: GetMap request is blocked for this layer
2025-12-07 01:58:02,471 - Scraping log - scraper.py > get_service_info(): Line 316 - WARNING - AI_GebietseinteilungArbeitsinspektorat: GetMap request is blocked for this layer
2025-12-07 01:58:12,680 - Scraping log - scraper.py > get_service_info(): Line 316 - WARNING - AK_KatasterDerBelastetenStandorte: GetMap request is blocked for this layer
2025-12-07 01:58:22,795 - Scraping log - scraper.py > get_service_info(): Line 316 - WARNING - AL_Alterspflegeheime: GetMap request is blocked for this layer
2025-12-07 01:58:32,809 - Scraping log - scraper.py > get_service_info(): Line 316 - WARNING - AQ_AnsprechpartnerImQuartier: GetMap request is blocked for this layer
2025-12-07 01:58:42,824 - Scraping log - scraper.py > get_service_info(): Line 316 - WARNING - AS_Akutspitaeler: GetMap request is blocked for this layer
2025-12-07 01:58:53,031 - Scraping log - scraper.py > get_service_info(): Line 316 - WARNING - AT_Ausnahmetransportrouten: GetMap request is blocked for this layer
2025-12-07 01:59:03,143 - Scraping log - scraper.py > get_service_info(): Line 316 - WARNING - AVBS_3000_farbig: GetMap request is blocked for this layer
2025-12-07 01:59:13,407 - Scraping log - scraper.py > get_service_info(): Line 316 - WARNING - AVBS_3000_grau: GetMap request is blocked for this layer
2025-12-07 01:59:23,612 - Scraping log - scraper.py > get_service_info(): Line 316 - WARNING - AVBS_3000_sw: GetMap request is blocked for this layer
2025-12-07 01:59:33,827 - Scraping log - scraper.py > get_service_info(): Line 316 - WARNING - BA_Baeume: GetMap request is blocked for this layer
2025-12-07 01:59:43,842 - Scraping log - scraper.py > get_service_info(): Line 316 - WARNING - BA_FaellUndBaumersatzliste: GetMap request is blocked for this layer
2025-12-07 01:59:53,856 - Scraping log - scraper.py > get_service_info(): Line 316 - WARNING - Bodenkarten: GetMap request is blocked for this layer
2025-12-07 02:00:04,545 - Scraping log - scraper.py > get_service_info(): Line 316 - WARNING - Nutzungseignungskarte: GetMap request is blocked for this layer
2025-12-07 02:00:18,835 - Scraping log - scraper.py > get_service_info(): Line 316 - WARNING - BH_Bienenstaende: GetMap request is blocked for this layer
2025-12-07 02:00:28,850 - Scraping log - scraper.py > get_service_info(): Line 316 - WARNING - BI_FreizeitSport: GetMap request is blocked for this layer
2025-12-07 02:00:41,634 - Scraping log - scraper.py > get_service_info(): Line 316 - WARNING - BI_KulturUnterhaltung: GetMap request is blocked for this layer
2025-12-07 02:00:51,649 - Scraping log - scraper.py > get_service_info(): Line 316 - WARNING - Öffentliche Einrichtungen: GetMap request is blocked for this layer
2025-12-07 02:01:01,822 - Scraping log - scraper.py > get_service_info(): Line 316 - WARNING - BI_OeffentlicheEinrichtungen_Rest: GetMap request is blocked for this layer
2025-12-07 02:01:11,854 - Scraping log - scraper.py > get_service_info(): Line 316 - WARNING - BI_OeffentlicheEinrichtungen_WC: GetMap request is blocked for this layer
2025-12-07 02:01:21,971 - Scraping log - scraper.py > get_service_info(): Line 316 - WARNING - BI_Sehenswuerdigkeiten: GetMap request is blocked for this layer
2025-12-07 02:01:31,985 - Scraping log - scraper.py > get_service_info(): Line 316 - WARNING - BI_UnterkuenfteTagung: GetMap request is blocked for this layer
2025-12-07 02:01:42,001 - Scraping log - scraper.py > get_service_info(): Line 316 - WARNING - BI_Verkehr: GetMap request is blocked for this layer
2025-12-07 02:01:52,015 - Scraping log - scraper.py > get_service_info(): Line 316 - WARNING - BI_Hintergrund: GetMap request is blocked for this layer
2025-12-07 02:02:02,407 - Scraping log - scraper.py > get_service_info(): Line 316 - WARNING - BI_Strassen: GetMap request is blocked for this layer
2025-12-07 02:02:12,422 - Scraping log - scraper.py > get_service_info(): Line 316 - WARNING - BI_Autobahn: GetMap request is blocked for this layer
2025-12-07 02:02:22,436 - Scraping log - scraper.py > get_service_info(): Line 316 - WARNING - BI_Gruenflaechen: GetMap request is blocked for this layer
2025-12-07 02:02:32,450 - Scraping log - scraper.py > get_service_info(): Line 316 - WARNING - BI_Bebauung: GetMap request is blocked for this layer
2025-12-07 02:02:42,460 - Scraping log - scraper.py > get_service_info(): Line 316 - WARNING - BI_Gewaesser: GetMap request is blocked for this layer
2025-12-07 02:02:52,468 - Scraping log - scraper.py > get_service_info(): Line 316 - WARNING - BI_Eisenbahn: GetMap request is blocked for this layer
2025-12-07 02:03:02,576 - Scraping log - scraper.py > get_service_info(): Line 316 - WARNING - BI_Konturen: GetMap request is blocked for this layer
2025-12-07 02:03:12,683 - Scraping log - scraper.py > get_service_info(): Line 316 - WARNING - BI_Grenzen: GetMap request is blocked for this layer
2025-12-07 02:03:25,835 - Scraping log - scraper.py > get_service_info(): Line 316 - WARNING - BI_Symbole: GetMap request is blocked for this layer
2025-12-07 02:03:35,941 - Scraping log - scraper.py > get_service_info(): Line 316 - WARNING - BI_Beschriftung: GetMap request is blocked for this layer
2025-12-07 02:03:48,996 - Scraping log - scraper.py > get_service_info(): Line 316 - WARNING - BK_BohrungenVerrohrt_DurchmesserKleiner200mm_A: GetMap request is blocked for this layer
2025-12-07 02:03:59,010 - Scraping log - scraper.py > get_service_info(): Line 316 - WARNING - BK_BohrungenVerrohrt_DurchmesserKleiner200mm_B: GetMap request is blocked for this layer
2025-12-07 02:04:09,024 - Scraping log - scraper.py > get_service_info(): Line 316 - WARNING - BK_BohrungenVerrohrt_DurchmesserGroesserGleich200mm_A: GetMap request is blocked for this layer
2025-12-07 02:04:19,038 - Scraping log - scraper.py > get_service_info(): Line 316 - WARNING - BK_BohrungenVerrohrt_DurchmesserGroesserGleich200mm_B: GetMap request is blocked for this layer
2025-12-07 02:04:29,151 - Scraping log - scraper.py > get_service_info(): Line 316 - WARNING - BK_BohrungenVerrohrt_Kassiert_A: GetMap request is blocked for this layer
2025-12-07 02:04:39,266 - Scraping log - scraper.py > get_service_info(): Line 316 - WARNING - BK_BohrungenVerrohrt_Kassiert_B: GetMap request is blocked for this layer
2025-12-07 02:04:49,379 - Scraping log - scraper.py > get_service_info(): Line 316 - WARNING - BK_Erdwaermebohrung: GetMap request is blocked for this layer
2025-12-07 02:04:59,473 - Scraping log - scraper.py > get_service_info(): Line 316 - WARNING - BK_GeplanteBohrung: GetMap request is blocked for this layer
2025-12-07 02:05:09,677 - Scraping log - scraper.py > get_service_info(): Line 316 - WARNING - BK_Sondierbohrung: GetMap request is blocked for this layer
2025-12-07 02:05:19,870 - Scraping log - scraper.py > get_service_info(): Line 316 - WARNING - BK_alleBohrungen: GetMap request is blocked for this layer
2025-12-07 02:05:29,965 - Scraping log - scraper.py > get_service_info(): Line 316 - WARNING - BP_Oeffnungszeiten: GetMap request is blocked for this layer
2025-12-07 02:05:40,079 - Scraping log - scraper.py > get_service_info(): Line 316 - WARNING - BP_PerimeterBoulevardplanInnenstadt: GetMap request is blocked for this layer
2025-12-07 02:05:50,197 - Scraping log - scraper.py > get_service_info(): Line 316 - WARNING - Projektierte Gebäude: GetMap request is blocked for this layer
2025-12-07 02:06:00,432 - Scraping log - scraper.py > get_service_info(): Line 316 - WARNING - BS_GebaeudeProjektiert_Hausnummer_200: GetMap request is blocked for this layer
2025-12-07 02:06:10,548 - Scraping log - scraper.py > get_service_info(): Line 316 - WARNING - BS_GebaeudeProjektiert_Hausnummer_500: GetMap request is blocked for this layer
2025-12-07 02:06:20,653 - Scraping log - scraper.py > get_service_info(): Line 316 - WARNING - BS_GebaeudeProjektiert_Hausnummer_1000: GetMap request is blocked for this layer
2025-12-07 02:06:33,216 - Scraping log - scraper.py > get_service_info(): Line 316 - WARNING - BS_GebaeudeProjektiert_Gebaeudenummer_500: GetMap request is blocked for this layer
2025-12-07 02:06:43,236 - Scraping log - scraper.py > get_service_info(): Line 316 - WARNING - BS_GebaeudeProjektiert_Gebaeudenummer_1000: GetMap request is blocked for this layer
2025-12-07 02:06:56,166 - Scraping log - scraper.py > get_service_info(): Line 316 - WARNING - BS_Bodenbedeckungen_befestigt_Fabrikareal: GetMap request is blocked for this layer
2025-12-07 02:07:06,180 - Scraping log - scraper.py > get_service_info(): Line 316 - WARNING - BS_Bodenbedeckungen_befestigt_Gewaesservorland: GetMap request is blocked for this layer
2025-12-07 02:07:16,286 - Scraping log - scraper.py > get_service_info(): Line 316 - WARNING - BS_Bodenbedeckungen_befestigt_Hafenareal: GetMap request is blocked for this layer
2025-12-07 02:07:26,301 - Scraping log - scraper.py > get_service_info(): Line 316 - WARNING - BS_Bodenbedeckungen_befestigt_Sportanlage: GetMap request is blocked for this layer
2025-12-07 02:07:36,417 - Scraping log - scraper.py > get_service_info(): Line 316 - WARNING - BS_Bodenbedeckungen_befestigt_StrasseWeg: GetMap request is blocked for this layer
2025-12-07 02:07:46,431 - Scraping log - scraper.py > get_service_info(): Line 316 - WARNING - BS_Bodenbedeckungen_befestigt_Tramareal: GetMap request is blocked for this layer
2025-12-07 02:07:56,440 - Scraping log - scraper.py > get_service_info(): Line 316 - WARNING - BS_Bodenbedeckungen_befestigt_Trottoir: GetMap request is blocked for this layer
2025-12-07 02:08:06,454 - Scraping log - scraper.py > get_service_info(): Line 316 - WARNING - BS_Bodenbedeckungen_befestigt_Verkehrsinsel: GetMap request is blocked for this layer
2025-12-07 02:08:16,469 - Scraping log - scraper.py > get_service_info(): Line 316 - WARNING - BS_Bodenbedeckungen_befestigt_Wasserbecken: GetMap request is blocked for this layer
2025-12-07 02:08:26,483 - Scraping log - scraper.py > get_service_info(): Line 316 - WARNING - BS_Bodenbedeckungen_befestigt_uebrigeBefestigte: GetMap request is blocked for this layer
2025-12-07 02:08:36,497 - Scraping log - scraper.py > get_service_info(): Line 316 - WARNING - BS_Bodenbedeckungen_bestockt_geschlossenerWald: GetMap request is blocked for this layer
2025-12-07 02:08:46,512 - Scraping log - scraper.py > get_service_info(): Line 316 - WARNING - BS_Bodenbedeckungen_bestockt_uebrigeBestockte: GetMap request is blocked for this layer
2025-12-07 02:08:56,527 - Scraping log - scraper.py > get_service_info(): Line 316 - WARNING - BS_Bodenbedeckungen_Gebaeude_Gebaeude: GetMap request is blocked for this layer
2025-12-07 02:09:06,541 - Scraping log - scraper.py > get_service_info(): Line 316 - WARNING - BS_Bodenbedeckungen_Gebaeude_Tank: GetMap request is blocked for this layer
2025-12-07 02:09:16,648 - Scraping log - scraper.py > get_service_info(): Line 316 - WARNING - BS_Bodenbedeckungen_Gewaesser_fliessendes: GetMap request is blocked for this layer
2025-12-07 02:09:26,653 - Scraping log - scraper.py > get_service_info(): Line 316 - WARNING - BS_Bodenbedeckungen_Gewaesser_stehendes: GetMap request is blocked for this layer
2025-12-07 02:09:36,787 - Scraping log - scraper.py > get_service_info(): Line 319 - ERROR - BS_Bodenbedeckungen_humusiert_AckerWieseWeide: HTTPSConnectionPool(host='wms.geo.bs.ch', port=443): Read timed out. (read timeout=10)
2025-12-07 02:09:46,904 - Scraping log - scraper.py > get_service_info(): Line 316 - WARNING - BS_Bodenbedeckungen_humusiert_Friedhof: GetMap request is blocked for this layer
2025-12-07 02:10:07,258 - Scraping log - scraper.py > get_service_info(): Line 316 - WARNING - BS_Bodenbedeckungen_humusiert_uebrigeHumusierte: GetMap request is blocked for this layer
2025-12-07 02:10:19,900 - Scraping log - scraper.py > get_service_info(): Line 316 - WARNING - BS_Bogeninformation_BoegenTheoretisch: GetMap request is blocked for this layer
2025-12-07 02:10:29,916 - Scraping log - scraper.py > get_service_info(): Line 316 - WARNING - Einzelobjekte: GetMap request is blocked for this layer
2025-12-07 02:10:40,012 - Scraping log - scraper.py > get_service_info(): Line 316 - WARNING - Hoheitsgrenzen: GetMap request is blocked for this layer
2025-12-07 02:10:50,232 - Scraping log - scraper.py > get_service_info(): Line 316 - WARNING - Liegenschaften: GetMap request is blocked for this layer
2025-12-07 02:11:01,244 - Scraping log - scraper.py > get_service_info(): Line 316 - WARNING - Grundstücke: GetMap request is blocked for this layer
2025-12-07 02:11:11,462 - Scraping log - scraper.py > get_service_info(): Line 316 - WARNING - BS_Liegenschaften_Liegenschaftsnummer: GetMap request is blocked for this layer
2025-12-07 02:11:21,476 - Scraping log - scraper.py > get_service_info(): Line 316 - WARNING - Grundstücke (projektiert): GetMap request is blocked for this layer
2025-12-07 02:11:31,828 - Scraping log - scraper.py > get_service_info(): Line 316 - WARNING - BS_Liegenschaften_GrundstueckeProjektiert_andereDienstbarkeit_Geometrie: GetMap request is blocked for this layer
2025-12-07 02:11:41,843 - Scraping log - scraper.py > get_service_info(): Line 316 - WARNING - BS_Liegenschaften_GrundstueckeProjektiert_andereDienstbarkeit_IndexUnter700: GetMap request is blocked for this layer
2025-12-07 02:11:51,858 - Scraping log - scraper.py > get_service_info(): Line 316 - WARNING - BS_Liegenschaften_GrundstueckeProjektiert_andereDienstbarkeit_NummerUnter700: GetMap request is blocked for this layer
2025-12-07 02:12:01,990 - Scraping log - scraper.py > get_service_info(): Line 316 - WARNING - BS_Liegenschaften_GrundstueckeProjektiert_andereDienstbarkeit_Nummer700bis2000: GetMap request is blocked for this layer
2025-12-07 02:12:12,005 - Scraping log - scraper.py > get_service_info(): Line 316 - WARNING - BS_Liegenschaften_GrundstueckeProjektiert_Liegenschaftsparzelle: GetMap request is blocked for this layer
2025-12-07 02:12:22,281 - Scraping log - scraper.py > get_service_info(): Line 316 - WARNING - BS_Liegenschaften_GrundstueckeProjektiert_Allmendparzelle: GetMap request is blocked for this layer
2025-12-07 02:12:32,459 - Scraping log - scraper.py > get_service_info(): Line 316 - WARNING - BS_Liegenschaften_GrundstueckeProjektiert_Baurecht: GetMap request is blocked for this layer
2025-12-07 02:12:42,729 - Scraping log - scraper.py > get_service_info(): Line 316 - WARNING - BS_Liegenschaften_GrundstueckeProjektiert_Unterbaurecht: GetMap request is blocked for this layer
2025-12-07 02:12:52,907 - Scraping log - scraper.py > get_service_info(): Line 316 - WARNING - Nomenklatur: GetMap request is blocked for this layer
2025-12-07 02:13:03,126 - Scraping log - scraper.py > get_service_info(): Line 319 - ERROR - BS_Nomenklatur_Flurname_Text: HTTPSConnectionPool(host='wms.geo.bs.ch', port=443): Read timed out. (read timeout=10)
2025-12-07 02:13:23,241 - Scraping log - scraper.py > get_service_info(): Line 316 - WARNING - BS_Servitute_Servitute_Servitutflaechenelement: GetMap request is blocked for this layer
2025-12-07 02:13:35,816 - Scraping log - scraper.py > get_service_info(): Line 316 - WARNING - BS_Servitute_ServituteProjektiert_Servitutflaechenelement: GetMap request is blocked for this layer
2025-12-07 02:13:48,472 - Scraping log - scraper.py > get_service_info(): Line 316 - WARNING - BS_SE_Servitut_Schlagwort: GetMap request is blocked for this layer
2025-12-07 02:14:00,124 - Scraping log - scraper.py > get_service_info(): Line 316 - WARNING - BS_Vermessungseinteilungen_Toleranzstufen_Flaeche: GetMap request is blocked for this layer
2025-12-07 02:14:10,138 - Scraping log - scraper.py > get_service_info(): Line 316 - WARNING - BS_Vermessungseinteilungen_Toleranzstufen_Text: GetMap request is blocked for this layer
2025-12-07 02:14:20,156 - Scraping log - scraper.py > get_service_info(): Line 316 - WARNING - Vermessungspunkte: GetMap request is blocked for this layer
2025-12-07 02:14:30,377 - Scraping log - scraper.py > get_service_info(): Line 316 - WARNING - BS_Vermessungspunkte_Grenzpunkte_GrenzpunktStein: GetMap request is blocked for this layer
2025-12-07 02:14:40,565 - Scraping log - scraper.py > get_service_info(): Line 316 - WARNING - BS_Vermessungspunkte_Grenzpunkte_GrenzpunktKunststoffzeichen: GetMap request is blocked for this layer
2025-12-07 02:14:50,754 - Scraping log - scraper.py > get_service_info(): Line 316 - WARNING - BS_Vermessungspunkte_Grenzpunkte_GrenzpunktBolzen: GetMap request is blocked for this layer
2025-12-07 02:15:00,852 - Scraping log - scraper.py > get_service_info(): Line 316 - WARNING - BS_Vermessungspunkte_Grenzpunkte_GrenzpunktKreuz: GetMap request is blocked for this layer
2025-12-07 02:15:11,045 - Scraping log - scraper.py > get_service_info(): Line 316 - WARNING - BS_Vermessungspunkte_Grenzpunkte_Grenzpunktunversichert: GetMap request is blocked for this layer
2025-12-07 02:15:21,238 - Scraping log - scraper.py > get_service_info(): Line 316 - WARNING - BS_Vermessungspunkte_Hoheitsgrenzpunkte_HoheitsgrenzpunktStein: GetMap request is blocked for this layer
2025-12-07 02:15:31,336 - Scraping log - scraper.py > get_service_info(): Line 316 - WARNING - BS_Vermessungspunkte_Hoheitsgrenzpunkte_HoheitsgrenzpunktBolzen: GetMap request is blocked for this layer
2025-12-07 02:15:41,435 - Scraping log - scraper.py > get_service_info(): Line 316 - WARNING - BS_Vermessungspunkte_Hoheitsgrenzpunkte_HoheitsgrenzpunktUnversichert: GetMap request is blocked for this layer
2025-12-07 02:15:52,963 - Scraping log - scraper.py > get_service_info(): Line 316 - WARNING - BS_Vermessungspunkte_Hoehenfixpunkte_HFP3BolzenHorizontal: GetMap request is blocked for this layer
2025-12-07 02:16:08,701 - Scraping log - scraper.py > get_service_info(): Line 316 - WARNING - BS_Vermessungspunkte_Lagefixpunkte_LFP1: GetMap request is blocked for this layer
2025-12-07 02:16:20,005 - Scraping log - scraper.py > get_service_info(): Line 316 - WARNING - BS_Vermessungspunkte_Lagefixpunkte_LFP3Nebenpolygonpunkt: GetMap request is blocked for this layer
2025-12-07 02:16:30,199 - Scraping log - scraper.py > get_service_info(): Line 316 - WARNING - BS_Vermessungspunkte_Lagefixpunkte_LFP3Polygonpunkt: GetMap request is blocked for this layer
2025-12-07 02:16:40,297 - Scraping log - scraper.py > get_service_info(): Line 316 - WARNING - BS_Vermessungspunkte_Lagefixpunkte_LagefixpunkteFilter: GetMap request is blocked for this layer
2025-12-07 02:16:50,407 - Scraping log - scraper.py > get_service_info(): Line 316 - WARNING - BS_Vermessungspunkte_Lagefixpunkte_LFP3Hilfspunkte: GetMap request is blocked for this layer
2025-12-07 02:17:00,588 - Scraping log - scraper.py > get_service_info(): Line 316 - WARNING - BS_Vermessungspunkte_Servitutpunkte_ServitutPunkt: GetMap request is blocked for this layer
2025-12-07 02:17:10,686 - Scraping log - scraper.py > get_service_info(): Line 316 - WARNING - BS_Postleitzahlenkreis: GetMap request is blocked for this layer
2025-12-07 02:17:20,701 - Scraping log - scraper.py > get_service_info(): Line 316 - WARNING - BV_Baukontrolle: GetMap request is blocked for this layer
2025-12-07 02:17:30,804 - Scraping log - scraper.py > get_service_info(): Line 316 - WARNING - BW_Allmendbewilligungen_Bauinstallation: GetMap request is blocked for this layer
2025-12-07 02:17:40,819 - Scraping log - scraper.py > get_service_info(): Line 316 - WARNING - BW_Allmendbewilligungen_BoulevardVerkaufsflaeche: GetMap request is blocked for this layer
2025-12-07 02:17:50,833 - Scraping log - scraper.py > get_service_info(): Line 316 - WARNING - BW_Allmendbewilligungen_OeffentlicheBaustelle: GetMap request is blocked for this layer
2025-12-07 02:18:00,848 - Scraping log - scraper.py > get_service_info(): Line 316 - WARNING - BW_Allmendbewilligungen_Umleitung: GetMap request is blocked for this layer
2025-12-07 02:18:10,944 - Scraping log - scraper.py > get_service_info(): Line 316 - WARNING - BW_Allmendbewilligungen_Veranstaltung: GetMap request is blocked for this layer
2025-12-07 02:18:21,050 - Scraping log - scraper.py > get_service_info(): Line 316 - WARNING - BW_Allmendbewilligungen_Weitere: GetMap request is blocked for this layer
2025-12-07 02:18:31,148 - Scraping log - scraper.py > get_service_info(): Line 316 - WARNING - BW_Aufgrabungssperren_SperrungDurchErledigteAufgrabung: GetMap request is blocked for this layer
2025-12-07 02:18:41,163 - Scraping log - scraper.py > get_service_info(): Line 316 - WARNING - BW_Aufgrabungssperren_SperrungFuerZukuenftigeAufgrabung: GetMap request is blocked for this layer
2025-12-07 02:18:51,269 - Scraping log - scraper.py > get_service_info(): Line 316 - WARNING - DF_Defibrillator: GetMap request is blocked for this layer
2025-12-07 02:19:03,556 - Scraping log - scraper.py > get_service_info(): Line 319 - ERROR - DI_Denkmalinventar_Anlage: HTTPSConnectionPool(host='wms.geo.bs.ch', port=443): Read timed out. (read timeout=10)
2025-12-07 02:19:20,077 - Scraping log - scraper.py > get_service_info(): Line 319 - ERROR - DI_Denkmalinventar_Objekt: HTTPSConnectionPool(host='wms.geo.bs.ch', port=443): Read timed out. (read timeout=10)
2025-12-07 02:19:52,884 - Scraping log - scraper.py > get_service_info(): Line 316 - WARNING - EP_Energierichtplan_Machbarkeit: GetMap request is blocked for this layer
2025-12-07 02:20:02,899 - Scraping log - scraper.py > get_service_info(): Line 316 - WARNING - Recycling und Entsorgung: GetMap request is blocked for this layer
2025-12-07 02:20:13,331 - Scraping log - scraper.py > get_service_info(): Line 316 - WARNING - Wiederverwendung Brauchbares: GetMap request is blocked for this layer
2025-12-07 02:20:23,555 - Scraping log - scraper.py > get_service_info(): Line 316 - WARNING - Verkauf: GetMap request is blocked for this layer
2025-12-07 02:20:33,695 - Scraping log - scraper.py > get_service_info(): Line 316 - WARNING - FE_Graeber: GetMap request is blocked for this layer
2025-12-07 02:20:43,706 - Scraping log - scraper.py > get_service_info(): Line 316 - WARNING - FE_Sektionen: GetMap request is blocked for this layer
2025-12-07 02:20:53,721 - Scraping log - scraper.py > get_service_info(): Line 316 - WARNING - FF_Fruchtfolgeflaechen: GetMap request is blocked for this layer
2025-12-07 02:21:03,732 - Scraping log - scraper.py > get_service_info(): Line 316 - WARNING - FF_Hinweisflaechen: GetMap request is blocked for this layer
2025-12-07 02:21:13,746 - Scraping log - scraper.py > get_service_info(): Line 316 - WARNING - Betriebe: GetMap request is blocked for this layer
2025-12-07 02:21:23,845 - Scraping log - scraper.py > get_service_info(): Line 316 - WARNING - GE_Eisenbahnen_Eisenbahn: GetMap request is blocked for this layer
2025-12-07 02:21:33,952 - Scraping log - scraper.py > get_service_info(): Line 316 - WARNING - GE_Nationalstrassen_Nationalstrasse: GetMap request is blocked for this layer
2025-12-07 02:21:44,063 - Scraping log - scraper.py > get_service_info(): Line 316 - WARNING - GE_KantonaleStrassen_KantonaleStrasse: GetMap request is blocked for this layer
2025-12-07 02:21:54,182 - Scraping log - scraper.py > get_service_info(): Line 316 - WARNING - GE_Rhein_Rhein: GetMap request is blocked for this layer
2025-12-07 02:22:04,206 - Scraping log - scraper.py > get_service_info(): Line 316 - WARNING - GE_Erdgashochdruckleitungen_Erdgashochdruckleitung: GetMap request is blocked for this layer
2025-12-07 02:22:14,220 - Scraping log - scraper.py > get_service_info(): Line 316 - WARNING - GF_GebietseinteilungFeuerpolizei: GetMap request is blocked for this layer
2025-12-07 02:22:24,234 - Scraping log - scraper.py > get_service_info(): Line 316 - WARNING - GH_AllmendverwaltungGebuehrenzonen: GetMap request is blocked for this layer
2025-12-07 02:22:34,249 - Scraping log - scraper.py > get_service_info(): Line 316 - WARNING - GL_Toleranzzone: GetMap request is blocked for this layer
2025-12-07 02:22:44,382 - Scraping log - scraper.py > get_service_info(): Line 319 - ERROR - GL_InnenhoefeStoergrade: HTTPSConnectionPool(host='wms.geo.bs.ch', port=443): Read timed out. (read timeout=10)
2025-12-07 02:22:54,516 - Scraping log - scraper.py > get_service_info(): Line 319 - ERROR - GL_AbschnittsStoergrade: HTTPSConnectionPool(host='wms.geo.bs.ch', port=443): Read timed out. (read timeout=10)
2025-12-07 02:23:25,620 - Scraping log - scraper.py > get_service_info(): Line 316 - WARNING - HB_Hochbauprojekt: GetMap request is blocked for this layer
2025-12-07 02:23:35,740 - Scraping log - scraper.py > get_service_info(): Line 316 - WARNING - HK_Haupthoehenlinien: GetMap request is blocked for this layer
2025-12-07 02:23:45,754 - Scraping log - scraper.py > get_service_info(): Line 316 - WARNING - HK_Nebenhoehenlinien: GetMap request is blocked for this layer
2025-12-07 02:23:55,869 - Scraping log - scraper.py > get_service_info(): Line 316 - WARNING - HM_DOM_Hillshade_2021_25cm: GetMap request is blocked for this layer
2025-12-07 02:24:05,883 - Scraping log - scraper.py > get_service_info(): Line 316 - WARNING - HM_DTM_Hillshade_2021_25cm: GetMap request is blocked for this layer
2025-12-07 02:24:15,989 - Scraping log - scraper.py > get_service_info(): Line 316 - WARNING - HP_Landeskarte_Basel_1836: GetMap request is blocked for this layer
2025-12-07 02:24:26,087 - Scraping log - scraper.py > get_service_info(): Line 316 - WARNING - SF_Siegfriedkarte_1880: GetMap request is blocked for this layer
2025-12-07 02:24:36,102 - Scraping log - scraper.py > get_service_info(): Line 316 - WARNING - SF_Siegfriedkarte_1890: GetMap request is blocked for this layer
2025-12-07 02:24:46,116 - Scraping log - scraper.py > get_service_info(): Line 316 - WARNING - SF_Siegfriedkarte_1900: GetMap request is blocked for this layer
2025-12-07 02:24:56,233 - Scraping log - scraper.py > get_service_info(): Line 316 - WARNING - SF_Siegfriedkarte_1918: GetMap request is blocked for this layer
2025-12-07 02:25:06,348 - Scraping log - scraper.py > get_service_info(): Line 316 - WARNING - SF_Siegfriedkarte_1921: GetMap request is blocked for this layer
2025-12-07 02:25:18,310 - Scraping log - scraper.py > get_service_info(): Line 316 - WARNING - SF_Siegfriedkarte_1931: GetMap request is blocked for this layer
2025-12-07 02:25:30,055 - Scraping log - scraper.py > get_service_info(): Line 316 - WARNING - SF_Siegfriedkarte_1945: GetMap request is blocked for this layer
2025-12-07 02:25:44,616 - Scraping log - scraper.py > get_service_info(): Line 316 - WARNING - HP_Uebersichtsplan_Basel_1786: GetMap request is blocked for this layer
2025-12-07 02:25:56,301 - Scraping log - scraper.py > get_service_info(): Line 316 - WARNING - HP_Uebersichtsplan_Basel_1860: GetMap request is blocked for this layer
2025-12-07 02:26:14,294 - Scraping log - scraper.py > get_service_info(): Line 319 - ERROR - HP_Uebersichtsplan_Basel_1905: HTTPSConnectionPool(host='wms.geo.bs.ch', port=443): Read timed out. (read timeout=10)
2025-12-07 02:26:24,400 - Scraping log - scraper.py > get_service_info(): Line 316 - WARNING - HP_Uebersichtsplan_Basel_1940: GetMap request is blocked for this layer
2025-12-07 02:26:34,415 - Scraping log - scraper.py > get_service_info(): Line 316 - WARNING - HP_Uebersichtsplan_Basel_1961: GetMap request is blocked for this layer
2025-12-07 02:26:44,530 - Scraping log - scraper.py > get_service_info(): Line 316 - WARNING - HP_Uebersichtsplan_Basel_digital_1961: GetMap request is blocked for this layer
2025-12-07 02:26:54,834 - Scraping log - scraper.py > get_service_info(): Line 316 - WARNING - HP_Situationsplan_Basel_1862: GetMap request is blocked for this layer
2025-12-07 02:27:04,848 - Scraping log - scraper.py > get_service_info(): Line 316 - WARNING - Riehen und Bettingen: GetMap request is blocked for this layer
2025-12-07 02:27:14,946 - Scraping log - scraper.py > get_service_info(): Line 316 - WARNING - Riehen: GetMap request is blocked for this layer
2025-12-07 02:27:25,045 - Scraping log - scraper.py > get_service_info(): Line 316 - WARNING - Bettingen: GetMap request is blocked for this layer
2025-12-07 02:27:35,145 - Scraping log - scraper.py > get_service_info(): Line 316 - WARNING - HP_TopographischeAufnahmen_1934: GetMap request is blocked for this layer
2025-12-07 02:27:45,513 - Scraping log - scraper.py > get_service_info(): Line 316 - WARNING - HP_Planungen_Zonenplan_1919: GetMap request is blocked for this layer
2025-12-07 02:27:55,527 - Scraping log - scraper.py > get_service_info(): Line 316 - WARNING - HP_Planungen_Zonenplan_1939: GetMap request is blocked for this layer
2025-12-07 02:28:05,542 - Scraping log - scraper.py > get_service_info(): Line 316 - WARNING - HP_Planungen_Zonenplan_1969: GetMap request is blocked for this layer
2025-12-07 02:28:15,848 - Scraping log - scraper.py > get_service_info(): Line 316 - WARNING - HP_Planungen_Zonenplan_1988: GetMap request is blocked for this layer
2025-12-07 02:28:25,863 - Scraping log - scraper.py > get_service_info(): Line 316 - WARNING - HP_Planungen_Zonenplan_2000: GetMap request is blocked for this layer
2025-12-07 02:28:37,188 - Scraping log - scraper.py > get_service_info(): Line 319 - ERROR - HP_Planungen_Zonenplan_2016: HTTPSConnectionPool(host='wms.geo.bs.ch', port=443): Read timed out. (read timeout=10)
2025-12-07 02:28:47,499 - Scraping log - scraper.py > get_service_info(): Line 316 - WARNING - HP_Bebauungsplan_2016: GetMap request is blocked for this layer
2025-12-07 02:29:00,740 - Scraping log - scraper.py > get_service_info(): Line 316 - WARNING - HP_Stadtfunktionen_1961: GetMap request is blocked for this layer
2025-12-07 02:29:13,737 - Scraping log - scraper.py > get_service_info(): Line 319 - ERROR - HS_SaisonaleLeinenpflicht: HTTPSConnectionPool(host='wms.geo.bs.ch', port=443): Read timed out. (read timeout=10)
2025-12-07 02:29:32,232 - Scraping log - scraper.py > get_service_info(): Line 316 - WARNING - IG_InventarGartenanlagen: GetMap request is blocked for this layer
2025-12-07 02:29:42,246 - Scraping log - scraper.py > get_service_info(): Line 316 - WARNING - KA_AmtlicheVermessungKilometereinteilung: GetMap request is blocked for this layer
2025-12-07 02:29:52,360 - Scraping log - scraper.py > get_service_info(): Line 316 - WARNING - KJ_Jugendangebot: GetMap request is blocked for this layer
2025-12-07 02:30:02,374 - Scraping log - scraper.py > get_service_info(): Line 316 - WARNING - KJ_Kinderangebot: GetMap request is blocked for this layer
2025-12-07 02:30:12,389 - Scraping log - scraper.py > get_service_info(): Line 316 - WARNING - KJ_Kinderjugendangebot: GetMap request is blocked for this layer
2025-12-07 02:30:22,403 - Scraping log - scraper.py > get_service_info(): Line 316 - WARNING - KK_KatholischerKirchenkreis: GetMap request is blocked for this layer
2025-12-07 02:30:32,543 - Scraping log - scraper.py > get_service_info(): Line 316 - WARNING - Klimaanalyse Nacht (4 Uhr): GetMap request is blocked for this layer
2025-12-07 02:30:42,970 - Scraping log - scraper.py > get_service_info(): Line 316 - WARNING - Klimaanalyse Tag (14 Uhr): GetMap request is blocked for this layer
2025-12-07 02:30:53,018 - Scraping log - scraper.py > get_service_info(): Line 316 - WARNING - KL_Arealentwicklung_2030: GetMap request is blocked for this layer
2025-12-07 02:31:03,033 - Scraping log - scraper.py > get_service_info(): Line 316 - WARNING - Klimaanalyse 2030 Nacht (4 Uhr): GetMap request is blocked for this layer
2025-12-07 02:31:13,260 - Scraping log - scraper.py > get_service_info(): Line 316 - WARNING - Klimaanalyse 2030 Tag (14 Uhr): GetMap request is blocked for this layer
2025-12-07 02:31:23,317 - Scraping log - scraper.py > get_service_info(): Line 316 - WARNING - KS_KonsultationsbereicheStoerfallvorsorge: GetMap request is blocked for this layer
2025-12-07 02:31:33,333 - Scraping log - scraper.py > get_service_info(): Line 316 - WARNING - KU_KunstImOeffentlichenRaum_Bestehend: GetMap request is blocked for this layer
2025-12-07 02:31:43,553 - Scraping log - scraper.py > get_service_info(): Line 316 - WARNING - KU_KunstImOeffentlichenRaum_BestehendMitZusatzinfo: GetMap request is blocked for this layer
2025-12-07 02:31:53,568 - Scraping log - scraper.py > get_service_info(): Line 316 - WARNING - KU_KunstImOeffentlichenRaum_Zurueckgebaut: GetMap request is blocked for this layer
2025-12-07 02:32:03,958 - Scraping log - scraper.py > get_service_info(): Line 316 - WARNING - KU_KunstImOeffentlichenRaum_ZurueckgebautMitZusatzinfo: GetMap request is blocked for this layer
2025-12-07 02:32:14,063 - Scraping log - scraper.py > get_service_info(): Line 316 - WARNING - Kunst und Bau: GetMap request is blocked for this layer
2025-12-07 02:32:24,243 - Scraping log - scraper.py > get_service_info(): Line 316 - WARNING - Bahnlärm: GetMap request is blocked for this layer
2025-12-07 02:32:34,758 - Scraping log - scraper.py > get_service_info(): Line 319 - ERROR - Strassenlärm: HTTPSConnectionPool(host='wms.geo.bs.ch', port=443): Read timed out. (read timeout=10)
2025-12-07 02:32:54,686 - Scraping log - scraper.py > get_service_info(): Line 316 - WARNING - Schifffahrt: GetMap request is blocked for this layer
2025-12-07 02:33:07,736 - Scraping log - scraper.py > get_service_info(): Line 316 - WARNING - Lärmempfindlichkeitsstufenplan Basel: GetMap request is blocked for this layer
2025-12-07 02:33:17,876 - Scraping log - scraper.py > get_service_info(): Line 316 - WARNING - LP_LESP_Basel_LF: GetMap request is blocked for this layer
2025-12-07 02:33:27,892 - Scraping log - scraper.py > get_service_info(): Line 316 - WARNING - LP_LESP_Basel_LS_Rekurs: GetMap request is blocked for this layer
2025-12-07 02:33:37,907 - Scraping log - scraper.py > get_service_info(): Line 316 - WARNING - LP_LESP_Basel_LN: GetMap request is blocked for this layer
2025-12-07 02:33:47,924 - Scraping log - scraper.py > get_service_info(): Line 316 - WARNING - Lärmempfindlichkeitsstufenplan Riehen: GetMap request is blocked for this layer
2025-12-07 02:33:58,027 - Scraping log - scraper.py > get_service_info(): Line 316 - WARNING - Lärmempfindlichkeitsstufenplan Bettingen: GetMap request is blocked for this layer
2025-12-07 02:34:08,129 - Scraping log - scraper.py > get_service_info(): Line 316 - WARNING - MF_MobilUndRundfunkantenne: GetMap request is blocked for this layer
2025-12-07 02:34:18,259 - Scraping log - scraper.py > get_service_info(): Line 316 - WARNING - MF_Strahlungsperimeter: GetMap request is blocked for this layer
2025-12-07 02:34:28,274 - Scraping log - scraper.py > get_service_info(): Line 316 - WARNING - strassen_und_wege_stwe.kantonsstrassen_riehen_bettingen: GetMap request is blocked for this layer
2025-12-07 02:34:38,288 - Scraping log - scraper.py > get_service_info(): Line 316 - WARNING - strassen_und_wege_stwe.durchgangsstrassen: GetMap request is blocked for this layer
2025-12-07 02:34:50,077 - Scraping log - scraper.py > get_service_info(): Line 316 - WARNING - strassen_und_wege_stwe.geschwindigkeit: GetMap request is blocked for this layer
2025-12-07 02:35:01,504 - Scraping log - scraper.py > get_service_info(): Line 316 - WARNING - strassen_und_wege_stwe.temporegime_innenstadt: GetMap request is blocked for this layer
2025-12-07 02:35:12,732 - Scraping log - scraper.py > get_service_info(): Line 316 - WARNING - Zonenplan Bettingen: GetMap request is blocked for this layer
2025-12-07 02:35:24,238 - Scraping log - scraper.py > get_service_info(): Line 316 - WARNING - NB_Nutzungsplanung_Orientierend_Wald: GetMap request is blocked for this layer
2025-12-07 02:35:35,690 - Scraping log - scraper.py > get_service_info(): Line 316 - WARNING - NB_Nutzungsplanung_Rekurs_Linie: GetMap request is blocked for this layer
2025-12-07 02:35:47,001 - Scraping log - scraper.py > get_service_info(): Line 316 - WARNING - NB_Nutzungsplanung_Rekurs_Polygon_Ueberlagernd: GetMap request is blocked for this layer
2025-12-07 02:35:57,129 - Scraping log - scraper.py > get_service_info(): Line 316 - WARNING - Zonenplan Basel: GetMap request is blocked for this layer
2025-12-07 02:36:07,417 - Scraping log - scraper.py > get_service_info(): Line 316 - WARNING - NP_Nutzungsplanung_Grundnutzung_Z2A: GetMap request is blocked for this layer
2025-12-07 02:36:17,432 - Scraping log - scraper.py > get_service_info(): Line 316 - WARNING - NP_Nutzungsplanung_Grundnutzung_Z2: GetMap request is blocked for this layer
2025-12-07 02:36:27,567 - Scraping log - scraper.py > get_service_info(): Line 316 - WARNING - NP_Nutzungsplanung_Grundnutzung_Z3: GetMap request is blocked for this layer
2025-12-07 02:36:37,582 - Scraping log - scraper.py > get_service_info(): Line 316 - WARNING - NP_Nutzungsplanung_Grundnutzung_Z4: GetMap request is blocked for this layer
2025-12-07 02:36:47,596 - Scraping log - scraper.py > get_service_info(): Line 316 - WARNING - NP_Nutzungsplanung_Grundnutzung_Z5A: GetMap request is blocked for this layer
2025-12-07 02:36:57,712 - Scraping log - scraper.py > get_service_info(): Line 316 - WARNING - NP_Nutzungsplanung_Grundnutzung_Z5: GetMap request is blocked for this layer
2025-12-07 02:37:07,726 - Scraping log - scraper.py > get_service_info(): Line 316 - WARNING - NP_Nutzungsplanung_Grundnutzung_Z6: GetMap request is blocked for this layer
2025-12-07 02:37:17,740 - Scraping log - scraper.py > get_service_info(): Line 316 - WARNING - NP_Nutzungsplanung_Grundnutzung_Z7: GetMap request is blocked for this layer
2025-12-07 02:37:27,755 - Scraping log - scraper.py > get_service_info(): Line 316 - WARNING - NP_Nutzungsplanung_Grundnutzung_GR: GetMap request is blocked for this layer
2025-12-07 02:37:37,872 - Scraping log - scraper.py > get_service_info(): Line 316 - WARNING - NP_Nutzungsplanung_Grundnutzung_GA: GetMap request is blocked for this layer
2025-12-07 02:37:47,978 - Scraping log - scraper.py > get_service_info(): Line 316 - WARNING - NP_Nutzungsplanung_Grundnutzung_LZ: GetMap request is blocked for this layer
2025-12-07 02:37:57,992 - Scraping log - scraper.py > get_service_info(): Line 316 - WARNING - NP_Nutzungsplanung_Grundnutzung_SO: GetMap request is blocked for this layer
2025-12-07 02:38:09,895 - Scraping log - scraper.py > get_service_info(): Line 316 - WARNING - NP_Nutzungsplanung_Grundnutzung_NOI: GetMap request is blocked for this layer
2025-12-07 02:38:20,001 - Scraping log - scraper.py > get_service_info(): Line 316 - WARNING - NP_Nutzungsplanung_Grundnutzung_Label: GetMap request is blocked for this layer
2025-12-07 02:38:30,015 - Scraping log - scraper.py > get_service_info(): Line 316 - WARNING - NP_Nutzungsplanung_OrientierenderPlaninhalt_WL: GetMap request is blocked for this layer
2025-12-07 02:38:40,121 - Scraping log - scraper.py > get_service_info(): Line 316 - WARNING - NP_Nutzungsplanung_OrientierenderPlaninhalt_AB: GetMap request is blocked for this layer
2025-12-07 02:38:50,255 - Scraping log - scraper.py > get_service_info(): Line 319 - ERROR - NP_Nutzungsplanung_OrientierenderPlaninhalt_Label: HTTPSConnectionPool(host='wms.geo.bs.ch', port=443): Read timed out. (read timeout=10)
2025-12-07 02:39:00,356 - Scraping log - scraper.py > get_service_info(): Line 316 - WARNING - NP_Nutzungsplanung_Linien_Landschaftsrichtplan: GetMap request is blocked for this layer
2025-12-07 02:39:13,248 - Scraping log - scraper.py > get_service_info(): Line 316 - WARNING - NP_Nutzungsplanung_Ueberlagernd_Naturschutzzone: GetMap request is blocked for this layer
2025-12-07 02:39:25,572 - Scraping log - scraper.py > get_service_info(): Line 316 - WARNING - NP_Nutzungsplanung_Linien_Siedlungsgrenze: GetMap request is blocked for this layer
2025-12-07 02:39:37,988 - Scraping log - scraper.py > get_service_info(): Line 316 - WARNING - NP_Nutzungsplanung_Bebauungsplan_Bebauungsplan: GetMap request is blocked for this layer
2025-12-07 02:39:48,003 - Scraping log - scraper.py > get_service_info(): Line 316 - WARNING - NP_Nutzungsplanung_Rekurs_Punkt: GetMap request is blocked for this layer
2025-12-07 02:39:58,017 - Scraping log - scraper.py > get_service_info(): Line 316 - WARNING - NP_Nutzungsplanung_Rekurs_Linie: GetMap request is blocked for this layer
2025-12-07 02:40:08,028 - Scraping log - scraper.py > get_service_info(): Line 316 - WARNING - NP_Nutzungsplanung_Rekurs_Flaeche: GetMap request is blocked for this layer
2025-12-07 02:40:18,130 - Scraping log - scraper.py > get_service_info(): Line 316 - WARNING - Zonenplan Riehen: GetMap request is blocked for this layer
2025-12-07 02:40:28,319 - Scraping log - scraper.py > get_service_info(): Line 316 - WARNING - RN_Nutzungsplanung_Grundnutzung_Z2A: GetMap request is blocked for this layer
2025-12-07 02:40:38,334 - Scraping log - scraper.py > get_service_info(): Line 316 - WARNING - RN_Nutzungsplanung_Grundnutzung_Z2: GetMap request is blocked for this layer
2025-12-07 02:40:48,348 - Scraping log - scraper.py > get_service_info(): Line 316 - WARNING - RN_Nutzungsplanung_Grundnutzung_Z2R: GetMap request is blocked for this layer
2025-12-07 02:41:04,096 - Scraping log - scraper.py > get_service_info(): Line 316 - WARNING - RN_Nutzungsplanung_Grundnutzung_Z4: GetMap request is blocked for this layer
2025-12-07 02:41:14,111 - Scraping log - scraper.py > get_service_info(): Line 316 - WARNING - RN_Nutzungsplanung_Grundnutzung_AZ2: GetMap request is blocked for this layer
2025-12-07 02:41:24,126 - Scraping log - scraper.py > get_service_info(): Line 316 - WARNING - RN_Nutzungsplanung_Grundnutzung_AZ3: GetMap request is blocked for this layer
2025-12-07 02:41:34,239 - Scraping log - scraper.py > get_service_info(): Line 316 - WARNING - RN_Nutzungsplanung_Grundnutzung_GR: GetMap request is blocked for this layer
2025-12-07 02:41:44,253 - Scraping log - scraper.py > get_service_info(): Line 316 - WARNING - RN_Nutzungsplanung_Grundnutzung_GA: GetMap request is blocked for this layer
2025-12-07 02:41:54,368 - Scraping log - scraper.py > get_service_info(): Line 316 - WARNING - RN_Nutzungsplanung_Grundnutzung_LZ: GetMap request is blocked for this layer
2025-12-07 02:42:04,485 - Scraping log - scraper.py > get_service_info(): Line 316 - WARNING - RN_Nutzungsplanung_Grundnutzung_SO: GetMap request is blocked for this layer
2025-12-07 02:42:14,591 - Scraping log - scraper.py > get_service_info(): Line 316 - WARNING - RN_Nutzungsplanung_Grundnutzung_SU: GetMap request is blocked for this layer
2025-12-07 02:42:24,606 - Scraping log - scraper.py > get_service_info(): Line 316 - WARNING - RN_Nutzungsplanung_Grundnutzung_NOI: GetMap request is blocked for this layer
2025-12-07 02:42:35,851 - Scraping log - scraper.py > get_service_info(): Line 316 - WARNING - RN_Nutzungsplanung_Grundnutzung_NOI_Zweckbestimmung: GetMap request is blocked for this layer
2025-12-07 02:42:45,982 - Scraping log - scraper.py > get_service_info(): Line 316 - WARNING - RN_Nutzungsplanung_Grundnutzung_Label: GetMap request is blocked for this layer
2025-12-07 02:42:56,096 - Scraping log - scraper.py > get_service_info(): Line 316 - WARNING - RN_Nutzungsplanung_OrientierenderPlaninhalt_TeileBundesinventare: GetMap request is blocked for this layer
2025-12-07 02:43:06,111 - Scraping log - scraper.py > get_service_info(): Line 316 - WARNING - RN_Nutzungsplanung_OrientierenderPlaninhalt_WL: GetMap request is blocked for this layer
2025-12-07 02:43:16,125 - Scraping log - scraper.py > get_service_info(): Line 316 - WARNING - RN_Nutzungsplanung_OrientierenderPlaninhalt_AB: GetMap request is blocked for this layer
2025-12-07 02:43:26,139 - Scraping log - scraper.py > get_service_info(): Line 316 - WARNING - RN_Nutzungsplanung_OrientierenderPlaninhalt_Label: GetMap request is blocked for this layer
2025-12-07 02:43:36,283 - Scraping log - scraper.py > get_service_info(): Line 316 - WARNING - RN_Nutzungsplanung_Ueberlagernd_Landschaftsschutzzone: GetMap request is blocked for this layer
2025-12-07 02:43:46,396 - Scraping log - scraper.py > get_service_info(): Line 316 - WARNING - RN_Nutzungsplanung_Ueberlagernd_Naturschutzzone: GetMap request is blocked for this layer
2025-12-07 02:43:56,882 - Scraping log - scraper.py > get_service_info(): Line 316 - WARNING - RN_Nutzungsplanung_Ueberlagernd_Z2R_ohneBZ: GetMap request is blocked for this layer
2025-12-07 02:44:07,104 - Scraping log - scraper.py > get_service_info(): Line 319 - ERROR - RN_Nutzungsplanung_Ueberlagernd_Wohn_Arbeitsmischgebiet: HTTPSConnectionPool(host='wms.geo.bs.ch', port=443): Read timed out. (read timeout=10)
2025-12-07 02:44:17,120 - Scraping log - scraper.py > get_service_info(): Line 316 - WARNING - RN_Nutzungsplanung_Ueberlagernd_Baumbestand: GetMap request is blocked for this layer
2025-12-07 02:44:29,484 - Scraping log - scraper.py > get_service_info(): Line 316 - WARNING - RN_Nutzungsplanung_Linien_Aussichtsschutz: GetMap request is blocked for this layer
2025-12-07 02:44:39,498 - Scraping log - scraper.py > get_service_info(): Line 316 - WARNING - RN_Nutzungsplanung_Ueberlagernd_Schutzzwecke_Label: GetMap request is blocked for this layer
2025-12-07 02:44:49,513 - Scraping log - scraper.py > get_service_info(): Line 316 - WARNING - RN_Nutzungsplanung_Ueberlagernd_Label: GetMap request is blocked for this layer
2025-12-07 02:45:01,066 - Scraping log - scraper.py > get_service_info(): Line 316 - WARNING - RN_Nutzungsplanung_Rekurs_Flaeche: GetMap request is blocked for this layer
2025-12-07 02:45:12,452 - Scraping log - scraper.py > get_service_info(): Line 316 - WARNING - Bebauungspläne Basel: GetMap request is blocked for this layer
2025-12-07 02:45:23,771 - Scraping log - scraper.py > get_service_info(): Line 316 - WARNING - NP_Bebauungsplan_Bebauungsplan_outline: GetMap request is blocked for this layer
2025-12-07 02:45:33,786 - Scraping log - scraper.py > get_service_info(): Line 316 - WARNING - Bebauungspläne Riehen: GetMap request is blocked for this layer
2025-12-07 02:45:45,972 - Scraping log - scraper.py > get_service_info(): Line 316 - WARNING - Intensitätskarten: GetMap request is blocked for this layer
2025-12-07 02:45:56,211 - Scraping log - scraper.py > get_service_info(): Line 316 - WARNING - Erhebungsgebiete: GetMap request is blocked for this layer
2025-12-07 02:46:06,260 - Scraping log - scraper.py > get_service_info(): Line 316 - WARNING - NJ_InventarGeschuetzterNaturobjekte: GetMap request is blocked for this layer
2025-12-07 02:46:16,375 - Scraping log - scraper.py > get_service_info(): Line 316 - WARNING - Stand 2025: GetMap request is blocked for this layer
2025-12-07 02:46:26,564 - Scraping log - scraper.py > get_service_info(): Line 316 - WARNING - NI_2025_TaxonobjekteGruppen_Tagfalter: GetMap request is blocked for this layer
2025-12-07 02:46:36,572 - Scraping log - scraper.py > get_service_info(): Line 316 - WARNING - NI_2025_TaxonobjekteGruppen_Reptilien: GetMap request is blocked for this layer
2025-12-07 02:46:46,668 - Scraping log - scraper.py > get_service_info(): Line 316 - WARNING - NI_2025_TaxonobjekteGruppen_Mollusken: GetMap request is blocked for this layer
2025-12-07 02:46:56,683 - Scraping log - scraper.py > get_service_info(): Line 316 - WARNING - NI_2025_TaxonobjekteGruppen_Libellen: GetMap request is blocked for this layer
2025-12-07 02:47:06,798 - Scraping log - scraper.py > get_service_info(): Line 316 - WARNING - NI_2025_TaxonobjekteGruppen_Heuschrecken: GetMap request is blocked for this layer
2025-12-07 02:47:16,813 - Scraping log - scraper.py > get_service_info(): Line 316 - WARNING - NI_2025_TaxonobjekteGruppen_Gefaesspflanzen: GetMap request is blocked for this layer
2025-12-07 02:47:26,915 - Scraping log - scraper.py > get_service_info(): Line 316 - WARNING - NI_2025_TaxonobjekteGruppen_Fledermaeuse: GetMap request is blocked for this layer
2025-12-07 02:47:36,930 - Scraping log - scraper.py > get_service_info(): Line 316 - WARNING - NI_2025_TaxonobjekteGruppen_Flechten: GetMap request is blocked for this layer
2025-12-07 02:47:47,035 - Scraping log - scraper.py > get_service_info(): Line 316 - WARNING - NI_2025_TaxonobjekteGruppen_Amphibien: GetMap request is blocked for this layer
2025-12-07 02:47:57,048 - Scraping log - scraper.py > get_service_info(): Line 316 - WARNING - 2019: GetMap request is blocked for this layer
2025-12-07 02:48:07,239 - Scraping log - scraper.py > get_service_info(): Line 316 - WARNING - NK_2019_BeschriftungVerbreitung2019_AnzahlArten: GetMap request is blocked for this layer
2025-12-07 02:48:17,345 - Scraping log - scraper.py > get_service_info(): Line 316 - WARNING - NK_2019_BeschriftungVerbreitung2019_VorkommendeArten: GetMap request is blocked for this layer
2025-12-07 02:48:27,479 - Scraping log - scraper.py > get_service_info(): Line 319 - ERROR - NK_2019_Verbreitung_fill: HTTPSConnectionPool(host='wms.geo.bs.ch', port=443): Read timed out. (read timeout=10)
2025-12-07 02:48:40,901 - Scraping log - scraper.py > get_service_info(): Line 319 - ERROR - NK_2019_Verbreitung_outline: HTTPSConnectionPool(host='wms.geo.bs.ch', port=443): Read timed out. (read timeout=10)
2025-12-07 02:49:14,991 - Scraping log - scraper.py > get_service_info(): Line 316 - WARNING - NK_2013_BeschriftungVerbreitung2013_VorkommendeArten: GetMap request is blocked for this layer
2025-12-07 02:49:25,006 - Scraping log - scraper.py > get_service_info(): Line 316 - WARNING - NK_2013_Verbreitung_fill: GetMap request is blocked for this layer
2025-12-07 02:49:35,022 - Scraping log - scraper.py > get_service_info(): Line 316 - WARNING - NK_2013_Verbreitung_outline: GetMap request is blocked for this layer
2025-12-07 02:49:45,137 - Scraping log - scraper.py > get_service_info(): Line 316 - WARNING - NK_2013_Arten_ArmenischeGartenbrombeere: GetMap request is blocked for this layer
2025-12-07 02:49:55,153 - Scraping log - scraper.py > get_service_info(): Line 316 - WARNING - NK_2013_Arten_Blauglockenbaum: GetMap request is blocked for this layer
2025-12-07 02:50:05,171 - Scraping log - scraper.py > get_service_info(): Line 316 - WARNING - NK_2013_Arten_DruesigesSpringkraut: GetMap request is blocked for this layer
2025-12-07 02:50:15,180 - Scraping log - scraper.py > get_service_info(): Line 316 - WARNING - NK_2013_Arten_Essigbaum: GetMap request is blocked for this layer
2025-12-07 02:50:26,612 - Scraping log - scraper.py > get_service_info(): Line 316 - WARNING - NK_2013_Arten_JapanischerStaudenknoeterich: GetMap request is blocked for this layer
2025-12-07 02:50:37,828 - Scraping log - scraper.py > get_service_info(): Line 316 - WARNING - NK_2013_Arten_RiesenBaerenklau: GetMap request is blocked for this layer
2025-12-07 02:50:49,381 - Scraping log - scraper.py > get_service_info(): Line 316 - WARNING - NK_2013_Arten_SeidigerHartrigel: GetMap request is blocked for this layer
2025-12-07 02:50:59,395 - Scraping log - scraper.py > get_service_info(): Line 316 - WARNING - NK_2013_Arten_Sommerflieder: GetMap request is blocked for this layer
2025-12-07 02:51:09,501 - Scraping log - scraper.py > get_service_info(): Line 316 - WARNING - NK_2013_Arten_SpaetbluehendeGoldrute: GetMap request is blocked for this layer
2025-12-07 02:51:19,616 - Scraping log - scraper.py > get_service_info(): Line 316 - WARNING - 2009: GetMap request is blocked for this layer
2025-12-07 02:51:29,675 - Scraping log - scraper.py > get_service_info(): Line 316 - WARNING - NK_2009_BeschriftungVerbreitung2009_AnzahlArten: GetMap request is blocked for this layer
2025-12-07 02:51:39,690 - Scraping log - scraper.py > get_service_info(): Line 316 - WARNING - NK_2009_BeschriftungVerbreitung2009_VorkommendeArten: GetMap request is blocked for this layer
2025-12-07 02:51:49,796 - Scraping log - scraper.py > get_service_info(): Line 316 - WARNING - NK_2009_Verbreitung_fill: GetMap request is blocked for this layer
2025-12-07 02:51:59,811 - Scraping log - scraper.py > get_service_info(): Line 316 - WARNING - NK_2009_Verbreitung_outline: GetMap request is blocked for this layer
2025-12-07 02:52:09,926 - Scraping log - scraper.py > get_service_info(): Line 316 - WARNING - NK_2009_Arten_ArmenischeGartenbrombeere: GetMap request is blocked for this layer
2025-12-07 02:52:20,037 - Scraping log - scraper.py > get_service_info(): Line 316 - WARNING - NK_2009_Arten_DruesigesSpringkraut: GetMap request is blocked for this layer
2025-12-07 02:52:30,171 - Scraping log - scraper.py > get_service_info(): Line 319 - ERROR - NK_2009_Arten_Goetterbaum: HTTPSConnectionPool(host='wms.geo.bs.ch', port=443): Read timed out. (read timeout=10)
2025-12-07 02:52:40,185 - Scraping log - scraper.py > get_service_info(): Line 316 - WARNING - NK_2009_Arten_JapanischerStaudenknoeterich: GetMap request is blocked for this layer
2025-12-07 02:52:52,570 - Scraping log - scraper.py > get_service_info(): Line 316 - WARNING - NK_2009_Arten_SchmalblaettrigesGreiskraut: GetMap request is blocked for this layer
2025-12-07 02:53:04,896 - Scraping log - scraper.py > get_service_info(): Line 316 - WARNING - 2006: GetMap request is blocked for this layer
2025-12-07 02:53:17,188 - Scraping log - scraper.py > get_service_info(): Line 316 - WARNING - NK_2006_Verbreitung_fill: GetMap request is blocked for this layer
2025-12-07 02:53:27,199 - Scraping log - scraper.py > get_service_info(): Line 316 - WARNING - NK_2006_Verbreitung_outline: GetMap request is blocked for this layer
2025-12-07 02:53:37,305 - Scraping log - scraper.py > get_service_info(): Line 316 - WARNING - NK_2006_Arten_ArmenischeGartenbrombeere: GetMap request is blocked for this layer
2025-12-07 02:53:47,321 - Scraping log - scraper.py > get_service_info(): Line 316 - WARNING - NK_2006_Arten_DruesigesSpringkraut: GetMap request is blocked for this layer
2025-12-07 02:53:57,556 - Scraping log - scraper.py > get_service_info(): Line 319 - ERROR - NK_2006_Arten_Goetterbaum: HTTPSConnectionPool(host='wms.geo.bs.ch', port=443): Read timed out. (read timeout=10)
2025-12-07 02:54:07,572 - Scraping log - scraper.py > get_service_info(): Line 316 - WARNING - NK_2006_Arten_JapanischerStaudenknoeterich: GetMap request is blocked for this layer
2025-12-07 02:54:17,688 - Scraping log - scraper.py > get_service_info(): Line 316 - WARNING - NK_2006_Arten_KanadischeGoldrute: GetMap request is blocked for this layer
2025-12-07 02:54:27,801 - Scraping log - scraper.py > get_service_info(): Line 316 - WARNING - NK_2006_Arten_SchmalblaettrigesGreiskraut: GetMap request is blocked for this layer
2025-12-07 02:54:39,107 - Scraping log - scraper.py > get_service_info(): Line 316 - WARNING - NK_2006_Arten_SpaetbluehendeGoldrute: GetMap request is blocked for this layer
2025-12-07 02:54:50,323 - Scraping log - scraper.py > get_service_info(): Line 316 - WARNING - NR_Gewaesser_Nummer: GetMap request is blocked for this layer
2025-12-07 02:55:02,612 - Scraping log - scraper.py > get_service_info(): Line 316 - WARNING - Hecken und Gehölze: GetMap request is blocked for this layer
2025-12-07 02:55:12,715 - Scraping log - scraper.py > get_service_info(): Line 316 - WARNING - Obstgärten: GetMap request is blocked for this layer
2025-12-07 02:55:22,812 - Scraping log - scraper.py > get_service_info(): Line 316 - WARNING - geologische und kulturhistorische Objekte: GetMap request is blocked for this layer
2025-12-07 02:55:33,010 - Scraping log - scraper.py > get_service_info(): Line 316 - WARNING - Grünanlagen und Friedhöfe: GetMap request is blocked for this layer
2025-12-07 02:55:43,108 - Scraping log - scraper.py > get_service_info(): Line 316 - WARNING - Freizeit- und Kleingärten: GetMap request is blocked for this layer
2025-12-07 02:55:53,303 - Scraping log - scraper.py > get_service_info(): Line 316 - WARNING - wertvolle Lebensräume: GetMap request is blocked for this layer
2025-12-07 02:56:03,407 - Scraping log - scraper.py > get_service_info(): Line 316 - WARNING - Artvorkommen aus dem Naturinventar Basel-Stadt: GetMap request is blocked for this layer
2025-12-07 02:56:13,510 - Scraping log - scraper.py > get_service_info(): Line 316 - WARNING - NT_Baulinien_Nationalstrassen: GetMap request is blocked for this layer
2025-12-07 02:56:26,664 - Scraping log - scraper.py > get_service_info(): Line 316 - WARNING - OF_Orthofoto1926: GetMap request is blocked for this layer
2025-12-07 02:56:36,678 - Scraping log - scraper.py > get_service_info(): Line 316 - WARNING - OF_Orthofoto1933: GetMap request is blocked for this layer
2025-12-07 02:56:46,904 - Scraping log - scraper.py > get_service_info(): Line 316 - WARNING - OF_Orthofoto1979August: GetMap request is blocked for this layer
2025-12-07 02:56:56,918 - Scraping log - scraper.py > get_service_info(): Line 316 - WARNING - OF_Orthofoto1985Juli: GetMap request is blocked for this layer
2025-12-07 02:57:07,032 - Scraping log - scraper.py > get_service_info(): Line 316 - WARNING - OF_Orthofoto1990Maerz: GetMap request is blocked for this layer
2025-12-07 02:57:17,048 - Scraping log - scraper.py > get_service_info(): Line 316 - WARNING - OF_Orthofoto1995Maerz: GetMap request is blocked for this layer
2025-12-07 02:57:27,063 - Scraping log - scraper.py > get_service_info(): Line 316 - WARNING - OF_Orthofoto1999Maerz: GetMap request is blocked for this layer
2025-12-07 02:57:37,077 - Scraping log - scraper.py > get_service_info(): Line 316 - WARNING - OF_Orthofoto2001Juli: GetMap request is blocked for this layer
2025-12-07 02:57:47,092 - Scraping log - scraper.py > get_service_info(): Line 316 - WARNING - OF_Orthofoto2002Maerz: GetMap request is blocked for this layer
2025-12-07 02:57:57,106 - Scraping log - scraper.py > get_service_info(): Line 316 - WARNING - OF_Orthofoto2005April: GetMap request is blocked for this layer
2025-12-07 02:58:10,369 - Scraping log - scraper.py > get_service_info(): Line 316 - WARNING - OF_Orthofoto2012Maerz: GetMap request is blocked for this layer
2025-12-07 02:58:20,476 - Scraping log - scraper.py > get_service_info(): Line 316 - WARNING - OF_Orthofoto2012Juli: GetMap request is blocked for this layer
2025-12-07 02:58:30,580 - Scraping log - scraper.py > get_service_info(): Line 316 - WARNING - OF_Orthofoto2015April: GetMap request is blocked for this layer
2025-12-07 02:58:40,600 - Scraping log - scraper.py > get_service_info(): Line 316 - WARNING - OF_Orthofoto2017Maerz: GetMap request is blocked for this layer
2025-12-07 02:58:52,476 - Scraping log - scraper.py > get_service_info(): Line 316 - WARNING - OF_TrueOrthofoto2020Maerz: GetMap request is blocked for this layer
2025-12-07 02:59:02,580 - Scraping log - scraper.py > get_service_info(): Line 316 - WARNING - OF_Orthofoto2020Maerz: GetMap request is blocked for this layer
2025-12-07 02:59:14,270 - Scraping log - scraper.py > get_service_info(): Line 316 - WARNING - OF_Orthofoto2023Mai: GetMap request is blocked for this layer
2025-12-07 02:59:24,387 - Scraping log - scraper.py > get_service_info(): Line 316 - WARNING - SI_Swissimage2024: GetMap request is blocked for this layer
2025-12-07 02:59:36,067 - Scraping log - scraper.py > get_service_info(): Line 319 - ERROR - OG_Miteigentum: HTTPSConnectionPool(host='wms.geo.bs.ch', port=443): Read timed out. (read timeout=10)
2025-12-07 02:59:46,081 - Scraping log - scraper.py > get_service_info(): Line 316 - WARNING - OR_OeffentlicherRaum: GetMap request is blocked for this layer
2025-12-07 02:59:59,179 - Scraping log - scraper.py > get_service_info(): Line 316 - WARNING - PA_Parkhaus: GetMap request is blocked for this layer
2025-12-07 03:00:11,672 - Scraping log - scraper.py > get_service_info(): Line 316 - WARNING - PA_RBAbstellplatz: GetMap request is blocked for this layer
2025-12-07 03:00:24,229 - Scraping log - scraper.py > get_service_info(): Line 316 - WARNING - PA_Wohnmobil: GetMap request is blocked for this layer
2025-12-07 03:00:35,890 - Scraping log - scraper.py > get_service_info(): Line 316 - WARNING - PM_Schallpegelmessungen: GetMap request is blocked for this layer
2025-12-07 03:00:45,997 - Scraping log - scraper.py > get_service_info(): Line 316 - WARNING - PP_PolizeilichePraevention_GebietseinteilungPolizeilichePraevention_Kriminal: GetMap request is blocked for this layer
2025-12-07 03:00:56,007 - Scraping log - scraper.py > get_service_info(): Line 316 - WARNING - PP_PolizeilichePraevention_GebietseinteilungPolizeilichePraevention_Jugend: GetMap request is blocked for this layer
2025-12-07 03:01:06,341 - Scraping log - scraper.py > get_service_info(): Line 319 - ERROR - PP_PolizeilichePraevention_GebietseinteilungPolizeilichePraevention_Verkehr: HTTPSConnectionPool(host='wms.geo.bs.ch', port=443): Read timed out. (read timeout=10)
2025-12-07 03:01:16,659 - Scraping log - scraper.py > get_service_info(): Line 316 - WARNING - PW_PolitischerWahlkreis: GetMap request is blocked for this layer
2025-12-07 03:01:26,674 - Scraping log - scraper.py > get_service_info(): Line 316 - WARNING - PX_Planungszone_Bettingen: GetMap request is blocked for this layer
2025-12-07 03:01:37,255 - Scraping log - scraper.py > get_service_info(): Line 316 - WARNING - PY_Planungszone_Riehen: GetMap request is blocked for this layer
2025-12-07 03:01:47,358 - Scraping log - scraper.py > get_service_info(): Line 316 - WARNING - PZ_Planungszone_Basel: GetMap request is blocked for this layer
2025-12-07 03:01:57,462 - Scraping log - scraper.py > get_service_info(): Line 316 - WARNING - QT_Quartiertreffpunkte: GetMap request is blocked for this layer
2025-12-07 03:02:07,771 - Scraping log - scraper.py > get_service_info(): Line 316 - WARNING - RM_Geschwindigkeitsmonitoring: GetMap request is blocked for this layer
2025-12-07 03:02:17,785 - Scraping log - scraper.py > get_service_info(): Line 316 - WARNING - RP_Grundkarte: GetMap request is blocked for this layer
2025-12-07 03:02:27,799 - Scraping log - scraper.py > get_service_info(): Line 316 - WARNING - Siedlung: GetMap request is blocked for this layer
2025-12-07 03:02:38,932 - Scraping log - scraper.py > get_service_info(): Line 316 - WARNING - RP_Ausgangslage_Siedlung_Siedlungsgebiet_Abfrage: GetMap request is blocked for this layer
2025-12-07 03:02:48,946 - Scraping log - scraper.py > get_service_info(): Line 316 - WARNING - RP_Ausgangslage_Siedlung_Siedlungsgebiet_Flaeche: GetMap request is blocked for this layer
2025-12-07 03:02:58,957 - Scraping log - scraper.py > get_service_info(): Line 316 - WARNING - RP_Ausgangslage_Siedlung_Landesgrenze_Abfrage: GetMap request is blocked for this layer
2025-12-07 03:03:09,186 - Scraping log - scraper.py > get_service_info(): Line 316 - WARNING - RP_Ausgangslage_Siedlung_Landesgrenze_Linie: GetMap request is blocked for this layer
2025-12-07 03:03:19,201 - Scraping log - scraper.py > get_service_info(): Line 316 - WARNING - RP_Ausgangslage_Siedlung_Kantonsgrenze_Abfrage: GetMap request is blocked for this layer
2025-12-07 03:03:31,527 - Scraping log - scraper.py > get_service_info(): Line 319 - ERROR - RP_Ausgangslage_Siedlung_Gemeindegrenze_Linie: HTTPSConnectionPool(host='wms.geo.bs.ch', port=443): Read timed out. (read timeout=10)
2025-12-07 03:03:41,845 - Scraping log - scraper.py > get_service_info(): Line 316 - WARNING - RP_Ausgangslage_Siedlung_Naturgefahr_Abfrage: GetMap request is blocked for this layer
2025-12-07 03:03:54,129 - Scraping log - scraper.py > get_service_info(): Line 316 - WARNING - RP_Ausgangslage_Siedlung_GebietUmBahnhof_Punkt: GetMap request is blocked for this layer
2025-12-07 03:04:06,601 - Scraping log - scraper.py > get_service_info(): Line 316 - WARNING - RP_Ausgangslage_Siedlung_FreizeitUndSportgebiet_Abfrage: GetMap request is blocked for this layer
2025-12-07 03:04:18,950 - Scraping log - scraper.py > get_service_info(): Line 316 - WARNING - RP_Ausgangslage_Siedlung_Fahrendenplatz_Punkt: GetMap request is blocked for this layer
2025-12-07 03:04:29,049 - Scraping log - scraper.py > get_service_info(): Line 316 - WARNING - RP_Siedlung_GebietUmBahnhof_Abfrage: GetMap request is blocked for this layer
2025-12-07 03:04:39,212 - Scraping log - scraper.py > get_service_info(): Line 316 - WARNING - RP_Siedlung_GebietUmBahnhof_Punkt: GetMap request is blocked for this layer
2025-12-07 03:04:49,226 - Scraping log - scraper.py > get_service_info(): Line 316 - WARNING - RP_Siedlung_GebietUmSBahnHaltestelle_Abfrage: GetMap request is blocked for this layer
2025-12-07 03:04:59,728 - Scraping log - scraper.py > get_service_info(): Line 316 - WARNING - RP_Siedlung_GebietUmSBahnHaltestelle_Punkt: GetMap request is blocked for this layer
2025-12-07 03:05:09,835 - Scraping log - scraper.py > get_service_info(): Line 316 - WARNING - RP_Siedlung_SchwerpunktArbeiten_Abfrage: GetMap request is blocked for this layer
2025-12-07 03:05:19,847 - Scraping log - scraper.py > get_service_info(): Line 316 - WARNING - RP_Siedlung_SchwerpunktArbeiten_Flaeche: GetMap request is blocked for this layer
2025-12-07 03:05:29,863 - Scraping log - scraper.py > get_service_info(): Line 316 - WARNING - RP_Siedlung_SchwerpunktArbeitenUndWohnen_Abfrage: GetMap request is blocked for this layer
2025-12-07 03:05:39,972 - Scraping log - scraper.py > get_service_info(): Line 316 - WARNING - RP_Siedlung_SchwerpunktArbeitenUndWohnen_Flaeche: GetMap request is blocked for this layer
2025-12-07 03:05:51,033 - Scraping log - scraper.py > get_service_info(): Line 316 - WARNING - RP_Siedlung_SchwerpunktWohnen_Flaeche: GetMap request is blocked for this layer
2025-12-07 03:06:01,053 - Scraping log - scraper.py > get_service_info(): Line 316 - WARNING - RP_Siedlung_SiedlungsgliedernderFreiraum_Abfrage: GetMap request is blocked for this layer
2025-12-07 03:06:12,274 - Scraping log - scraper.py > get_service_info(): Line 316 - WARNING - RP_Siedlung_FreizeitUndSportgebiet_Abfrage: GetMap request is blocked for this layer
2025-12-07 03:06:26,629 - Scraping log - scraper.py > get_service_info(): Line 319 - ERROR - RP_Siedlung_FreizeitUndSportgebiet_Punkt: HTTPSConnectionPool(host='wms.geo.bs.ch', port=443): Read timed out. (read timeout=10)
2025-12-07 03:06:37,792 - Scraping log - scraper.py > get_service_info(): Line 316 - WARNING - RP_Siedlung_VorzugsgebietVerbesserungFreiraumversorgung_Flaeche: GetMap request is blocked for this layer
2025-12-07 03:06:50,699 - Scraping log - scraper.py > get_service_info(): Line 316 - WARNING - RP_Siedlung_Ortszentrum_Abfrage: GetMap request is blocked for this layer
2025-12-07 03:07:03,028 - Scraping log - scraper.py > get_service_info(): Line 316 - WARNING - RP_Siedlung_Laermschutz_Linie: GetMap request is blocked for this layer
2025-12-07 03:07:13,442 - Scraping log - scraper.py > get_service_info(): Line 316 - WARNING - RP_Siedlung_NutzungImOeffentlichenInteresse_Abfrage: GetMap request is blocked for this layer
2025-12-07 03:07:25,703 - Scraping log - scraper.py > get_service_info(): Line 316 - WARNING - RP_Siedlung_AufhebungSiedlungstrennwirkung_Linie: GetMap request is blocked for this layer
2025-12-07 03:07:36,952 - Scraping log - scraper.py > get_service_info(): Line 316 - WARNING - RP_Siedlung_FokusgebietHitze_Flaeche: GetMap request is blocked for this layer
2025-12-07 03:07:48,076 - Scraping log - scraper.py > get_service_info(): Line 316 - WARNING - RP_Siedlung_Kaltluftfluss_Punkt: GetMap request is blocked for this layer
2025-12-07 03:07:58,090 - Scraping log - scraper.py > get_service_info(): Line 316 - WARNING - RP_Siedlung_VerkehrsintensiveEinrichtung_Abfrage: GetMap request is blocked for this layer
2025-12-07 03:08:08,104 - Scraping log - scraper.py > get_service_info(): Line 316 - WARNING - RP_Siedlung_VerkehrsintensiveEinrichtung_Punkt: GetMap request is blocked for this layer
2025-12-07 03:08:18,118 - Scraping log - scraper.py > get_service_info(): Line 316 - WARNING - Mobilität: GetMap request is blocked for this layer
2025-12-07 03:08:29,715 - Scraping log - scraper.py > get_service_info(): Line 316 - WARNING - RP_Ausgangslage_Mobilitaet_HafenarealKantonal_Abfrage: GetMap request is blocked for this layer
2025-12-07 03:08:39,823 - Scraping log - scraper.py > get_service_info(): Line 316 - WARNING - RP_Ausgangslage_Mobilitaet_HafenarealKantonal_Flaeche: GetMap request is blocked for this layer
2025-12-07 03:08:49,837 - Scraping log - scraper.py > get_service_info(): Line 316 - WARNING - RP_Ausgangslage_Mobilitaet_StrassennetzAusserkantonal_Abfrage: GetMap request is blocked for this layer
2025-12-07 03:08:59,852 - Scraping log - scraper.py > get_service_info(): Line 316 - WARNING - RP_Ausgangslage_Mobilitaet_StrassennetzAusserkantonal_Linie: GetMap request is blocked for this layer
2025-12-07 03:09:09,867 - Scraping log - scraper.py > get_service_info(): Line 316 - WARNING - RP_Ausgangslage_Mobilitaet_SchieneNormalspurStrecke_Abfrage: GetMap request is blocked for this layer
2025-12-07 03:09:19,985 - Scraping log - scraper.py > get_service_info(): Line 316 - WARNING - RP_Ausgangslage_Mobilitaet_SchieneNormalspurStrecke_Linie: GetMap request is blocked for this layer
2025-12-07 03:09:30,000 - Scraping log - scraper.py > get_service_info(): Line 316 - WARNING - RP_Ausgangslage_Mobilitaet_SchieneSchmalspurStrecke_Abfrage: GetMap request is blocked for this layer
2025-12-07 03:09:40,138 - Scraping log - scraper.py > get_service_info(): Line 316 - WARNING - RP_Ausgangslage_Mobilitaet_SchieneSchmalspurStrecke_Linie: GetMap request is blocked for this layer
2025-12-07 03:09:51,420 - Scraping log - scraper.py > get_service_info(): Line 316 - WARNING - RP_Ausgangslage_Mobilitaet_KantonsstrasseStrecke_Linie: GetMap request is blocked for this layer
2025-12-07 03:10:01,436 - Scraping log - scraper.py > get_service_info(): Line 316 - WARNING - RP_Ausgangslage_Mobilitaet_NationalstrasseStrecke_Abfrage: GetMap request is blocked for this layer
2025-12-07 03:10:14,321 - Scraping log - scraper.py > get_service_info(): Line 316 - WARNING - RP_Ausgangslage_Mobilitaet_NationalstrasseVollanschluss_Punkt: GetMap request is blocked for this layer
2025-12-07 03:10:25,808 - Scraping log - scraper.py > get_service_info(): Line 316 - WARNING - RP_Ausgangslage_Mobilitaet_NationalstrasseHalbanschluss_Punkt: GetMap request is blocked for this layer
2025-12-07 03:10:35,823 - Scraping log - scraper.py > get_service_info(): Line 316 - WARNING - RP_Ausgangslage_Mobilitaet_BahnhofOderSBahnHaltestelle_Abfrage: GetMap request is blocked for this layer
2025-12-07 03:10:52,162 - Scraping log - scraper.py > get_service_info(): Line 316 - WARNING - RP_Ausgangslage_Mobilitaet_LangsamverkehrVeloparkierungsanlage_Punkt: GetMap request is blocked for this layer
2025-12-07 03:11:02,177 - Scraping log - scraper.py > get_service_info(): Line 316 - WARNING - RP_Ausgangslage_Mobilitaet_Hafenbahnhof_Abfrage: GetMap request is blocked for this layer
2025-12-07 03:11:13,399 - Scraping log - scraper.py > get_service_info(): Line 316 - WARNING - RP_Ausgangslage_Mobilitaet_Hafenanlage_Abfrage: GetMap request is blocked for this layer
2025-12-07 03:11:23,413 - Scraping log - scraper.py > get_service_info(): Line 316 - WARNING - RP_Ausgangslage_Mobilitaet_Hafenanlage_Punkt: GetMap request is blocked for this layer
2025-12-07 03:11:34,801 - Scraping log - scraper.py > get_service_info(): Line 316 - WARNING - RP_Ausgangslage_Mobilitaet_EuroAirportBaselMulhouseFreiburg_Punkt: GetMap request is blocked for this layer
2025-12-07 03:11:44,910 - Scraping log - scraper.py > get_service_info(): Line 316 - WARNING - RP_Mobilitaet_HinweisRheintunnel_Abfrage: GetMap request is blocked for this layer
2025-12-07 03:11:56,083 - Scraping log - scraper.py > get_service_info(): Line 316 - WARNING - RP_Mobilitaet_SchieneNormalspurStrecke_Abfrage: GetMap request is blocked for this layer
2025-12-07 03:12:06,100 - Scraping log - scraper.py > get_service_info(): Line 316 - WARNING - RP_Mobilitaet_SchieneNormalspurStrecke_Linie: GetMap request is blocked for this layer
2025-12-07 03:12:17,249 - Scraping log - scraper.py > get_service_info(): Line 316 - WARNING - RP_Mobilitaet_SchieneNormalspurKorridor_Linie: GetMap request is blocked for this layer
2025-12-07 03:12:27,263 - Scraping log - scraper.py > get_service_info(): Line 316 - WARNING - RP_Mobilitaet_SchieneNormalspurKapazitaetssteigerungUndEntflechtung_Abfrage: GetMap request is blocked for this layer
2025-12-07 03:12:39,837 - Scraping log - scraper.py > get_service_info(): Line 316 - WARNING - RP_Mobilitaet_BahnhofOderSBahnHaltestelle_Punkt: GetMap request is blocked for this layer
2025-12-07 03:12:52,307 - Scraping log - scraper.py > get_service_info(): Line 316 - WARNING - RP_Mobilitaet_SchieneSchmalspurKorridor_Abfrage: GetMap request is blocked for this layer
2025-12-07 03:13:04,692 - Scraping log - scraper.py > get_service_info(): Line 316 - WARNING - RP_Mobilitaet_NationalstrasseStrecke_Linie: GetMap request is blocked for this layer
2025-12-07 03:13:14,707 - Scraping log - scraper.py > get_service_info(): Line 316 - WARNING - RP_Mobilitaet_NationalstrasseKorridor_Abfrage: GetMap request is blocked for this layer
2025-12-07 03:13:24,746 - Scraping log - scraper.py > get_service_info(): Line 316 - WARNING - RP_Mobilitaet_NationalstrasseKorridor_Linie: GetMap request is blocked for this layer
2025-12-07 03:13:34,862 - Scraping log - scraper.py > get_service_info(): Line 316 - WARNING - RP_Mobilitaet_NationalstrasseHalbanschluss_Abfrage: GetMap request is blocked for this layer
2025-12-07 03:13:44,877 - Scraping log - scraper.py > get_service_info(): Line 316 - WARNING - RP_Mobilitaet_NationalstrasseHalbanschluss_Punkt: GetMap request is blocked for this layer
2025-12-07 03:13:54,891 - Scraping log - scraper.py > get_service_info(): Line 316 - WARNING - RP_Mobilitaet_KantonsstrasseKorridor_Abfrage: GetMap request is blocked for this layer
2025-12-07 03:14:06,122 - Scraping log - scraper.py > get_service_info(): Line 316 - WARNING - RP_Mobilitaet_KantonsstrasseVerkehrsentlastung_Abfrage: GetMap request is blocked for this layer
2025-12-07 03:14:16,136 - Scraping log - scraper.py > get_service_info(): Line 316 - WARNING - RP_Mobilitaet_KantonsstrasseVerkehrsentlastung_Linie: GetMap request is blocked for this layer
2025-12-07 03:14:26,258 - Scraping log - scraper.py > get_service_info(): Line 316 - WARNING - RP_Mobilitaet_KantonsstrasseVerbesserungsmassnahmen_Abfrage: GetMap request is blocked for this layer
2025-12-07 03:14:36,273 - Scraping log - scraper.py > get_service_info(): Line 316 - WARNING - RP_Mobilitaet_KantonsstrasseVerbesserungsmassnahmen_Linie: GetMap request is blocked for this layer
2025-12-07 03:14:46,288 - Scraping log - scraper.py > get_service_info(): Line 316 - WARNING - RP_Mobilitaet_LangsamverkehrVeloFussgaenger_Abfrage: GetMap request is blocked for this layer
2025-12-07 03:14:56,388 - Scraping log - scraper.py > get_service_info(): Line 316 - WARNING - RP_Mobilitaet_LangsamverkehrVeloFussgaenger_Linie: GetMap request is blocked for this layer
2025-12-07 03:15:06,502 - Scraping log - scraper.py > get_service_info(): Line 316 - WARNING - RP_Mobilitaet_LangsamverkehrFussgaenger_Abfrage: GetMap request is blocked for this layer
2025-12-07 03:15:16,603 - Scraping log - scraper.py > get_service_info(): Line 316 - WARNING - RP_Mobilitaet_LangsamverkehrFussgaenger_Linie: GetMap request is blocked for this layer
2025-12-07 03:15:26,709 - Scraping log - scraper.py > get_service_info(): Line 316 - WARNING - RP_Mobilitaet_LangsamverkehrVeloparkierungsanlage_Abfrage: GetMap request is blocked for this layer
2025-12-07 03:15:36,724 - Scraping log - scraper.py > get_service_info(): Line 316 - WARNING - RP_Mobilitaet_LangsamverkehrVeloparkierungsanlage_Punkt: GetMap request is blocked for this layer
2025-12-07 03:15:46,830 - Scraping log - scraper.py > get_service_info(): Line 316 - WARNING - RP_Mobilitaet_StandorteGueterlogistik_Abfrage: GetMap request is blocked for this layer
2025-12-07 03:15:56,970 - Scraping log - scraper.py > get_service_info(): Line 316 - WARNING - RP_Mobilitaet_StandorteGueterlogistik_Punkt: GetMap request is blocked for this layer
2025-12-07 03:16:09,664 - Scraping log - scraper.py > get_service_info(): Line 316 - WARNING - RP_Mobilitaet_CarTerminal_Abfrage: GetMap request is blocked for this layer
2025-12-07 03:16:19,679 - Scraping log - scraper.py > get_service_info(): Line 316 - WARNING - RP_Mobilitaet_CarTerminal_Punkt: GetMap request is blocked for this layer
2025-12-07 03:16:29,694 - Scraping log - scraper.py > get_service_info(): Line 316 - WARNING - RP_Mobilitaet_Hafenanlage_Point_Abfrage: GetMap request is blocked for this layer
2025-12-07 03:16:39,806 - Scraping log - scraper.py > get_service_info(): Line 316 - WARNING - RP_Mobilitaet_Hafenanlage_Point_Punkt: GetMap request is blocked for this layer
2025-12-07 03:16:49,821 - Scraping log - scraper.py > get_service_info(): Line 316 - WARNING - Ver- und Entsorgung: GetMap request is blocked for this layer
2025-12-07 03:17:00,154 - Scraping log - scraper.py > get_service_info(): Line 316 - WARNING - RP_Ausgangslage_VerUndEntsorgung_Grundwasserschutzzone_Abfrage: GetMap request is blocked for this layer
2025-12-07 03:17:10,291 - Scraping log - scraper.py > get_service_info(): Line 319 - ERROR - RP_Ausgangslage_VerUndEntsorgung_Grundwasserschutzzone_Flaeche: HTTPSConnectionPool(host='wms.geo.bs.ch', port=443): Read timed out. (read timeout=10)
2025-12-07 03:17:20,397 - Scraping log - scraper.py > get_service_info(): Line 316 - WARNING - RP_Ausgangslage_VerUndEntsorgung_Uebertragungsleitung_Abfrage: GetMap request is blocked for this layer
2025-12-07 03:17:30,510 - Scraping log - scraper.py > get_service_info(): Line 316 - WARNING - RP_Ausgangslage_VerUndEntsorgung_Uebertragungsleitung_Linie: GetMap request is blocked for this layer
2025-12-07 03:17:41,018 - Scraping log - scraper.py > get_service_info(): Line 316 - WARNING - RP_Ausgangslage_VerUndEntsorgung_Wasserkraftwerk_Abfrage: GetMap request is blocked for this layer
2025-12-07 03:17:51,032 - Scraping log - scraper.py > get_service_info(): Line 316 - WARNING - RP_Ausgangslage_VerUndEntsorgung_Wasserkraftwerk_Punkt: GetMap request is blocked for this layer
2025-12-07 03:18:01,046 - Scraping log - scraper.py > get_service_info(): Line 316 - WARNING - RP_Ausgangslage_VerUndEntsorgung_Geothermieanlage_Abfrage: GetMap request is blocked for this layer
2025-12-07 03:18:11,062 - Scraping log - scraper.py > get_service_info(): Line 316 - WARNING - RP_Ausgangslage_VerUndEntsorgung_Geothermieanlage_Punkt: GetMap request is blocked for this layer
2025-12-07 03:18:21,077 - Scraping log - scraper.py > get_service_info(): Line 316 - WARNING - RP_Ausgangslage_VerUndEntsorgung_Abwasserreinigungsanlage_Abfrage: GetMap request is blocked for this layer
2025-12-07 03:18:31,091 - Scraping log - scraper.py > get_service_info(): Line 316 - WARNING - RP_Ausgangslage_VerUndEntsorgung_Abwasserreinigungsanlage_Punkt: GetMap request is blocked for this layer
2025-12-07 03:18:41,105 - Scraping log - scraper.py > get_service_info(): Line 316 - WARNING - RP_Ausgangslage_VerUndEntsorgung_Abfallverbrennungsanlage_Abfrage: GetMap request is blocked for this layer
2025-12-07 03:18:51,214 - Scraping log - scraper.py > get_service_info(): Line 316 - WARNING - RP_Ausgangslage_VerUndEntsorgung_Abfallverbrennungsanlage_Punkt: GetMap request is blocked for this layer
2025-12-07 03:19:03,495 - Scraping log - scraper.py > get_service_info(): Line 319 - ERROR - RP_VerUndEntsorgung_Geothermieanlage_Abfrage: HTTPSConnectionPool(host='wms.geo.bs.ch', port=443): Read timed out. (read timeout=10)
2025-12-07 03:19:13,724 - Scraping log - scraper.py > get_service_info(): Line 319 - ERROR - RP_VerUndEntsorgung_Geothermieanlage_Punkt: HTTPSConnectionPool(host='wms.geo.bs.ch', port=443): Read timed out. (read timeout=10)
2025-12-07 03:19:45,414 - Scraping log - scraper.py > get_service_info(): Line 316 - WARNING - RP_NaturUndLandschaft_VernetzungsachseEntlangFliessgewaesser_Abfrage: GetMap request is blocked for this layer
2025-12-07 03:19:55,429 - Scraping log - scraper.py > get_service_info(): Line 316 - WARNING - RP_NaturUndLandschaft_VernetzungsachseEntlangFliessgewaesser_Punkt: GetMap request is blocked for this layer
2025-12-07 03:20:05,443 - Scraping log - scraper.py > get_service_info(): Line 316 - WARNING - RP_NaturUndLandschaft_Fruchtfolgeflaeche_Abfrage: GetMap request is blocked for this layer
2025-12-07 03:20:15,457 - Scraping log - scraper.py > get_service_info(): Line 316 - WARNING - RP_NaturUndLandschaft_Fruchtfolgeflaeche_Flaeche: GetMap request is blocked for this layer
2025-12-07 03:20:25,474 - Scraping log - scraper.py > get_service_info(): Line 316 - WARNING - RW_RechtlicherWald: GetMap request is blocked for this layer
2025-12-07 03:20:35,488 - Scraping log - scraper.py > get_service_info(): Line 316 - WARNING - SB_Satellitenbild_2016_swisstopo_30cm: GetMap request is blocked for this layer
2025-12-07 03:20:45,502 - Scraping log - scraper.py > get_service_info(): Line 316 - WARNING - SB_Satellitenbild_2016_swisstopo_50cm: GetMap request is blocked for this layer
2025-12-07 03:20:55,517 - Scraping log - scraper.py > get_service_info(): Line 316 - WARNING - SB_Satellitenbild_2017_swisstopo_25cm: GetMap request is blocked for this layer
2025-12-07 03:21:05,524 - Scraping log - scraper.py > get_service_info(): Line 316 - WARNING - SB_Satellitenbild_2019_swisstopo_50cm: GetMap request is blocked for this layer
2025-12-07 03:21:15,640 - Scraping log - scraper.py > get_service_info(): Line 316 - WARNING - SB_Satellitenbild_2022_swisstopo_30cm: GetMap request is blocked for this layer
2025-12-07 03:21:25,753 - Scraping log - scraper.py > get_service_info(): Line 316 - WARNING - SB_Satellitenbild_2025_swisstopo_30cm: GetMap request is blocked for this layer
2025-12-07 03:21:35,866 - Scraping log - scraper.py > get_service_info(): Line 316 - WARNING - SC_Tagesstruktur: GetMap request is blocked for this layer
2025-12-07 03:21:45,975 - Scraping log - scraper.py > get_service_info(): Line 316 - WARNING - SC_Schwimmhalle: GetMap request is blocked for this layer
2025-12-07 03:21:55,982 - Scraping log - scraper.py > get_service_info(): Line 316 - WARNING - SC_Turnhalle: GetMap request is blocked for this layer
2025-12-07 03:22:05,996 - Scraping log - scraper.py > get_service_info(): Line 316 - WARNING - SC_Sportplatz: GetMap request is blocked for this layer
2025-12-07 03:22:16,113 - Scraping log - scraper.py > get_service_info(): Line 316 - WARNING - SC_Kindergarten: GetMap request is blocked for this layer
2025-12-07 03:22:26,223 - Scraping log - scraper.py > get_service_info(): Line 316 - WARNING - SC_Primarschule: GetMap request is blocked for this layer
2025-12-07 03:22:36,458 - Scraping log - scraper.py > get_service_info(): Line 319 - ERROR - SC_Sekundarschule: HTTPSConnectionPool(host='wms.geo.bs.ch', port=443): Read timed out. (read timeout=10)
2025-12-07 03:22:46,691 - Scraping log - scraper.py > get_service_info(): Line 319 - ERROR - SC_Gymnasium: HTTPSConnectionPool(host='wms.geo.bs.ch', port=443): Read timed out. (read timeout=10)
2025-12-07 03:23:19,604 - Scraping log - scraper.py > get_service_info(): Line 316 - WARNING - SO_BezeichnungStandort_Primarschule: GetMap request is blocked for this layer
2025-12-07 03:23:30,894 - Scraping log - scraper.py > get_service_info(): Line 316 - WARNING - SO_Kindergarten: GetMap request is blocked for this layer
2025-12-07 03:23:42,212 - Scraping log - scraper.py > get_service_info(): Line 316 - WARNING - 1946 - 1998: GetMap request is blocked for this layer
2025-12-07 03:23:52,639 - Scraping log - scraper.py > get_service_info(): Line 316 - WARNING - 2002 - 2010: GetMap request is blocked for this layer
2025-12-07 03:24:03,388 - Scraping log - scraper.py > get_service_info(): Line 316 - WARNING - 2011 - 2020: GetMap request is blocked for this layer
2025-12-07 03:24:14,750 - Scraping log - scraper.py > get_service_info(): Line 316 - WARNING - 2021 - 2024: GetMap request is blocked for this layer
2025-12-07 03:24:25,515 - Scraping log - scraper.py > get_service_info(): Line 316 - WARNING - SP_Stadtplan_2025_farbig: GetMap request is blocked for this layer
2025-12-07 03:24:35,530 - Scraping log - scraper.py > get_service_info(): Line 316 - WARNING - SP_Stadtplan_2025_grau: GetMap request is blocked for this layer
2025-12-07 03:24:45,544 - Scraping log - scraper.py > get_service_info(): Line 316 - WARNING - SP_Stadtplan_2025_sw: GetMap request is blocked for this layer
2025-12-07 03:24:55,559 - Scraping log - scraper.py > get_service_info(): Line 316 - WARNING - SQ_Stromversorgungsgebiete_Netzebene3: GetMap request is blocked for this layer
2025-12-07 03:25:05,573 - Scraping log - scraper.py > get_service_info(): Line 316 - WARNING - SQ_Stromversorgungsgebiete_Netzebene5: GetMap request is blocked for this layer
2025-12-07 03:25:15,686 - Scraping log - scraper.py > get_service_info(): Line 316 - WARNING - SQ_Stromversorgungsgebiete_Netzebene7: GetMap request is blocked for this layer
2025-12-07 03:25:28,110 - Scraping log - scraper.py > get_service_info(): Line 316 - WARNING - SW_Jugendlichenanteil: GetMap request is blocked for this layer
2025-12-07 03:25:40,800 - Scraping log - scraper.py > get_service_info(): Line 316 - WARNING - SW_Sesshaftigkeit: GetMap request is blocked for this layer
2025-12-07 03:25:54,000 - Scraping log - scraper.py > get_service_info(): Line 316 - WARNING - SW_Vollzeitaequivalente: GetMap request is blocked for this layer
2025-12-07 03:26:04,108 - Scraping log - scraper.py > get_service_info(): Line 316 - WARNING - SW_Sozialhilfe: GetMap request is blocked for this layer
2025-12-07 03:26:14,123 - Scraping log - scraper.py > get_service_info(): Line 316 - WARNING - SW_MedianDesReineinkommens: GetMap request is blocked for this layer
2025-12-07 03:26:24,139 - Scraping log - scraper.py > get_service_info(): Line 316 - WARNING - SW_MedianDesReinvermoegens: GetMap request is blocked for this layer
2025-12-07 03:26:34,245 - Scraping log - scraper.py > get_service_info(): Line 316 - WARNING - Solarpotenzial Photovoltaik: GetMap request is blocked for this layer
2025-12-07 03:26:44,448 - Scraping log - scraper.py > get_service_info(): Line 316 - WARNING - Solarpotenzial Solarthermie: GetMap request is blocked for this layer
2025-12-07 03:26:54,871 - Scraping log - scraper.py > get_service_info(): Line 319 - ERROR - Informativer Planinhalt (Fusswegnetz Riehen Bettingen): HTTPSConnectionPool(host='wms.geo.bs.ch', port=443): Read timed out. (read timeout=10)
2025-12-07 03:27:04,979 - Scraping log - scraper.py > get_service_info(): Line 316 - WARNING - TF_InformativerPlaninhalt_Geplant_ohneAnschluss: GetMap request is blocked for this layer
2025-12-07 03:27:14,994 - Scraping log - scraper.py > get_service_info(): Line 316 - WARNING - TF_InformativerPlaninhalt_Geplant_mitAnschluss: GetMap request is blocked for this layer
2025-12-07 03:27:25,103 - Scraping log - scraper.py > get_service_info(): Line 316 - WARNING - Wanderwegnetz Kanton Basel-Stadt: GetMap request is blocked for this layer
2025-12-07 03:27:35,300 - Scraping log - scraper.py > get_service_info(): Line 316 - WARNING - TF_Wanderwegnetz_KantonBS_Zwischenergebnis_ohneAnschluss: GetMap request is blocked for this layer
2025-12-07 03:27:45,409 - Scraping log - scraper.py > get_service_info(): Line 316 - WARNING - TF_Wanderwegnetz_KantonBS_Zwischenergebnis_mitAnschluss: GetMap request is blocked for this layer
2025-12-07 03:27:55,423 - Scraping log - scraper.py > get_service_info(): Line 316 - WARNING - TF_Wanderwegnetz_KantonBS_Festsetzung_ohneAnschluss: GetMap request is blocked for this layer
2025-12-07 03:28:05,544 - Scraping log - scraper.py > get_service_info(): Line 316 - WARNING - TF_Wanderwegnetz_KantonBS_Festsetzung_mitAnschluss: GetMap request is blocked for this layer
2025-12-07 03:28:15,558 - Scraping log - scraper.py > get_service_info(): Line 316 - WARNING - TF_Wanderwegnetz_KantonBS_Bestand_ohneAnschluss: GetMap request is blocked for this layer
2025-12-07 03:28:25,572 - Scraping log - scraper.py > get_service_info(): Line 316 - WARNING - TF_Wanderwegnetz_KantonBS_Bestand_mitAnschluss: GetMap request is blocked for this layer
2025-12-07 03:28:35,587 - Scraping log - scraper.py > get_service_info(): Line 316 - WARNING - Fusswegnetz Stadt Basel: GetMap request is blocked for this layer
2025-12-07 03:28:46,009 - Scraping log - scraper.py > get_service_info(): Line 319 - ERROR - TF_Fusswegnetz_Basel_Vororientierung_ohneAnschluss: HTTPSConnectionPool(host='wms.geo.bs.ch', port=443): Read timed out. (read timeout=10)
2025-12-07 03:28:56,143 - Scraping log - scraper.py > get_service_info(): Line 319 - ERROR - TF_Fusswegnetz_Basel_Vororientierung_mitAnschluss: HTTPSConnectionPool(host='wms.geo.bs.ch', port=443): Read timed out. (read timeout=10)
2025-12-07 03:29:28,105 - Scraping log - scraper.py > get_service_info(): Line 316 - WARNING - in Erarbeitung: GetMap request is blocked for this layer
2025-12-07 03:29:38,170 - Scraping log - scraper.py > get_service_info(): Line 316 - WARNING - kommunale Richtpläne: GetMap request is blocked for this layer
2025-12-07 03:29:48,278 - Scraping log - scraper.py > get_service_info(): Line 316 - WARNING - TR_Teilrichtplaene_KommunaleRichtplaene_Riehen_abfrage: GetMap request is blocked for this layer
2025-12-07 03:29:58,384 - Scraping log - scraper.py > get_service_info(): Line 316 - WARNING - TR_Teilrichtplaene_KommunaleRichtplaene_Riehen_anzeige: GetMap request is blocked for this layer
2025-12-07 03:30:08,406 - Scraping log - scraper.py > get_service_info(): Line 316 - WARNING - TR_Teilrichtplaene_KommunaleRichtplaene_Bettingen_abfrage: GetMap request is blocked for this layer
2025-12-07 03:30:18,514 - Scraping log - scraper.py > get_service_info(): Line 316 - WARNING - TR_Teilrichtplaene_KommunaleRichtplaene_Bettingen_anzeige: GetMap request is blocked for this layer
2025-12-07 03:30:28,523 - Scraping log - scraper.py > get_service_info(): Line 316 - WARNING - VB_Veloabstellplaetze_Velostation: GetMap request is blocked for this layer
2025-12-07 03:30:38,542 - Scraping log - scraper.py > get_service_info(): Line 316 - WARNING - VB_Veloabstellplaetze_BikeRide: GetMap request is blocked for this layer
2025-12-07 03:30:48,557 - Scraping log - scraper.py > get_service_info(): Line 316 - WARNING - VB_Veloabstellplaetze_Cargovelos: GetMap request is blocked for this layer
2025-12-07 03:30:58,571 - Scraping log - scraper.py > get_service_info(): Line 316 - WARNING - VB_Veloabstellplaetze_gedeckt: GetMap request is blocked for this layer
2025-12-07 03:31:08,685 - Scraping log - scraper.py > get_service_info(): Line 316 - WARNING - VB_Veloabstellplaetze_ungedeckt: GetMap request is blocked for this layer
2025-12-07 03:31:18,702 - Scraping log - scraper.py > get_service_info(): Line 316 - WARNING - VO_Velostadtplan_Gefahr: GetMap request is blocked for this layer
2025-12-07 03:31:29,215 - Scraping log - scraper.py > get_service_info(): Line 316 - WARNING - VO_Velostadtplan_Einbahn: GetMap request is blocked for this layer
2025-12-07 03:31:39,418 - Scraping log - scraper.py > get_service_info(): Line 316 - WARNING - VO_Velostadtplan_Steigung: GetMap request is blocked for this layer
2025-12-07 03:31:49,626 - Scraping log - scraper.py > get_service_info(): Line 316 - WARNING - VO_Velostadtplan_Velostrasse: GetMap request is blocked for this layer
2025-12-07 03:31:59,826 - Scraping log - scraper.py > get_service_info(): Line 316 - WARNING - VO_Velostadtplan_Eignung_gutBefahrbaresVelonetz: GetMap request is blocked for this layer
2025-12-07 03:32:09,935 - Scraping log - scraper.py > get_service_info(): Line 316 - WARNING - VO_Velostadtplan_Eignung_sonstigeFuerVelosGeeigneteStrassen: GetMap request is blocked for this layer
2025-12-07 03:32:20,163 - Scraping log - scraper.py > get_service_info(): Line 319 - ERROR - VO_Velostadtplan_Schiebestrecke: HTTPSConnectionPool(host='wms.geo.bs.ch', port=443): Read timed out. (read timeout=10)
2025-12-07 03:32:37,108 - Scraping log - scraper.py > get_service_info(): Line 316 - WARNING - VR_KernzoneVerkehrskonzeptInnenstadt: GetMap request is blocked for this layer
2025-12-07 03:32:51,633 - Scraping log - scraper.py > get_service_info(): Line 316 - WARNING - VS_Vektorstadtplan_farbig_ohneSchrift: GetMap request is blocked for this layer
2025-12-07 03:33:07,305 - Scraping log - scraper.py > get_service_info(): Line 316 - WARNING - VS_Vektorstadtplan_sw: GetMap request is blocked for this layer
2025-12-07 03:33:20,172 - Scraping log - scraper.py > get_service_info(): Line 316 - WARNING - VU_SchleuderunfallSelbstunfall: GetMap request is blocked for this layer
2025-12-07 03:33:32,294 - Scraping log - scraper.py > get_service_info(): Line 316 - WARNING - VU_Abbiegeunfall: GetMap request is blocked for this layer
2025-12-07 03:33:42,310 - Scraping log - scraper.py > get_service_info(): Line 316 - WARNING - VU_Einbiegeunfall: GetMap request is blocked for this layer
2025-12-07 03:33:52,338 - Scraping log - scraper.py > get_service_info(): Line 316 - WARNING - VU_UeberquerenDerFahrbahn: GetMap request is blocked for this layer
2025-12-07 03:34:02,353 - Scraping log - scraper.py > get_service_info(): Line 316 - WARNING - VU_Frontalkollision: GetMap request is blocked for this layer
2025-12-07 03:34:12,367 - Scraping log - scraper.py > get_service_info(): Line 316 - WARNING - VU_Parkierunfall: GetMap request is blocked for this layer
2025-12-07 03:34:22,480 - Scraping log - scraper.py > get_service_info(): Line 316 - WARNING - VU_Fussgaengerunfall: GetMap request is blocked for this layer
2025-12-07 03:34:32,592 - Scraping log - scraper.py > get_service_info(): Line 316 - WARNING - VU_Tierunfall: GetMap request is blocked for this layer
2025-12-07 03:34:42,723 - Scraping log - scraper.py > get_service_info(): Line 316 - WARNING - VU_Andere: GetMap request is blocked for this layer
2025-12-07 03:34:52,738 - Scraping log - scraper.py > get_service_info(): Line 316 - WARNING - MIV-Zählstellen: GetMap request is blocked for this layer
2025-12-07 03:35:03,174 - Scraping log - scraper.py > get_service_info(): Line 316 - WARNING - Velo-Zählstellen: GetMap request is blocked for this layer
2025-12-07 03:35:15,545 - Scraping log - scraper.py > get_service_info(): Line 316 - WARNING - WA_Wohnanteilplan_kA: GetMap request is blocked for this layer
2025-12-07 03:35:27,960 - Scraping log - scraper.py > get_service_info(): Line 316 - WARNING - WA_Wohnanteilplan_AG3: GetMap request is blocked for this layer
2025-12-07 03:35:40,547 - Scraping log - scraper.py > get_service_info(): Line 316 - WARNING - WA_Wohnanteilplan_keineAussage: GetMap request is blocked for this layer
2025-12-07 03:35:50,563 - Scraping log - scraper.py > get_service_info(): Line 316 - WARNING - WA_Wohnanteilplan_Innenstadt: GetMap request is blocked for this layer
2025-12-07 03:36:00,577 - Scraping log - scraper.py > get_service_info(): Line 316 - WARNING - WA_Wohnanteilplan_Bebauungsplan: GetMap request is blocked for this layer
2025-12-07 03:36:10,593 - Scraping log - scraper.py > get_service_info(): Line 316 - WARNING - WA_Wohnanteilplan_Rekurs: GetMap request is blocked for this layer
2025-12-07 03:36:20,608 - Scraping log - scraper.py > get_service_info(): Line 316 - WARNING - WE_Wohnviertel: GetMap request is blocked for this layer
2025-12-07 03:36:30,714 - Scraping log - scraper.py > get_service_info(): Line 316 - WARNING - WE_Bezirk: GetMap request is blocked for this layer
2025-12-07 03:36:42,564 - Scraping log - scraper.py > get_service_info(): Line 316 - WARNING - WE_Blockseite: GetMap request is blocked for this layer
2025-12-07 03:36:52,572 - Scraping log - scraper.py > get_service_info(): Line 316 - WARNING - WG_Waldgrenze: GetMap request is blocked for this layer
2025-12-07 03:37:02,587 - Scraping log - scraper.py > get_service_info(): Line 316 - WARNING - Informativer Planinhalt: GetMap request is blocked for this layer
2025-12-07 03:37:12,743 - Scraping log - scraper.py > get_service_info(): Line 316 - WARNING - TV_InformativerPlaninhalt_BestandVerbindung_ohneAnschluss: GetMap request is blocked for this layer
2025-12-07 03:37:22,849 - Scraping log - scraper.py > get_service_info(): Line 316 - WARNING - TV_InformativerPlaninhalt_BestandVerbindung_mitAnschluss: GetMap request is blocked for this layer
2025-12-07 03:37:32,963 - Scraping log - scraper.py > get_service_info(): Line 316 - WARNING - Pendlerrouten: GetMap request is blocked for this layer
2025-12-07 03:37:43,468 - Scraping log - scraper.py > get_service_info(): Line 316 - WARNING - Basisrouten: GetMap request is blocked for this layer
2025-12-07 03:37:54,057 - Scraping log - scraper.py > get_service_info(): Line 316 - WARNING - Bike und Ride Anlagen: GetMap request is blocked for this layer
2025-12-07 03:38:04,362 - Scraping log - scraper.py > get_service_info(): Line 316 - WARNING - Velostationen: GetMap request is blocked for this layer
2025-12-07 03:38:14,570 - Scraping log - scraper.py > get_service_info(): Line 316 - WARNING - PN_Polizeiposten: GetMap request is blocked for this layer
2025-12-07 03:38:32,084 - Scraping log - scraper.py > get_service_info(): Line 316 - WARNING - WW_Wegweiser: GetMap request is blocked for this layer
2025-12-07 03:38:42,188 - Scraping log - scraper.py > get_service_info(): Line 316 - WARNING - WW_Wanderwegnetz: GetMap request is blocked for this layer
2025-12-07 03:38:52,206 - Scraping log - scraper.py > get_service_info(): Line 316 - WARNING - Wandernahes Angebot: GetMap request is blocked for this layer
2025-12-07 03:39:02,564 - Scraping log - scraper.py > get_service_info(): Line 316 - WARNING - WW_Wanderroute: GetMap request is blocked for this layer
2025-12-07 03:39:12,581 - Scraping log - scraper.py > get_service_info(): Line 316 - WARNING - FS_FokusgebieteStadtklimakonzept: GetMap request is blocked for this layer
2025-12-07 03:39:22,595 - Scraping log - scraper.py > get_service_info(): Line 316 - WARNING - PB_Erschliessungsqualitaet: GetMap request is blocked for this layer
2025-12-07 03:39:32,610 - Scraping log - scraper.py > get_service_info(): Line 316 - WARNING - PB_Parkplatzauslastung: GetMap request is blocked for this layer
2025-12-07 03:39:42,624 - Scraping log - scraper.py > get_service_info(): Line 316 - WARNING - US_UnterBeobachtung: GetMap request is blocked for this layer
2025-12-07 03:39:52,767 - Scraping log - scraper.py > get_service_info(): Line 319 - ERROR - US_BestehendeMassnahmenplanung: HTTPSConnectionPool(host='wms.geo.bs.ch', port=443): Read timed out. (read timeout=10)
2025-12-07 03:40:02,781 - Scraping log - scraper.py > get_service_info(): Line 316 - WARNING - US_BereitsGetroffeneMassnahmen: GetMap request is blocked for this layer
2025-12-07 03:40:15,476 - Scraping log - scraper.py > get_service_info(): Line 316 - WARNING - GX_Temperatur: GetMap request is blocked for this layer
2025-12-07 03:40:28,829 - Scraping log - scraper.py > get_service_info(): Line 316 - WARNING - Infrastruktur: GetMap request is blocked for this layer
2025-12-07 03:40:41,241 - Scraping log - scraper.py > get_service_info(): Line 316 - WARNING - SY_SmileyGeschwindigkeitsanzeigen_ausserBetrieb: GetMap request is blocked for this layer
2025-12-07 03:40:51,361 - Scraping log - scraper.py > get_service_info(): Line 316 - WARNING - SY_SmileyGeschwindigkeitsanzeigen_inBetrieb: GetMap request is blocked for this layer
2025-12-07 03:41:01,375 - Scraping log - scraper.py > get_service_info(): Line 316 - WARNING - ZS_Block: GetMap request is blocked for this layer
2025-12-07 03:41:11,384 - Scraping log - scraper.py > get_service_info(): Line 316 - WARNING - ZS_Quartier: GetMap request is blocked for this layer
2025-12-07 03:41:28,789 - Scraping log - scraper.py > get_service_info(): Line 316 - WARNING - NE_Naturersatzflaechen_Naturersatzflaeche: GetMap request is blocked for this layer
2025-12-07 03:41:38,803 - Scraping log - scraper.py > get_service_info(): Line 316 - WARNING - NE_Naturersatzflaechen_NaturersatzflaecheImAuftrag: GetMap request is blocked for this layer
2025-12-07 03:41:48,817 - Scraping log - scraper.py > get_service_info(): Line 316 - WARNING - WR_Waldreservate_Eichenfoerderung: GetMap request is blocked for this layer
2025-12-07 03:41:58,928 - Scraping log - scraper.py > get_service_info(): Line 316 - WARNING - WR_Waldreservate_Mittelwald: GetMap request is blocked for this layer
2025-12-07 03:42:08,963 - Scraping log - scraper.py > get_service_info(): Line 316 - WARNING - WR_Waldreservate_NaturnaheBewirtschaftung: GetMap request is blocked for this layer
2025-12-07 03:42:19,276 - Scraping log - scraper.py > get_service_info(): Line 316 - WARNING - WR_Waldreservate_Nutzungsverzicht: GetMap request is blocked for this layer
2025-12-07 03:42:29,290 - Scraping log - scraper.py > get_service_info(): Line 316 - WARNING - WR_Waldreservate_LichterWald: GetMap request is blocked for this layer
2025-12-07 03:42:39,308 - Scraping log - scraper.py > get_service_info(): Line 316 - WARNING - FW_IWBFernwaermeVersorgungsgebiet: GetMap request is blocked for this layer
2025-12-07 03:42:49,324 - Scraping log - scraper.py > get_service_info(): Line 316 - WARNING - WK_Anlage: GetMap request is blocked for this layer
2025-12-07 03:42:59,456 - Scraping log - scraper.py > get_service_info(): Line 316 - WARNING - WK_Anlageteil: GetMap request is blocked for this layer
2025-12-07 03:43:09,965 - Scraping log - scraper.py > get_service_info(): Line 316 - WARNING - Baulinien Basel-Stadt: GetMap request is blocked for this layer
2025-12-07 03:43:20,265 - Scraping log - scraper.py > get_service_info(): Line 316 - WARNING - Strassenlinien Basel-Stadt: GetMap request is blocked for this layer
2025-12-07 03:43:34,891 - Scraping log - scraper.py > get_service_info(): Line 316 - WARNING - Baulinien Riehen: GetMap request is blocked for this layer
2025-12-07 03:43:45,096 - Scraping log - scraper.py > get_service_info(): Line 316 - WARNING - Strassenlinien Riehen: GetMap request is blocked for this layer
2025-12-07 03:43:55,493 - Scraping log - scraper.py > get_service_info(): Line 316 - WARNING - BM_BSWL_Riehen_Label: GetMap request is blocked for this layer
2025-12-07 03:44:06,002 - Scraping log - scraper.py > get_service_info(): Line 316 - WARNING - Baulinien Bettingen: GetMap request is blocked for this layer
2025-12-07 03:44:16,209 - Scraping log - scraper.py > get_service_info(): Line 316 - WARNING - Strassenlinien Bettingen: GetMap request is blocked for this layer
2025-12-07 03:44:26,605 - Scraping log - scraper.py > get_service_info(): Line 316 - WARNING - BO_BSWL_Bettingen_Label: GetMap request is blocked for this layer
2025-12-07 03:44:36,929 - Scraping log - scraper.py > get_service_info(): Line 319 - ERROR - SJ_Sharingzone: HTTPSConnectionPool(host='wms.geo.bs.ch', port=443): Read timed out. (read timeout=10)
2025-12-07 03:44:47,087 - Scraping log - scraper.py > get_service_info(): Line 316 - WARNING - VM_Sperrzone: GetMap request is blocked for this layer
2025-12-07 03:44:59,378 - Scraping log - scraper.py > get_service_info(): Line 316 - WARNING - GY_Rueckgabe: GetMap request is blocked for this layer
2025-12-07 03:45:11,906 - Scraping log - scraper.py > get_service_info(): Line 316 - WARNING - Aktuelle Verfügbarkeit: GetMap request is blocked for this layer
2025-12-07 03:45:24,290 - Scraping log - scraper.py > get_service_info(): Line 316 - WARNING - XS_2emCars: GetMap request is blocked for this layer
2025-12-07 03:45:34,492 - Scraping log - scraper.py > get_service_info(): Line 316 - WARNING - EN_GebietseinteilungEnergiefachstellen: GetMap request is blocked for this layer
2025-12-07 03:45:44,507 - Scraping log - scraper.py > get_service_info(): Line 316 - WARNING - XG_Gartenbad: GetMap request is blocked for this layer
2025-12-07 03:45:54,744 - Scraping log - scraper.py > get_service_info(): Line 316 - WARNING - Partizipation: GetMap request is blocked for this layer
2025-12-07 03:46:06,127 - Scraping log - scraper.py > get_service_info(): Line 316 - WARNING - LG_Lichtsignalanlage: GetMap request is blocked for this layer
2025-12-07 03:46:17,829 - Scraping log - scraper.py > get_service_info(): Line 316 - WARNING - Auswertungskriterien: GetMap request is blocked for this layer
2025-12-07 03:46:30,533 - Scraping log - scraper.py > get_service_info(): Line 319 - ERROR - HD_HistorischerOrtskern: HTTPSConnectionPool(host='wms.geo.bs.ch', port=443): Read timed out. (read timeout=10)
2025-12-07 03:46:40,549 - Scraping log - scraper.py > get_service_info(): Line 316 - WARNING - VG_Mauersegler_belegt: GetMap request is blocked for this layer
2025-12-07 03:46:50,563 - Scraping log - scraper.py > get_service_info(): Line 316 - WARNING - VG_Mauersegler_verlassen: GetMap request is blocked for this layer
2025-12-07 03:47:00,578 - Scraping log - scraper.py > get_service_info(): Line 316 - WARNING - VG_Mauersegler_kuenstlich: GetMap request is blocked for this layer
2025-12-07 03:47:10,593 - Scraping log - scraper.py > get_service_info(): Line 316 - WARNING - VG_Mauersegler_vermutet: GetMap request is blocked for this layer
2025-12-07 03:47:20,706 - Scraping log - scraper.py > get_service_info(): Line 316 - WARNING - VG_Alpensegler_belegt: GetMap request is blocked for this layer
2025-12-07 03:47:30,720 - Scraping log - scraper.py > get_service_info(): Line 316 - WARNING - VG_Alpensegler_verlassen: GetMap request is blocked for this layer
2025-12-07 03:47:41,204 - Scraping log - scraper.py > get_service_info(): Line 316 - WARNING - VG_Alpensegler_kuenstlich: GetMap request is blocked for this layer
2025-12-07 03:47:51,791 - Scraping log - scraper.py > get_service_info(): Line 316 - WARNING - VG_Alpensegler_vermutet: GetMap request is blocked for this layer
2025-12-07 03:48:01,818 - Scraping log - scraper.py > get_service_info(): Line 316 - WARNING - VG_Rauchschwalbe_belegt: GetMap request is blocked for this layer
2025-12-07 03:48:11,919 - Scraping log - scraper.py > get_service_info(): Line 316 - WARNING - VG_Rauchschwalbe_verlassen: GetMap request is blocked for this layer
2025-12-07 03:48:21,934 - Scraping log - scraper.py > get_service_info(): Line 316 - WARNING - VG_Rauchschwalbe_kuenstlich: GetMap request is blocked for this layer
2025-12-07 03:48:32,070 - Scraping log - scraper.py > get_service_info(): Line 319 - ERROR - VG_Mehlschwalbe_belegt: HTTPSConnectionPool(host='wms.geo.bs.ch', port=443): Read timed out. (read timeout=10)
2025-12-07 03:48:42,084 - Scraping log - scraper.py > get_service_info(): Line 316 - WARNING - VG_Mehlschwalbe_verlassen: GetMap request is blocked for this layer
2025-12-07 03:48:54,246 - Scraping log - scraper.py > get_service_info(): Line 316 - WARNING - NO_Notfalltreffpunkt: GetMap request is blocked for this layer
2025-12-07 03:49:06,426 - Scraping log - scraper.py > get_service_info(): Line 316 - WARNING - GT_Eingedolt: GetMap request is blocked for this layer
2025-12-07 03:49:22,374 - Scraping log - scraper.py > get_service_info(): Line 319 - ERROR - Baugruppe: HTTPSConnectionPool(host='wms.geo.bs.ch', port=443): Read timed out. (read timeout=10)
2025-12-07 03:49:32,535 - Scraping log - scraper.py > get_service_info(): Line 316 - WARNING - Gebiet: GetMap request is blocked for this layer
2025-12-07 03:49:45,481 - Scraping log - scraper.py > get_service_info(): Line 316 - WARNING - tagesfamilien_pro_bezirk_tafa.bezirk: GetMap request is blocked for this layer
2025-12-07 03:49:57,852 - Scraping log - scraper.py > get_service_info(): Line 316 - WARNING - velofuehrungselemente_an_kreuzungen_vefe.indirekter_linksabbieger: GetMap request is blocked for this layer
2025-12-07 03:50:00,723 - Scraping log - scraper.py >         <module>(): Line 751 - INFO - Running default scraper on KT_BE > https://www.geoservice.apps.be.ch/geoservice3/services/a42geo/of_climatologymeteorologyatmosphere01_de_ms_wms/MapServer/WMSServer?&request=GetCapabilities&service=WMS (source 9/1467)
2025-12-07 03:50:15,825 - Scraping log - scraper.py > get_service_info(): Line 319 - ERROR - KLIMAPHK_GRFL60_VW_13829: HTTPSConnectionPool(host='www.geoservice.apps.be.ch', port=443): Read timed out. (read timeout=10)
2025-12-07 03:50:26,160 - Scraping log - scraper.py > get_service_info(): Line 319 - ERROR - KLIMAPHK_GRFL20_VW_15365: HTTPSConnectionPool(host='www.geoservice.apps.be.ch', port=443): Read timed out. (read timeout=10)
2025-12-07 03:50:36,588 - Scraping log - scraper.py > get_service_info(): Line 319 - ERROR - KLIMAPHK_VERK60_VW_16007: HTTPSConnectionPool(host='www.geoservice.apps.be.ch', port=443): Read timed out. (read timeout=10)
2025-12-07 03:50:46,927 - Scraping log - scraper.py > get_service_info(): Line 319 - ERROR - KLIMAPHK_VERK20_VW_15302: HTTPSConnectionPool(host='www.geoservice.apps.be.ch', port=443): Read timed out. (read timeout=10)
2025-12-07 03:51:19,706 - Scraping log - scraper.py > get_service_info(): Line 319 - ERROR - KLIMAPHK_GRFL60_VW_13880: HTTPSConnectionPool(host='www.geoservice.apps.be.ch', port=443): Read timed out. (read timeout=10)
2025-12-07 03:51:29,938 - Scraping log - scraper.py > get_service_info(): Line 319 - ERROR - KLIMAPHK_GRFL20_VW_13786: HTTPSConnectionPool(host='www.geoservice.apps.be.ch', port=443): Read timed out. (read timeout=10)
2025-12-07 03:51:40,164 - Scraping log - scraper.py > get_service_info(): Line 319 - ERROR - KLIMAPHK_VERK60_VW_15458: HTTPSConnectionPool(host='www.geoservice.apps.be.ch', port=443): Read timed out. (read timeout=10)
2025-12-07 03:51:50,395 - Scraping log - scraper.py > get_service_info(): Line 319 - ERROR - KLIMAPHK_VERK20_VW_15459: HTTPSConnectionPool(host='www.geoservice.apps.be.ch', port=443): Read timed out. (read timeout=10)
2025-12-07 03:52:08,189 - Scraping log - scraper.py > get_service_info(): Line 319 - ERROR - KLIMAPHK_SIED20_VW_13736: HTTPSConnectionPool(host='www.geoservice.apps.be.ch', port=443): Read timed out. (read timeout=10)
2025-12-07 03:52:20,619 - Scraping log - scraper.py >         <module>(): Line 751 - INFO - Running default scraper on KT_BE > https://www.geoservice.apps.be.ch/geoservice3/services/a42geo/of_climatologymeteorologyatmosphere01_de_ms_wfs/MapServer/WFSServer?&request=GetCapabilities&service=WFS (source 10/1467)
2025-12-07 03:52:24,124 - Scraping log - scraper.py >         <module>(): Line 751 - INFO - Running default scraper on KT_BE > https://www.geoservice.apps.be.ch/geoservice3/services/a42geo/of_climatologymeteorologyatmosphere02_de_ms_wms/MapServer/WMSServer?&request=GetCapabilities&service=WMS (source 11/1467)
2025-12-07 03:52:44,019 - Scraping log - scraper.py >         <module>(): Line 751 - INFO - Running default scraper on KT_BE > https://www.geoservice.apps.be.ch/geoservice3/services/a42geo/of_climatologymeteorologyatmosphere02_de_ms_wfs/MapServer/WFSServer?&request=GetCapabilities&service=WFS (source 12/1467)
2025-12-07 03:52:46,684 - Scraping log - scraper.py >         <module>(): Line 751 - INFO - Running default scraper on KT_BE > https://www.geoservice.apps.be.ch/geoservice3/services/a42geo/of_imagerybasemapsearthcover01_de_ms_wms/MapServer/WMSServer?&request=GetCapabilities&service=WMS (source 13/1467)
2025-12-07 03:52:51,491 - Scraping log - scraper.py >         <module>(): Line 751 - INFO - Running default scraper on KT_BE > https://www.geoservice.apps.be.ch/geoservice3/services/a42geo/of_imagerybasemapsearthcover01_de_ms_wfs/MapServer/WFSServer?&request=GetCapabilities&service=WFS (source 14/1467)
2025-12-07 03:52:53,887 - Scraping log - scraper.py >         <module>(): Line 751 - INFO - Running default scraper on KT_BE > https://www.geoservice.apps.be.ch/geoservice3/services/a42geo/of_society01_de_ms_wms/MapServer/WMSServer?&request=GetCapabilities&service=WMS (source 15/1467)
2025-12-07 03:53:09,660 - Scraping log - scraper.py >         <module>(): Line 751 - INFO - Running default scraper on KT_BE > https://www.geoservice.apps.be.ch/geoservice3/services/a42geo/of_society01_de_ms_wfs/MapServer/WFSServer?&request=GetCapabilities&service=WFS (source 16/1467)
2025-12-07 03:53:13,051 - Scraping log - scraper.py >         <module>(): Line 751 - INFO - Running default scraper on KT_BE > https://www.geoservice.apps.be.ch/geoservice3/services/a42geo/of_society02_de_ms_wms/MapServer/WMSServer?&request=GetCapabilities&service=WMS (source 17/1467)
2025-12-07 03:53:40,291 - Scraping log - scraper.py >         <module>(): Line 751 - INFO - Running default scraper on KT_BE > https://www.geoservice.apps.be.ch/geoservice3/services/a42geo/of_society02_de_ms_wfs/MapServer/WFSServer?&request=GetCapabilities&service=WFS (source 18/1467)
2025-12-07 03:53:44,094 - Scraping log - scraper.py >         <module>(): Line 751 - INFO - Running default scraper on KT_BE > https://www.geoservice.apps.be.ch/geoservice3/services/a42geo/of_society03_de_ms_wms/MapServer/WMSServer?&request=GetCapabilities&service=WMS (source 19/1467)
2025-12-07 03:53:50,239 - Scraping log - scraper.py >         <module>(): Line 751 - INFO - Running default scraper on KT_BE > https://www.geoservice.apps.be.ch/geoservice3/services/a42geo/of_society03_de_ms_wfs/MapServer/WFSServer?&request=GetCapabilities&service=WFS (source 20/1467)
2025-12-07 03:53:52,756 - Scraping log - scraper.py >         <module>(): Line 751 - INFO - Running default scraper on KT_BE > https://www.geoservice.apps.be.ch/geoservice3/services/a42geo/of_structure01_de_ms_wms/MapServer/WMSServer?&request=GetCapabilities&service=WMS (source 21/1467)
2025-12-07 03:54:07,924 - Scraping log - scraper.py > get_service_info(): Line 319 - ERROR - BAUINV_GRUPPEN_VW_13691: HTTPSConnectionPool(host='www.geoservice.apps.be.ch', port=443): Read timed out. (read timeout=10)
2025-12-07 03:54:09,317 - Scraping log - scraper.py >         <module>(): Line 751 - INFO - Running default scraper on KT_BE > https://www.geoservice.apps.be.ch/geoservice3/services/a42geo/of_structure01_de_ms_wfs/MapServer/WFSServer?&request=GetCapabilities&service=WFS (source 22/1467)
2025-12-07 03:54:11,997 - Scraping log - scraper.py >         <module>(): Line 751 - INFO - Running default scraper on KT_BE > https://www.geoservice.apps.be.ch/geoservice3/services/a42geo/of_geoscientificinformation01_de_ms_wms/MapServer/WMSServer?&request=GetCapabilities&service=WMS (source 23/1467)
2025-12-07 03:54:33,640 - Scraping log - scraper.py > get_service_info(): Line 319 - ERROR - NGKAT_PROZESSR_VW_24423: HTTPSConnectionPool(host='www.geoservice.apps.be.ch', port=443): Read timed out. (read timeout=10)
2025-12-07 03:54:35,505 - Scraping log - scraper.py >         <module>(): Line 751 - INFO - Running default scraper on KT_BE > https://www.geoservice.apps.be.ch/geoservice3/services/a42geo/of_geoscientificinformation01_de_ms_wfs/MapServer/WFSServer?&request=GetCapabilities&service=WFS (source 24/1467)
2025-12-07 03:54:38,685 - Scraping log - scraper.py >         <module>(): Line 751 - INFO - Running default scraper on KT_BE > https://www.geoservice.apps.be.ch/geoservice3/services/a42geo/of_geoscientificinformation02_de_ms_wms/MapServer/WMSServer?&request=GetCapabilities&service=WMS (source 25/1467)
2025-12-07 03:54:58,462 - Scraping log - scraper.py >         <module>(): Line 751 - INFO - Running default scraper on KT_BE > https://www.geoservice.apps.be.ch/geoservice3/services/a42geo/of_geoscientificinformation02_de_ms_wfs/MapServer/WFSServer?&request=GetCapabilities&service=WFS (source 26/1467)
2025-12-07 03:55:02,098 - Scraping log - scraper.py >         <module>(): Line 751 - INFO - Running default scraper on KT_BE > https://www.geoservice.apps.be.ch/geoservice3/services/a42geo/of_geoscientificinformation03_de_ms_wms/MapServer/WMSServer?&request=GetCapabilities&service=WMS (source 27/1467)
2025-12-07 03:55:38,142 - Scraping log - scraper.py >         <module>(): Line 751 - INFO - Running default scraper on KT_BE > https://www.geoservice.apps.be.ch/geoservice3/services/a42geo/of_geoscientificinformation03_de_ms_wfs/MapServer/WFSServer?&request=GetCapabilities&service=WFS (source 28/1467)
2025-12-07 03:55:41,558 - Scraping log - scraper.py >         <module>(): Line 751 - INFO - Running default scraper on KT_BE > https://www.geoservice.apps.be.ch/geoservice3/services/a42geo/of_health01_de_ms_wms/MapServer/WMSServer?&request=GetCapabilities&service=WMS (source 29/1467)
2025-12-07 03:55:56,257 - Scraping log - scraper.py >         <module>(): Line 751 - INFO - Running default scraper on KT_BE > https://www.geoservice.apps.be.ch/geoservice3/services/a42geo/of_health01_de_ms_wfs/MapServer/WFSServer?&request=GetCapabilities&service=WFS (source 30/1467)
2025-12-07 03:55:59,701 - Scraping log - scraper.py >         <module>(): Line 751 - INFO - Running default scraper on KT_BE > https://www.geoservice.apps.be.ch/geoservice3/services/a42geo/of_inlandwaters01_de_ms_wms/MapServer/WMSServer?&request=GetCapabilities&service=WMS (source 31/1467)
2025-12-07 03:56:40,600 - Scraping log - scraper.py >         <module>(): Line 751 - INFO - Running default scraper on KT_BE > https://www.geoservice.apps.be.ch/geoservice3/services/a42geo/of_inlandwaters01_de_ms_wfs/MapServer/WFSServer?&request=GetCapabilities&service=WFS (source 32/1467)
2025-12-07 03:56:44,884 - Scraping log - scraper.py >         <module>(): Line 751 - INFO - Running default scraper on KT_BE > https://www.geoservice.apps.be.ch/geoservice3/services/a42geo/of_inlandwaters02_de_ms_wms/MapServer/WMSServer?&request=GetCapabilities&service=WMS (source 33/1467)
2025-12-07 03:57:06,740 - Scraping log - scraper.py >         <module>(): Line 751 - INFO - Running default scraper on KT_BE > https://www.geoservice.apps.be.ch/geoservice3/services/a42geo/of_inlandwaters02_de_ms_wfs/MapServer/WFSServer?&request=GetCapabilities&service=WFS (source 34/1467)
2025-12-07 03:57:10,582 - Scraping log - scraper.py >         <module>(): Line 751 - INFO - Running default scraper on KT_BE > https://www.geoservice.apps.be.ch/geoservice3/services/a42geo/of_inlandwaters03_de_ms_wms/MapServer/WMSServer?&request=GetCapabilities&service=WMS (source 35/1467)
2025-12-07 03:57:36,015 - Scraping log - scraper.py >         <module>(): Line 751 - INFO - Running default scraper on KT_BE > https://www.geoservice.apps.be.ch/geoservice3/services/a42geo/of_inlandwaters03_de_ms_wfs/MapServer/WFSServer?&request=GetCapabilities&service=WFS (source 36/1467)
2025-12-07 03:57:40,110 - Scraping log - scraper.py >         <module>(): Line 751 - INFO - Running default scraper on KT_BE > https://www.geoservice.apps.be.ch/geoservice3/services/a42geo/of_elevation01_de_ms_wms/MapServer/WMSServer?&request=GetCapabilities&service=WMS (source 37/1467)
2025-12-07 03:58:02,857 - Scraping log - scraper.py >         <module>(): Line 751 - INFO - Running default scraper on KT_BE > https://www.geoservice.apps.be.ch/geoservice3/services/a42geo/of_elevation01_de_ms_wfs/MapServer/WFSServer?&request=GetCapabilities&service=WFS (source 38/1467)
2025-12-07 03:58:05,865 - Scraping log - scraper.py >         <module>(): Line 751 - INFO - Running default scraper on KT_BE > https://www.geoservice.apps.be.ch/geoservice3/services/a42geo/of_farming01_de_ms_wms/MapServer/WMSServer?&request=GetCapabilities&service=WMS (source 39/1467)
2025-12-07 03:58:22,154 - Scraping log - scraper.py >         <module>(): Line 751 - INFO - Running default scraper on KT_BE > https://www.geoservice.apps.be.ch/geoservice3/services/a42geo/of_farming01_de_ms_wfs/MapServer/WFSServer?&request=GetCapabilities&service=WFS (source 40/1467)
2025-12-07 03:58:25,794 - Scraping log - scraper.py >         <module>(): Line 751 - INFO - Running default scraper on KT_BE > https://www.geoservice.apps.be.ch/geoservice3/services/a42geo/of_farming02_de_ms_wms/MapServer/WMSServer?&request=GetCapabilities&service=WMS (source 41/1467)
2025-12-07 03:58:39,197 - Scraping log - scraper.py >         <module>(): Line 751 - INFO - Running default scraper on KT_BE > https://www.geoservice.apps.be.ch/geoservice3/services/a42geo/of_farming02_de_ms_wfs/MapServer/WFSServer?&request=GetCapabilities&service=WFS (source 42/1467)
2025-12-07 03:58:42,267 - Scraping log - scraper.py >         <module>(): Line 751 - INFO - Running default scraper on KT_BE > https://www.geoservice.apps.be.ch/geoservice3/services/a42geo/of_farming03_de_ms_wms/MapServer/WMSServer?&request=GetCapabilities&service=WMS (source 43/1467)
2025-12-07 03:58:56,941 - Scraping log - scraper.py >         <module>(): Line 751 - INFO - Running default scraper on KT_BE > https://www.geoservice.apps.be.ch/geoservice3/services/a42geo/of_farming03_de_ms_wfs/MapServer/WFSServer?&request=GetCapabilities&service=WFS (source 44/1467)
2025-12-07 03:59:00,529 - Scraping log - scraper.py >         <module>(): Line 751 - INFO - Running default scraper on KT_BE > https://www.geoservice.apps.be.ch/geoservice3/services/a42geo/of_location01_de_ms_wms/MapServer/WMSServer?&request=GetCapabilities&service=WMS (source 45/1467)
2025-12-07 03:59:09,728 - Scraping log - scraper.py >         <module>(): Line 751 - INFO - Running default scraper on KT_BE > https://www.geoservice.apps.be.ch/geoservice3/services/a42geo/of_location01_de_ms_wfs/MapServer/WFSServer?&request=GetCapabilities&service=WFS (source 46/1467)
2025-12-07 03:59:12,373 - Scraping log - scraper.py >         <module>(): Line 751 - INFO - Running default scraper on KT_BE > https://www.geoservice.apps.be.ch/geoservice3/services/a42geo/of_boundaries01_de_ms_wms/MapServer/WMSServer?&request=GetCapabilities&service=WMS (source 47/1467)
2025-12-07 03:59:37,788 - Scraping log - scraper.py >         <module>(): Line 751 - INFO - Running default scraper on KT_BE > https://www.geoservice.apps.be.ch/geoservice3/services/a42geo/of_boundaries01_de_ms_wfs/MapServer/WFSServer?&request=GetCapabilities&service=WFS (source 48/1467)
2025-12-07 03:59:41,118 - Scraping log - scraper.py >         <module>(): Line 751 - INFO - Running default scraper on KT_BE > https://www.geoservice.apps.be.ch/geoservice3/services/a42geo/of_boundaries02_de_ms_wms/MapServer/WMSServer?&request=GetCapabilities&service=WMS (source 49/1467)
2025-12-07 04:00:05,832 - Scraping log - scraper.py >         <module>(): Line 751 - INFO - Running default scraper on KT_BE > https://www.geoservice.apps.be.ch/geoservice3/services/a42geo/of_boundaries02_de_ms_wfs/MapServer/WFSServer?&request=GetCapabilities&service=WFS (source 50/1467)
2025-12-07 04:00:09,377 - Scraping log - scraper.py >         <module>(): Line 751 - INFO - Running default scraper on KT_BE > https://www.geoservice.apps.be.ch/geoservice3/services/a42geo/of_boundaries03_de_ms_wms/MapServer/WMSServer?&request=GetCapabilities&service=WMS (source 51/1467)
2025-12-07 04:00:38,977 - Scraping log - scraper.py >         <module>(): Line 751 - INFO - Running default scraper on KT_BE > https://www.geoservice.apps.be.ch/geoservice3/services/a42geo/of_boundaries03_de_ms_wfs/MapServer/WFSServer?&request=GetCapabilities&service=WFS (source 52/1467)
2025-12-07 04:00:44,307 - Scraping log - scraper.py >         <module>(): Line 751 - INFO - Running default scraper on KT_BE > https://www.geoservice.apps.be.ch/geoservice3/services/a42geo/of_boundaries04_de_ms_wms/MapServer/WMSServer?&request=GetCapabilities&service=WMS (source 53/1467)
2025-12-07 04:01:04,473 - Scraping log - scraper.py >         <module>(): Line 751 - INFO - Running default scraper on KT_BE > https://www.geoservice.apps.be.ch/geoservice3/services/a42geo/of_boundaries04_de_ms_wfs/MapServer/WFSServer?&request=GetCapabilities&service=WFS (source 54/1467)
2025-12-07 04:01:08,087 - Scraping log - scraper.py >         <module>(): Line 751 - INFO - Running default scraper on KT_BE > https://www.geoservice.apps.be.ch/geoservice3/services/a42geo/of_boundaries05_de_ms_wms/MapServer/WMSServer?&request=GetCapabilities&service=WMS (source 55/1467)
2025-12-07 04:01:32,244 - Scraping log - scraper.py >         <module>(): Line 751 - INFO - Running default scraper on KT_BE > https://www.geoservice.apps.be.ch/geoservice3/services/a42geo/of_boundaries05_de_ms_wfs/MapServer/WFSServer?&request=GetCapabilities&service=WFS (source 56/1467)
2025-12-07 04:01:36,537 - Scraping log - scraper.py >         <module>(): Line 751 - INFO - Running default scraper on KT_BE > https://www.geoservice.apps.be.ch/geoservice3/services/a42geo/of_boundaries06_de_ms_wms/MapServer/WMSServer?&request=GetCapabilities&service=WMS (source 57/1467)
2025-12-07 04:01:46,310 - Scraping log - scraper.py >         <module>(): Line 751 - INFO - Running default scraper on KT_BE > https://www.geoservice.apps.be.ch/geoservice3/services/a42geo/of_boundaries06_de_ms_wfs/MapServer/WFSServer?&request=GetCapabilities&service=WFS (source 58/1467)
2025-12-07 04:01:49,437 - Scraping log - scraper.py >         <module>(): Line 751 - INFO - Running default scraper on KT_BE > https://www.geoservice.apps.be.ch/geoservice3/services/a42geo/of_planningcadastre01_de_ms_wms/MapServer/WMSServer?&request=GetCapabilities&service=WMS (source 59/1467)
2025-12-07 04:02:26,934 - Scraping log - scraper.py > get_service_info(): Line 319 - ERROR - KULTLAND_KULTLAND_VW_21020: HTTPSConnectionPool(host='www.geoservice.apps.be.ch', port=443): Read timed out. (read timeout=10)
2025-12-07 04:02:42,603 - Scraping log - scraper.py >         <module>(): Line 751 - INFO - Running default scraper on KT_BE > https://www.geoservice.apps.be.ch/geoservice3/services/a42geo/of_planningcadastre01_de_ms_wfs/MapServer/WFSServer?&request=GetCapabilities&service=WFS (source 60/1467)
2025-12-07 04:02:48,236 - Scraping log - scraper.py >         <module>(): Line 751 - INFO - Running default scraper on KT_BE > https://www.geoservice.apps.be.ch/geoservice3/services/a42geo/of_planningcadastre02_de_ms_wms/MapServer/WMSServer?&request=GetCapabilities&service=WMS (source 61/1467)
2025-12-07 04:03:16,242 - Scraping log - scraper.py >         <module>(): Line 751 - INFO - Running default scraper on KT_BE > https://www.geoservice.apps.be.ch/geoservice3/services/a42geo/of_planningcadastre02_de_ms_wfs/MapServer/WFSServer?&request=GetCapabilities&service=WFS (source 62/1467)
2025-12-07 04:03:21,674 - Scraping log - scraper.py >         <module>(): Line 751 - INFO - Running default scraper on KT_BE > https://www.geoservice.apps.be.ch/geoservice3/services/a42geo/of_planningcadastre03_de_ms_wms/MapServer/WMSServer?&request=GetCapabilities&service=WMS (source 63/1467)
2025-12-07 04:03:46,156 - Scraping log - scraper.py >         <module>(): Line 751 - INFO - Running default scraper on KT_BE > https://www.geoservice.apps.be.ch/geoservice3/services/a42geo/of_planningcadastre03_de_ms_wfs/MapServer/WFSServer?&request=GetCapabilities&service=WFS (source 64/1467)
2025-12-07 04:03:51,879 - Scraping log - scraper.py >         <module>(): Line 751 - INFO - Running default scraper on KT_BE > https://www.geoservice.apps.be.ch/geoservice3/services/a42geo/of_planningcadastre04_de_ms_wms/MapServer/WMSServer?&request=GetCapabilities&service=WMS (source 65/1467)
2025-12-07 04:04:27,252 - Scraping log - scraper.py >         <module>(): Line 751 - INFO - Running default scraper on KT_BE > https://www.geoservice.apps.be.ch/geoservice3/services/a42geo/of_planningcadastre04_de_ms_wfs/MapServer/WFSServer?&request=GetCapabilities&service=WFS (source 66/1467)
2025-12-07 04:04:33,488 - Scraping log - scraper.py >         <module>(): Line 751 - INFO - Running default scraper on KT_BE > https://www.geoservice.apps.be.ch/geoservice3/services/a42geo/of_planningcadastre05_de_ms_wms/MapServer/WMSServer?&request=GetCapabilities&service=WMS (source 67/1467)
2025-12-07 04:04:45,083 - Scraping log - scraper.py > get_service_info(): Line 319 - ERROR - OEREBSTA_THEMEN_VW_36423: HTTPSConnectionPool(host='www.geoservice.apps.be.ch', port=443): Read timed out. (read timeout=10)
2025-12-07 04:05:09,147 - Scraping log - scraper.py >         <module>(): Line 751 - INFO - Running default scraper on KT_BE > https://www.geoservice.apps.be.ch/geoservice3/services/a42geo/of_planningcadastre05_de_ms_wfs/MapServer/WFSServer?&request=GetCapabilities&service=WFS (source 68/1467)
2025-12-07 04:05:14,179 - Scraping log - scraper.py >         <module>(): Line 751 - INFO - Running default scraper on KT_BE > https://www.geoservice.apps.be.ch/geoservice3/services/a42geo/of_planningcadastre06_de_ms_wms/MapServer/WMSServer?&request=GetCapabilities&service=WMS (source 69/1467)
2025-12-07 04:05:27,529 - Scraping log - scraper.py >         <module>(): Line 751 - INFO - Running default scraper on KT_BE > https://www.geoservice.apps.be.ch/geoservice3/services/a42geo/of_planningcadastre06_de_ms_wfs/MapServer/WFSServer?&request=GetCapabilities&service=WFS (source 70/1467)
2025-12-07 04:05:30,647 - Scraping log - scraper.py >         <module>(): Line 751 - INFO - Running default scraper on KT_BE > https://www.geoservice.apps.be.ch/geoservice3/services/a42geo/of_planningcadastre07_de_ms_wms/MapServer/WMSServer?&request=GetCapabilities&service=WMS (source 71/1467)
2025-12-07 04:05:49,230 - Scraping log - scraper.py >         <module>(): Line 751 - INFO - Running default scraper on KT_BE > https://www.geoservice.apps.be.ch/geoservice3/services/a42geo/of_planningcadastre07_de_ms_wfs/MapServer/WFSServer?&request=GetCapabilities&service=WFS (source 72/1467)
2025-12-07 04:05:53,413 - Scraping log - scraper.py >         <module>(): Line 751 - INFO - Running default scraper on KT_BE > https://www.geoservice.apps.be.ch/geoservice3/services/a42geo/of_environment01_de_ms_wms/MapServer/WMSServer?&request=GetCapabilities&service=WMS (source 73/1467)
2025-12-07 04:06:14,017 - Scraping log - scraper.py >         <module>(): Line 751 - INFO - Running default scraper on KT_BE > https://www.geoservice.apps.be.ch/geoservice3/services/a42geo/of_environment01_de_ms_wfs/MapServer/WFSServer?&request=GetCapabilities&service=WFS (source 74/1467)
2025-12-07 04:06:18,064 - Scraping log - scraper.py >         <module>(): Line 751 - INFO - Running default scraper on KT_BE > https://www.geoservice.apps.be.ch/geoservice3/services/a42geo/of_environment02_de_ms_wms/MapServer/WMSServer?&request=GetCapabilities&service=WMS (source 75/1467)
2025-12-07 04:06:27,129 - Scraping log - scraper.py >         <module>(): Line 751 - INFO - Running default scraper on KT_BE > https://www.geoservice.apps.be.ch/geoservice3/services/a42geo/of_environment02_de_ms_wfs/MapServer/WFSServer?&request=GetCapabilities&service=WFS (source 76/1467)
2025-12-07 04:06:30,372 - Scraping log - scraper.py >         <module>(): Line 751 - INFO - Running default scraper on KT_BE > https://www.geoservice.apps.be.ch/geoservice3/services/a42geo/of_environment03_de_ms_wms/MapServer/WMSServer?&request=GetCapabilities&service=WMS (source 77/1467)
2025-12-07 04:07:06,122 - Scraping log - scraper.py >         <module>(): Line 751 - INFO - Running default scraper on KT_BE > https://www.geoservice.apps.be.ch/geoservice3/services/a42geo/of_environment03_de_ms_wfs/MapServer/WFSServer?&request=GetCapabilities&service=WFS (source 78/1467)
2025-12-07 04:07:10,390 - Scraping log - scraper.py >         <module>(): Line 751 - INFO - Running default scraper on KT_BE > https://www.geoservice.apps.be.ch/geoservice3/services/a42geo/of_transportation01_de_ms_wms/MapServer/WMSServer?&request=GetCapabilities&service=WMS (source 79/1467)
2025-12-07 04:07:39,574 - Scraping log - scraper.py >         <module>(): Line 751 - INFO - Running default scraper on KT_BE > https://www.geoservice.apps.be.ch/geoservice3/services/a42geo/of_transportation01_de_ms_wfs/MapServer/WFSServer?&request=GetCapabilities&service=WFS (source 80/1467)
2025-12-07 04:07:45,326 - Scraping log - scraper.py >         <module>(): Line 751 - INFO - Running default scraper on KT_BE > https://www.geoservice.apps.be.ch/geoservice3/services/a42geo/of_transportation02_de_ms_wms/MapServer/WMSServer?&request=GetCapabilities&service=WMS (source 81/1467)
2025-12-07 04:08:08,446 - Scraping log - scraper.py >         <module>(): Line 751 - INFO - Running default scraper on KT_BE > https://www.geoservice.apps.be.ch/geoservice3/services/a42geo/of_transportation02_de_ms_wfs/MapServer/WFSServer?&request=GetCapabilities&service=WFS (source 82/1467)
2025-12-07 04:08:12,769 - Scraping log - scraper.py >         <module>(): Line 751 - INFO - Running default scraper on KT_BE > https://www.geoservice.apps.be.ch/geoservice3/services/a42geo/of_utilitiescommunication01_de_ms_wms/MapServer/WMSServer?&request=GetCapabilities&service=WMS (source 83/1467)
2025-12-07 04:08:27,653 - Scraping log - scraper.py >         <module>(): Line 751 - INFO - Running default scraper on KT_BE > https://www.geoservice.apps.be.ch/geoservice3/services/a42geo/of_utilitiescommunication01_de_ms_wfs/MapServer/WFSServer?&request=GetCapabilities&service=WFS (source 84/1467)
2025-12-07 04:08:31,392 - Scraping log - scraper.py >         <module>(): Line 751 - INFO - Running default scraper on KT_BE > https://www.geoservice.apps.be.ch/geoservice3/services/a42geo/of_biota01_de_ms_wms/MapServer/WMSServer?&request=GetCapabilities&service=WMS (source 85/1467)
2025-12-07 04:09:12,436 - Scraping log - scraper.py >         <module>(): Line 751 - INFO - Running default scraper on KT_BE > https://www.geoservice.apps.be.ch/geoservice3/services/a42geo/of_biota01_de_ms_wfs/MapServer/WFSServer?&request=GetCapabilities&service=WFS (source 86/1467)
2025-12-07 04:09:17,160 - Scraping log - scraper.py >         <module>(): Line 751 - INFO - Running default scraper on KT_BE > https://www.geoservice.apps.be.ch/geoservice3/services/a42geo/of_economy01_de_ms_wms/MapServer/WMSServer?&request=GetCapabilities&service=WMS (source 87/1467)
2025-12-07 04:09:39,888 - Scraping log - scraper.py >         <module>(): Line 751 - INFO - Running default scraper on KT_BE > https://www.geoservice.apps.be.ch/geoservice3/services/a42geo/of_economy01_de_ms_wfs/MapServer/WFSServer?&request=GetCapabilities&service=WFS (source 88/1467)
2025-12-07 04:09:43,104 - Scraping log - scraper.py >         <module>(): Line 751 - INFO - Running default scraper on KT_GL > https://wms.geo.gl.ch/?SERVICE=WMS&VERSION=1.3.0&REQUEST=GetCapabilities (source 89/1467)
2025-12-07 04:09:50,548 - Scraping log - scraper.py > get_service_info(): Line 319 - ERROR - wmspublic: 'NoneType' object has no attribute 'text'
2025-12-07 04:10:20,012 - Scraping log - scraper.py > get_service_info(): Line 319 - ERROR - grundbuchplan_bbflaechen-sw-gebaeude: HTTPSConnectionPool(host='map.geo.gl.ch', port=443): Read timed out. (read timeout=10)
2025-12-07 04:10:22,813 - Scraping log - scraper.py >         <module>(): Line 751 - INFO - Running default scraper on KT_GL > https://wfs.geo.gl.ch/?service=WFS&request=GetCapabilities (source 90/1467)
2025-12-07 04:10:43,172 - Scraping log - scraper.py >         <module>(): Line 751 - INFO - Running default scraper on KT_GR > https://wms.geo.gr.ch/admineinteilung?service=WMS&request=GetCapabilities (source 91/1467)
2025-12-07 04:11:21,248 - Scraping log - scraper.py >         <module>(): Line 751 - INFO - Running default scraper on KT_GR > https://wms.geo.gr.ch/regionen?service=WMS&request=GetCapabilities (source 92/1467)
2025-12-07 04:11:22,136 - Scraping log - scraper.py >      get_version(): Line 113 - WARNING - https://wms.geo.gr.ch/regionen?service=WMS&request=GetCapabilities: Version attribute not found
2025-12-07 04:11:22,150 - Scraping log - scraper.py > get_service_info(): Line 378 - ERROR - KT_GR > https://wms.geo.gr.ch/regionen?service=WMS&request=GetCapabilities: expected string or bytes-like object
2025-12-07 04:11:22,150 - Scraping log - scraper.py >         <module>(): Line 751 - INFO - Running default scraper on KT_GR > https://wms.geo.gr.ch/basisinfo?service=WMS&request=GetCapabilities (source 93/1467)
2025-12-07 04:11:23,995 - Scraping log - scraper.py > get_service_info(): Line 319 - ERROR - WMS_Basisinfo: msWMSLoadGetMapParams(): WMS server error. Invalid CRS given : CRS must be valid for all requested layers.
2025-12-07 04:11:24,809 - Scraping log - scraper.py > get_service_info(): Line 319 - ERROR - Fluesse_3: msWMSLoadGetMapParams(): WMS server error. Invalid CRS given : CRS must be valid for all requested layers.
2025-12-07 04:11:25,255 - Scraping log - scraper.py > get_service_info(): Line 319 - ERROR - Fluesse_2: msWMSLoadGetMapParams(): WMS server error. Invalid CRS given : CRS must be valid for all requested layers.
2025-12-07 04:11:25,699 - Scraping log - scraper.py > get_service_info(): Line 319 - ERROR - Fluesse_1: msWMSLoadGetMapParams(): WMS server error. Invalid CRS given : CRS must be valid for all requested layers.
2025-12-07 04:11:26,148 - Scraping log - scraper.py > get_service_info(): Line 319 - ERROR - Fluesse_alle: msWMSLoadGetMapParams(): WMS server error. Invalid CRS given : CRS must be valid for all requested layers.
2025-12-07 04:11:26,588 - Scraping log - scraper.py > get_service_info(): Line 319 - ERROR - Seen_3: msWMSLoadGetMapParams(): WMS server error. Invalid CRS given : CRS must be valid for all requested layers.
2025-12-07 04:11:27,047 - Scraping log - scraper.py > get_service_info(): Line 319 - ERROR - Seen_2: msWMSLoadGetMapParams(): WMS server error. Invalid CRS given : CRS must be valid for all requested layers.
2025-12-07 04:11:27,731 - Scraping log - scraper.py > get_service_info(): Line 319 - ERROR - Seen_1: msWMSLoadGetMapParams(): WMS server error. Invalid CRS given : CRS must be valid for all requested layers.
2025-12-07 04:11:28,175 - Scraping log - scraper.py > get_service_info(): Line 319 - ERROR - Seen_alle: msWMSLoadGetMapParams(): WMS server error. Invalid CRS given : CRS must be valid for all requested layers.
2025-12-07 04:11:28,624 - Scraping log - scraper.py > get_service_info(): Line 319 - ERROR - Ortschaften_3: msWMSLoadGetMapParams(): WMS server error. Invalid CRS given : CRS must be valid for all requested layers.
2025-12-07 04:11:29,062 - Scraping log - scraper.py > get_service_info(): Line 319 - ERROR - Ortschaften_2: msWMSLoadGetMapParams(): WMS server error. Invalid CRS given : CRS must be valid for all requested layers.
2025-12-07 04:11:29,506 - Scraping log - scraper.py > get_service_info(): Line 319 - ERROR - Ortschaften_1: msWMSLoadGetMapParams(): WMS server error. Invalid CRS given : CRS must be valid for all requested layers.
2025-12-07 04:11:29,943 - Scraping log - scraper.py > get_service_info(): Line 319 - ERROR - Ortschaften_alle: msWMSLoadGetMapParams(): WMS server error. Invalid CRS given : CRS must be valid for all requested layers.
2025-12-07 04:11:30,377 - Scraping log - scraper.py > get_service_info(): Line 319 - ERROR - Flurnamen: msWMSLoadGetMapParams(): WMS server error. Invalid CRS given : CRS must be valid for all requested layers.
2025-12-07 04:11:30,825 - Scraping log - scraper.py > get_service_info(): Line 319 - ERROR - Geografische_Namen: msWMSLoadGetMapParams(): WMS server error. Invalid CRS given : CRS must be valid for all requested layers.
2025-12-07 04:11:31,273 - Scraping log - scraper.py > get_service_info(): Line 319 - ERROR - Liegenschaften: msWMSLoadGetMapParams(): WMS server error. Invalid CRS given : CRS must be valid for all requested layers.
2025-12-07 04:11:31,720 - Scraping log - scraper.py > get_service_info(): Line 319 - ERROR - Grundstuecksnummer: msWMSLoadGetMapParams(): WMS server error. Invalid CRS given : CRS must be valid for all requested layers.
2025-12-07 04:11:31,720 - Scraping log - scraper.py >         <module>(): Line 751 - INFO - Running default scraper on KT_GR > https://wms.geo.gr.ch/basisplan?service=WMS&request=GetCapabilities (source 94/1467)
2025-12-07 04:11:36,102 - Scraping log - scraper.py >         <module>(): Line 751 - INFO - Running default scraper on KT_GR > https://wms.geo.gr.ch/bienenseuchen?service=WMS&request=GetCapabilities (source 95/1467)
2025-12-07 04:11:36,531 - Scraping log - scraper.py >         <module>(): Line 759 - WARNING - Scraping KT_GR > https://wms.geo.gr.ch/bienenseuchen?service=WMS&request=GetCapabilities aborted
2025-12-07 04:11:36,531 - Scraping log - scraper.py >         <module>(): Line 751 - INFO - Running default scraper on KT_GR > https://wms.geo.gr.ch/erdwaermenutzung?service=WMS&request=GetCapabilities (source 96/1467)
2025-12-07 04:11:39,793 - Scraping log - scraper.py >         <module>(): Line 751 - INFO - Running default scraper on KT_GR > https://wms.geo.gr.ch/fruchtfolgeflaechen?service=WMS&request=GetCapabilities (source 97/1467)
2025-12-07 04:11:42,925 - Scraping log - scraper.py >         <module>(): Line 751 - INFO - Running default scraper on KT_GR > https://wms.geo.gr.ch/gebaeudeinformation?service=WMS&request=GetCapabilities (source 98/1467)
2025-12-07 04:11:48,229 - Scraping log - scraper.py >         <module>(): Line 751 - INFO - Running default scraper on KT_GR > https://wms.geo.gr.ch/geologie?service=WMS&request=GetCapabilities (source 99/1467)
2025-12-07 04:12:38,566 - Scraping log - scraper.py >         <module>(): Line 751 - INFO - Running default scraper on KT_GR > https://wms.geo.gr.ch/geologische_karten?service=WMS&request=GetCapabilities (source 100/1467)
2025-12-07 04:12:47,888 - Scraping log - scraper.py >         <module>(): Line 751 - INFO - Running default scraper on KT_GR > https://wms.geo.gr.ch/hydrogeologische_karten?service=WMS&request=GetCapabilities (source 101/1467)
2025-12-07 04:12:59,822 - Scraping log - scraper.py >         <module>(): Line 751 - INFO - Running default scraper on KT_GR > https://wms.geo.gr.ch/jagdkarte?service=WMS&request=GetCapabilities (source 102/1467)
2025-12-07 04:13:07,591 - Scraping log - scraper.py >         <module>(): Line 751 - INFO - Running default scraper on KT_GR > https://wms.geo.gr.ch/kantonalesstrassennetz?service=WMS&request=GetCapabilities (source 103/1467)
2025-12-07 04:13:15,165 - Scraping log - scraper.py >         <module>(): Line 751 - INFO - Running default scraper on KT_GR > https://wms.geo.gr.ch/kstn_strassenentwaesserung?service=WMS&request=GetCapabilities (source 104/1467)
2025-12-07 04:13:29,271 - Scraping log - scraper.py >         <module>(): Line 751 - INFO - Running default scraper on KT_GR > https://wms.geo.gr.ch/lw_bewirtschaftung?service=WMS&request=GetCapabilities (source 105/1467)
2025-12-07 04:13:56,670 - Scraping log - scraper.py >         <module>(): Line 751 - INFO - Running default scraper on KT_GR > https://wms.geo.gr.ch/langsamverkehr?service=WMS&request=GetCapabilities (source 106/1467)
2025-12-07 04:14:17,436 - Scraping log - scraper.py >         <module>(): Line 751 - INFO - Running default scraper on KT_GR > https://wms.geo.gr.ch/verbauungen?service=WMS&request=GetCapabilities (source 107/1467)
2025-12-07 04:14:33,420 - Scraping log - scraper.py >         <module>(): Line 751 - INFO - Running default scraper on KT_GR > https://wms.geo.gr.ch/naturgefahrenkarte?service=WMS&request=GetCapabilities (source 108/1467)
2025-12-07 04:14:45,244 - Scraping log - scraper.py > get_service_info(): Line 319 - ERROR - WMS_Naturgefahrenkarte: HTTPSConnectionPool(host='wms.geo.gr.ch', port=443): Read timed out. (read timeout=10)
2025-12-07 04:15:13,265 - Scraping log - scraper.py >         <module>(): Line 751 - INFO - Running default scraper on KT_GR > https://wms.geo.gr.ch/nutzungsplanung?service=WMS&request=GetCapabilities (source 109/1467)
2025-12-07 04:15:37,479 - Scraping log - scraper.py >         <module>(): Line 751 - INFO - Running default scraper on KT_GR > https://wms.geo.gr.ch/nutzungsplanung_kommunal?service=WMS&request=GetCapabilities (source 110/1467)
2025-12-07 04:16:23,670 - Scraping log - scraper.py >         <module>(): Line 751 - INFO - Running default scraper on KT_GR > https://wms.geo.gr.ch/nutzungsplanungsstand?service=WMS&request=GetCapabilities (source 111/1467)
2025-12-07 04:16:27,763 - Scraping log - scraper.py >         <module>(): Line 751 - INFO - Running default scraper on KT_GR > https://wms.geo.gr.ch/oberflaechengewaesser?service=WMS&request=GetCapabilities (source 112/1467)
2025-12-07 04:16:42,020 - Scraping log - scraper.py >         <module>(): Line 751 - INFO - Running default scraper on KT_GR > https://wms.geo.gr.ch/pflanzen_pilzschutzgebiete?service=WMS&request=GetCapabilities (source 113/1467)
2025-12-07 04:16:45,256 - Scraping log - scraper.py >         <module>(): Line 751 - INFO - Running default scraper on KT_GR > https://wms.geo.gr.ch/risikokataster?service=WMS&request=GetCapabilities (source 114/1467)
2025-12-07 04:16:53,946 - Scraping log - scraper.py >         <module>(): Line 751 - INFO - Running default scraper on KT_GR > https://wms.geo.gr.ch/strassenlaermkataster?service=WMS&request=GetCapabilities (source 115/1467)
2025-12-07 04:17:01,877 - Scraping log - scraper.py >         <module>(): Line 751 - INFO - Running default scraper on KT_GR > https://wms.geo.gr.ch/strassenlaermsanierungen?service=WMS&request=GetCapabilities (source 116/1467)
2025-12-07 04:17:09,560 - Scraping log - scraper.py >         <module>(): Line 751 - INFO - Running default scraper on KT_GR > https://wms.geo.gr.ch/tektonische_karten?service=WMS&request=GetCapabilities (source 117/1467)
2025-12-07 04:17:33,183 - Scraping log - scraper.py >         <module>(): Line 751 - INFO - Running default scraper on KT_GR > https://wms.geo.gr.ch/verkehrsmodell?service=WMS&request=GetCapabilities (source 118/1467)
2025-12-07 04:17:37,467 - Scraping log - scraper.py >         <module>(): Line 751 - INFO - Running default scraper on KT_GR > https://wms.geo.gr.ch/walderschliessung?service=WMS&request=GetCapabilities (source 119/1467)
2025-12-07 04:17:45,474 - Scraping log - scraper.py >         <module>(): Line 751 - INFO - Running default scraper on KT_GR > https://wms.geo.gr.ch/bauzonen_graubuenden?service=WMS&request=GetCapabilities (source 120/1467)
2025-12-07 04:17:48,108 - Scraping log - scraper.py >         <module>(): Line 751 - INFO - Running default scraper on KT_GR > https://wms.geo.gr.ch/belastetestandorte?service=WMS&request=GetCapabilities (source 121/1467)
2025-12-07 04:17:50,625 - Scraping log - scraper.py >         <module>(): Line 751 - INFO - Running default scraper on KT_GR > https://wms.geo.gr.ch/gewaesserschutz?service=WMS&request=GetCapabilities (source 122/1467)
2025-12-07 04:17:57,090 - Scraping log - scraper.py >         <module>(): Line 751 - INFO - Running default scraper on KT_GR > https://wms.geo.gr.ch/grundwasser?service=WMS&request=GetCapabilities (source 123/1467)
2025-12-07 04:18:05,235 - Scraping log - scraper.py >         <module>(): Line 751 - INFO - Running default scraper on KT_GR > https://wms.geo.gr.ch/historischekarten?service=WMS&request=GetCapabilities (source 124/1467)
2025-12-07 04:18:14,461 - Scraping log - scraper.py >         <module>(): Line 751 - INFO - Running default scraper on KT_GR > https://wms.geo.gr.ch/naturgefahren_erfassungsbereiche?service=WMS&request=GetCapabilities (source 125/1467)
2025-12-07 04:18:19,053 - Scraping log - scraper.py >         <module>(): Line 751 - INFO - Running default scraper on KT_GR > https://wms.geo.gr.ch/naturschutz?service=WMS&request=GetCapabilities (source 126/1467)
2025-12-07 04:18:29,901 - Scraping log - scraper.py >         <module>(): Line 751 - INFO - Running default scraper on KT_GR > https://wms.geo.gr.ch/rrip_bregaglia?service=WMS&request=GetCapabilities (source 127/1467)
2025-12-07 04:19:02,976 - Scraping log - scraper.py >         <module>(): Line 751 - INFO - Running default scraper on KT_GR > https://wms.geo.gr.ch/rrip_davos?service=WMS&request=GetCapabilities (source 128/1467)
2025-12-07 04:19:58,552 - Scraping log - scraper.py >         <module>(): Line 751 - INFO - Running default scraper on KT_GR > https://wms.geo.gr.ch/rrip_mesolcina?service=WMS&request=GetCapabilities (source 129/1467)
2025-12-07 04:20:17,582 - Scraping log - scraper.py >         <module>(): Line 751 - INFO - Running default scraper on KT_GR > https://wms.geo.gr.ch/rrip_mittelbuenden?service=WMS&request=GetCapabilities (source 130/1467)
2025-12-07 04:20:40,925 - Scraping log - scraper.py >         <module>(): Line 751 - INFO - Running default scraper on KT_GR > https://wms.geo.gr.ch/rrip_nordbuenden?service=WMS&request=GetCapabilities (source 131/1467)
2025-12-07 04:21:46,370 - Scraping log - scraper.py >         <module>(): Line 751 - INFO - Running default scraper on KT_GR > https://wms.geo.gr.ch/rrip_oberengadin?service=WMS&request=GetCapabilities (source 132/1467)
2025-12-07 04:22:56,194 - Scraping log - scraper.py >         <module>(): Line 751 - INFO - Running default scraper on KT_GR > https://wms.geo.gr.ch/rrip_praettigau?service=WMS&request=GetCapabilities (source 133/1467)
2025-12-07 04:23:19,878 - Scraping log - scraper.py >         <module>(): Line 751 - INFO - Running default scraper on KT_GR > https://wms.geo.gr.ch/rrip_unterengadin?service=WMS&request=GetCapabilities (source 134/1467)
2025-12-07 04:23:55,206 - Scraping log - scraper.py >         <module>(): Line 751 - INFO - Running default scraper on KT_GR > https://wms.geo.gr.ch/rrip_regioviamala?service=WMS&request=GetCapabilities (source 135/1467)
2025-12-07 04:24:14,396 - Scraping log - scraper.py >         <module>(): Line 751 - INFO - Running default scraper on KT_GR > https://wms.geo.gr.ch/regionen?service=WMS&request=GetCapabilities (source 136/1467)
2025-12-07 04:24:15,294 - Scraping log - scraper.py >      get_version(): Line 113 - WARNING - https://wms.geo.gr.ch/regionen?service=WMS&request=GetCapabilities: Version attribute not found
2025-12-07 04:24:15,295 - Scraping log - scraper.py > get_service_info(): Line 378 - ERROR - KT_GR > https://wms.geo.gr.ch/regionen?service=WMS&request=GetCapabilities: expected string or bytes-like object
2025-12-07 04:24:15,295 - Scraping log - scraper.py >         <module>(): Line 751 - INFO - Running default scraper on KT_GR > https://wms.geo.gr.ch/schutzwald?service=WMS&request=GetCapabilities (source 137/1467)
2025-12-07 04:24:19,781 - Scraping log - scraper.py >         <module>(): Line 751 - INFO - Running default scraper on KT_GR > https://wms.geo.gr.ch/seilbahnen?service=WMS&request=GetCapabilities (source 138/1467)
2025-12-07 04:24:23,782 - Scraping log - scraper.py >         <module>(): Line 751 - INFO - Running default scraper on KT_GR > https://wms.geo.gr.ch/amtlichevermessung_stand?service=WMS&request=GetCapabilities (source 139/1467)
2025-12-07 04:24:40,759 - Scraping log - scraper.py >         <module>(): Line 751 - INFO - Running default scraper on KT_GR > https://wms.geo.gr.ch/amtlichevermessung?service=WMS&request=GetCapabilities (source 140/1467)
2025-12-07 04:24:41,194 - Scraping log - scraper.py >         <module>(): Line 759 - WARNING - Scraping KT_GR > https://wms.geo.gr.ch/amtlichevermessung?service=WMS&request=GetCapabilities aborted
2025-12-07 04:24:41,194 - Scraping log - scraper.py >         <module>(): Line 751 - INFO - Running default scraper on KT_GR > https://wms.geo.gr.ch/waldentwicklungsplan?service=WMS&request=GetCapabilities (source 141/1467)
2025-12-07 04:24:54,427 - Scraping log - scraper.py >         <module>(): Line 751 - INFO - Running default scraper on KT_GR > https://wms.geo.gr.ch/wildruhezonen?service=WMS&request=GetCapabilities (source 142/1467)
2025-12-07 04:24:59,950 - Scraping log - scraper.py >         <module>(): Line 751 - INFO - Running default scraper on KT_GR > https://wms.geo.gr.ch/wildschutzgebiete?service=WMS&request=GetCapabilities (source 143/1467)
2025-12-07 04:25:08,362 - Scraping log - scraper.py >         <module>(): Line 751 - INFO - Running default scraper on KT_GR > https://wms.geo.gr.ch/richtplan?service=WMS&request=GetCapabilities (source 144/1467)
2025-12-07 04:25:48,684 - Scraping log - scraper.py >         <module>(): Line 751 - INFO - Running default scraper on KT_GR > https://wms.geo.gr.ch/uebersichtsplan?service=WMS&request=GetCapabilities (source 145/1467)
2025-12-07 04:25:49,115 - Scraping log - scraper.py >         <module>(): Line 759 - WARNING - Scraping KT_GR > https://wms.geo.gr.ch/uebersichtsplan?service=WMS&request=GetCapabilities aborted
2025-12-07 04:25:49,115 - Scraping log - scraper.py >         <module>(): Line 751 - INFO - Running default scraper on KT_GR > https://wfs.geo.gr.ch/regionen?service=WFS&request=GetCapabilities (source 146/1467)
2025-12-07 04:25:53,616 - Scraping log - scraper.py >         <module>(): Line 751 - INFO - Running default scraper on KT_GR > https://wfs.geo.gr.ch/amtlichevermessung?service=WFS&request=GetCapabilities (source 147/1467)
2025-12-07 04:25:54,044 - Scraping log - scraper.py >         <module>(): Line 759 - WARNING - Scraping KT_GR > https://wfs.geo.gr.ch/amtlichevermessung?service=WFS&request=GetCapabilities aborted
2025-12-07 04:25:54,044 - Scraping log - scraper.py >         <module>(): Line 751 - INFO - Running default scraper on KT_GR > https://wfs.geo.gr.ch/erdwaermenutzung?service=WFS&request=GetCapabilities (source 148/1467)
2025-12-07 04:25:56,426 - Scraping log - scraper.py >         <module>(): Line 751 - INFO - Running default scraper on KT_GR > https://wfs.geo.gr.ch/gewaesserschutz?service=WFS&request=GetCapabilities (source 149/1467)
2025-12-07 04:25:59,374 - Scraping log - scraper.py >         <module>(): Line 751 - INFO - Running default scraper on KT_GR > https://wfs.geo.gr.ch/grundwasser?service=WFS&request=GetCapabilities (source 150/1467)
2025-12-07 04:26:03,210 - Scraping log - scraper.py >         <module>(): Line 751 - INFO - Running default scraper on KT_GR > https://wfs.geo.gr.ch/jagdkarte?service=WFS&request=GetCapabilities (source 151/1467)
2025-12-07 04:26:05,863 - Scraping log - scraper.py >         <module>(): Line 751 - INFO - Running default scraper on KT_GR > https://wfs.geo.gr.ch/belastetestandorte?service=WFS&request=GetCapabilities (source 152/1467)
2025-12-07 04:26:08,180 - Scraping log - scraper.py >         <module>(): Line 751 - INFO - Running default scraper on KT_GR > https://wfs.geo.gr.ch/lw_bewirtschaftung?service=WFS&request=GetCapabilities (source 153/1467)
2025-12-07 04:26:13,472 - Scraping log - scraper.py >         <module>(): Line 751 - INFO - Running default scraper on KT_GR > https://wfs.geo.gr.ch/langsamverkehr?service=WFS&request=GetCapabilities (source 154/1467)
2025-12-07 04:26:19,532 - Scraping log - scraper.py >         <module>(): Line 751 - INFO - Running default scraper on KT_GR > https://wfs.geo.gr.ch/naturschutz?service=WFS&request=GetCapabilities (source 155/1467)
2025-12-07 04:26:25,128 - Scraping log - scraper.py >         <module>(): Line 751 - INFO - Running default scraper on KT_GR > https://wfs.geo.gr.ch/naturgefahren_erfassungsbereiche?service=WFS&request=GetCapabilities (source 156/1467)
2025-12-07 04:26:27,857 - Scraping log - scraper.py >         <module>(): Line 751 - INFO - Running default scraper on KT_GR > https://wfs.geo.gr.ch/waldentwicklungsplan?service=WFS&request=GetCapabilities (source 157/1467)
2025-12-07 04:26:37,875 - Scraping log - scraper.py >         <module>(): Line 751 - INFO - Running default scraper on KT_GR > https://wfs.geo.gr.ch/wildruhezonen?service=WFS&request=GetCapabilities (source 158/1467)
2025-12-07 04:26:40,567 - Scraping log - scraper.py >         <module>(): Line 751 - INFO - Running default scraper on KT_GR > https://wfs.geo.gr.ch/wildschutzgebiete?service=WFS&request=GetCapabilities (source 159/1467)
2025-12-07 04:26:43,916 - Scraping log - scraper.py >         <module>(): Line 751 - INFO - Running default scraper on KT_JU > https://geo.jura.ch/mapserv_proxy?ogcserver=Main_PNG&SERVICE=WFS&VERSION=1.1.1&REQUEST=GetCapabilities (source 160/1467)
2025-12-07 04:27:49,964 - Scraping log - scraper.py >         <module>(): Line 751 - INFO - Running default scraper on KT_JU > https://geo.jura.ch/tiles/1.0.0/WMTSCapabilities.xml (source 161/1467)
2025-12-07 04:27:55,308 - Scraping log - scraper.py >         <module>(): Line 751 - INFO - Running default scraper on KT_JU > https://geo.jura.ch/mapserv_proxy?ogcserver=Main_PNG&SERVICE=WMS&VERSION=1.3.0&REQUEST=GetCapabilities (source 162/1467)
2025-12-07 04:28:05,767 - Scraping log - scraper.py > get_service_info(): Line 316 - WARNING - Geoportail Jura: GetMap request is blocked for this layer
2025-12-07 04:28:55,190 - Scraping log - scraper.py > get_service_info(): Line 316 - WARNING - swisstopo_11_02_cn10: GetMap request is blocked for this layer
2025-12-07 04:28:59,563 - Scraping log - scraper.py > get_service_info(): Line 316 - WARNING - swisstopo_11_02_cn10_gris: GetMap request is blocked for this layer
2025-12-07 04:29:03,325 - Scraping log - scraper.py > get_service_info(): Line 316 - WARNING - sdt_17_01_points_interets_administration_interrogation: GetMap request is blocked for this layer
2025-12-07 04:29:03,962 - Scraping log - scraper.py > get_service_info(): Line 316 - WARNING - sdt_17_01_points_interets_administration_cantonal_cluster: GetMap request is blocked for this layer
2025-12-07 04:29:04,604 - Scraping log - scraper.py > get_service_info(): Line 316 - WARNING - sdt_17_01_points_interets_administration_communale_cluster: GetMap request is blocked for this layer
2025-12-07 04:29:05,215 - Scraping log - scraper.py > get_service_info(): Line 316 - WARNING - sdt_17_01_points_interets_administration_point: GetMap request is blocked for this layer
2025-12-07 04:29:05,824 - Scraping log - scraper.py > get_service_info(): Line 316 - WARNING - sdt_17_01_points_interets_ecoles_interrogation: GetMap request is blocked for this layer
2025-12-07 04:29:06,537 - Scraping log - scraper.py > get_service_info(): Line 316 - WARNING - sdt_17_01_points_interets_ecoles_primaire_cluster: GetMap request is blocked for this layer
2025-12-07 04:29:07,314 - Scraping log - scraper.py > get_service_info(): Line 316 - WARNING - sdt_17_01_points_interets_ecoles_secondaire_cluster: GetMap request is blocked for this layer
2025-12-07 04:29:08,134 - Scraping log - scraper.py > get_service_info(): Line 316 - WARNING - sdt_17_01_points_interets_autre_ecoles_cluster: GetMap request is blocked for this layer
2025-12-07 04:29:08,735 - Scraping log - scraper.py > get_service_info(): Line 316 - WARNING - sdt_17_01_points_interets_ecoles_point: GetMap request is blocked for this layer
2025-12-07 04:29:09,373 - Scraping log - scraper.py > get_service_info(): Line 316 - WARNING - ssa_19_04_centre_hospitalier_interrogation: GetMap request is blocked for this layer
2025-12-07 04:29:10,186 - Scraping log - scraper.py > get_service_info(): Line 316 - WARNING - ssa_19_04_centre_hospitalier_maison_naissance_cluster: GetMap request is blocked for this layer
2025-12-07 04:29:10,922 - Scraping log - scraper.py > get_service_info(): Line 316 - WARNING - ssa_19_04_centre_hospitalier_centre_rencontre_cluster: GetMap request is blocked for this layer
2025-12-07 04:29:11,525 - Scraping log - scraper.py > get_service_info(): Line 316 - WARNING - ssa_19_04_centre_hospitalier_appartements_proteges_cluster: GetMap request is blocked for this layer
2025-12-07 04:29:12,127 - Scraping log - scraper.py > get_service_info(): Line 316 - WARNING - ssa_19_04_centre_hospitalier_centre_medico_psychologique_cluster: GetMap request is blocked for this layer
2025-12-07 04:29:12,734 - Scraping log - scraper.py > get_service_info(): Line 316 - WARNING - ssa_19_04_centre_hospitalier_home_cluster: GetMap request is blocked for this layer
2025-12-07 04:29:13,385 - Scraping log - scraper.py > get_service_info(): Line 316 - WARNING - ssa_19_04_centre_hospitalier_hopital_cluster: GetMap request is blocked for this layer
2025-12-07 04:29:14,060 - Scraping log - scraper.py > get_service_info(): Line 316 - WARNING - ssa_19_04_centre_hospitalier_point: GetMap request is blocked for this layer
2025-12-07 04:29:14,712 - Scraping log - scraper.py > get_service_info(): Line 316 - WARNING - sdt_17_01_points_interets_service_urgence_interrogation: GetMap request is blocked for this layer
2025-12-07 04:29:15,338 - Scraping log - scraper.py > get_service_info(): Line 316 - WARNING - sdt_17_01_points_interets_service_urgence_police_cluster: GetMap request is blocked for this layer
2025-12-07 04:29:15,963 - Scraping log - scraper.py > get_service_info(): Line 316 - WARNING - sdt_17_01_points_interets_service_urgence_point: GetMap request is blocked for this layer
2025-12-07 04:29:16,567 - Scraping log - scraper.py > get_service_info(): Line 316 - WARNING - rea_19_03_defibrillateurs_interrogation: GetMap request is blocked for this layer
2025-12-07 04:29:17,307 - Scraping log - scraper.py > get_service_info(): Line 316 - WARNING - rea_19_03_defibrillateurs_cluster: GetMap request is blocked for this layer
2025-12-07 04:29:17,935 - Scraping log - scraper.py > get_service_info(): Line 316 - WARNING - sdt_17_01_points_interets_acces_handicap_stationnement_interrogation: GetMap request is blocked for this layer
2025-12-07 04:29:18,549 - Scraping log - scraper.py > get_service_info(): Line 316 - WARNING - sdt_17_01_points_interets_acces_handicap_stationnement_cluster: GetMap request is blocked for this layer
2025-12-07 04:29:19,176 - Scraping log - scraper.py > get_service_info(): Line 316 - WARNING - sdt_17_01_points_interets_acces_handicap_stationnement_point: GetMap request is blocked for this layer
2025-12-07 04:29:19,843 - Scraping log - scraper.py > get_service_info(): Line 316 - WARNING - sdt_17_01_points_interets_acces_handicap_wc_accessible_interrogation: GetMap request is blocked for this layer
2025-12-07 04:29:20,496 - Scraping log - scraper.py > get_service_info(): Line 316 - WARNING - sdt_17_01_points_interets_acces_handicap_wc_accessible_cluster: GetMap request is blocked for this layer
2025-12-07 04:29:21,116 - Scraping log - scraper.py > get_service_info(): Line 316 - WARNING - sdt_17_01_points_interets_acces_handicap_wc_accessible_point: GetMap request is blocked for this layer
2025-12-07 04:29:21,751 - Scraping log - scraper.py > get_service_info(): Line 316 - WARNING - sdt_17_01_points_interets_acces_handicap_wc_accessible_partiellement_interrogation: GetMap request is blocked for this layer
2025-12-07 04:29:22,597 - Scraping log - scraper.py > get_service_info(): Line 316 - WARNING - sdt_17_01_points_interets_acces_handicap_wc_accessible_partiellement_cluster: GetMap request is blocked for this layer
2025-12-07 04:29:23,213 - Scraping log - scraper.py > get_service_info(): Line 316 - WARNING - sdt_17_01_points_interets_acces_handicap_wc_accessible_partiellement_point: GetMap request is blocked for this layer
2025-12-07 04:29:23,853 - Scraping log - scraper.py > get_service_info(): Line 316 - WARNING - sdt_17_01_points_interets_acces_handicap_wc_non_accessible_interrogation: GetMap request is blocked for this layer
2025-12-07 04:29:24,456 - Scraping log - scraper.py > get_service_info(): Line 316 - WARNING - sdt_17_01_points_interets_acces_handicap_wc_non_accessible_cluster: GetMap request is blocked for this layer
2025-12-07 04:29:25,064 - Scraping log - scraper.py > get_service_info(): Line 316 - WARNING - sdt_17_01_points_interets_acces_handicap_wc_non_accessible_point: GetMap request is blocked for this layer
2025-12-07 04:29:25,689 - Scraping log - scraper.py > get_service_info(): Line 316 - WARNING - sdt_17_01_points_interets_acces_handicap_boucle_magnetique_interrogation: GetMap request is blocked for this layer
2025-12-07 04:29:26,334 - Scraping log - scraper.py > get_service_info(): Line 316 - WARNING - sdt_17_01_points_interets_acces_handicap_boucle_magnetique_cluster: GetMap request is blocked for this layer
2025-12-07 04:29:26,991 - Scraping log - scraper.py > get_service_info(): Line 316 - WARNING - sdt_17_01_points_interets_acces_handicap_boucle_magnetique_point: GetMap request is blocked for this layer
2025-12-07 04:29:27,609 - Scraping log - scraper.py > get_service_info(): Line 316 - WARNING - sdt_17_01_points_interets_acces_handicap_langues_signes_interrogation: GetMap request is blocked for this layer
2025-12-07 04:29:28,238 - Scraping log - scraper.py > get_service_info(): Line 316 - WARNING - sdt_17_01_points_interets_acces_handicap_langues_signes_cluster: GetMap request is blocked for this layer
2025-12-07 04:29:28,874 - Scraping log - scraper.py > get_service_info(): Line 316 - WARNING - sdt_17_01_points_interets_acces_handicap_langues_signes_point: GetMap request is blocked for this layer
2025-12-07 04:29:29,516 - Scraping log - scraper.py > get_service_info(): Line 316 - WARNING - sdt_17_01_points_interets_acces_handicap_accessible_interrogation: GetMap request is blocked for this layer
2025-12-07 04:29:30,146 - Scraping log - scraper.py > get_service_info(): Line 316 - WARNING - sdt_17_01_points_interets_acces_handicap_accessible_cluster: GetMap request is blocked for this layer
2025-12-07 04:29:30,775 - Scraping log - scraper.py > get_service_info(): Line 316 - WARNING - sdt_17_01_points_interets_acces_handicap_accessible_point: GetMap request is blocked for this layer
2025-12-07 04:29:31,396 - Scraping log - scraper.py > get_service_info(): Line 316 - WARNING - sdt_17_01_points_interets_acces_handicap_accessible_partiellement_interrogation: GetMap request is blocked for this layer
2025-12-07 04:29:32,007 - Scraping log - scraper.py > get_service_info(): Line 316 - WARNING - sdt_17_01_points_interets_acces_handicap_accessible_partiellement_cluster: GetMap request is blocked for this layer
2025-12-07 04:29:32,667 - Scraping log - scraper.py > get_service_info(): Line 316 - WARNING - sdt_17_01_points_interets_acces_handicap_accessible_partiellement_point: GetMap request is blocked for this layer
2025-12-07 04:29:33,319 - Scraping log - scraper.py > get_service_info(): Line 316 - WARNING - sdt_17_01_points_interets_acces_handicap_non_accessible_interrogation: GetMap request is blocked for this layer
2025-12-07 04:29:33,933 - Scraping log - scraper.py > get_service_info(): Line 316 - WARNING - sdt_17_01_points_interets_acces_handicap_non_accessible_cluster: GetMap request is blocked for this layer
2025-12-07 04:29:34,541 - Scraping log - scraper.py > get_service_info(): Line 316 - WARNING - sdt_17_01_points_interets_acces_handicap_non_accessible_point: GetMap request is blocked for this layer
2025-12-07 04:29:35,164 - Scraping log - scraper.py > get_service_info(): Line 316 - WARNING - sdt_10_11_mnt_2022_courbes_niveaux_100_4: GetMap request is blocked for this layer
2025-12-07 04:29:35,774 - Scraping log - scraper.py > get_service_info(): Line 316 - WARNING - sdt_10_11_mnt_2022_courbes_niveaux_100_3: GetMap request is blocked for this layer
2025-12-07 04:29:36,401 - Scraping log - scraper.py > get_service_info(): Line 316 - WARNING - sdt_10_11_mnt_2022_courbes_niveaux_100_2: GetMap request is blocked for this layer
2025-12-07 04:29:37,011 - Scraping log - scraper.py > get_service_info(): Line 316 - WARNING - sdt_10_11_mnt_2022_courbes_niveaux_100_1: GetMap request is blocked for this layer
2025-12-07 04:29:37,610 - Scraping log - scraper.py > get_service_info(): Line 316 - WARNING - sdt_10_11_mnt_2022_courbes_niveaux_100_0: GetMap request is blocked for this layer
2025-12-07 04:29:38,211 - Scraping log - scraper.py > get_service_info(): Line 316 - WARNING - sdt_10_11_mnt_2022_courbes_niveaux_10_3: GetMap request is blocked for this layer
2025-12-07 04:29:38,813 - Scraping log - scraper.py > get_service_info(): Line 316 - WARNING - sdt_10_11_mnt_2022_courbes_niveaux_10_2: GetMap request is blocked for this layer
2025-12-07 04:29:39,428 - Scraping log - scraper.py > get_service_info(): Line 316 - WARNING - sdt_10_11_mnt_2022_courbes_niveaux_10_1: GetMap request is blocked for this layer
2025-12-07 04:29:40,029 - Scraping log - scraper.py > get_service_info(): Line 316 - WARNING - sdt_10_11_mnt_2022_courbes_niveaux_10_0: GetMap request is blocked for this layer
2025-12-07 04:29:40,641 - Scraping log - scraper.py > get_service_info(): Line 316 - WARNING - sdt_10_11_mnt_2022_courbes_niveaux_5_2: GetMap request is blocked for this layer
2025-12-07 04:29:41,239 - Scraping log - scraper.py > get_service_info(): Line 316 - WARNING - sdt_10_11_mnt_2022_courbes_niveaux_5_1: GetMap request is blocked for this layer
2025-12-07 04:29:41,842 - Scraping log - scraper.py > get_service_info(): Line 316 - WARNING - sdt_10_11_mnt_2022_courbes_niveaux_5_0: GetMap request is blocked for this layer
2025-12-07 04:29:42,450 - Scraping log - scraper.py > get_service_info(): Line 316 - WARNING - sdt_10_11_mnt_2022_courbes_niveaux_1_1: GetMap request is blocked for this layer
2025-12-07 04:29:43,078 - Scraping log - scraper.py > get_service_info(): Line 316 - WARNING - sdt_10_11_mnt_2022_courbes_niveaux_1_0: GetMap request is blocked for this layer
2025-12-07 04:29:45,846 - Scraping log - scraper.py > get_service_info(): Line 316 - WARNING - rayonnement_solaire_050: GetMap request is blocked for this layer
2025-12-07 04:29:46,456 - Scraping log - scraper.py > get_service_info(): Line 316 - WARNING - rayonnement_solaire_cache: GetMap request is blocked for this layer
2025-12-07 04:29:47,067 - Scraping log - scraper.py > get_service_info(): Line 316 - WARNING - sdt_10_15_relief_terrain_mnt_ameliore_2022_025: GetMap request is blocked for this layer
2025-12-07 04:29:53,558 - Scraping log - scraper.py > get_service_info(): Line 316 - WARNING - sdt_10_15_relief_surface_mns_2022_025: GetMap request is blocked for this layer
2025-12-07 04:29:55,768 - Scraping log - scraper.py > get_service_info(): Line 316 - WARNING - sdt_10_15_relief_terrain_mnt_2022_025: GetMap request is blocked for this layer
2025-12-07 04:30:00,727 - Scraping log - scraper.py > get_service_info(): Line 316 - WARNING - sdt_02_01_zones_geometrie_normal_recours: GetMap request is blocked for this layer
2025-12-07 04:30:01,356 - Scraping log - scraper.py > get_service_info(): Line 316 - WARNING - sdt_02_01_zones_geometrie_simplifier_1_recours: GetMap request is blocked for this layer
2025-12-07 04:30:01,990 - Scraping log - scraper.py > get_service_info(): Line 316 - WARNING - sdt_02_01_zones_geometrie_simplifier_2_recours: GetMap request is blocked for this layer
2025-12-07 04:30:02,623 - Scraping log - scraper.py > get_service_info(): Line 316 - WARNING - sdt_02_01_zones_geometrie_normal: GetMap request is blocked for this layer
2025-12-07 04:30:03,224 - Scraping log - scraper.py > get_service_info(): Line 316 - WARNING - sdt_02_01_zones_geometrie_simplifier_1: GetMap request is blocked for this layer
2025-12-07 04:30:03,940 - Scraping log - scraper.py > get_service_info(): Line 316 - WARNING - sdt_02_01_zones_geometrie_simplifier_2: GetMap request is blocked for this layer
2025-12-07 04:30:04,556 - Scraping log - scraper.py > get_service_info(): Line 316 - WARNING - sdt_02_01_lien_rcc: GetMap request is blocked for this layer
2025-12-07 04:30:05,175 - Scraping log - scraper.py > get_service_info(): Line 316 - WARNING - sdt_02_01_plans_speciaux_surface_normal: GetMap request is blocked for this layer
2025-12-07 04:30:05,788 - Scraping log - scraper.py > get_service_info(): Line 316 - WARNING - sdt_02_01_plans_speciaux_surface_simplifier: GetMap request is blocked for this layer
2025-12-07 04:30:06,417 - Scraping log - scraper.py > get_service_info(): Line 316 - WARNING - sdt_06_05_perimetre_reserve_aux_eaux: GetMap request is blocked for this layer
2025-12-07 04:30:07,049 - Scraping log - scraper.py > get_service_info(): Line 316 - WARNING - sdt_06_05_perimetre_reserve_aux_eaux_simplifier: GetMap request is blocked for this layer
2025-12-07 04:30:07,664 - Scraping log - scraper.py > get_service_info(): Line 316 - WARNING - sdt_02_01_perimetres_particuliers_interrogation: GetMap request is blocked for this layer
2025-12-07 04:30:08,263 - Scraping log - scraper.py > get_service_info(): Line 316 - WARNING - sdt_02_01_perimetres_particuliers_interrogation_simplifier: GetMap request is blocked for this layer
2025-12-07 04:30:08,884 - Scraping log - scraper.py > get_service_info(): Line 316 - WARNING - sdt_02_01_perimetres_particuliers_pdn_label: GetMap request is blocked for this layer
2025-12-07 04:30:09,484 - Scraping log - scraper.py > get_service_info(): Line 316 - WARNING - sdt_02_01_perimetres_particuliers_pdn_1_01: GetMap request is blocked for this layer
2025-12-07 04:30:10,085 - Scraping log - scraper.py > get_service_info(): Line 316 - WARNING - sdt_02_01_perimetres_particuliers_pdn_2_01: GetMap request is blocked for this layer
2025-12-07 04:30:10,693 - Scraping log - scraper.py > get_service_info(): Line 316 - WARNING - sdt_02_01_perimetres_particuliers_ph: GetMap request is blocked for this layer
2025-12-07 04:30:11,303 - Scraping log - scraper.py > get_service_info(): Line 316 - WARNING - sdt_02_01_perimetres_particuliers_ph_simplifier: GetMap request is blocked for this layer
2025-12-07 04:30:11,922 - Scraping log - scraper.py > get_service_info(): Line 316 - WARNING - sdt_02_01_perimetres_particuliers_pnn: GetMap request is blocked for this layer
2025-12-07 04:30:12,524 - Scraping log - scraper.py > get_service_info(): Line 316 - WARNING - sdt_02_01_perimetres_particuliers_pnn_simplifier: GetMap request is blocked for this layer
2025-12-07 04:30:13,144 - Scraping log - scraper.py > get_service_info(): Line 316 - WARNING - sdt_02_01_perimetres_particuliers_pn: GetMap request is blocked for this layer
2025-12-07 04:30:13,759 - Scraping log - scraper.py > get_service_info(): Line 316 - WARNING - sdt_02_01_perimetres_particuliers_pn_simplifier: GetMap request is blocked for this layer
2025-12-07 04:30:14,369 - Scraping log - scraper.py > get_service_info(): Line 316 - WARNING - sdt_02_01_perimetres_particuliers_pp: GetMap request is blocked for this layer
2025-12-07 04:30:14,971 - Scraping log - scraper.py > get_service_info(): Line 316 - WARNING - sdt_02_01_perimetres_particuliers_pp_simplifier: GetMap request is blocked for this layer
2025-12-07 04:30:15,600 - Scraping log - scraper.py > get_service_info(): Line 316 - WARNING - sdt_02_01_perimetres_particuliers_pv: GetMap request is blocked for this layer
2025-12-07 04:30:16,205 - Scraping log - scraper.py > get_service_info(): Line 316 - WARNING - sdt_02_01_perimetres_particuliers_pv_simplifier: GetMap request is blocked for this layer
2025-12-07 04:30:16,807 - Scraping log - scraper.py > get_service_info(): Line 316 - WARNING - sdt_02_01_perimetres_particuliers_pa_label: GetMap request is blocked for this layer
2025-12-07 04:30:17,412 - Scraping log - scraper.py > get_service_info(): Line 316 - WARNING - sdt_02_01_perimetres_particuliers_pa_1: GetMap request is blocked for this layer
2025-12-07 04:30:18,033 - Scraping log - scraper.py > get_service_info(): Line 316 - WARNING - sdt_02_01_perimetres_particuliers_pa_2: GetMap request is blocked for this layer
2025-12-07 04:30:18,645 - Scraping log - scraper.py > get_service_info(): Line 316 - WARNING - sdt_02_01_patrimoine_bati_ligne_interrogation: GetMap request is blocked for this layer
2025-12-07 04:30:19,254 - Scraping log - scraper.py > get_service_info(): Line 316 - WARNING - sdt_02_01_patrimoine_bati_ligne_1: GetMap request is blocked for this layer
2025-12-07 04:30:19,865 - Scraping log - scraper.py > get_service_info(): Line 316 - WARNING - sdt_02_01_patrimoine_bati_point_interrogation: GetMap request is blocked for this layer
2025-12-07 04:30:20,479 - Scraping log - scraper.py > get_service_info(): Line 316 - WARNING - sdt_02_01_patrimoine_bati_point_1: GetMap request is blocked for this layer
2025-12-07 04:30:21,083 - Scraping log - scraper.py > get_service_info(): Line 316 - WARNING - sdt_02_01_patrimoine_naturel_ligne_interrogation: GetMap request is blocked for this layer
2025-12-07 04:30:21,696 - Scraping log - scraper.py > get_service_info(): Line 316 - WARNING - sdt_02_01_patrimoine_naturel_ligne_1: GetMap request is blocked for this layer
2025-12-07 04:30:22,315 - Scraping log - scraper.py > get_service_info(): Line 316 - WARNING - sdt_02_01_patrimoine_naturel_ligne_2: GetMap request is blocked for this layer
2025-12-07 04:30:22,909 - Scraping log - scraper.py > get_service_info(): Line 316 - WARNING - sdt_02_01_patrimoine_naturel_ligne_3: GetMap request is blocked for this layer
2025-12-07 04:30:23,509 - Scraping log - scraper.py > get_service_info(): Line 316 - WARNING - sdt_02_01_patrimoine_naturel_point_interrogation: GetMap request is blocked for this layer
2025-12-07 04:30:24,110 - Scraping log - scraper.py > get_service_info(): Line 316 - WARNING - sdt_02_01_patrimoine_naturel_point_1: GetMap request is blocked for this layer
2025-12-07 04:30:24,712 - Scraping log - scraper.py > get_service_info(): Line 316 - WARNING - sdt_02_01_patrimoine_naturel_point_2: GetMap request is blocked for this layer
2025-12-07 04:30:25,329 - Scraping log - scraper.py > get_service_info(): Line 316 - WARNING - sdt_02_01_patrimoine_naturel_surface_interrogation: GetMap request is blocked for this layer
2025-12-07 04:30:25,940 - Scraping log - scraper.py > get_service_info(): Line 316 - WARNING - sdt_02_01_patrimoine_naturel_surface: GetMap request is blocked for this layer
2025-12-07 04:30:26,550 - Scraping log - scraper.py > get_service_info(): Line 316 - WARNING - sdt_02_01_patrimoine_naturel_surface_doline_1: GetMap request is blocked for this layer
2025-12-07 04:30:27,162 - Scraping log - scraper.py > get_service_info(): Line 316 - WARNING - sdt_02_01_patrimoine_naturel_surface_doline_2: GetMap request is blocked for this layer
2025-12-07 04:30:27,788 - Scraping log - scraper.py > get_service_info(): Line 316 - WARNING - sdt_02_01_patrimoine_naturel_surface_doline_3: GetMap request is blocked for this layer
2025-12-07 04:30:28,400 - Scraping log - scraper.py > get_service_info(): Line 316 - WARNING - sdt_02_01_patrimoine_naturel_surface_doline_4: GetMap request is blocked for this layer
2025-12-07 04:30:29,017 - Scraping log - scraper.py > get_service_info(): Line 316 - WARNING - sdt_02_01_hors_legende_type_surface: GetMap request is blocked for this layer
2025-12-07 04:30:29,613 - Scraping log - scraper.py > get_service_info(): Line 316 - WARNING - sdt_02_01_hors_legende_type_ligne: GetMap request is blocked for this layer
2025-12-07 04:30:30,219 - Scraping log - scraper.py > get_service_info(): Line 316 - WARNING - sdt_02_01_hors_legende_type_point: GetMap request is blocked for this layer
2025-12-07 04:30:30,826 - Scraping log - scraper.py > get_service_info(): Line 316 - WARNING - sdt_02_01_infos_indicatives_foret: GetMap request is blocked for this layer
2025-12-07 04:30:31,433 - Scraping log - scraper.py > get_service_info(): Line 316 - WARNING - sdt_02_01_infos_indicatives_foret_simplifier: GetMap request is blocked for this layer
2025-12-07 04:30:32,040 - Scraping log - scraper.py > get_service_info(): Line 316 - WARNING - sdt_02_01_infos_indicatives_paturage_boise: GetMap request is blocked for this layer
2025-12-07 04:30:32,648 - Scraping log - scraper.py > get_service_info(): Line 316 - WARNING - sdt_02_01_infos_indicatives_paturage_boise_simplifier: GetMap request is blocked for this layer
2025-12-07 04:30:33,270 - Scraping log - scraper.py > get_service_info(): Line 316 - WARNING - sdt_02_01_infos_indicatives_infra_militaire: GetMap request is blocked for this layer
2025-12-07 04:30:33,902 - Scraping log - scraper.py > get_service_info(): Line 316 - WARNING - crdppf_r108_plan_zone_securite_aeroport_pal: GetMap request is blocked for this layer
2025-12-07 04:30:34,522 - Scraping log - scraper.py > get_service_info(): Line 316 - WARNING - sdt_02_01_infos_indicatives_perimetre_exploitation_ferroviaire: GetMap request is blocked for this layer
2025-12-07 04:30:35,175 - Scraping log - scraper.py > get_service_info(): Line 316 - WARNING - ofev_04_06_if_paysage_pal: GetMap request is blocked for this layer
2025-12-07 04:30:35,811 - Scraping log - scraper.py > get_service_info(): Line 316 - WARNING - sdt_02_01_infos_indicatives_perimetre_protection_eaux_interrogation: GetMap request is blocked for this layer
2025-12-07 04:30:36,414 - Scraping log - scraper.py > get_service_info(): Line 316 - WARNING - sdt_02_01_infos_indicatives_perimetre_protection_eaux_1: GetMap request is blocked for this layer
2025-12-07 04:30:37,032 - Scraping log - scraper.py > get_service_info(): Line 316 - WARNING - sdt_02_01_infos_indicatives_perimetre_protection_eaux_2: GetMap request is blocked for this layer
2025-12-07 04:30:37,643 - Scraping log - scraper.py > get_service_info(): Line 316 - WARNING - sdt_02_01_infos_indicatives_sites_archeo_paleonto_interrogation: GetMap request is blocked for this layer
2025-12-07 04:30:38,253 - Scraping log - scraper.py > get_service_info(): Line 316 - WARNING - sdt_02_01_infos_indicatives_sites_archeo_paleonto_1: GetMap request is blocked for this layer
2025-12-07 04:30:38,877 - Scraping log - scraper.py > get_service_info(): Line 316 - WARNING - sdt_02_01_infos_indicatives_sites_archeo_paleonto_2: GetMap request is blocked for this layer
2025-12-07 04:30:39,492 - Scraping log - scraper.py > get_service_info(): Line 316 - WARNING - sdt_02_01_infos_indicatives_reserves_naturelle_interrogation: GetMap request is blocked for this layer
2025-12-07 04:30:40,111 - Scraping log - scraper.py > get_service_info(): Line 316 - WARNING - sdt_02_01_infos_indicatives_reserves_naturelle_1: GetMap request is blocked for this layer
2025-12-07 04:30:40,738 - Scraping log - scraper.py > get_service_info(): Line 316 - WARNING - sdt_02_01_infos_indicatives_reserves_naturelle_2: GetMap request is blocked for this layer
2025-12-07 04:30:41,340 - Scraping log - scraper.py > get_service_info(): Line 316 - WARNING - sdt_02_01_infos_illustratives_point_de_vue: GetMap request is blocked for this layer
2025-12-07 04:30:41,950 - Scraping log - scraper.py > get_service_info(): Line 316 - WARNING - sdt_02_01_infos_illustratives_chemin_pietons: GetMap request is blocked for this layer
2025-12-07 04:30:42,570 - Scraping log - scraper.py > get_service_info(): Line 316 - WARNING - sdt_02_01_infos_illustratives_ligne_haute_tension: GetMap request is blocked for this layer
2025-12-07 04:30:43,167 - Scraping log - scraper.py > get_service_info(): Line 316 - WARNING - sdt_02_01_secteurs_dangers_naturels_interrogation: GetMap request is blocked for this layer
2025-12-07 04:30:43,767 - Scraping log - scraper.py > get_service_info(): Line 316 - WARNING - sdt_02_01_secteurs_dangers_naturels_interrogation_simplifier: GetMap request is blocked for this layer
2025-12-07 04:30:44,396 - Scraping log - scraper.py > get_service_info(): Line 316 - WARNING - sdt_02_01_secteurs_dangers_naturels_secteur_indication_danger: GetMap request is blocked for this layer
2025-12-07 04:30:45,004 - Scraping log - scraper.py > get_service_info(): Line 316 - WARNING - sdt_02_01_secteurs_dangers_naturels_secteur_indication_danger_simplifier: GetMap request is blocked for this layer
2025-12-07 04:30:45,612 - Scraping log - scraper.py > get_service_info(): Line 316 - WARNING - sdt_02_01_secteurs_dangers_naturels_niveau_danger_residuel: GetMap request is blocked for this layer
2025-12-07 04:30:46,217 - Scraping log - scraper.py > get_service_info(): Line 316 - WARNING - sdt_02_01_secteurs_dangers_naturels_niveau_danger_residuel_simplifier: GetMap request is blocked for this layer
2025-12-07 04:30:46,822 - Scraping log - scraper.py > get_service_info(): Line 316 - WARNING - sdt_02_01_secteurs_dangers_naturels_niveau_danger_faible: GetMap request is blocked for this layer
2025-12-07 04:30:47,446 - Scraping log - scraper.py > get_service_info(): Line 316 - WARNING - sdt_02_01_secteurs_dangers_naturels_niveau_danger_faible_simplifier: GetMap request is blocked for this layer
2025-12-07 04:30:48,041 - Scraping log - scraper.py > get_service_info(): Line 316 - WARNING - sdt_02_01_secteurs_dangers_naturels_niveau_danger_moyen: GetMap request is blocked for this layer
2025-12-07 04:30:48,644 - Scraping log - scraper.py > get_service_info(): Line 316 - WARNING - sdt_02_01_secteurs_dangers_naturels_niveau_danger_moyen_simplifier: GetMap request is blocked for this layer
2025-12-07 04:30:49,267 - Scraping log - scraper.py > get_service_info(): Line 316 - WARNING - sdt_02_01_secteurs_dangers_naturels_niveau_danger_eleve: GetMap request is blocked for this layer
2025-12-07 04:30:49,866 - Scraping log - scraper.py > get_service_info(): Line 316 - WARNING - sdt_02_01_secteurs_dangers_naturels_niveau_danger_eleve_simplifier: GetMap request is blocked for this layer
2025-12-07 04:30:50,478 - Scraping log - scraper.py > get_service_info(): Line 316 - WARNING - sdt_02_01_secteurs_dangers_naturels_danger_effondrement: GetMap request is blocked for this layer
2025-12-07 04:30:51,085 - Scraping log - scraper.py > get_service_info(): Line 316 - WARNING - sdt_02_01_secteurs_dangers_naturels_danger_effondrement_simplifier: GetMap request is blocked for this layer
2025-12-07 04:30:51,724 - Scraping log - scraper.py > get_service_info(): Line 316 - WARNING - sdt_02_01_secteurs_dangers_naturels_limite_echelle_1000: GetMap request is blocked for this layer
2025-12-07 04:30:52,336 - Scraping log - scraper.py > get_service_info(): Line 316 - WARNING - sdt_02_01_pal_plan_dangers_naturel_localites_approuvees: GetMap request is blocked for this layer
2025-12-07 04:30:52,939 - Scraping log - scraper.py > get_service_info(): Line 316 - WARNING - sdt_02_01_perimetres_particuliers_pdn_masque: GetMap request is blocked for this layer
2025-12-07 04:30:53,555 - Scraping log - scraper.py > get_service_info(): Line 316 - WARNING - sdt_02_01_perimetres_particuliers_pdn_interrogation: GetMap request is blocked for this layer
2025-12-07 04:30:54,174 - Scraping log - scraper.py > get_service_info(): Line 316 - WARNING - sdt_02_01_perimetres_particuliers_pdn_1_02: GetMap request is blocked for this layer
2025-12-07 04:30:54,783 - Scraping log - scraper.py > get_service_info(): Line 316 - WARNING - sdt_02_01_perimetres_particuliers_pdn_2_02: GetMap request is blocked for this layer
2025-12-07 04:30:55,392 - Scraping log - scraper.py > get_service_info(): Line 316 - WARNING - sdt_02_01_perimetres_particuliers_pdn_3: GetMap request is blocked for this layer
2025-12-07 04:30:56,015 - Scraping log - scraper.py > get_service_info(): Line 316 - WARNING - fond_plan_blanc_plan_cadastral: GetMap request is blocked for this layer
2025-12-07 04:30:56,648 - Scraping log - scraper.py > get_service_info(): Line 316 - WARNING - sdt_01_04_md_sit_bf_interrogation: GetMap request is blocked for this layer
2025-12-07 04:30:57,260 - Scraping log - scraper.py > get_service_info(): Line 316 - WARNING - sdt_01_04_md_sit_objets_divers_polygones_1: GetMap request is blocked for this layer
2025-12-07 04:30:57,861 - Scraping log - scraper.py > get_service_info(): Line 316 - WARNING - sdt_01_04_md_sit_cs_surface_nb: GetMap request is blocked for this layer
2025-12-07 04:30:58,468 - Scraping log - scraper.py > get_service_info(): Line 316 - WARNING - sdt_01_04_md_sit_cs_surface_proj: GetMap request is blocked for this layer
2025-12-07 04:30:59,097 - Scraping log - scraper.py > get_service_info(): Line 316 - WARNING - sdt_01_04_md_sit_adr_entree_batiment_01: GetMap request is blocked for this layer
2025-12-07 04:30:59,700 - Scraping log - scraper.py > get_service_info(): Line 316 - WARNING - sdt_01_04_md_sit_cs_numero_batiment_proj: GetMap request is blocked for this layer
2025-12-07 04:31:00,325 - Scraping log - scraper.py > get_service_info(): Line 316 - WARNING - sdt_01_04_md_sit_objets_divers_postext: GetMap request is blocked for this layer
2025-12-07 04:31:00,950 - Scraping log - scraper.py > get_service_info(): Line 316 - WARNING - sdt_01_04_md_sit_adr_entree_batiment_02: GetMap request is blocked for this layer
2025-12-07 04:31:01,586 - Scraping log - scraper.py > get_service_info(): Line 316 - WARNING - sdt_01_04_md_sit_objets_divers_lignes: GetMap request is blocked for this layer
2025-12-07 04:31:02,185 - Scraping log - scraper.py > get_service_info(): Line 316 - WARNING - sdt_01_04_md_sit_objets_divers_polygones: GetMap request is blocked for this layer
2025-12-07 04:31:02,811 - Scraping log - scraper.py > get_service_info(): Line 316 - WARNING - sdt_01_04_md_sit_bf_bien_fonds: GetMap request is blocked for this layer
2025-12-07 04:31:03,429 - Scraping log - scraper.py > get_service_info(): Line 316 - WARNING - sdt_01_04_md_sit_bf_bien_fonds_proj: GetMap request is blocked for this layer
2025-12-07 04:31:04,039 - Scraping log - scraper.py > get_service_info(): Line 316 - WARNING - sdt_01_04_md_sit_bf_ddp: GetMap request is blocked for this layer
2025-12-07 04:31:04,643 - Scraping log - scraper.py > get_service_info(): Line 316 - WARNING - sdt_01_04_md_sit_bf_ddp_proj: GetMap request is blocked for this layer
2025-12-07 04:31:05,249 - Scraping log - scraper.py > get_service_info(): Line 316 - WARNING - sdt_01_04_md_sit_bf_posimmeuble_ligne_auxiliaire: GetMap request is blocked for this layer
2025-12-07 04:31:05,873 - Scraping log - scraper.py > get_service_info(): Line 316 - WARNING - sdt_01_04_md_sit_bf_posimmeuble_proj_ligne_aux: GetMap request is blocked for this layer
2025-12-07 04:31:06,494 - Scraping log - scraper.py > get_service_info(): Line 316 - WARNING - sdt_01_04_md_sit_bf_posimmeuble_1: GetMap request is blocked for this layer
2025-12-07 04:31:07,130 - Scraping log - scraper.py > get_service_info(): Line 316 - WARNING - sdt_01_04_md_sit_bf_posimmeuble_2: GetMap request is blocked for this layer
2025-12-07 04:31:07,753 - Scraping log - scraper.py > get_service_info(): Line 316 - WARNING - sdt_01_04_md_sit_bf_posimmeuble_proj_1: GetMap request is blocked for this layer
2025-12-07 04:31:08,403 - Scraping log - scraper.py > get_service_info(): Line 316 - WARNING - sdt_01_04_md_sit_bf_posimmeuble_proj_2: GetMap request is blocked for this layer
2025-12-07 04:31:09,016 - Scraping log - scraper.py > get_service_info(): Line 316 - WARNING - sdt_01_04_md_sit_objets_divers_ponctuel: GetMap request is blocked for this layer
2025-12-07 04:31:09,665 - Scraping log - scraper.py > get_service_info(): Line 316 - WARNING - sdt_01_04_md_sit_bf_points_limites: GetMap request is blocked for this layer
2025-12-07 04:31:10,268 - Scraping log - scraper.py > get_service_info(): Line 316 - WARNING - sdt_01_04_md_sit_nomenclature_noms_posnom_1: GetMap request is blocked for this layer
2025-12-07 04:31:10,886 - Scraping log - scraper.py > get_service_info(): Line 316 - WARNING - sdt_01_04_md_sit_adr_troncon_rue_gr_sdt_01_04: GetMap request is blocked for this layer
2025-12-07 04:31:11,694 - Scraping log - scraper.py > get_service_info(): Line 316 - WARNING - sdt_01_04_md_sit_nomenclature_noms_posnom_2: GetMap request is blocked for this layer
2025-12-07 04:31:12,309 - Scraping log - scraper.py > get_service_info(): Line 316 - WARNING - sdt_01_04_md_sit_nomenclature_noms_posnom: GetMap request is blocked for this layer
2025-12-07 04:31:12,922 - Scraping log - scraper.py > get_service_info(): Line 316 - WARNING - sdt_01_04_md_sit_cs_surface_batiment_seul: GetMap request is blocked for this layer
2025-12-07 04:31:13,574 - Scraping log - scraper.py > get_service_info(): Line 316 - WARNING - sdt_01_04_md_sit_adr_entree_batiment_seul: GetMap request is blocked for this layer
2025-12-07 04:31:14,189 - Scraping log - scraper.py > get_service_info(): Line 316 - WARNING - sdt_01_04_md_sit_cs_surface_batiments_proj_seul: GetMap request is blocked for this layer
2025-12-07 04:31:14,808 - Scraping log - scraper.py > get_service_info(): Line 316 - WARNING - sdt_01_04_md_sit_cs_numero_batiment_proj_seul: GetMap request is blocked for this layer
2025-12-07 04:31:15,418 - Scraping log - scraper.py > get_service_info(): Line 316 - WARNING - sdt_01_04_md_sit_adr_troncon_rue_1: GetMap request is blocked for this layer
2025-12-07 04:31:16,040 - Scraping log - scraper.py > get_service_info(): Line 316 - WARNING - sdt_01_04_md_sit_adr_troncon_rue_2: GetMap request is blocked for this layer
2025-12-07 04:31:16,644 - Scraping log - scraper.py > get_service_info(): Line 316 - WARNING - sdt_01_04_md_sit_as_element_lineaire: GetMap request is blocked for this layer
2025-12-07 04:31:17,252 - Scraping log - scraper.py > get_service_info(): Line 316 - WARNING - sdt_01_04_md_sit_as_element_surfacique: GetMap request is blocked for this layer
2025-12-07 04:31:17,864 - Scraping log - scraper.py > get_service_info(): Line 316 - WARNING - sdt_01_04_md_sit_bf_interrogation_accrochage: GetMap request is blocked for this layer
2025-12-07 04:31:18,478 - Scraping log - scraper.py > get_service_info(): Line 316 - WARNING - sdt_01_04_md_sit_bf_bien_fonds_accrochage: GetMap request is blocked for this layer
2025-12-07 04:31:19,093 - Scraping log - scraper.py > get_service_info(): Line 316 - WARNING - sdt_01_04_md_sit_bf_bien_fonds_proj_accrochage: GetMap request is blocked for this layer
2025-12-07 04:31:19,693 - Scraping log - scraper.py > get_service_info(): Line 316 - WARNING - sdt_01_04_md_sit_bf_ddp_accrochage: GetMap request is blocked for this layer
2025-12-07 04:31:20,307 - Scraping log - scraper.py > get_service_info(): Line 316 - WARNING - sdt_01_04_md_sit_bf_ddp_proj_accrochage: GetMap request is blocked for this layer
2025-12-07 04:31:20,921 - Scraping log - scraper.py > get_service_info(): Line 316 - WARNING - sdt_01_04_md_sit_objets_divers_polygones_accrochage_1: GetMap request is blocked for this layer
2025-12-07 04:31:21,533 - Scraping log - scraper.py > get_service_info(): Line 316 - WARNING - sdt_01_04_md_sit_objets_divers_lignes_accrochage: GetMap request is blocked for this layer
2025-12-07 04:31:22,189 - Scraping log - scraper.py > get_service_info(): Line 316 - WARNING - sdt_01_04_md_sit_objets_divers_polygones_accrochage_2: GetMap request is blocked for this layer
2025-12-07 04:31:22,815 - Scraping log - scraper.py > get_service_info(): Line 316 - WARNING - cad_cond_21_08_disponibilite_electricite_interrogation: GetMap request is blocked for this layer
2025-12-07 04:31:23,429 - Scraping log - scraper.py > get_service_info(): Line 316 - WARNING - cad_cond_21_08_disponibilite_electricite_Swissgrid: GetMap request is blocked for this layer
2025-12-07 04:31:24,067 - Scraping log - scraper.py > get_service_info(): Line 316 - WARNING - cad_cond_21_08_disponibilite_electricite_Soulce: GetMap request is blocked for this layer
2025-12-07 04:31:24,684 - Scraping log - scraper.py > get_service_info(): Line 316 - WARNING - cad_cond_21_08_disponibilite_electricite_Delemont: GetMap request is blocked for this layer
2025-12-07 04:31:25,312 - Scraping log - scraper.py > get_service_info(): Line 316 - WARNING - cad_cond_21_08_disponibilite_electricite_La_Goule: GetMap request is blocked for this layer
2025-12-07 04:31:25,921 - Scraping log - scraper.py > get_service_info(): Line 316 - WARNING - cad_cond_21_08_disponibilite_electricite_Develier: GetMap request is blocked for this layer
2025-12-07 04:31:26,531 - Scraping log - scraper.py > get_service_info(): Line 316 - WARNING - cad_cond_21_08_disponibilite_electricite_Courchapoix: GetMap request is blocked for this layer
2025-12-07 04:31:27,143 - Scraping log - scraper.py > get_service_info(): Line 316 - WARNING - cad_cond_21_08_disponibilite_electricite_BKW: GetMap request is blocked for this layer
2025-12-07 04:31:27,748 - Scraping log - scraper.py > get_service_info(): Line 316 - WARNING - swisstopo_11_01_siegfried_1945_raster: GetMap request is blocked for this layer
2025-12-07 04:31:28,369 - Scraping log - scraper.py > get_service_info(): Line 316 - WARNING - swisstopo_11_01_siegfried_1945_pas_data: GetMap request is blocked for this layer
2025-12-07 04:31:36,357 - Scraping log - scraper.py > get_service_info(): Line 316 - WARNING - swisstopo_11_02_cn10_2019: GetMap request is blocked for this layer
2025-12-07 04:31:39,234 - Scraping log - scraper.py > get_service_info(): Line 316 - WARNING - swisstopo_11_02_cn10_2023: GetMap request is blocked for this layer
2025-12-07 04:31:43,319 - Scraping log - scraper.py > get_service_info(): Line 316 - WARNING - occ_01_16_perimetres_plans_cadastraux_1800_1829_fusion: GetMap request is blocked for this layer
2025-12-07 04:31:44,555 - Scraping log - scraper.py > get_service_info(): Line 316 - WARNING - occ_01_16_perimetres_plans_cadastraux_1830_1859_fusion: GetMap request is blocked for this layer
2025-12-07 04:31:45,794 - Scraping log - scraper.py > get_service_info(): Line 316 - WARNING - occ_01_16_perimetres_plans_cadastraux_1860_1879_fusion: GetMap request is blocked for this layer
2025-12-07 04:31:47,035 - Scraping log - scraper.py > get_service_info(): Line 316 - WARNING - occ_01_16_perimetres_plans_cadastraux_1880_1899_fusion: GetMap request is blocked for this layer
2025-12-07 04:31:48,255 - Scraping log - scraper.py > get_service_info(): Line 316 - WARNING - occ_01_16_perimetres_plans_cadastraux_1900_1939_fusion: GetMap request is blocked for this layer
2025-12-07 04:31:48,900 - Scraping log - scraper.py > get_service_info(): Line 316 - WARNING - sdt_01_04_h_fond_blanc: GetMap request is blocked for this layer
2025-12-07 04:31:49,507 - Scraping log - scraper.py > get_service_info(): Line 316 - WARNING - sdt_01_04_h_bf_bien_fonds: GetMap request is blocked for this layer
2025-12-07 04:31:50,123 - Scraping log - scraper.py > get_service_info(): Line 316 - WARNING - sdt_01_04_h_bf_ddp: GetMap request is blocked for this layer
2025-12-07 04:31:50,837 - Scraping log - scraper.py > get_service_info(): Line 316 - WARNING - sdt_01_04_h_cs_surface: GetMap request is blocked for this layer
2025-12-07 04:31:51,569 - Scraping log - scraper.py > get_service_info(): Line 316 - WARNING - sdt_01_04_h_objets_divers_polygones_1: GetMap request is blocked for this layer
2025-12-07 04:31:52,181 - Scraping log - scraper.py > get_service_info(): Line 316 - WARNING - sdt_01_04_h_objets_divers_lignes: GetMap request is blocked for this layer
2025-12-07 04:31:52,800 - Scraping log - scraper.py > get_service_info(): Line 316 - WARNING - sdt_01_04_h_objets_divers_polygones_2: GetMap request is blocked for this layer
2025-12-07 04:31:53,421 - Scraping log - scraper.py > get_service_info(): Line 316 - WARNING - sdt_01_04_h_objets_divers_ponctuel: GetMap request is blocked for this layer
2025-12-07 04:31:54,138 - Scraping log - scraper.py > get_service_info(): Line 316 - WARNING - sdt_01_04_h_cs_surface_batiment: GetMap request is blocked for this layer
2025-12-07 04:31:54,756 - Scraping log - scraper.py > get_service_info(): Line 316 - WARNING - sdt_01_04_h_bf_points_limites: GetMap request is blocked for this layer
2025-12-07 04:31:55,449 - Scraping log - scraper.py > get_service_info(): Line 316 - WARNING - env_08_04_carte_indicative_dangers_effondrement_normal: GetMap request is blocked for this layer
2025-12-07 04:31:56,064 - Scraping log - scraper.py > get_service_info(): Line 316 - WARNING - env_08_04_carte_indicative_dangers_effondrement_simplifier: GetMap request is blocked for this layer
2025-12-07 04:31:56,699 - Scraping log - scraper.py > get_service_info(): Line 316 - WARNING - env_08_04_carte_indicative_dangers_effondrement_masque: GetMap request is blocked for this layer
2025-12-07 04:31:57,314 - Scraping log - scraper.py > get_service_info(): Line 316 - WARNING - env_08_07_cd_synthese_danger_interrogation: GetMap request is blocked for this layer
2025-12-07 04:31:57,947 - Scraping log - scraper.py > get_service_info(): Line 316 - WARNING - env_08_07_cd_synthese_danger_interrogation_simplifier: GetMap request is blocked for this layer
2025-12-07 04:31:58,574 - Scraping log - scraper.py > get_service_info(): Line 316 - WARNING - env_08_07_cd_synthese_danger_secteur_indication_dangers: GetMap request is blocked for this layer
2025-12-07 04:31:59,188 - Scraping log - scraper.py > get_service_info(): Line 316 - WARNING - env_08_07_cd_synthese_danger_secteur_indication_dangers_simplifier: GetMap request is blocked for this layer
2025-12-07 04:31:59,796 - Scraping log - scraper.py > get_service_info(): Line 316 - WARNING - env_08_07_cd_synthese_danger_residuel: GetMap request is blocked for this layer
2025-12-07 04:32:00,428 - Scraping log - scraper.py > get_service_info(): Line 316 - WARNING - env_08_07_cd_synthese_danger_residuel_simplifier: GetMap request is blocked for this layer
2025-12-07 04:32:01,071 - Scraping log - scraper.py > get_service_info(): Line 316 - WARNING - env_08_07_cd_synthese_danger_faible: GetMap request is blocked for this layer
2025-12-07 04:32:01,694 - Scraping log - scraper.py > get_service_info(): Line 316 - WARNING - env_08_07_cd_synthese_danger_faible_simplifier: GetMap request is blocked for this layer
2025-12-07 04:32:02,311 - Scraping log - scraper.py > get_service_info(): Line 316 - WARNING - env_08_07_cd_synthese_danger_moyen: GetMap request is blocked for this layer
2025-12-07 04:32:02,917 - Scraping log - scraper.py > get_service_info(): Line 316 - WARNING - env_08_07_cd_synthese_danger_moyen_simplifier: GetMap request is blocked for this layer
2025-12-07 04:32:03,539 - Scraping log - scraper.py > get_service_info(): Line 316 - WARNING - Cenv_08_07_cd_synthese_danger_eleve: GetMap request is blocked for this layer
2025-12-07 04:32:04,170 - Scraping log - scraper.py > get_service_info(): Line 316 - WARNING - env_08_07_cd_synthese_danger_eleve_simplifier: GetMap request is blocked for this layer
2025-12-07 04:32:04,777 - Scraping log - scraper.py > get_service_info(): Line 316 - WARNING - env_08_07_cd_synthese_danger_masque: GetMap request is blocked for this layer
2025-12-07 04:32:05,454 - Scraping log - scraper.py > get_service_info(): Line 316 - WARNING - env_08_02_cd_f_danger_chp_interrogation: GetMap request is blocked for this layer
2025-12-07 04:32:06,076 - Scraping log - scraper.py > get_service_info(): Line 316 - WARNING - env_08_02_cd_f_danger_chp_interrogation_simplifier: GetMap request is blocked for this layer
2025-12-07 04:32:06,692 - Scraping log - scraper.py > get_service_info(): Line 316 - WARNING - env_08_02_cd_f_danger_chp_indicative: GetMap request is blocked for this layer
2025-12-07 04:32:07,310 - Scraping log - scraper.py > get_service_info(): Line 316 - WARNING - env_08_02_cd_f_danger_chp_indicative_simplifier: GetMap request is blocked for this layer
2025-12-07 04:32:07,938 - Scraping log - scraper.py > get_service_info(): Line 316 - WARNING - env_08_02_cd_f_danger_chp_residuel: GetMap request is blocked for this layer
2025-12-07 04:32:08,558 - Scraping log - scraper.py > get_service_info(): Line 316 - WARNING - env_08_02_cd_f_danger_chp_residuel_simplifier: GetMap request is blocked for this layer
2025-12-07 04:32:09,170 - Scraping log - scraper.py > get_service_info(): Line 316 - WARNING - env_08_02_cd_f_danger_chp_faible: GetMap request is blocked for this layer
2025-12-07 04:32:09,781 - Scraping log - scraper.py > get_service_info(): Line 316 - WARNING - env_08_02_cd_f_danger_chp_faible_simplifier: GetMap request is blocked for this layer
2025-12-07 04:32:10,461 - Scraping log - scraper.py > get_service_info(): Line 316 - WARNING - env_08_02_cd_f_danger_chp_moyen: GetMap request is blocked for this layer
2025-12-07 04:32:11,100 - Scraping log - scraper.py > get_service_info(): Line 316 - WARNING - env_08_02_cd_f_danger_chp_moyen_simplifier: GetMap request is blocked for this layer
2025-12-07 04:32:11,716 - Scraping log - scraper.py > get_service_info(): Line 316 - WARNING - env_08_02_cd_f_danger_chp_eleve: GetMap request is blocked for this layer
2025-12-07 04:32:12,366 - Scraping log - scraper.py > get_service_info(): Line 316 - WARNING - env_08_02_cd_f_danger_chp_eleve_simplifier: GetMap request is blocked for this layer
2025-12-07 04:32:13,002 - Scraping log - scraper.py > get_service_info(): Line 316 - WARNING - env_08_02_cd_f_danger_chp_masque: GetMap request is blocked for this layer
2025-12-07 04:32:13,632 - Scraping log - scraper.py > get_service_info(): Line 316 - WARNING - env_08_02_cd_f_danger_ero_interrogation: GetMap request is blocked for this layer
2025-12-07 04:32:14,309 - Scraping log - scraper.py > get_service_info(): Line 316 - WARNING - env_08_02_cd_f_danger_ero_interrogation_simplifier: GetMap request is blocked for this layer
2025-12-07 04:32:14,926 - Scraping log - scraper.py > get_service_info(): Line 316 - WARNING - env_08_02_cd_f_danger_ero_indicative: GetMap request is blocked for this layer
2025-12-07 04:32:15,527 - Scraping log - scraper.py > get_service_info(): Line 316 - WARNING - env_08_02_cd_f_danger_ero_indicative_simplifier: GetMap request is blocked for this layer
2025-12-07 04:32:16,138 - Scraping log - scraper.py > get_service_info(): Line 316 - WARNING - env_08_02_cd_f_danger_ero_residuel: GetMap request is blocked for this layer
2025-12-07 04:32:16,756 - Scraping log - scraper.py > get_service_info(): Line 316 - WARNING - env_08_02_cd_f_danger_ero_residuel_simplifier: GetMap request is blocked for this layer
2025-12-07 04:32:17,366 - Scraping log - scraper.py > get_service_info(): Line 316 - WARNING - env_08_02_cd_f_danger_ero_faible: GetMap request is blocked for this layer
2025-12-07 04:32:17,995 - Scraping log - scraper.py > get_service_info(): Line 316 - WARNING - env_08_02_cd_f_danger_ero_faible_simplifier: GetMap request is blocked for this layer
2025-12-07 04:32:18,633 - Scraping log - scraper.py > get_service_info(): Line 316 - WARNING - env_08_02_cd_f_danger_ero_moyen: GetMap request is blocked for this layer
2025-12-07 04:32:19,237 - Scraping log - scraper.py > get_service_info(): Line 316 - WARNING - env_08_02_cd_f_danger_ero_moyen_simplifier: GetMap request is blocked for this layer
2025-12-07 04:32:19,851 - Scraping log - scraper.py > get_service_info(): Line 316 - WARNING - env_08_02_cd_f_danger_ero_eleve: GetMap request is blocked for this layer
2025-12-07 04:32:20,474 - Scraping log - scraper.py > get_service_info(): Line 316 - WARNING - env_08_02_cd_f_danger_ero_eleve_simplifier: GetMap request is blocked for this layer
2025-12-07 04:32:21,107 - Scraping log - scraper.py > get_service_info(): Line 316 - WARNING - env_08_02_cd_f_danger_ero_masque: GetMap request is blocked for this layer
2025-12-07 04:32:21,717 - Scraping log - scraper.py > get_service_info(): Line 316 - WARNING - env_08_02_cd_f_danger_glp_interrogation: GetMap request is blocked for this layer
2025-12-07 04:32:22,327 - Scraping log - scraper.py > get_service_info(): Line 316 - WARNING - env_08_02_cd_f_danger_glp_interrogation_simplifier: GetMap request is blocked for this layer
2025-12-07 04:32:22,939 - Scraping log - scraper.py > get_service_info(): Line 316 - WARNING - env_08_02_cd_f_danger_glp_indicative: GetMap request is blocked for this layer
2025-12-07 04:32:23,563 - Scraping log - scraper.py > get_service_info(): Line 316 - WARNING - env_08_02_cd_f_danger_glp_indicative_simplifier: GetMap request is blocked for this layer
2025-12-07 04:32:24,184 - Scraping log - scraper.py > get_service_info(): Line 316 - WARNING - env_08_02_cd_f_danger_glp_residuel: GetMap request is blocked for this layer
2025-12-07 04:32:24,791 - Scraping log - scraper.py > get_service_info(): Line 316 - WARNING - env_08_02_cd_f_danger_glp_residuel_simplifier: GetMap request is blocked for this layer
2025-12-07 04:32:25,506 - Scraping log - scraper.py > get_service_info(): Line 316 - WARNING - env_08_02_cd_f_danger_glp_faible: GetMap request is blocked for this layer
2025-12-07 04:32:26,128 - Scraping log - scraper.py > get_service_info(): Line 316 - WARNING - env_08_02_cd_f_danger_glp_faible_simplifier: GetMap request is blocked for this layer
2025-12-07 04:32:26,740 - Scraping log - scraper.py > get_service_info(): Line 316 - WARNING - env_08_02_cd_f_danger_glp_moyen: GetMap request is blocked for this layer
2025-12-07 04:32:27,364 - Scraping log - scraper.py > get_service_info(): Line 316 - WARNING - env_08_02_cd_f_danger_glp_moyen_simplifier: GetMap request is blocked for this layer
2025-12-07 04:32:27,969 - Scraping log - scraper.py > get_service_info(): Line 316 - WARNING - env_08_02_cd_f_danger_glp_eleve: GetMap request is blocked for this layer
2025-12-07 04:32:28,568 - Scraping log - scraper.py > get_service_info(): Line 316 - WARNING - env_08_02_cd_f_danger_glp_eleve_simplifier: GetMap request is blocked for this layer
2025-12-07 04:32:29,175 - Scraping log - scraper.py > get_service_info(): Line 316 - WARNING - env_08_02_cd_f_danger_glp_masque: GetMap request is blocked for this layer
2025-12-07 04:32:29,788 - Scraping log - scraper.py > get_service_info(): Line 316 - WARNING - env_08_02_cd_f_danger_gls_interrogation: GetMap request is blocked for this layer
2025-12-07 04:32:30,423 - Scraping log - scraper.py > get_service_info(): Line 316 - WARNING - env_08_02_cd_f_danger_gls_interrogation_simplifier: GetMap request is blocked for this layer
2025-12-07 04:32:31,022 - Scraping log - scraper.py > get_service_info(): Line 316 - WARNING - Cenv_08_02_cd_f_danger_gls_indicative: GetMap request is blocked for this layer
2025-12-07 04:32:31,634 - Scraping log - scraper.py > get_service_info(): Line 316 - WARNING - Cenv_08_02_cd_f_danger_gls_indicative_simplifier: GetMap request is blocked for this layer
2025-12-07 04:32:32,257 - Scraping log - scraper.py > get_service_info(): Line 316 - WARNING - env_08_02_cd_f_danger_gls_residuel: GetMap request is blocked for this layer
2025-12-07 04:32:32,884 - Scraping log - scraper.py > get_service_info(): Line 316 - WARNING - env_08_02_cd_f_danger_gls_residuel_simplifier: GetMap request is blocked for this layer
2025-12-07 04:32:33,498 - Scraping log - scraper.py > get_service_info(): Line 316 - WARNING - env_08_02_cd_f_danger_gls_faible: GetMap request is blocked for this layer
2025-12-07 04:32:34,127 - Scraping log - scraper.py > get_service_info(): Line 316 - WARNING - env_08_02_cd_f_danger_gls_faible_simplifier: GetMap request is blocked for this layer
2025-12-07 04:32:34,725 - Scraping log - scraper.py > get_service_info(): Line 316 - WARNING - env_08_02_cd_f_danger_gls_moyen: GetMap request is blocked for this layer
2025-12-07 04:32:35,337 - Scraping log - scraper.py > get_service_info(): Line 316 - WARNING - env_08_02_cd_f_danger_gls_moyen_simplifier: GetMap request is blocked for this layer
2025-12-07 04:32:35,979 - Scraping log - scraper.py > get_service_info(): Line 316 - WARNING - env_08_02_cd_f_danger_gls_eleve: GetMap request is blocked for this layer
2025-12-07 04:32:36,599 - Scraping log - scraper.py > get_service_info(): Line 316 - WARNING - Cenv_08_02_cd_f_danger_gls_eleve_simplifier: GetMap request is blocked for this layer
2025-12-07 04:32:37,218 - Scraping log - scraper.py > get_service_info(): Line 316 - WARNING - env_08_02_cd_f_danger_gls_masque: GetMap request is blocked for this layer
2025-12-07 04:32:37,828 - Scraping log - scraper.py > get_service_info(): Line 316 - WARNING - env_08_02_cd_f_danger_ino_interrogation: GetMap request is blocked for this layer
2025-12-07 04:32:38,441 - Scraping log - scraper.py > get_service_info(): Line 316 - WARNING - env_08_02_cd_f_danger_ino_interrogation_simplifier: GetMap request is blocked for this layer
2025-12-07 04:32:39,049 - Scraping log - scraper.py > get_service_info(): Line 316 - WARNING - env_08_02_cd_f_danger_ino_indicative: GetMap request is blocked for this layer
2025-12-07 04:32:39,658 - Scraping log - scraper.py > get_service_info(): Line 316 - WARNING - env_08_02_cd_f_danger_ino_indicative_simplifier: GetMap request is blocked for this layer
2025-12-07 04:32:40,274 - Scraping log - scraper.py > get_service_info(): Line 316 - WARNING - env_08_02_cd_f_danger_ino_residuel: GetMap request is blocked for this layer
2025-12-07 04:32:40,900 - Scraping log - scraper.py > get_service_info(): Line 316 - WARNING - env_08_02_cd_f_danger_ino_residuel_simplifier: GetMap request is blocked for this layer
2025-12-07 04:32:41,512 - Scraping log - scraper.py > get_service_info(): Line 316 - WARNING - env_08_02_cd_f_danger_ino_faible: GetMap request is blocked for this layer
2025-12-07 04:32:42,115 - Scraping log - scraper.py > get_service_info(): Line 316 - WARNING - env_08_02_cd_f_danger_ino_faible_simplifier: GetMap request is blocked for this layer
2025-12-07 04:32:42,732 - Scraping log - scraper.py > get_service_info(): Line 316 - WARNING - env_08_02_cd_f_danger_ino_moyen: GetMap request is blocked for this layer
2025-12-07 04:32:43,355 - Scraping log - scraper.py > get_service_info(): Line 316 - WARNING - env_08_02_cd_f_danger_ino_moyen_simplifier: GetMap request is blocked for this layer
2025-12-07 04:32:43,988 - Scraping log - scraper.py > get_service_info(): Line 316 - WARNING - env_08_02_cd_f_danger_ino_eleve: GetMap request is blocked for this layer
2025-12-07 04:32:44,601 - Scraping log - scraper.py > get_service_info(): Line 316 - WARNING - env_08_02_cd_f_danger_ino_eleve_simplifier: GetMap request is blocked for this layer
2025-12-07 04:32:45,206 - Scraping log - scraper.py > get_service_info(): Line 316 - WARNING - env_08_02_cd_f_danger_ino_masque: GetMap request is blocked for this layer
2025-12-07 04:32:45,812 - Scraping log - scraper.py > get_service_info(): Line 316 - WARNING - ofev_08_08_carte_alea_ruissellement_normal: GetMap request is blocked for this layer
2025-12-07 04:32:46,499 - Scraping log - scraper.py > get_service_info(): Line 316 - WARNING - ofev_08_08_carte_alea_ruissellement_simplifier: GetMap request is blocked for this layer
2025-12-07 04:32:47,139 - Scraping log - scraper.py > get_service_info(): Line 316 - WARNING - ofev_08_08_carte_alea_ruissellement_masque: GetMap request is blocked for this layer
2025-12-07 04:32:47,761 - Scraping log - scraper.py > get_service_info(): Line 316 - WARNING - env_21_17_cad_ouvrages_routiers_protection_dn_poly: GetMap request is blocked for this layer
2025-12-07 04:32:48,368 - Scraping log - scraper.py > get_service_info(): Line 316 - WARNING - env_21_17_cad_ouvrages_routiers_protection_dn_ligne: GetMap request is blocked for this layer
2025-12-07 04:32:49,008 - Scraping log - scraper.py > get_service_info(): Line 316 - WARNING - env_21_17_cad_ouvrages_routiers_protection_dn_point: GetMap request is blocked for this layer
2025-12-07 04:32:49,643 - Scraping log - scraper.py > get_service_info(): Line 316 - WARNING - env_15_12_strategie_hydroelectrique_ju: GetMap request is blocked for this layer
2025-12-07 04:32:50,270 - Scraping log - scraper.py > get_service_info(): Line 316 - WARNING - env_15_12_points_en_exploitation: GetMap request is blocked for this layer
2025-12-07 04:32:50,888 - Scraping log - scraper.py > get_service_info(): Line 316 - WARNING - sdt_15_06_sites_eoliens_potentiels_interrogation: GetMap request is blocked for this layer
2025-12-07 04:32:51,504 - Scraping log - scraper.py > get_service_info(): Line 316 - WARNING - sdt_15_06_sites_eoliens_potentiels_coordination: GetMap request is blocked for this layer
2025-12-07 04:32:52,124 - Scraping log - scraper.py > get_service_info(): Line 316 - WARNING - sdt_15_06_sites_eoliens_potentiels_projet_modele: GetMap request is blocked for this layer
2025-12-07 04:32:52,752 - Scraping log - scraper.py > get_service_info(): Line 316 - WARNING - env_03_05_nature_forestiere_indicative_geom_normal: GetMap request is blocked for this layer
2025-12-07 04:32:53,484 - Scraping log - scraper.py > get_service_info(): Line 316 - WARNING - env_03_05_nature_forestiere_indicative_geom_simplifier: GetMap request is blocked for this layer
2025-12-07 04:32:54,091 - Scraping log - scraper.py > get_service_info(): Line 316 - WARNING - env_03_29_prediction_etat_sante_hetre_2022_1: GetMap request is blocked for this layer
2025-12-07 04:32:54,697 - Scraping log - scraper.py > get_service_info(): Line 316 - WARNING - env_03_29_prediction_etat_sante_hetre_2022_2: GetMap request is blocked for this layer
2025-12-07 04:32:55,298 - Scraping log - scraper.py > get_service_info(): Line 316 - WARNING - swisstopo_18_04_cartes_geologiques_metainfos: GetMap request is blocked for this layer
2025-12-07 04:33:02,879 - Scraping log - scraper.py > get_service_info(): Line 316 - WARNING - env_18_03_geothermie_limitation_forages_sondes_geothermiques_original: GetMap request is blocked for this layer
2025-12-07 04:33:03,492 - Scraping log - scraper.py > get_service_info(): Line 316 - WARNING - env_18_03_geothermie_limitation_forages_sondes_geothermiques_1: GetMap request is blocked for this layer
2025-12-07 04:33:04,107 - Scraping log - scraper.py > get_service_info(): Line 316 - WARNING - env_18_03_geothermie_limitation_forages_sondes_geothermiques_2: GetMap request is blocked for this layer
2025-12-07 04:33:04,723 - Scraping log - scraper.py > get_service_info(): Line 316 - WARNING - env_18_01_geotopes_geomorphologiques_polygone_interrogation: GetMap request is blocked for this layer
2025-12-07 04:33:05,342 - Scraping log - scraper.py > get_service_info(): Line 316 - WARNING - env_18_01_geotopes_geomorphologiques_polygone_combe_anticlinal_1: GetMap request is blocked for this layer
2025-12-07 04:33:06,143 - Scraping log - scraper.py > get_service_info(): Line 316 - WARNING - env_18_01_geotopes_geomorphologiques_polygone_combe_anticlinal_2: GetMap request is blocked for this layer
2025-12-07 04:33:06,765 - Scraping log - scraper.py > get_service_info(): Line 316 - WARNING - env_18_01_geotopes_geomorphologiques_polygone_polje: GetMap request is blocked for this layer
2025-12-07 04:33:07,539 - Scraping log - scraper.py > get_service_info(): Line 316 - WARNING - env_18_01_geotopes_geomorphologiques_polygone_alignement_doline: GetMap request is blocked for this layer
2025-12-07 04:33:08,219 - Scraping log - scraper.py > get_service_info(): Line 316 - WARNING - env_18_01_geotopes_geomorphologiques_polygone_glissement_terrain: GetMap request is blocked for this layer
2025-12-07 04:33:08,961 - Scraping log - scraper.py > get_service_info(): Line 316 - WARNING - env_18_01_geotopes_geomorphologiques_polygone_tourbiere: GetMap request is blocked for this layer
2025-12-07 04:33:09,610 - Scraping log - scraper.py > get_service_info(): Line 316 - WARNING - env_18_01_geotopes_geomorphologiques_polygone_vallee: GetMap request is blocked for this layer
2025-12-07 04:33:10,247 - Scraping log - scraper.py > get_service_info(): Line 316 - WARNING - env_18_01_geotopes_geomorphologiques_polygone_zone_alluviale: GetMap request is blocked for this layer
2025-12-07 04:33:10,991 - Scraping log - scraper.py > get_service_info(): Line 316 - WARNING - env_18_01_geotopes_geomorphologiques_polygone_zone_humide: GetMap request is blocked for this layer
2025-12-07 04:33:11,602 - Scraping log - scraper.py > get_service_info(): Line 316 - WARNING - env_18_01_geotopes_geomorphologiques_polygone_anticlinal_1: GetMap request is blocked for this layer
2025-12-07 04:33:12,215 - Scraping log - scraper.py > get_service_info(): Line 316 - WARNING - env_18_01_geotopes_geomorphologiques_polygone_anticlinal_2: GetMap request is blocked for this layer
2025-12-07 04:33:12,853 - Scraping log - scraper.py > get_service_info(): Line 316 - WARNING - env_18_01_geotopes_geomorphologiques_polygone_butte_temoin_1: GetMap request is blocked for this layer
2025-12-07 04:33:13,459 - Scraping log - scraper.py > get_service_info(): Line 316 - WARNING - env_18_01_geotopes_geomorphologiques_polygone_butte_temoin_2: GetMap request is blocked for this layer
2025-12-07 04:33:14,113 - Scraping log - scraper.py > get_service_info(): Line 316 - WARNING - env_18_01_geotopes_geomorphologiques_polygone_cluse_1: GetMap request is blocked for this layer
2025-12-07 04:33:14,729 - Scraping log - scraper.py > get_service_info(): Line 316 - WARNING - env_18_01_geotopes_geomorphologiques_polygone_cluse_2: GetMap request is blocked for this layer
2025-12-07 04:33:15,342 - Scraping log - scraper.py > get_service_info(): Line 316 - WARNING - env_18_01_geotopes_geomorphologiques_polygone_combe_lateral: GetMap request is blocked for this layer
2025-12-07 04:33:15,980 - Scraping log - scraper.py > get_service_info(): Line 316 - WARNING - env_18_01_geotopes_geomorphologiques_polygone_cone_dejection: GetMap request is blocked for this layer
2025-12-07 04:33:16,595 - Scraping log - scraper.py > get_service_info(): Line 316 - WARNING - env_18_01_geotopes_geomorphologiques_polygone_cret: GetMap request is blocked for this layer
2025-12-07 04:33:17,387 - Scraping log - scraper.py > get_service_info(): Line 316 - WARNING - env_18_01_geotopes_geomorphologiques_polygone_decoiffement_1: GetMap request is blocked for this layer
2025-12-07 04:33:18,032 - Scraping log - scraper.py > get_service_info(): Line 316 - WARNING - env_18_01_geotopes_geomorphologiques_polygone_decoiffement_2: GetMap request is blocked for this layer
2025-12-07 04:33:18,659 - Scraping log - scraper.py > get_service_info(): Line 316 - WARNING - env_18_01_geotopes_geomorphologiques_polygone_mont_derive: GetMap request is blocked for this layer
2025-12-07 04:33:19,317 - Scraping log - scraper.py > get_service_info(): Line 316 - WARNING - env_18_01_geotopes_geomorphologiques_polygone_ouvala_1: GetMap request is blocked for this layer
2025-12-07 04:33:19,945 - Scraping log - scraper.py > get_service_info(): Line 316 - WARNING - env_18_01_geotopes_geomorphologiques_polygone_ouvala_2: GetMap request is blocked for this layer
2025-12-07 04:33:20,565 - Scraping log - scraper.py > get_service_info(): Line 316 - WARNING - env_18_01_geotopes_geomorphologiques_polygone_synclinal_perche_1: GetMap request is blocked for this layer
2025-12-07 04:33:21,176 - Scraping log - scraper.py > get_service_info(): Line 316 - WARNING - env_18_01_geotopes_geomorphologiques_polygone_synclinal_perche_2: GetMap request is blocked for this layer
2025-12-07 04:33:21,780 - Scraping log - scraper.py > get_service_info(): Line 316 - WARNING - env_18_01_geotopes_geomorphologiques_polygone_vallee_seche_1: GetMap request is blocked for this layer
2025-12-07 04:33:22,411 - Scraping log - scraper.py > get_service_info(): Line 316 - WARNING - env_18_01_geotopes_geomorphologiques_polygone_vallee_seche_2: GetMap request is blocked for this layer
2025-12-07 04:33:23,029 - Scraping log - scraper.py > get_service_info(): Line 316 - WARNING - env_18_01_geotopes_geomorphologiques_polygone_versant_monoclinal_1: GetMap request is blocked for this layer
2025-12-07 04:33:23,643 - Scraping log - scraper.py > get_service_info(): Line 316 - WARNING - env_18_01_geotopes_geomorphologiques_polygone_versant_monoclinal_2: GetMap request is blocked for this layer
2025-12-07 04:33:24,251 - Scraping log - scraper.py > get_service_info(): Line 316 - WARNING - env_04_01_reserves_naturelles_zones_protection_paysagere_Interrogation: GetMap request is blocked for this layer
2025-12-07 04:33:24,852 - Scraping log - scraper.py > get_service_info(): Line 316 - WARNING - env_04_01_reserves_naturelles_en_vigeur: GetMap request is blocked for this layer
2025-12-07 04:33:25,476 - Scraping log - scraper.py > get_service_info(): Line 316 - WARNING - env_04_01_zone_protection_paysagere_en_vigeur: GetMap request is blocked for this layer
2025-12-07 04:33:26,116 - Scraping log - scraper.py > get_service_info(): Line 316 - WARNING - env_04_01_reserves_naturelles_modification_avec_effet_juridique: GetMap request is blocked for this layer
2025-12-07 04:33:26,729 - Scraping log - scraper.py > get_service_info(): Line 316 - WARNING - env_04_01_zones_protection_paysagere_modification_sans_effet_juridique: GetMap request is blocked for this layer
2025-12-07 04:33:27,346 - Scraping log - scraper.py > get_service_info(): Line 316 - WARNING - env_04_01_reserves_naturelles_modification_sans_effet_juridique: GetMap request is blocked for this layer
2025-12-07 04:33:28,082 - Scraping log - scraper.py > get_service_info(): Line 316 - WARNING - env_04_01_zones_protection_paysagere_modification_avec_effet_juridique: GetMap request is blocked for this layer
2025-12-07 04:33:28,716 - Scraping log - scraper.py > get_service_info(): Line 316 - WARNING - env_04_27_neophytes_point_ambroisie_interrogation: GetMap request is blocked for this layer
2025-12-07 04:33:29,339 - Scraping log - scraper.py > get_service_info(): Line 316 - WARNING - env_04_27_neophytes_ambroisie_point: GetMap request is blocked for this layer
2025-12-07 04:33:29,946 - Scraping log - scraper.py > get_service_info(): Line 316 - WARNING - env_04_27_neophytes_poly_ambroisie: GetMap request is blocked for this layer
2025-12-07 04:33:30,549 - Scraping log - scraper.py > get_service_info(): Line 316 - WARNING - env_04_27_neophytes_ailante_interrogation: GetMap request is blocked for this layer
2025-12-07 04:33:31,151 - Scraping log - scraper.py > get_service_info(): Line 316 - WARNING - env_04_27_neophytes_ailante_ailante_point: GetMap request is blocked for this layer
2025-12-07 04:33:31,769 - Scraping log - scraper.py > get_service_info(): Line 316 - WARNING - env_04_27_neophytes_ailante_poly: GetMap request is blocked for this layer
2025-12-07 04:33:32,440 - Scraping log - scraper.py > get_service_info(): Line 316 - WARNING - env_04_27_neophytes_berce_caucase_interrogation: GetMap request is blocked for this layer
2025-12-07 04:33:33,063 - Scraping log - scraper.py > get_service_info(): Line 316 - WARNING - env_04_27_neophytes_berce_caucase_point: GetMap request is blocked for this layer
2025-12-07 04:33:33,678 - Scraping log - scraper.py > get_service_info(): Line 316 - WARNING - env_04_27_neophytes_berce_caucase_poly: GetMap request is blocked for this layer
2025-12-07 04:33:34,285 - Scraping log - scraper.py > get_service_info(): Line 316 - WARNING - env_04_27_neophytes_impatiente_glanduleuse_interrogation: GetMap request is blocked for this layer
2025-12-07 04:33:34,908 - Scraping log - scraper.py > get_service_info(): Line 316 - WARNING - env_04_27_neophytes_impatiente_glanduleuse_point: GetMap request is blocked for this layer
2025-12-07 04:33:35,531 - Scraping log - scraper.py > get_service_info(): Line 316 - WARNING - env_04_27_neophytes_impatiente_glanduleuse_poly: GetMap request is blocked for this layer
2025-12-07 04:33:36,130 - Scraping log - scraper.py > get_service_info(): Line 316 - WARNING - env_04_27_neophyte_renouee_exotique_interrogation: GetMap request is blocked for this layer
2025-12-07 04:33:36,736 - Scraping log - scraper.py > get_service_info(): Line 316 - WARNING - env_04_27_neophyte_renouee_exotique_point: GetMap request is blocked for this layer
2025-12-07 04:33:37,364 - Scraping log - scraper.py > get_service_info(): Line 316 - WARNING - env_04_27_neophyte_renouee_exotique_poly: GetMap request is blocked for this layer
2025-12-07 04:33:37,994 - Scraping log - scraper.py > get_service_info(): Line 316 - WARNING - env_04_27_neophytes_solidage_canada_interrogation: GetMap request is blocked for this layer
2025-12-07 04:33:38,624 - Scraping log - scraper.py > get_service_info(): Line 316 - WARNING - env_04_27_neophytes_solidage_canada_point: GetMap request is blocked for this layer
2025-12-07 04:33:39,237 - Scraping log - scraper.py > get_service_info(): Line 316 - WARNING - env_04_27_neophytes_solidage_canada_poly: GetMap request is blocked for this layer
2025-12-07 04:33:39,852 - Scraping log - scraper.py > get_service_info(): Line 316 - WARNING - env_06_02_ecomorphologie_troncon_1: GetMap request is blocked for this layer
2025-12-07 04:33:40,511 - Scraping log - scraper.py > get_service_info(): Line 316 - WARNING - env_06_02_ecomorphologie_troncon_2: GetMap request is blocked for this layer
2025-12-07 04:33:41,155 - Scraping log - scraper.py > get_service_info(): Line 316 - WARNING - env_06_02_ecomorphologie_photos_interrogation: GetMap request is blocked for this layer
2025-12-07 04:33:41,765 - Scraping log - scraper.py > get_service_info(): Line 316 - WARNING - env_06_02_ecomorphologie_photos_points: GetMap request is blocked for this layer
2025-12-07 04:33:42,367 - Scraping log - scraper.py > get_service_info(): Line 316 - WARNING - sdt_04_21_inventaire_arbres_sur_tiges_interrogation: GetMap request is blocked for this layer
2025-12-07 04:33:42,974 - Scraping log - scraper.py > get_service_info(): Line 316 - WARNING - sdt_04_21_inventaire_arbres_sur_tiges_points: GetMap request is blocked for this layer
2025-12-07 04:33:43,575 - Scraping log - scraper.py > get_service_info(): Line 316 - WARNING - env_04_32_40ans_40_chenes_interrogation: GetMap request is blocked for this layer
2025-12-07 04:33:44,191 - Scraping log - scraper.py > get_service_info(): Line 316 - WARNING - env_04_32_40ans_40_chenes_point: GetMap request is blocked for this layer
2025-12-07 04:33:44,817 - Scraping log - scraper.py > get_service_info(): Line 316 - WARNING - sdt_10_14_thalweg_2022_normal: GetMap request is blocked for this layer
2025-12-07 04:33:45,419 - Scraping log - scraper.py > get_service_info(): Line 316 - WARNING - sdt_10_14_thalweg_2022_simplifier_1: GetMap request is blocked for this layer
2025-12-07 04:33:46,029 - Scraping log - scraper.py > get_service_info(): Line 316 - WARNING - sdt_10_14_thalweg_2022_simplifier_2: GetMap request is blocked for this layer
2025-12-07 04:33:46,645 - Scraping log - scraper.py > get_service_info(): Line 316 - WARNING - env_04_43_arbres_haies_bosquets_forets_1: GetMap request is blocked for this layer
2025-12-07 04:33:47,280 - Scraping log - scraper.py > get_service_info(): Line 316 - WARNING - env_04_43_arbres_haies_bosquets_forets_2: GetMap request is blocked for this layer
2025-12-07 04:33:47,909 - Scraping log - scraper.py > get_service_info(): Line 316 - WARNING - sdt_02_15_isos_poly: GetMap request is blocked for this layer
2025-12-07 04:33:48,526 - Scraping log - scraper.py > get_service_info(): Line 316 - WARNING - sdt_02_15_isos_masque_limite_echelle: GetMap request is blocked for this layer
2025-12-07 04:33:49,152 - Scraping log - scraper.py > get_service_info(): Line 316 - WARNING - occ_21_11_icomos_recensement_parcs_jardins_historiques_interrogation: GetMap request is blocked for this layer
2025-12-07 04:33:49,763 - Scraping log - scraper.py > get_service_info(): Line 316 - WARNING - occ_21_11_icomos_recensement_parcs_jardins_historiques_cluster: GetMap request is blocked for this layer
2025-12-07 04:33:50,383 - Scraping log - scraper.py > get_service_info(): Line 316 - WARNING - occ_02_14_rbc_interrogation: GetMap request is blocked for this layer
2025-12-07 04:33:51,014 - Scraping log - scraper.py > get_service_info(): Line 316 - WARNING - occ_02_14_rbc_cluster: GetMap request is blocked for this layer
2025-12-07 04:33:51,623 - Scraping log - scraper.py > get_service_info(): Line 316 - WARNING - occ_02_14_rbc_point: GetMap request is blocked for this layer
2025-12-07 04:33:52,237 - Scraping log - scraper.py > get_service_info(): Line 316 - WARNING - occ_02_27_petit_patrimoine_ligne: GetMap request is blocked for this layer
2025-12-07 04:33:52,850 - Scraping log - scraper.py > get_service_info(): Line 316 - WARNING - occ_02_27_petit_patrimoine_point: GetMap request is blocked for this layer
2025-12-07 04:34:05,161 - Scraping log - scraper.py > get_service_info(): Line 316 - WARNING - sdt_11_07_ortho_2018_01_23_st_ursanne_copyright: GetMap request is blocked for this layer
2025-12-07 04:34:26,921 - Scraping log - scraper.py > get_service_info(): Line 316 - WARNING - sdt_09_05_gares_1: GetMap request is blocked for this layer
2025-12-07 04:34:27,550 - Scraping log - scraper.py > get_service_info(): Line 316 - WARNING - sdt_09_05_gares_2: GetMap request is blocked for this layer
2025-12-07 04:34:28,286 - Scraping log - scraper.py > get_service_info(): Line 316 - WARNING - sdt_09_07_arrets_de_bus_interrogation: GetMap request is blocked for this layer
2025-12-07 04:34:28,921 - Scraping log - scraper.py > get_service_info(): Line 316 - WARNING - sdt_09_07_arrets_de_bus_1: GetMap request is blocked for this layer
2025-12-07 04:34:29,544 - Scraping log - scraper.py > get_service_info(): Line 316 - WARNING - sdt_09_07_arrets_de_bus_2: GetMap request is blocked for this layer
2025-12-07 04:34:30,158 - Scraping log - scraper.py > get_service_info(): Line 316 - WARNING - sdt_09_07_arrets_de_bus_interrogation_nocturne: GetMap request is blocked for this layer
2025-12-07 04:34:30,778 - Scraping log - scraper.py > get_service_info(): Line 316 - WARNING - sdt_09_07_arrets_de_bus_1_nocturne: GetMap request is blocked for this layer
2025-12-07 04:34:31,388 - Scraping log - scraper.py > get_service_info(): Line 316 - WARNING - sdt_09_07_arrets_de_bus_2_nocturne: GetMap request is blocked for this layer
2025-12-07 04:34:32,004 - Scraping log - scraper.py > get_service_info(): Line 316 - WARNING - sdt_09_13_aires_covoiturage_1: GetMap request is blocked for this layer
2025-12-07 04:34:32,747 - Scraping log - scraper.py > get_service_info(): Line 316 - WARNING - sdt_09_13_aires_covoiturage_2: GetMap request is blocked for this layer
2025-12-07 04:34:33,356 - Scraping log - scraper.py > get_service_info(): Line 316 - WARNING - sdt_09_24_aerodrome_1: GetMap request is blocked for this layer
2025-12-07 04:34:33,979 - Scraping log - scraper.py > get_service_info(): Line 316 - WARNING - sdt_09_24_aerodrome_2: GetMap request is blocked for this layer
2025-12-07 04:34:34,731 - Scraping log - scraper.py > get_service_info(): Line 316 - WARNING - sdt_09_03_itineraires_vtt_interrogation: GetMap request is blocked for this layer
2025-12-07 04:34:35,371 - Scraping log - scraper.py > get_service_info(): Line 316 - WARNING - sdt_09_03_itineraires_vtt_liaison: GetMap request is blocked for this layer
2025-12-07 04:34:35,975 - Scraping log - scraper.py > get_service_info(): Line 316 - WARNING - sdt_09_03_itineraires_vtt_facile: GetMap request is blocked for this layer
2025-12-07 04:34:36,581 - Scraping log - scraper.py > get_service_info(): Line 316 - WARNING - sdt_09_03_itineraires_vtt_moyen: GetMap request is blocked for this layer
2025-12-07 04:34:37,210 - Scraping log - scraper.py > get_service_info(): Line 316 - WARNING - sdt_09_03_itineraires_vtt_difficile: GetMap request is blocked for this layer
2025-12-07 04:34:37,828 - Scraping log - scraper.py > get_service_info(): Line 316 - WARNING - sdt_09_03_numero_itineraires_vtt: GetMap request is blocked for this layer
2025-12-07 04:34:38,475 - Scraping log - scraper.py > get_service_info(): Line 316 - WARNING - sdt_09_03_itineraires_vtt_sens: GetMap request is blocked for this layer
2025-12-07 04:34:39,157 - Scraping log - scraper.py > get_service_info(): Line 316 - WARNING - sdt_09_21_panneaux_information_vtt_1: GetMap request is blocked for this layer
2025-12-07 04:34:39,758 - Scraping log - scraper.py > get_service_info(): Line 316 - WARNING - sdt_09_21_panneaux_information_vtt_2: GetMap request is blocked for this layer
2025-12-07 04:34:40,405 - Scraping log - scraper.py > get_service_info(): Line 316 - WARNING - sdt_17_07_places_pique_nique_interrogation: GetMap request is blocked for this layer
2025-12-07 04:34:41,031 - Scraping log - scraper.py > get_service_info(): Line 316 - WARNING - sdt_17_07_places_pique_nique_cluster: GetMap request is blocked for this layer
2025-12-07 04:34:41,651 - Scraping log - scraper.py > get_service_info(): Line 316 - WARNING - sdt_17_06_cabanes_forestieres_interrogation: GetMap request is blocked for this layer
2025-12-07 04:34:42,258 - Scraping log - scraper.py > get_service_info(): Line 316 - WARNING - sdt_17_06_cabanes_forestieres_cluster: GetMap request is blocked for this layer
2025-12-07 04:34:42,862 - Scraping log - scraper.py > get_service_info(): Line 316 - WARNING - sdt_17_12_camping_interrogation: GetMap request is blocked for this layer
2025-12-07 04:34:43,483 - Scraping log - scraper.py > get_service_info(): Line 316 - WARNING - sdt_17_12_camping_cluster: GetMap request is blocked for this layer
2025-12-07 04:34:44,093 - Scraping log - scraper.py > get_service_info(): Line 316 - WARNING - sdt_17_13_cabanes_an_cas_interrogation: GetMap request is blocked for this layer
2025-12-07 04:34:44,694 - Scraping log - scraper.py > get_service_info(): Line 316 - WARNING - sdt_17_13_cabanes_an_cas_cluster: GetMap request is blocked for this layer
2025-12-07 04:34:45,347 - Scraping log - scraper.py > get_service_info(): Line 316 - WARNING - sdt_09_14_chemins_randonnee_pedestre_poteaux_balisage: GetMap request is blocked for this layer
2025-12-07 04:34:45,978 - Scraping log - scraper.py > get_service_info(): Line 316 - WARNING - sdt_09_14_chemins_randonnee_pedestre_temps_de_marche_texte: GetMap request is blocked for this layer
2025-12-07 04:34:46,587 - Scraping log - scraper.py > get_service_info(): Line 316 - WARNING - sdt_09_14_chemins_randonnee_pedestre_fleches: GetMap request is blocked for this layer
2025-12-07 04:34:47,200 - Scraping log - scraper.py > get_service_info(): Line 316 - WARNING - sdt_09_08_fermeture_provisoire_polygone: GetMap request is blocked for this layer
2025-12-07 04:34:47,844 - Scraping log - scraper.py > get_service_info(): Line 316 - WARNING - sdt_09_08_fermeture_provisoire_point: GetMap request is blocked for this layer
2025-12-07 04:34:48,459 - Scraping log - scraper.py > get_service_info(): Line 316 - WARNING - sdt_17_11_pistes_pour_cavaliers_itineraires: GetMap request is blocked for this layer
2025-12-07 04:34:49,063 - Scraping log - scraper.py > get_service_info(): Line 316 - WARNING - sdt_17_11_pistes_pour_cavaliers_numero_itineraire: GetMap request is blocked for this layer
2025-12-07 04:34:49,797 - Scraping log - scraper.py > get_service_info(): Line 316 - WARNING - env_03_13_arbres_remarquables_points_interrogation: GetMap request is blocked for this layer
2025-12-07 04:34:50,419 - Scraping log - scraper.py > get_service_info(): Line 316 - WARNING - env_03_13_arbres_remarquables_points_publier: GetMap request is blocked for this layer
2025-12-07 04:34:51,046 - Scraping log - scraper.py > get_service_info(): Line 316 - WARNING - env_03_13_arbres_remarquables_points_validation: GetMap request is blocked for this layer
2025-12-07 04:34:51,650 - Scraping log - scraper.py > get_service_info(): Line 316 - WARNING - sdt_17_11_pistes_equesteres_chemins_pedestres_hivernaux_reseaux: GetMap request is blocked for this layer
2025-12-07 04:34:52,285 - Scraping log - scraper.py > get_service_info(): Line 316 - WARNING - sdt_17_11_pistes_equesteres_chemins_pedestres_hivernaux_parc: GetMap request is blocked for this layer
2025-12-07 04:34:52,897 - Scraping log - scraper.py > get_service_info(): Line 316 - WARNING - sdt_17_11_parcours_vita_itineraires: GetMap request is blocked for this layer
2025-12-07 04:34:53,555 - Scraping log - scraper.py > get_service_info(): Line 316 - WARNING - sdt_17_11_parcours_vita_depart: GetMap request is blocked for this layer
2025-12-07 04:34:54,190 - Scraping log - scraper.py > get_service_info(): Line 316 - WARNING - osm_ombrage_1m: GetMap request is blocked for this layer
2025-12-07 04:34:55,495 - Scraping log - scraper.py > get_service_info(): Line 316 - WARNING - osm_perimetre_zone_batir: GetMap request is blocked for this layer
2025-12-07 04:34:56,228 - Scraping log - scraper.py > get_service_info(): Line 316 - WARNING - osm_roadsclose_1: GetMap request is blocked for this layer
2025-12-07 04:34:56,847 - Scraping log - scraper.py > get_service_info(): Line 316 - WARNING - osm_roadsclose_2: GetMap request is blocked for this layer
2025-12-07 04:34:57,467 - Scraping log - scraper.py > get_service_info(): Line 316 - WARNING - osm_roadsclose_3: GetMap request is blocked for this layer
2025-12-07 04:34:58,167 - Scraping log - scraper.py > get_service_info(): Line 316 - WARNING - osm_roadsclose_4: GetMap request is blocked for this layer
2025-12-07 04:34:58,953 - Scraping log - scraper.py > get_service_info(): Line 316 - WARNING - osm_railways_1: GetMap request is blocked for this layer
2025-12-07 04:34:59,564 - Scraping log - scraper.py > get_service_info(): Line 316 - WARNING - osm_railways_2: GetMap request is blocked for this layer
2025-12-07 04:35:00,226 - Scraping log - scraper.py > get_service_info(): Line 316 - WARNING - fond_plan_blanc_fond_plan_cadastral_complement: GetMap request is blocked for this layer
2025-12-07 04:35:02,803 - Scraping log - scraper.py > get_service_info(): Line 316 - WARNING - cadastre_cache_ombrage: GetMap request is blocked for this layer
2025-12-07 04:35:03,437 - Scraping log - scraper.py > get_service_info(): Line 316 - WARNING - cadastre_osm_perimetre_zone_batir: GetMap request is blocked for this layer
2025-12-07 04:35:04,088 - Scraping log - scraper.py > get_service_info(): Line 316 - WARNING - cadastre_osm_perimetre_zone_batir_moutier: GetMap request is blocked for this layer
2025-12-07 04:35:04,697 - Scraping log - scraper.py > get_service_info(): Line 316 - WARNING - cadastre_osm_forets: GetMap request is blocked for this layer
2025-12-07 04:35:05,372 - Scraping log - scraper.py > get_service_info(): Line 316 - WARNING - cadastre_osm_forets_moutier: GetMap request is blocked for this layer
2025-12-07 04:35:05,999 - Scraping log - scraper.py > get_service_info(): Line 316 - WARNING - cadastre_osm_lacs_ch: GetMap request is blocked for this layer
2025-12-07 04:35:06,631 - Scraping log - scraper.py > get_service_info(): Line 316 - WARNING - cadastre_osm_roadsclose_1: GetMap request is blocked for this layer
2025-12-07 04:35:07,281 - Scraping log - scraper.py > get_service_info(): Line 316 - WARNING - cadastre_osm_roadsclose_2: GetMap request is blocked for this layer
2025-12-07 04:35:07,927 - Scraping log - scraper.py > get_service_info(): Line 316 - WARNING - cadastre_osm_roadsclose_3: GetMap request is blocked for this layer
2025-12-07 04:35:08,544 - Scraping log - scraper.py > get_service_info(): Line 316 - WARNING - cadastre_osm_roadsclose_4: GetMap request is blocked for this layer
2025-12-07 04:35:09,338 - Scraping log - scraper.py > get_service_info(): Line 316 - WARNING - cadastre_osm_railways_1: GetMap request is blocked for this layer
2025-12-07 04:35:09,985 - Scraping log - scraper.py > get_service_info(): Line 316 - WARNING - cadastre_osm_railways_2: GetMap request is blocked for this layer
2025-12-07 04:35:10,598 - Scraping log - scraper.py > get_service_info(): Line 316 - WARNING - cadastre_osm_alsace_roadsclose_1: GetMap request is blocked for this layer
2025-12-07 04:35:11,204 - Scraping log - scraper.py > get_service_info(): Line 316 - WARNING - cadastre_osm_alsace_roadsclose_2: GetMap request is blocked for this layer
2025-12-07 04:35:11,834 - Scraping log - scraper.py > get_service_info(): Line 316 - WARNING - cadastre_osm_alsace_roadsclose_3: GetMap request is blocked for this layer
2025-12-07 04:35:12,447 - Scraping log - scraper.py > get_service_info(): Line 316 - WARNING - cadastre_osm_alsace_roadsclose_4: GetMap request is blocked for this layer
2025-12-07 04:35:13,064 - Scraping log - scraper.py > get_service_info(): Line 316 - WARNING - cadastre_osm_alsace_railways_1: GetMap request is blocked for this layer
2025-12-07 04:35:13,679 - Scraping log - scraper.py > get_service_info(): Line 316 - WARNING - cadastre_osm_alsace_railways_2: GetMap request is blocked for this layer
2025-12-07 04:35:14,318 - Scraping log - scraper.py > get_service_info(): Line 316 - WARNING - cadastre_osm_franche-comte_roadsclose_1: GetMap request is blocked for this layer
2025-12-07 04:35:14,935 - Scraping log - scraper.py > get_service_info(): Line 316 - WARNING - cadastre_osm_franche-comte_roadsclose_2: GetMap request is blocked for this layer
2025-12-07 04:35:15,566 - Scraping log - scraper.py > get_service_info(): Line 316 - WARNING - cadastre_osm_franche-comte_roadsclose_3: GetMap request is blocked for this layer
2025-12-07 04:35:16,190 - Scraping log - scraper.py > get_service_info(): Line 316 - WARNING - cadastre_osm_franche-comte_roadsclose_4: GetMap request is blocked for this layer
2025-12-07 04:35:16,802 - Scraping log - scraper.py > get_service_info(): Line 316 - WARNING - cadastre_osm_franche-comte_railways_1: GetMap request is blocked for this layer
2025-12-07 04:35:17,518 - Scraping log - scraper.py > get_service_info(): Line 316 - WARNING - cadastre_osm_franche-comte_railways_2: GetMap request is blocked for this layer
2025-12-07 04:35:18,156 - Scraping log - scraper.py > get_service_info(): Line 316 - WARNING - cadastre_osm_baden_wurttemberg_roadsclose_1: GetMap request is blocked for this layer
2025-12-07 04:35:18,765 - Scraping log - scraper.py > get_service_info(): Line 316 - WARNING - cadastre_osm_baden_wurttemberg_roadsclose_2: GetMap request is blocked for this layer
2025-12-07 04:35:19,401 - Scraping log - scraper.py > get_service_info(): Line 316 - WARNING - cadastre_osm_baden_wurttemberg_roadsclose_3: GetMap request is blocked for this layer
2025-12-07 04:35:20,018 - Scraping log - scraper.py > get_service_info(): Line 316 - WARNING - cadastre_osm_baden_wurttemberg_roadsclose_4: GetMap request is blocked for this layer
2025-12-07 04:35:20,630 - Scraping log - scraper.py > get_service_info(): Line 316 - WARNING - cadastre_osm_baden_wurttemberg_railways_1: GetMap request is blocked for this layer
2025-12-07 04:35:21,241 - Scraping log - scraper.py > get_service_info(): Line 316 - WARNING - cadastre_osm_baden_wurttemberg_railways_2: GetMap request is blocked for this layer
2025-12-07 04:35:21,869 - Scraping log - scraper.py > get_service_info(): Line 316 - WARNING - cadastre_osm_canton_ju: GetMap request is blocked for this layer
2025-12-07 04:35:22,496 - Scraping log - scraper.py > get_service_info(): Line 316 - WARNING - cadastre_osm_districts_ju: GetMap request is blocked for this layer
2025-12-07 04:35:23,104 - Scraping log - scraper.py > get_service_info(): Line 316 - WARNING - cadastre_osm_communes_ju_moutier: GetMap request is blocked for this layer
2025-12-07 04:35:23,723 - Scraping log - scraper.py > get_service_info(): Line 316 - WARNING - cadastre_osm_communes_ju: GetMap request is blocked for this layer
2025-12-07 04:35:24,360 - Scraping log - scraper.py > get_service_info(): Line 316 - WARNING - cadastre_osm_localites_ju: GetMap request is blocked for this layer
2025-12-07 04:35:24,981 - Scraping log - scraper.py > get_service_info(): Line 316 - WARNING - cadastre_osm_canton_ch: GetMap request is blocked for this layer
2025-12-07 04:35:25,594 - Scraping log - scraper.py > get_service_info(): Line 316 - WARNING - Noms_Cantons_Villes: GetMap request is blocked for this layer
2025-12-07 04:35:26,221 - Scraping log - scraper.py > get_service_info(): Line 316 - WARNING - crdppf_sdt_01_04_md_sit_cs_surface: GetMap request is blocked for this layer
2025-12-07 04:35:26,832 - Scraping log - scraper.py > get_service_info(): Line 316 - WARNING - crdppf_sdt_01_04_md_sit_cs_surface_batiment: GetMap request is blocked for this layer
2025-12-07 04:35:27,444 - Scraping log - scraper.py > get_service_info(): Line 316 - WARNING - crdppf_sdt_01_04_md_sit_cs_surface_batiments_proj: GetMap request is blocked for this layer
2025-12-07 04:35:28,069 - Scraping log - scraper.py > get_service_info(): Line 316 - WARNING - crdppf_sdt_01_04_md_sit_adr_entree_batiment: GetMap request is blocked for this layer
2025-12-07 04:35:28,763 - Scraping log - scraper.py > get_service_info(): Line 316 - WARNING - crdppf_sdt_01_04_md_sit_cs_numero_batiment_proj: GetMap request is blocked for this layer
2025-12-07 04:35:29,384 - Scraping log - scraper.py > get_service_info(): Line 316 - WARNING - crdppf_sdt_01_04_md_sit_objets_divers_postext: GetMap request is blocked for this layer
2025-12-07 04:35:29,984 - Scraping log - scraper.py > get_service_info(): Line 316 - WARNING - crdppf_sdt_01_04_md_sit_adr_entree_batiment_od: GetMap request is blocked for this layer
2025-12-07 04:35:30,627 - Scraping log - scraper.py > get_service_info(): Line 316 - WARNING - crdppf_sdt_01_04_md_sit_objets_divers_lignes: GetMap request is blocked for this layer
2025-12-07 04:35:31,235 - Scraping log - scraper.py > get_service_info(): Line 316 - WARNING - crdppf_sdt_01_04_md_sit_objets_divers_polygones: GetMap request is blocked for this layer
2025-12-07 04:35:31,847 - Scraping log - scraper.py > get_service_info(): Line 316 - WARNING - crdppf_real_estate_wms: GetMap request is blocked for this layer
2025-12-07 04:35:32,463 - Scraping log - scraper.py > get_service_info(): Line 316 - WARNING - crdppf_sdt_01_04_md_sit_bf_bien_fonds_proj: GetMap request is blocked for this layer
2025-12-07 04:35:33,125 - Scraping log - scraper.py > get_service_info(): Line 316 - WARNING - crdppf_real_estate_wms_ddp: GetMap request is blocked for this layer
2025-12-07 04:35:33,736 - Scraping log - scraper.py > get_service_info(): Line 316 - WARNING - crdppf_sdt_01_04_md_sit_bf_ddp_proj: GetMap request is blocked for this layer
2025-12-07 04:35:34,353 - Scraping log - scraper.py > get_service_info(): Line 316 - WARNING - crdppfsdt_01_04_md_sit_bf_posimmeuble_ligne_auxiliaire: GetMap request is blocked for this layer
2025-12-07 04:35:34,984 - Scraping log - scraper.py > get_service_info(): Line 316 - WARNING - crdppf_sdt_01_04_md_sit_bf_posimmeuble_proj_ligne_aux: GetMap request is blocked for this layer
2025-12-07 04:35:35,618 - Scraping log - scraper.py > get_service_info(): Line 316 - WARNING - crdppf_sdt_01_04_md_sit_bf_posimmeuble_1: GetMap request is blocked for this layer
2025-12-07 04:35:36,241 - Scraping log - scraper.py > get_service_info(): Line 316 - WARNING - crdppf_sdt_01_04_md_sit_bf_posimmeuble_2: GetMap request is blocked for this layer
2025-12-07 04:35:36,866 - Scraping log - scraper.py > get_service_info(): Line 316 - WARNING - crdppf_sdt_01_04_md_sit_bf_posimmeuble_3: GetMap request is blocked for this layer
2025-12-07 04:35:37,488 - Scraping log - scraper.py > get_service_info(): Line 316 - WARNING - crdppf_sdt_01_04_md_sit_bf_posimmeuble_proj_1: GetMap request is blocked for this layer
2025-12-07 04:35:38,126 - Scraping log - scraper.py > get_service_info(): Line 316 - WARNING - crdppf_sdt_01_04_md_sit_bf_posimmeuble_proj_2: GetMap request is blocked for this layer
2025-12-07 04:35:38,753 - Scraping log - scraper.py > get_service_info(): Line 316 - WARNING - crdppf_sdt_01_04_md_sit_bf_posimmeuble_proj_3: GetMap request is blocked for this layer
2025-12-07 04:35:39,390 - Scraping log - scraper.py > get_service_info(): Line 316 - WARNING - crdppf_sdt_01_04_md_sit_objets_divers_ponctuel: GetMap request is blocked for this layer
2025-12-07 04:35:40,028 - Scraping log - scraper.py > get_service_info(): Line 316 - WARNING - crdppf_sdt_01_04_md_sit_bf_points_limites: GetMap request is blocked for this layer
2025-12-07 04:35:40,645 - Scraping log - scraper.py > get_service_info(): Line 316 - WARNING - crdppf_sdt_01_04_md_sit_nomenclature_noms_posnom_nom_local: GetMap request is blocked for this layer
2025-12-07 04:35:41,276 - Scraping log - scraper.py > get_service_info(): Line 316 - WARNING - crdppf_sdt_01_04_md_sit_adr_troncon_rue: GetMap request is blocked for this layer
2025-12-07 04:35:41,894 - Scraping log - scraper.py > get_service_info(): Line 316 - WARNING - sdt_01_04_md_sit_nomenclature_noms_posnom_lieu_dit: GetMap request is blocked for this layer
2025-12-07 04:35:42,511 - Scraping log - scraper.py > get_service_info(): Line 316 - WARNING - crdppf_sdt_01_04_md_sit_nomenclature_noms_posnom_nom_de_lieu: GetMap request is blocked for this layer
2025-12-07 04:35:43,137 - Scraping log - scraper.py > get_service_info(): Line 316 - WARNING - crdppf_page_garde_sdt_01_04_md_sit_cs_surface_nb: GetMap request is blocked for this layer
2025-12-07 04:35:43,755 - Scraping log - scraper.py > get_service_info(): Line 316 - WARNING - crdppf_page_garde_sdt_01_04_md_sit_cs_surface_batiment: GetMap request is blocked for this layer
2025-12-07 04:35:44,370 - Scraping log - scraper.py > get_service_info(): Line 316 - WARNING - crdppf_page_garde_sdt_01_04_md_sit_cs_surface_batiments_proj: GetMap request is blocked for this layer
2025-12-07 04:35:45,008 - Scraping log - scraper.py > get_service_info(): Line 316 - WARNING - crdppf_page_garde_sdt_01_04_md_sit_adr_entree_batiment: GetMap request is blocked for this layer
2025-12-07 04:35:45,618 - Scraping log - scraper.py > get_service_info(): Line 316 - WARNING - crdppf_page_garde_sdt_01_04_md_sit_cs_numero_batiment_proj: GetMap request is blocked for this layer
2025-12-07 04:35:46,222 - Scraping log - scraper.py > get_service_info(): Line 316 - WARNING - crdppf_page_garde_sdt_01_04_md_sit_objets_divers_postext: GetMap request is blocked for this layer
2025-12-07 04:35:46,844 - Scraping log - scraper.py > get_service_info(): Line 316 - WARNING - crdppf_page_garde_sdt_01_04_md_sit_adr_entree_batiment_od: GetMap request is blocked for this layer
2025-12-07 04:35:47,470 - Scraping log - scraper.py > get_service_info(): Line 316 - WARNING - crdppf_page_garde_sdt_01_04_md_sit_objets_divers_lignes: GetMap request is blocked for this layer
2025-12-07 04:35:48,087 - Scraping log - scraper.py > get_service_info(): Line 316 - WARNING - crdppf_page_garde_sdt_01_04_md_sit_objets_divers_polygones: GetMap request is blocked for this layer
2025-12-07 04:35:48,703 - Scraping log - scraper.py > get_service_info(): Line 316 - WARNING - crdppf_page_garde_real_estate_wms: GetMap request is blocked for this layer
2025-12-07 04:35:49,350 - Scraping log - scraper.py > get_service_info(): Line 316 - WARNING - crdppf_page_garde_sdt_01_04_md_sit_bf_bien_fonds_proj: GetMap request is blocked for this layer
2025-12-07 04:35:49,967 - Scraping log - scraper.py > get_service_info(): Line 316 - WARNING - rdppf_page_garde_real_estate_wms_ddp: GetMap request is blocked for this layer
2025-12-07 04:35:50,583 - Scraping log - scraper.py > get_service_info(): Line 316 - WARNING - crdppf_page_garde_sdt_01_04_md_sit_bf_ddp_proj: GetMap request is blocked for this layer
2025-12-07 04:35:51,200 - Scraping log - scraper.py > get_service_info(): Line 316 - WARNING - crdppf_page_garde_sdt_01_04_md_sit_bf_posimmeuble_ligne_auxiliaire: GetMap request is blocked for this layer
2025-12-07 04:35:51,824 - Scraping log - scraper.py > get_service_info(): Line 316 - WARNING - crdppf_page_garde_sdt_01_04_md_sit_bf_posimmeuble_proj_ligne_aux: GetMap request is blocked for this layer
2025-12-07 04:35:52,430 - Scraping log - scraper.py > get_service_info(): Line 316 - WARNING - crdppf_page_garde_sdt_01_04_md_sit_bf_posimmeuble_1: GetMap request is blocked for this layer
2025-12-07 04:35:53,033 - Scraping log - scraper.py > get_service_info(): Line 316 - WARNING - crdppf_page_garde_sdt_01_04_md_sit_bf_posimmeuble_2: GetMap request is blocked for this layer
2025-12-07 04:35:53,665 - Scraping log - scraper.py > get_service_info(): Line 316 - WARNING - crdppf_page_garde_sdt_01_04_md_sit_bf_posimmeuble_3: GetMap request is blocked for this layer
2025-12-07 04:35:54,279 - Scraping log - scraper.py > get_service_info(): Line 316 - WARNING - crdppf_page_garde_sdt_01_04_md_sit_bf_posimmeuble_proj_1: GetMap request is blocked for this layer
2025-12-07 04:35:54,890 - Scraping log - scraper.py > get_service_info(): Line 316 - WARNING - crdppf_page_garde_sdt_01_04_md_sit_bf_posimmeuble_proj_2: GetMap request is blocked for this layer
2025-12-07 04:35:55,494 - Scraping log - scraper.py > get_service_info(): Line 316 - WARNING - crdppf_page_garde_sdt_01_04_md_sit_bf_posimmeuble_proj_3: GetMap request is blocked for this layer
2025-12-07 04:35:56,130 - Scraping log - scraper.py > get_service_info(): Line 316 - WARNING - crdppf_csdt_01_04_md_sit_objets_divers_ponctuel: GetMap request is blocked for this layer
2025-12-07 04:35:56,766 - Scraping log - scraper.py > get_service_info(): Line 316 - WARNING - crdppf_page_garde_sdt_01_04_md_sit_bf_points_limites: GetMap request is blocked for this layer
2025-12-07 04:35:57,380 - Scraping log - scraper.py > get_service_info(): Line 316 - WARNING - crdppf_page_garde_sdt_01_04_md_sit_nomenclature_noms_posnom_nom_local: GetMap request is blocked for this layer
2025-12-07 04:35:58,008 - Scraping log - scraper.py > get_service_info(): Line 316 - WARNING - crdppf_page_garde_sdt_01_04_md_sit_adr_troncon_rue: GetMap request is blocked for this layer
2025-12-07 04:35:58,621 - Scraping log - scraper.py > get_service_info(): Line 316 - WARNING - crdppf_page_garde_sdt_01_04_md_sit_nomenclature_noms_posnom_lieu_dit: GetMap request is blocked for this layer
2025-12-07 04:35:59,227 - Scraping log - scraper.py > get_service_info(): Line 316 - WARNING - crdppf_page_garde_sdt_01_04_md_sit_nomenclature_noms_posnom_nom_de_lieu: GetMap request is blocked for this layer
2025-12-07 04:35:59,999 - Scraping log - scraper.py > get_service_info(): Line 316 - WARNING - Commune_POI_administration_cantonale_interrogation: GetMap request is blocked for this layer
2025-12-07 04:36:00,619 - Scraping log - scraper.py > get_service_info(): Line 316 - WARNING - Commune_POI_administration_cantonale_cluster: GetMap request is blocked for this layer
2025-12-07 04:36:01,270 - Scraping log - scraper.py > get_service_info(): Line 316 - WARNING - Commune_POI_administration_cantonale_point: GetMap request is blocked for this layer
2025-12-07 04:36:01,894 - Scraping log - scraper.py > get_service_info(): Line 316 - WARNING - Commune_POI_administration_communale_interrogation: GetMap request is blocked for this layer
2025-12-07 04:36:02,539 - Scraping log - scraper.py > get_service_info(): Line 316 - WARNING - Commune_POI_administration_communale_cluster: GetMap request is blocked for this layer
2025-12-07 04:36:03,170 - Scraping log - scraper.py > get_service_info(): Line 316 - WARNING - Commune_POI_administration_communale_point: GetMap request is blocked for this layer
2025-12-07 04:36:03,796 - Scraping log - scraper.py > get_service_info(): Line 316 - WARNING - Commune_POI_autres_services_interrogation: GetMap request is blocked for this layer
2025-12-07 04:36:04,480 - Scraping log - scraper.py > get_service_info(): Line 316 - WARNING - Commune_POI_autres_services_cluster: GetMap request is blocked for this layer
2025-12-07 04:36:05,098 - Scraping log - scraper.py > get_service_info(): Line 316 - WARNING - Commune_POI_autres_services_point: GetMap request is blocked for this layer
2025-12-07 04:36:05,707 - Scraping log - scraper.py > get_service_info(): Line 316 - WARNING - Commune_POI_bureau_vote_interrogation: GetMap request is blocked for this layer
2025-12-07 04:36:06,344 - Scraping log - scraper.py > get_service_info(): Line 316 - WARNING - Commune_POI_bureau_vote_cluster: GetMap request is blocked for this layer
2025-12-07 04:36:06,955 - Scraping log - scraper.py > get_service_info(): Line 316 - WARNING - Commune_POI_bureau_vote_point: GetMap request is blocked for this layer
2025-12-07 04:36:07,570 - Scraping log - scraper.py > get_service_info(): Line 316 - WARNING - Commune_POI_ecoles_interrogation: GetMap request is blocked for this layer
2025-12-07 04:36:08,194 - Scraping log - scraper.py > get_service_info(): Line 316 - WARNING - Commune_POI_ecoles_cluster: GetMap request is blocked for this layer
2025-12-07 04:36:08,864 - Scraping log - scraper.py > get_service_info(): Line 316 - WARNING - Commune_POI_ecoles_point: GetMap request is blocked for this layer
2025-12-07 04:36:09,519 - Scraping log - scraper.py > get_service_info(): Line 316 - WARNING - Commune_POI_enfance_interrogation: GetMap request is blocked for this layer
2025-12-07 04:36:10,137 - Scraping log - scraper.py > get_service_info(): Line 316 - WARNING - Commune_POI_enfance_cluster: GetMap request is blocked for this layer
2025-12-07 04:36:10,759 - Scraping log - scraper.py > get_service_info(): Line 316 - WARNING - Commune_POI_enfance_point: GetMap request is blocked for this layer
2025-12-07 04:36:11,371 - Scraping log - scraper.py > get_service_info(): Line 316 - WARNING - Commune_POI_installations_sportives_interrogation: GetMap request is blocked for this layer
2025-12-07 04:36:11,979 - Scraping log - scraper.py > get_service_info(): Line 316 - WARNING - Commune_POI_installations_sportives_cluster: GetMap request is blocked for this layer
2025-12-07 04:36:12,619 - Scraping log - scraper.py > get_service_info(): Line 316 - WARNING - Commune_POI_installations_sportives_point: GetMap request is blocked for this layer
2025-12-07 04:36:13,242 - Scraping log - scraper.py > get_service_info(): Line 316 - WARNING - Commune_POI_salles_sites_loisirs_interrogation: GetMap request is blocked for this layer
2025-12-07 04:36:13,860 - Scraping log - scraper.py > get_service_info(): Line 316 - WARNING - Commune_POI_salles_sites_loisirs_cluster: GetMap request is blocked for this layer
2025-12-07 04:36:14,491 - Scraping log - scraper.py > get_service_info(): Line 316 - WARNING - Commune_POI_salles_sites_loisirs_point: GetMap request is blocked for this layer
2025-12-07 04:36:15,121 - Scraping log - scraper.py > get_service_info(): Line 316 - WARNING - Commune_POI_sante_interrogation: GetMap request is blocked for this layer
2025-12-07 04:36:15,743 - Scraping log - scraper.py > get_service_info(): Line 316 - WARNING - Commune_POI_sante_cluster: GetMap request is blocked for this layer
2025-12-07 04:36:16,363 - Scraping log - scraper.py > get_service_info(): Line 316 - WARNING - Commune_POI_sante_point: GetMap request is blocked for this layer
2025-12-07 04:36:16,965 - Scraping log - scraper.py > get_service_info(): Line 316 - WARNING - Commune_POI_wc_publics_interrogation: GetMap request is blocked for this layer
2025-12-07 04:36:17,581 - Scraping log - scraper.py > get_service_info(): Line 316 - WARNING - Commune_POI_wc_publics_cluster: GetMap request is blocked for this layer
2025-12-07 04:36:18,189 - Scraping log - scraper.py > get_service_info(): Line 316 - WARNING - Commune_POI_wc_publics_point: GetMap request is blocked for this layer
2025-12-07 04:36:18,912 - Scraping log - scraper.py > get_service_info(): Line 316 - WARNING - Commune_Places_de_jeuxs_interrogation: GetMap request is blocked for this layer
2025-12-07 04:36:19,527 - Scraping log - scraper.py > get_service_info(): Line 316 - WARNING - Commune_Places_de_jeux_cluster: GetMap request is blocked for this layer
2025-12-07 04:36:20,209 - Scraping log - scraper.py > get_service_info(): Line 316 - WARNING - Commune_Places_de_jeux_point: GetMap request is blocked for this layer
2025-12-07 04:36:20,827 - Scraping log - scraper.py > get_service_info(): Line 316 - WARNING - Commune_Hotel_interrogation: GetMap request is blocked for this layer
2025-12-07 04:36:21,480 - Scraping log - scraper.py > get_service_info(): Line 316 - WARNING - Commune_Hotels_cluster: GetMap request is blocked for this layer
2025-12-07 04:36:22,081 - Scraping log - scraper.py > get_service_info(): Line 316 - WARNING - Commune_Hotel_point: GetMap request is blocked for this layer
2025-12-07 04:36:22,696 - Scraping log - scraper.py > get_service_info(): Line 316 - WARNING - Commune_Restaurant_interrogation: GetMap request is blocked for this layer
2025-12-07 04:36:23,298 - Scraping log - scraper.py > get_service_info(): Line 316 - WARNING - Commune_Restaurant_cluster: GetMap request is blocked for this layer
2025-12-07 04:36:23,918 - Scraping log - scraper.py > get_service_info(): Line 316 - WARNING - Commune_Restaurant_point: GetMap request is blocked for this layer
2025-12-07 04:36:24,527 - Scraping log - scraper.py > get_service_info(): Line 316 - WARNING - Commune_Poubelles_interrogation: GetMap request is blocked for this layer
2025-12-07 04:36:25,152 - Scraping log - scraper.py > get_service_info(): Line 316 - WARNING - Commune_Poubelles_couvercle_cluster: GetMap request is blocked for this layer
2025-12-07 04:36:25,761 - Scraping log - scraper.py > get_service_info(): Line 316 - WARNING - Commune_Poubelles_sans_couvercle_cluster: GetMap request is blocked for this layer
2025-12-07 04:36:26,367 - Scraping log - scraper.py > get_service_info(): Line 316 - WARNING - Commune_Distributeurs_sachets_canins_interrogation: GetMap request is blocked for this layer
2025-12-07 04:36:26,985 - Scraping log - scraper.py > get_service_info(): Line 316 - WARNING - Commune_Distributeurs_sachets_canins_cluster: GetMap request is blocked for this layer
2025-12-07 04:36:27,593 - Scraping log - scraper.py > get_service_info(): Line 316 - WARNING - Commune_Bancs_publics_interrogation: GetMap request is blocked for this layer
2025-12-07 04:36:28,233 - Scraping log - scraper.py > get_service_info(): Line 316 - WARNING - Commune_Bancs_publics_cluster: GetMap request is blocked for this layer
2025-12-07 04:36:28,851 - Scraping log - scraper.py > get_service_info(): Line 316 - WARNING - Commune_Parcs_a_Velo_interrogation: GetMap request is blocked for this layer
2025-12-07 04:36:29,469 - Scraping log - scraper.py > get_service_info(): Line 316 - WARNING - Commune_Parcs_a_Velo_cluster: GetMap request is blocked for this layer
2025-12-07 04:36:30,104 - Scraping log - scraper.py > get_service_info(): Line 316 - WARNING - Commune_Parcs_a_Velo_point: GetMap request is blocked for this layer
2025-12-07 04:36:30,879 - Scraping log - scraper.py > get_service_info(): Line 316 - WARNING - Commune_Enseignes_Vieille_ville_interrogation: GetMap request is blocked for this layer
2025-12-07 04:36:31,564 - Scraping log - scraper.py > get_service_info(): Line 316 - WARNING - Commune_Enseignes_Vieille_ville_cluster: GetMap request is blocked for this layer
2025-12-07 04:36:32,336 - Scraping log - scraper.py > get_service_info(): Line 316 - WARNING - Commune_Enseignes_Vieille_ville_point: GetMap request is blocked for this layer
2025-12-07 04:36:33,039 - Scraping log - scraper.py > get_service_info(): Line 316 - WARNING - commune_cimetiere_agrandissement: GetMap request is blocked for this layer
2025-12-07 04:36:33,696 - Scraping log - scraper.py > get_service_info(): Line 316 - WARNING - commune_cimetiere_agrandissement_text: GetMap request is blocked for this layer
2025-12-07 04:36:34,323 - Scraping log - scraper.py > get_service_info(): Line 316 - WARNING - commune_cimetiere_agrandissement_fleche: GetMap request is blocked for this layer
2025-12-07 04:36:34,959 - Scraping log - scraper.py > get_service_info(): Line 316 - WARNING - commune_cimetiere_tombes: GetMap request is blocked for this layer
2025-12-07 04:36:35,570 - Scraping log - scraper.py > get_service_info(): Line 316 - WARNING - Commune_POI_handicap_WC_Accessible_interrogation: GetMap request is blocked for this layer
2025-12-07 04:36:36,187 - Scraping log - scraper.py > get_service_info(): Line 316 - WARNING - Commune_POI_handicap_WC_Accessible_cluster: GetMap request is blocked for this layer
2025-12-07 04:36:36,822 - Scraping log - scraper.py > get_service_info(): Line 316 - WARNING - Commune_POI_handicap_WC_Accessible_point: GetMap request is blocked for this layer
2025-12-07 04:36:37,439 - Scraping log - scraper.py > get_service_info(): Line 316 - WARNING - Commune_POI_handicap_WC_Accessible_partiellement_interrogation: GetMap request is blocked for this layer
2025-12-07 04:36:38,062 - Scraping log - scraper.py > get_service_info(): Line 316 - WARNING - Commune_POI_handicap_WC_Accessible_partiellement_cluster: GetMap request is blocked for this layer
2025-12-07 04:36:38,749 - Scraping log - scraper.py > get_service_info(): Line 316 - WARNING - Commune_POI_handicap_WC_Accessible_partiellement_point: GetMap request is blocked for this layer
2025-12-07 04:36:39,374 - Scraping log - scraper.py > get_service_info(): Line 316 - WARNING - Commune_POI_handicap_WC_non_Accessible_interrogation: GetMap request is blocked for this layer
2025-12-07 04:36:39,993 - Scraping log - scraper.py > get_service_info(): Line 316 - WARNING - Commune_POI_handicap_WC_non_Accessible_cluster: GetMap request is blocked for this layer
2025-12-07 04:36:40,621 - Scraping log - scraper.py > get_service_info(): Line 316 - WARNING - Commune_POI_handicap_WC_non_Accessible_point: GetMap request is blocked for this layer
2025-12-07 04:36:41,255 - Scraping log - scraper.py > get_service_info(): Line 316 - WARNING - Commune_POI_handicap_Stationnement_interrogation: GetMap request is blocked for this layer
2025-12-07 04:36:41,869 - Scraping log - scraper.py > get_service_info(): Line 316 - WARNING - Commune_POI_handicap_Stationnement_cluster: GetMap request is blocked for this layer
2025-12-07 04:36:42,474 - Scraping log - scraper.py > get_service_info(): Line 316 - WARNING - Commune_POI_handicap_Stationnement_point: GetMap request is blocked for this layer
2025-12-07 04:36:43,090 - Scraping log - scraper.py > get_service_info(): Line 316 - WARNING - Commune_POI_handicap_batiment_Accessible_interrogation: GetMap request is blocked for this layer
2025-12-07 04:36:43,700 - Scraping log - scraper.py > get_service_info(): Line 316 - WARNING - Commune_POI_handicap_batiment_Accessible_cluster: GetMap request is blocked for this layer
2025-12-07 04:36:44,312 - Scraping log - scraper.py > get_service_info(): Line 316 - WARNING - Commune_POI_handicap_batiment_Accessible_point: GetMap request is blocked for this layer
2025-12-07 04:36:44,934 - Scraping log - scraper.py > get_service_info(): Line 316 - WARNING - Commune_POI_handicap_batiment_Accessible_partiellement_interrogation: GetMap request is blocked for this layer
2025-12-07 04:36:45,546 - Scraping log - scraper.py > get_service_info(): Line 316 - WARNING - Commune_POI_handicap_batiment_Accessible_partiellement_cluster: GetMap request is blocked for this layer
2025-12-07 04:36:46,156 - Scraping log - scraper.py > get_service_info(): Line 316 - WARNING - Commune_POI_handicap_batiment_Accessible_partiellement_point: GetMap request is blocked for this layer
2025-12-07 04:36:46,757 - Scraping log - scraper.py > get_service_info(): Line 316 - WARNING - Commune_POI_handicap_batiment_non_Accessible_interrogation: GetMap request is blocked for this layer
2025-12-07 04:36:47,368 - Scraping log - scraper.py > get_service_info(): Line 316 - WARNING - Commune_POI_handicap_batiment_non_Accessible_cluster: GetMap request is blocked for this layer
2025-12-07 04:36:48,004 - Scraping log - scraper.py > get_service_info(): Line 316 - WARNING - Commune_POI_handicap_batiment_non_Accessible_point: GetMap request is blocked for this layer
2025-12-07 04:36:48,611 - Scraping log - scraper.py > get_service_info(): Line 316 - WARNING - Commune_POI_handicap_Boucle_magnetique_interrogation: GetMap request is blocked for this layer
2025-12-07 04:36:49,231 - Scraping log - scraper.py > get_service_info(): Line 316 - WARNING - Commune_POI_handicap_Boucle_magnetique_cluster: GetMap request is blocked for this layer
2025-12-07 04:36:49,855 - Scraping log - scraper.py > get_service_info(): Line 316 - WARNING - Commune_POI_handicap_Boucle_magnetique_point: GetMap request is blocked for this layer
2025-12-07 04:36:50,471 - Scraping log - scraper.py > get_service_info(): Line 316 - WARNING - Commune_POI_handicap_Langues_signes_interrogation: GetMap request is blocked for this layer
2025-12-07 04:36:51,075 - Scraping log - scraper.py > get_service_info(): Line 316 - WARNING - Commune_POI_handicap_Langues_signes_cluster: GetMap request is blocked for this layer
2025-12-07 04:36:51,712 - Scraping log - scraper.py > get_service_info(): Line 316 - WARNING - Commune_POI_handicap_Langues_signes_point: GetMap request is blocked for this layer
2025-12-07 04:36:52,338 - Scraping log - scraper.py > get_service_info(): Line 316 - WARNING - oereb_r14_ch_ju_nature_reserves_landscape_protection_areas_interrogation: GetMap request is blocked for this layer
2025-12-07 04:36:52,951 - Scraping log - scraper.py > get_service_info(): Line 316 - WARNING - oereb_r14_ch_ju_nature_reserves_landscape_protection_areas_prot_paysagere: GetMap request is blocked for this layer
2025-12-07 04:36:53,577 - Scraping log - scraper.py > get_service_info(): Line 316 - WARNING - oereb_r14_ch_ju_nature_reserves_landscape_protection_areas_reserv_naturel: GetMap request is blocked for this layer
2025-12-07 04:36:54,207 - Scraping log - scraper.py > get_service_info(): Line 316 - WARNING - oereb_r14_ch_ju_nature_reserves_landscape_protection_areas_proj_interrogation: GetMap request is blocked for this layer
2025-12-07 04:36:54,867 - Scraping log - scraper.py > get_service_info(): Line 316 - WARNING - oereb_r14_ch_ju_nature_reserves_landscape_protection_areas_prot_paysagere_sans_effet: GetMap request is blocked for this layer
2025-12-07 04:36:55,487 - Scraping log - scraper.py > get_service_info(): Line 316 - WARNING - oereb_r14_ch_ju_nature_reserves_landscape_protection_areas_proj_prot_paysagere_avec_effet: GetMap request is blocked for this layer
2025-12-07 04:36:56,100 - Scraping log - scraper.py > get_service_info(): Line 316 - WARNING - oereb_r14_ch_ju_nature_reserves_landscape_protection_areas_proj_reserv_naturel_sans_effet: GetMap request is blocked for this layer
2025-12-07 04:36:56,706 - Scraping log - scraper.py > get_service_info(): Line 316 - WARNING - oereb_r14_ch_ju_nature_reserves_landscape_protection_areas_proj_reserv_naturel_avec_effet: GetMap request is blocked for this layer
2025-12-07 04:36:57,318 - Scraping log - scraper.py > get_service_info(): Line 316 - WARNING - oereb_r15_ch_ju_natural_monuments_point: GetMap request is blocked for this layer
2025-12-07 04:36:57,949 - Scraping log - scraper.py > get_service_info(): Line 316 - WARNING - oereb_r15_ch_ju_natural_monuments_poly: GetMap request is blocked for this layer
2025-12-07 04:36:58,568 - Scraping log - scraper.py > get_service_info(): Line 316 - WARNING - oereb_r73_land_use_plans_perimetres_superpose_polygon: GetMap request is blocked for this layer
2025-12-07 04:36:59,169 - Scraping log - scraper.py > get_service_info(): Line 316 - WARNING - oereb_r73_land_use_plans_perimetres_superpose_ligne: GetMap request is blocked for this layer
2025-12-07 04:36:59,789 - Scraping log - scraper.py > get_service_info(): Line 316 - WARNING - oereb_r73_land_use_plans_zones_superpose_2: GetMap request is blocked for this layer
2025-12-07 04:37:00,413 - Scraping log - scraper.py > get_service_info(): Line 316 - WARNING - oereb_r73_land_use_plans_zones_superpose_1: GetMap request is blocked for this layer
2025-12-07 04:37:01,031 - Scraping log - scraper.py > get_service_info(): Line 316 - WARNING - oereb_r117_contaminated_military_sites_area_wms: GetMap request is blocked for this layer
2025-12-07 04:37:01,676 - Scraping log - scraper.py > get_service_info(): Line 316 - WARNING - oereb_r117_contaminated_military_sites_point_wms: GetMap request is blocked for this layer
2025-12-07 04:37:02,316 - Scraping log - scraper.py > get_service_info(): Line 316 - WARNING - oereb_r118_contaminated_civil_aviation_sites_area_wms: GetMap request is blocked for this layer
2025-12-07 04:37:02,927 - Scraping log - scraper.py > get_service_info(): Line 316 - WARNING - oereb_r118_contaminated_civil_aviation_sites_point_wms: GetMap request is blocked for this layer
2025-12-07 04:37:03,638 - Scraping log - scraper.py > get_service_info(): Line 316 - WARNING - Moutier_batiments_cantonaux_bernois_interrogation: GetMap request is blocked for this layer
2025-12-07 04:37:04,268 - Scraping log - scraper.py > get_service_info(): Line 316 - WARNING - POI_Administration_communale_cluster: GetMap request is blocked for this layer
2025-12-07 04:37:04,268 - Scraping log - scraper.py >         <module>(): Line 751 - INFO - Running default scraper on KT_SG > https://services.geo.sg.ch/wss/service/SG00002_WMS/guest?REQUEST=GetCapabilities (source 163/1467)
2025-12-07 04:37:53,549 - Scraping log - scraper.py >         <module>(): Line 751 - INFO - Running default scraper on KT_SG > https://services.geo.sg.ch/wss/service/SG00002_WMTS/guest?REQUEST=GetCapabilities (source 164/1467)
2025-12-07 04:37:54,709 - Scraping log - scraper.py >         <module>(): Line 751 - INFO - Running default scraper on KT_SG > https://services.geo.sg.ch/wss/service/SG00135_WMS/guest?REQUEST=GetCapabilities (source 165/1467)
2025-12-07 04:37:58,069 - Scraping log - scraper.py >         <module>(): Line 751 - INFO - Running default scraper on KT_SG > https://services.geo.sg.ch/wss/service/SG00135_WMTS/guest?REQUEST=GetCapabilities (source 166/1467)
2025-12-07 04:37:59,549 - Scraping log - scraper.py >         <module>(): Line 751 - INFO - Running default scraper on KT_SG > https://services.geo.sg.ch/wss/service/SG00155_WMS/guest?REQUEST=GetCapabilities (source 167/1467)
2025-12-07 04:38:03,255 - Scraping log - scraper.py >         <module>(): Line 751 - INFO - Running default scraper on KT_SG > https://services.geo.sg.ch/wss/service/SG00155_WMTS/guest?REQUEST=GetCapabilities (source 168/1467)
2025-12-07 04:38:04,452 - Scraping log - scraper.py >         <module>(): Line 751 - INFO - Running default scraper on KT_SG > https://services.geo.sg.ch/wss/service/SG00046_WMS/guest?REQUEST=GetCapabilities (source 169/1467)
2025-12-07 04:38:07,729 - Scraping log - scraper.py >         <module>(): Line 751 - INFO - Running default scraper on KT_SG > https://services.geo.sg.ch/wss/service/SG00046_WMTS/guest?REQUEST=GetCapabilities (source 170/1467)
2025-12-07 04:38:08,892 - Scraping log - scraper.py >         <module>(): Line 751 - INFO - Running default scraper on KT_SG > https://services.geo.sg.ch/wss/service/SG00047_WMS/guest?REQUEST=GetCapabilities (source 171/1467)
2025-12-07 04:38:11,956 - Scraping log - scraper.py >         <module>(): Line 751 - INFO - Running default scraper on KT_SG > https://services.geo.sg.ch/wss/service/SG00047_WMTS/guest?REQUEST=GetCapabilities (source 172/1467)
2025-12-07 04:38:13,153 - Scraping log - scraper.py >         <module>(): Line 751 - INFO - Running default scraper on KT_SG > https://services.geo.sg.ch/wss/service/SG00015_WMS/guest?REQUEST=GetCapabilities (source 173/1467)
2025-12-07 04:38:17,009 - Scraping log - scraper.py >         <module>(): Line 751 - INFO - Running default scraper on KT_SG > https://services.geo.sg.ch/wss/service/SG00015_WMTS/guest?REQUEST=GetCapabilities (source 174/1467)
2025-12-07 04:38:18,198 - Scraping log - scraper.py >         <module>(): Line 751 - INFO - Running default scraper on KT_SG > https://services.geo.sg.ch/wss/service/SG00014_WMS/guest?REQUEST=GetCapabilities (source 175/1467)
2025-12-07 04:38:21,823 - Scraping log - scraper.py >         <module>(): Line 751 - INFO - Running default scraper on KT_SG > https://services.geo.sg.ch/wss/service/SG00014_WMTS/guest?REQUEST=GetCapabilities (source 176/1467)
2025-12-07 04:38:22,989 - Scraping log - scraper.py >         <module>(): Line 751 - INFO - Running default scraper on KT_SG > https://services.geo.sg.ch/wss/service/SG00072_WMS/guest?REQUEST=GetCapabilities (source 177/1467)
2025-12-07 04:38:25,508 - Scraping log - scraper.py >         <module>(): Line 751 - INFO - Running default scraper on KT_SG > https://services.geo.sg.ch/wss/service/SG00072_WMTS/guest?REQUEST=GetCapabilities (source 178/1467)
2025-12-07 04:38:26,902 - Scraping log - scraper.py >         <module>(): Line 751 - INFO - Running default scraper on KT_SG > https://services.geo.sg.ch/wss/service/SG00055_WMS/guest?REQUEST=GetCapabilities (source 179/1467)
2025-12-07 04:38:29,446 - Scraping log - scraper.py >         <module>(): Line 751 - INFO - Running default scraper on KT_SG > https://services.geo.sg.ch/wss/service/SG00055_WMTS/guest?REQUEST=GetCapabilities (source 180/1467)
2025-12-07 04:38:30,628 - Scraping log - scraper.py >         <module>(): Line 751 - INFO - Running default scraper on KT_SG > https://services.geo.sg.ch/wss/service/SG00066_WMS/guest?REQUEST=GetCapabilities (source 181/1467)
2025-12-07 04:38:33,148 - Scraping log - scraper.py >         <module>(): Line 751 - INFO - Running default scraper on KT_SG > https://services.geo.sg.ch/wss/service/SG00066_WMTS/guest?REQUEST=GetCapabilities (source 182/1467)
2025-12-07 04:38:34,340 - Scraping log - scraper.py >         <module>(): Line 751 - INFO - Running default scraper on KT_SG > https://services.geo.sg.ch/wss/service/SG00073_WMS/guest?REQUEST=GetCapabilities (source 183/1467)
2025-12-07 04:38:37,135 - Scraping log - scraper.py >         <module>(): Line 751 - INFO - Running default scraper on KT_SG > https://services.geo.sg.ch/wss/service/SG00073_WMTS/guest?REQUEST=GetCapabilities (source 184/1467)
2025-12-07 04:38:38,337 - Scraping log - scraper.py >         <module>(): Line 751 - INFO - Running default scraper on KT_SG > https://services.geo.sg.ch/wss/service/SG00031_WMS/guest?REQUEST=GetCapabilities (source 185/1467)
2025-12-07 04:38:40,903 - Scraping log - scraper.py >         <module>(): Line 751 - INFO - Running default scraper on KT_SG > https://services.geo.sg.ch/wss/service/SG00031_WMTS/guest?REQUEST=GetCapabilities (source 186/1467)
2025-12-07 04:38:42,122 - Scraping log - scraper.py >         <module>(): Line 751 - INFO - Running default scraper on KT_SG > https://services.geo.sg.ch/wss/service/SG00028_WFS/guest?REQUEST=GetCapabilities (source 187/1467)
2025-12-07 04:38:44,964 - Scraping log - scraper.py >         <module>(): Line 751 - INFO - Running default scraper on KT_SG > https://services.geo.sg.ch/wss/service/SG00028_WMS/guest?REQUEST=GetCapabilities (source 188/1467)
2025-12-07 04:38:51,969 - Scraping log - scraper.py >         <module>(): Line 751 - INFO - Running default scraper on KT_SG > https://services.geo.sg.ch/wss/service/SG00057_WMS/guest?REQUEST=GetCapabilities (source 189/1467)
2025-12-07 04:39:01,426 - Scraping log - scraper.py >         <module>(): Line 751 - INFO - Running default scraper on KT_SG > https://services.geo.sg.ch/wss/service/SG00017_WFS/guest?REQUEST=GetCapabilities (source 190/1467)
2025-12-07 04:39:03,574 - Scraping log - scraper.py >         <module>(): Line 751 - INFO - Running default scraper on KT_SG > https://services.geo.sg.ch/wss/service/SG00017_WMS/guest?REQUEST=GetCapabilities (source 191/1467)
2025-12-07 04:39:06,048 - Scraping log - scraper.py >         <module>(): Line 751 - INFO - Running default scraper on KT_SG > https://services.geo.sg.ch/wss/service/SG00095_WFS/guest?REQUEST=GetCapabilities (source 192/1467)
2025-12-07 04:39:10,779 - Scraping log - scraper.py >         <module>(): Line 751 - INFO - Running default scraper on KT_SG > https://services.geo.sg.ch/wss/service/SG00095_WMS/guest?REQUEST=GetCapabilities (source 193/1467)
2025-12-07 04:39:26,476 - Scraping log - scraper.py >         <module>(): Line 751 - INFO - Running default scraper on KT_SG > https://services.geo.sg.ch/wss/service/SG00058_WFS/guest?REQUEST=GetCapabilities (source 194/1467)
2025-12-07 04:39:29,081 - Scraping log - scraper.py >         <module>(): Line 751 - INFO - Running default scraper on KT_SG > https://services.geo.sg.ch/wss/service/SG00058_WMS/guest?REQUEST=GetCapabilities (source 195/1467)
2025-12-07 04:39:34,239 - Scraping log - scraper.py >         <module>(): Line 751 - INFO - Running default scraper on KT_SG > https://services.geo.sg.ch/wss/service/SG00129_WFS/guest?REQUEST=GetCapabilities (source 196/1467)
2025-12-07 04:39:36,604 - Scraping log - scraper.py >         <module>(): Line 751 - INFO - Running default scraper on KT_SG > https://services.geo.sg.ch/wss/service/SG00129_WMS/guest?REQUEST=GetCapabilities (source 197/1467)
2025-12-07 04:39:39,062 - Scraping log - scraper.py >         <module>(): Line 751 - INFO - Running default scraper on KT_SG > https://services.geo.sg.ch/wss/service/SG00104_WFS/guest?REQUEST=GetCapabilities (source 198/1467)
2025-12-07 04:39:41,711 - Scraping log - scraper.py >         <module>(): Line 751 - INFO - Running default scraper on KT_SG > https://services.geo.sg.ch/wss/service/SG00104_WMS/guest?REQUEST=GetCapabilities (source 199/1467)
2025-12-07 04:39:47,491 - Scraping log - scraper.py >         <module>(): Line 751 - INFO - Running default scraper on KT_SG > https://services.geo.sg.ch/wss/service/SG00105_WFS/guest?REQUEST=GetCapabilities (source 200/1467)
2025-12-07 04:39:49,992 - Scraping log - scraper.py >         <module>(): Line 751 - INFO - Running default scraper on KT_SG > https://services.geo.sg.ch/wss/service/SG00105_WMS/guest?REQUEST=GetCapabilities (source 201/1467)
2025-12-07 04:39:54,507 - Scraping log - scraper.py >         <module>(): Line 751 - INFO - Running default scraper on KT_SG > https://services.geo.sg.ch/wss/service/SG00097_WFS/guest?REQUEST=GetCapabilities (source 202/1467)
2025-12-07 04:39:57,191 - Scraping log - scraper.py >         <module>(): Line 751 - INFO - Running default scraper on KT_SG > https://services.geo.sg.ch/wss/service/SG00097_WMS/guest?REQUEST=GetCapabilities (source 203/1467)
2025-12-07 04:40:02,809 - Scraping log - scraper.py >         <module>(): Line 751 - INFO - Running default scraper on KT_SG > https://services.geo.sg.ch/wss/service/SG00089_WFS/guest?REQUEST=GetCapabilities (source 204/1467)
2025-12-07 04:40:05,257 - Scraping log - scraper.py >         <module>(): Line 751 - INFO - Running default scraper on KT_SG > https://services.geo.sg.ch/wss/service/SG00089_WMS/guest?REQUEST=GetCapabilities (source 205/1467)
2025-12-07 04:40:10,038 - Scraping log - scraper.py >         <module>(): Line 751 - INFO - Running default scraper on KT_SG > https://services.geo.sg.ch/wss/service/SG00008_WMS/guest?REQUEST=GetCapabilities (source 206/1467)
2025-12-07 04:40:10,381 - Scraping log - scraper.py >         <module>(): Line 759 - WARNING - Scraping KT_SG > https://services.geo.sg.ch/wss/service/SG00008_WMS/guest?REQUEST=GetCapabilities aborted
2025-12-07 04:40:10,381 - Scraping log - scraper.py >         <module>(): Line 751 - INFO - Running default scraper on KT_SG > https://services.geo.sg.ch/wss/service/SG00032_WFS/guest?REQUEST=GetCapabilities (source 207/1467)
2025-12-07 04:40:13,149 - Scraping log - scraper.py >         <module>(): Line 751 - INFO - Running default scraper on KT_SG > https://services.geo.sg.ch/wss/service/SG00032_WMS/guest?REQUEST=GetCapabilities (source 208/1467)
2025-12-07 04:40:20,420 - Scraping log - scraper.py >         <module>(): Line 751 - INFO - Running default scraper on KT_SG > https://services.geo.sg.ch/wss/service/SG00033_WMS/guest?REQUEST=GetCapabilities (source 209/1467)
2025-12-07 04:40:42,685 - Scraping log - scraper.py >         <module>(): Line 751 - INFO - Running default scraper on KT_SG > https://services.geo.sg.ch/wss/service/SG00061_WMS/guest?REQUEST=GetCapabilities (source 210/1467)
2025-12-07 04:40:46,972 - Scraping log - scraper.py >         <module>(): Line 751 - INFO - Running default scraper on KT_SG > https://services.geo.sg.ch/wss/service/SG00022_WMS/guest?REQUEST=GetCapabilities (source 211/1467)
2025-12-07 04:40:51,000 - Scraping log - scraper.py >         <module>(): Line 751 - INFO - Running default scraper on KT_SG > https://services.geo.sg.ch/wss/service/SG00036_WMS/guest?REQUEST=GetCapabilities (source 212/1467)
2025-12-07 04:40:55,072 - Scraping log - scraper.py >         <module>(): Line 751 - INFO - Running default scraper on KT_SG > https://services.geo.sg.ch/wss/service/SG00042_WFS/guest?REQUEST=GetCapabilities (source 213/1467)
2025-12-07 04:40:58,369 - Scraping log - scraper.py >         <module>(): Line 751 - INFO - Running default scraper on KT_SG > https://services.geo.sg.ch/wss/service/SG00042_WMS/guest?REQUEST=GetCapabilities (source 214/1467)
2025-12-07 04:41:13,560 - Scraping log - scraper.py >         <module>(): Line 751 - INFO - Running default scraper on KT_SG > https://services.geo.sg.ch/wss/service/SG00053_WFS/guest?REQUEST=GetCapabilities (source 215/1467)
2025-12-07 04:41:15,933 - Scraping log - scraper.py >         <module>(): Line 751 - INFO - Running default scraper on KT_SG > https://services.geo.sg.ch/wss/service/SG00053_WMS/guest?REQUEST=GetCapabilities (source 216/1467)
2025-12-07 04:41:19,861 - Scraping log - scraper.py >         <module>(): Line 751 - INFO - Running default scraper on KT_SG > https://services.geo.sg.ch/wss/service/SG00068_WMS/guest?REQUEST=GetCapabilities (source 217/1467)
2025-12-07 04:41:24,999 - Scraping log - scraper.py >         <module>(): Line 751 - INFO - Running default scraper on KT_SG > https://services.geo.sg.ch/wss/service/SG00080_WMS/guest?REQUEST=GetCapabilities (source 218/1467)
2025-12-07 04:41:34,154 - Scraping log - scraper.py >         <module>(): Line 751 - INFO - Running default scraper on KT_SG > https://services.geo.sg.ch/wss/service/SG00026_WMS/guest?REQUEST=GetCapabilities (source 219/1467)
2025-12-07 04:41:38,637 - Scraping log - scraper.py >         <module>(): Line 751 - INFO - Running default scraper on KT_SG > https://services.geo.sg.ch/wss/service/SG00093_WMS/guest?REQUEST=GetCapabilities (source 220/1467)
2025-12-07 04:41:42,778 - Scraping log - scraper.py >         <module>(): Line 751 - INFO - Running default scraper on KT_SG > https://services.geo.sg.ch/wss/service/SG00101_WMS/guest?REQUEST=GetCapabilities (source 221/1467)
2025-12-07 04:41:46,703 - Scraping log - scraper.py >         <module>(): Line 751 - INFO - Running default scraper on KT_SG > https://services.geo.sg.ch/wss/service/SG00010_WMS/guest?REQUEST=GetCapabilities (source 222/1467)
2025-12-07 04:41:50,922 - Scraping log - scraper.py >         <module>(): Line 751 - INFO - Running default scraper on KT_SG > https://services.geo.sg.ch/wss/service/SG00011_WMS/guest?REQUEST=GetCapabilities (source 223/1467)
2025-12-07 04:41:54,428 - Scraping log - scraper.py >         <module>(): Line 751 - INFO - Running default scraper on KT_SG > https://services.geo.sg.ch/wss/service/SG00075_WMS/guest?REQUEST=GetCapabilities (source 224/1467)
2025-12-07 04:41:59,207 - Scraping log - scraper.py >         <module>(): Line 751 - INFO - Running default scraper on KT_SG > https://services.geo.sg.ch/wss/service/SG00076_WMS/guest?REQUEST=GetCapabilities (source 225/1467)
2025-12-07 04:42:04,358 - Scraping log - scraper.py >         <module>(): Line 751 - INFO - Running default scraper on KT_SG > https://services.geo.sg.ch/wss/service/SG00069_WMS/guest?REQUEST=GetCapabilities (source 226/1467)
2025-12-07 04:42:09,539 - Scraping log - scraper.py >         <module>(): Line 751 - INFO - Running default scraper on KT_SG > https://services.geo.sg.ch/wss/service/SG00077_WMS/guest?REQUEST=GetCapabilities (source 227/1467)
2025-12-07 04:42:12,925 - Scraping log - scraper.py >         <module>(): Line 751 - INFO - Running default scraper on KT_SG > https://services.geo.sg.ch/wss/service/SG00088_WMS/guest?REQUEST=GetCapabilities (source 228/1467)
2025-12-07 04:42:16,858 - Scraping log - scraper.py >         <module>(): Line 751 - INFO - Running default scraper on KT_SG > https://services.geo.sg.ch/wss/service/SG00021_WFS/guest?REQUEST=GetCapabilities (source 229/1467)
2025-12-07 04:42:19,460 - Scraping log - scraper.py >         <module>(): Line 751 - INFO - Running default scraper on KT_SG > https://services.geo.sg.ch/wss/service/SG00021_WMS/guest?REQUEST=GetCapabilities (source 230/1467)
2025-12-07 04:42:22,810 - Scraping log - scraper.py >         <module>(): Line 751 - INFO - Running default scraper on KT_SG > https://services.geo.sg.ch/wss/service/SG00020_WFS/guest?REQUEST=GetCapabilities (source 231/1467)
2025-12-07 04:42:25,599 - Scraping log - scraper.py >         <module>(): Line 751 - INFO - Running default scraper on KT_SG > https://services.geo.sg.ch/wss/service/SG00020_WMS/guest?REQUEST=GetCapabilities (source 232/1467)
2025-12-07 04:42:28,481 - Scraping log - scraper.py >         <module>(): Line 751 - INFO - Running default scraper on KT_SG > https://services.geo.sg.ch/wss/service/SG00037_WMS/guest?REQUEST=GetCapabilities (source 233/1467)
2025-12-07 04:42:32,259 - Scraping log - scraper.py >         <module>(): Line 751 - INFO - Running default scraper on KT_SG > https://services.geo.sg.ch/wss/service/SG00038_WMS/guest?REQUEST=GetCapabilities (source 234/1467)
2025-12-07 04:42:32,596 - Scraping log - scraper.py >         <module>(): Line 759 - WARNING - Scraping KT_SG > https://services.geo.sg.ch/wss/service/SG00038_WMS/guest?REQUEST=GetCapabilities aborted
2025-12-07 04:42:32,596 - Scraping log - scraper.py >         <module>(): Line 751 - INFO - Running default scraper on KT_SG > https://services.geo.sg.ch/wss/service/SG00160_WMS/guest?REQUEST=GetCapabilities (source 235/1467)
2025-12-07 04:42:36,205 - Scraping log - scraper.py >         <module>(): Line 751 - INFO - Running default scraper on KT_SG > https://services.geo.sg.ch/wss/service/SG00087_WFS/guest?REQUEST=GetCapabilities (source 236/1467)
2025-12-07 04:42:38,871 - Scraping log - scraper.py >         <module>(): Line 751 - INFO - Running default scraper on KT_SG > https://services.geo.sg.ch/wss/service/SG00087_WMS/guest?REQUEST=GetCapabilities (source 237/1467)
2025-12-07 04:42:43,925 - Scraping log - scraper.py >         <module>(): Line 751 - INFO - Running default scraper on KT_SG > https://services.geo.sg.ch/wss/service/SG00039_WFS/guest?REQUEST=GetCapabilities (source 238/1467)
2025-12-07 04:42:46,425 - Scraping log - scraper.py >         <module>(): Line 751 - INFO - Running default scraper on KT_SG > https://services.geo.sg.ch/wss/service/SG00039_WMS/guest?REQUEST=GetCapabilities (source 239/1467)
2025-12-07 04:42:52,090 - Scraping log - scraper.py >         <module>(): Line 751 - INFO - Running default scraper on KT_SG > https://services.geo.sg.ch/wss/service/SG00013_WFS/guest?REQUEST=GetCapabilities (source 240/1467)
2025-12-07 04:42:55,245 - Scraping log - scraper.py >         <module>(): Line 751 - INFO - Running default scraper on KT_SG > https://services.geo.sg.ch/wss/service/SG00013_WMS/guest?REQUEST=GetCapabilities (source 241/1467)
2025-12-07 04:43:04,038 - Scraping log - scraper.py >         <module>(): Line 751 - INFO - Running default scraper on KT_SG > https://services.geo.sg.ch/wss/service/SG00041_WMS/guest?REQUEST=GetCapabilities (source 242/1467)
2025-12-07 04:43:14,836 - Scraping log - scraper.py >         <module>(): Line 751 - INFO - Running default scraper on KT_SG > https://services.geo.sg.ch/wss/service/SG00081_WMS/guest?REQUEST=GetCapabilities (source 243/1467)
2025-12-07 04:43:27,362 - Scraping log - scraper.py >         <module>(): Line 751 - INFO - Running default scraper on KT_SG > https://services.geo.sg.ch/wss/service/SG00078_WMS/guest?REQUEST=GetCapabilities (source 244/1467)
2025-12-07 04:43:34,049 - Scraping log - scraper.py >         <module>(): Line 751 - INFO - Running default scraper on KT_SG > https://services.geo.sg.ch/wss/service/SG00085_WMS/guest?REQUEST=GetCapabilities (source 245/1467)
2025-12-07 04:43:41,453 - Scraping log - scraper.py >         <module>(): Line 751 - INFO - Running default scraper on KT_SG > https://services.geo.sg.ch/wss/service/SG00102_WMS/guest?REQUEST=GetCapabilities (source 246/1467)
2025-12-07 04:43:58,969 - Scraping log - scraper.py >         <module>(): Line 751 - INFO - Running default scraper on KT_SG > https://services.geo.sg.ch/wss/service/SG00064_WMS/guest?REQUEST=GetCapabilities (source 247/1467)
2025-12-07 04:44:04,329 - Scraping log - scraper.py >         <module>(): Line 751 - INFO - Running default scraper on KT_SG > https://services.geo.sg.ch/wss/service/SG00103_WMS/guest?REQUEST=GetCapabilities (source 248/1467)
2025-12-07 04:44:17,462 - Scraping log - scraper.py >         <module>(): Line 751 - INFO - Running default scraper on KT_SG > https://services.geo.sg.ch/wss/service/SG00062_WMS/guest?REQUEST=GetCapabilities (source 249/1467)
2025-12-07 04:44:20,382 - Scraping log - scraper.py >         <module>(): Line 751 - INFO - Running default scraper on KT_SG > https://services.geo.sg.ch/wss/service/SG00062_WMTS/guest?REQUEST=GetCapabilities (source 250/1467)
2025-12-07 04:44:21,540 - Scraping log - scraper.py >         <module>(): Line 751 - INFO - Running default scraper on KT_SG > https://services.geo.sg.ch/wss/service/SG00158_WMS/guest?REQUEST=GetCapabilities (source 251/1467)
2025-12-07 04:44:28,268 - Scraping log - scraper.py >         <module>(): Line 751 - INFO - Running default scraper on KT_SG > https://services.geo.sg.ch/wss/service/SG00164_WFS/guest?REQUEST=GetCapabilities (source 252/1467)
2025-12-07 04:44:31,641 - Scraping log - scraper.py >         <module>(): Line 751 - INFO - Running default scraper on KT_SG > https://services.geo.sg.ch/wss/service/SG00164_WMS/guest?REQUEST=GetCapabilities (source 253/1467)
2025-12-07 04:44:38,058 - Scraping log - scraper.py >         <module>(): Line 751 - INFO - Running default scraper on KT_SG > https://services.geo.sg.ch/wss/service/SG00124_WMS/guest?REQUEST=GetCapabilities (source 254/1467)
2025-12-07 04:44:42,604 - Scraping log - scraper.py >         <module>(): Line 751 - INFO - Running default scraper on KT_SG > https://services.geo.sg.ch/wss/service/SG00012_WMS/guest?REQUEST=GetCapabilities (source 255/1467)
2025-12-07 04:44:46,594 - Scraping log - scraper.py >         <module>(): Line 751 - INFO - Running default scraper on KT_SG > https://services.geo.sg.ch/wss/service/SG00018_WMS/guest?REQUEST=GetCapabilities (source 256/1467)
2025-12-07 04:44:50,098 - Scraping log - scraper.py >         <module>(): Line 751 - INFO - Running default scraper on KT_SG > https://services.geo.sg.ch/wss/service/SG00051_WMS/guest?REQUEST=GetCapabilities (source 257/1467)
2025-12-07 04:44:53,544 - Scraping log - scraper.py >         <module>(): Line 751 - INFO - Running default scraper on KT_SG > https://services.geo.sg.ch/wss/service/SG00019_WMS/guest?REQUEST=GetCapabilities (source 258/1467)
2025-12-07 04:44:53,871 - Scraping log - scraper.py >         <module>(): Line 759 - WARNING - Scraping KT_SG > https://services.geo.sg.ch/wss/service/SG00019_WMS/guest?REQUEST=GetCapabilities aborted
2025-12-07 04:44:53,871 - Scraping log - scraper.py >         <module>(): Line 751 - INFO - Running default scraper on KT_SG > https://services.geo.sg.ch/wss/service/SG00052_WMS/guest?REQUEST=GetCapabilities (source 259/1467)
2025-12-07 04:44:57,191 - Scraping log - scraper.py >         <module>(): Line 751 - INFO - Running default scraper on KT_SG > https://services.geo.sg.ch/wss/service/SG00023_WMS/guest?REQUEST=GetCapabilities (source 260/1467)
2025-12-07 04:45:01,122 - Scraping log - scraper.py >         <module>(): Line 751 - INFO - Running default scraper on KT_SG > https://services.geo.sg.ch/wss/service/SG00024_WMS/guest?REQUEST=GetCapabilities (source 261/1467)
2025-12-07 04:45:04,464 - Scraping log - scraper.py >         <module>(): Line 751 - INFO - Running default scraper on KT_SG > https://services.geo.sg.ch/wss/service/SG00084_WMS/guest?REQUEST=GetCapabilities (source 262/1467)
2025-12-07 04:45:08,146 - Scraping log - scraper.py >         <module>(): Line 751 - INFO - Running default scraper on KT_SG > https://services.geo.sg.ch/wss/service/SG00082_WMS/guest?REQUEST=GetCapabilities (source 263/1467)
2025-12-07 04:45:11,651 - Scraping log - scraper.py >         <module>(): Line 751 - INFO - Running default scraper on KT_SG > https://services.geo.sg.ch/wss/service/SG00065_WMS/guest?REQUEST=GetCapabilities (source 264/1467)
2025-12-07 04:45:15,151 - Scraping log - scraper.py >         <module>(): Line 751 - INFO - Running default scraper on KT_SG > https://services.geo.sg.ch/wss/service/SG00025_WMS/guest?REQUEST=GetCapabilities (source 265/1467)
2025-12-07 04:45:21,340 - Scraping log - scraper.py >         <module>(): Line 751 - INFO - Running default scraper on KT_SG > https://services.geo.sg.ch/wss/service/SG00034_WFS/guest?REQUEST=GetCapabilities (source 266/1467)
2025-12-07 04:45:23,997 - Scraping log - scraper.py >         <module>(): Line 751 - INFO - Running default scraper on KT_SG > https://services.geo.sg.ch/wss/service/SG00034_WMS/guest?REQUEST=GetCapabilities (source 267/1467)
2025-12-07 04:45:29,805 - Scraping log - scraper.py >         <module>(): Line 751 - INFO - Running default scraper on KT_SG > https://services.geo.sg.ch/wss/service/SG00035_WFS/guest?REQUEST=GetCapabilities (source 268/1467)
2025-12-07 04:45:32,119 - Scraping log - scraper.py >         <module>(): Line 751 - INFO - Running default scraper on KT_SG > https://services.geo.sg.ch/wss/service/SG00035_WMS/guest?REQUEST=GetCapabilities (source 269/1467)
2025-12-07 04:45:36,027 - Scraping log - scraper.py >         <module>(): Line 751 - INFO - Running default scraper on KT_SG > https://services.geo.sg.ch/wss/service/SG00172_WMS/guest?REQUEST=GetCapabilities (source 270/1467)
2025-12-07 04:45:39,547 - Scraping log - scraper.py >         <module>(): Line 751 - INFO - Running default scraper on KT_SG > https://services.geo.sg.ch/wss/service/SG00159_WMS/guest?REQUEST=GetCapabilities (source 271/1467)
2025-12-07 04:45:43,334 - Scraping log - scraper.py >         <module>(): Line 751 - INFO - Running default scraper on KT_SG > https://services.geo.sg.ch/wss/service/SG00170_WMS/guest?REQUEST=GetCapabilities (source 272/1467)
2025-12-07 04:45:46,757 - Scraping log - scraper.py >         <module>(): Line 751 - INFO - Running default scraper on KT_SG > https://services.geo.sg.ch/wss/service/SG00016_WMS/guest?REQUEST=GetCapabilities (source 273/1467)
2025-12-07 04:45:50,261 - Scraping log - scraper.py >         <module>(): Line 751 - INFO - Running default scraper on KT_SG > https://services.geo.sg.ch/wss/service/SG00100_WMS/guest?REQUEST=GetCapabilities (source 274/1467)
2025-12-07 04:45:56,117 - Scraping log - scraper.py >         <module>(): Line 751 - INFO - Running default scraper on KT_SG > https://services.geo.sg.ch/wss/service/SG00083_WMS/guest?REQUEST=GetCapabilities (source 275/1467)
2025-12-07 04:46:00,391 - Scraping log - scraper.py >         <module>(): Line 751 - INFO - Running default scraper on KT_SG > https://services.geo.sg.ch/wss/service/SG00096_WMS/guest?REQUEST=GetCapabilities (source 276/1467)
2025-12-07 04:46:04,294 - Scraping log - scraper.py >         <module>(): Line 751 - INFO - Running default scraper on KT_SG > https://services.geo.sg.ch/wss/service/SG00027_WFS/guest?REQUEST=GetCapabilities (source 277/1467)
2025-12-07 04:46:06,517 - Scraping log - scraper.py >         <module>(): Line 751 - INFO - Running default scraper on KT_SG > https://services.geo.sg.ch/wss/service/SG00027_WMS/guest?REQUEST=GetCapabilities (source 278/1467)
2025-12-07 04:46:10,046 - Scraping log - scraper.py >         <module>(): Line 751 - INFO - Running default scraper on KT_SH > https://wms.geo.sh.ch/wms?SERVICE=WMS&REQUEST=GetCapabilities (source 279/1467)
2025-12-07 04:46:23,774 - Scraping log - scraper.py > get_service_info(): Line 319 - ERROR - wms: HTTPSConnectionPool(host='wms.geo.sh.ch', port=443): Read timed out. (read timeout=10)
2025-12-07 04:46:55,517 - Scraping log - scraper.py >         <module>(): Line 751 - INFO - Running default scraper on KT_SH > https://wms.geo.sh.ch/raster?SERVICE=WMS&REQUEST=GetCapabilities (source 280/1467)
2025-12-07 04:47:08,912 - Scraping log - scraper.py >         <module>(): Line 751 - INFO - Running default scraper on KT_SH > https://wfs.geo.sh.ch/wfs?SERVICE=WFS&REQUEST=GetCapabilities (source 281/1467)
2025-12-07 04:47:10,841 - Scraping log - scraper.py >         <module>(): Line 751 - INFO - Running default scraper on KT_SO > https://geo.so.ch/api/wfs?SERVICE=WFS&REQUEST=GetCapabilities (source 282/1467)
2025-12-07 04:47:32,769 - Scraping log - scraper.py >write_service_info(): Line 445 - ERROR - KT_SO, ch.so.afu.erdwaerme.sonde: cannot convert float infinity to integer
2025-12-07 04:47:38,149 - Scraping log - scraper.py >         <module>(): Line 751 - INFO - Running default scraper on KT_SO > https://geo.so.ch/api/wms?SERVICE=WMS&REQUEST=GetCapabilities (source 283/1467)
2025-12-07 04:47:51,070 - Scraping log - scraper.py > get_service_info(): Line 319 - ERROR - somap: 'NoneType' object has no attribute 'text'
2025-12-07 04:47:52,936 - Scraping log - scraper.py >write_service_info(): Line 445 - ERROR - KT_SO, ch.so.afu.erdwaerme.sonde: cannot convert float infinity to integer
2025-12-07 04:47:59,125 - Scraping log - scraper.py >write_service_info(): Line 445 - ERROR - KT_SO, ch.so.afu.wasserbewirtschaftung: cannot convert float infinity to integer
2025-12-07 04:53:53,330 - Scraping log - scraper.py > get_service_info(): Line 319 - ERROR - ch.so.arp.nutzungsplanung.grundnutzung: HTTPSConnectionPool(host='geo.so.ch', port=443): Read timed out. (read timeout=10)
2025-12-07 04:54:04,144 - Scraping log - scraper.py > get_service_info(): Line 319 - ERROR - ch.so.arp.richtplan.bestehend: HTTPSConnectionPool(host='geo.so.ch', port=443): Read timed out. (read timeout=10)
2025-12-07 04:55:05,837 - Scraping log - scraper.py >         <module>(): Line 751 - INFO - Running default scraper on KT_SO > https://geo.so.ch/api/wmts/1.0.0/WMTSCapabilities.xml (source 284/1467)
2025-12-07 04:55:07,494 - Scraping log - scraper.py >         <module>(): Line 751 - INFO - Running default scraper on KT_SO > https://geo.so.ch/wms/oereb?SERVICE=WMS&REQUEST=GetCapabilities (source 285/1467)
2025-12-07 04:55:19,066 - Scraping log - scraper.py > get_service_info(): Line 319 - ERROR - ch.so.agi.oereb: HTTPSConnectionPool(host='geo.so.ch', port=443): Read timed out. (read timeout=10)
2025-12-07 04:55:26,675 - Scraping log - scraper.py >         <module>(): Line 751 - INFO - Running default scraper on KT_SZ > https://map.geo.sz.ch/mapserv_proxy?SERVICE=WMS&REQUEST=GetCapabilities&lang=de (source 286/1467)
2025-12-07 04:55:46,544 - Scraping log - scraper.py > get_service_info(): Line 319 - ERROR - Schwyz: HTTPSConnectionPool(host='map.geo.sz.ch', port=443): Read timed out. (read timeout=10)
2025-12-07 04:58:04,226 - Scraping log - scraper.py > get_service_info(): Line 319 - ERROR - ch.sz.a018a.amtliche_vermessung.ortsplan.farbig: HTTPSConnectionPool(host='map.geo.sz.ch', port=443): Read timed out. (read timeout=10)
2025-12-07 04:58:15,566 - Scraping log - scraper.py > get_service_info(): Line 319 - ERROR - ch.sz.a018a.amtliche_vermessung.ortsplan.schwarz-weiss: HTTPSConnectionPool(host='map.geo.sz.ch', port=443): Read timed out. (read timeout=10)
2025-12-07 04:58:27,687 - Scraping log - scraper.py > get_service_info(): Line 319 - ERROR - ch.sz.a018.amtliche_vermessung.bodenbedeckung.flaeche.farbig: HTTPSConnectionPool(host='map.geo.sz.ch', port=443): Read timed out. (read timeout=10)
2025-12-07 04:58:37,746 - Scraping log - scraper.py > get_service_info(): Line 319 - ERROR - ch.sz.a018.amtliche_vermessung.bodenbedeckung.flaeche.grau: HTTPSConnectionPool(host='map.geo.sz.ch', port=443): Read timed out. (read timeout=10)
2025-12-07 05:05:26,566 - Scraping log - scraper.py > get_service_info(): Line 316 - WARNING - ch.sz.a243a.gewaessernetz.technisch.mwert.karto: GetMap request is blocked for this layer
2025-12-07 05:05:33,070 - Scraping log - scraper.py >         <module>(): Line 751 - INFO - Running default scraper on KT_SZ > https://geoshop.lisag.ch/WMSSZ?SERVICE=WMS&REQUEST=GetCapabilities (source 287/1467)
2025-12-07 05:05:38,912 - Scraping log - scraper.py >         <module>(): Line 751 - INFO - Running default scraper on KT_SZ > https://map.geo.sz.ch/tiles/1.0.0/WMTSCapabilities.xml (source 288/1467)
2025-12-07 05:05:41,368 - Scraping log - scraper.py >         <module>(): Line 751 - INFO - Running default scraper on KT_SZ > https://map.geo.sz.ch/mapserv_proxy?SERVICE=WFS&REQUEST=GetCapabilities&lang=de (source 289/1467)
2025-12-07 05:07:51,137 - Scraping log - scraper.py >         <module>(): Line 751 - INFO - Running default scraper on KT_TG > https://ows.geo.tg.ch/geofy_access_proxy/notfalltreffpunkte?service=WMS&version=1.3.0&request=GetCapabilities (source 290/1467)
2025-12-07 05:07:53,427 - Scraping log - scraper.py >         <module>(): Line 751 - INFO - Running default scraper on KT_TG > https://ows.geo.tg.ch/geofy_access_proxy/rebbau?service=WMS&version=1.3.0&request=GetCapabilities (source 291/1467)
2025-12-07 05:07:55,622 - Scraping log - scraper.py >         <module>(): Line 751 - INFO - Running default scraper on KT_TG > https://ows.geo.tg.ch/geofy_access_proxy/strassenverkehrszaehlung?service=WMS&version=1.3.0&request=GetCapabilities (source 292/1467)
2025-12-07 05:07:59,269 - Scraping log - scraper.py >         <module>(): Line 751 - INFO - Running default scraper on KT_TG > https://ows.geo.tg.ch/geofy_access_proxy/av_wms?Service=WMS&Version=1.3.0&Request=GetCapabilities (source 293/1467)
2025-12-07 05:08:05,696 - Scraping log - scraper.py >         <module>(): Line 751 - INFO - Running default scraper on KT_TG > https://ows.geo.tg.ch/geofy_access_proxy/vernetzungskorridore?service=WMS&version=1.3.0&request=GetCapabilities (source 294/1467)
2025-12-07 05:08:07,880 - Scraping log - scraper.py >         <module>(): Line 751 - INFO - Running default scraper on KT_TG > https://ows.geo.tg.ch/geofy_access_proxy/laermemissionskataster?service=WMS&version=1.3.0&request=GetCapabilities (source 295/1467)
2025-12-07 05:08:14,472 - Scraping log - scraper.py >         <module>(): Line 751 - INFO - Running default scraper on KT_TG > https://ows.geo.tg.ch/geofy_access_proxy/skate?service=WMS&version=1.3.0&request=GetCapabilities (source 296/1467)
2025-12-07 05:08:16,205 - Scraping log - scraper.py >         <module>(): Line 751 - INFO - Running default scraper on KT_TG > https://ows.geo.tg.ch/geofy_access_proxy/deutschkurse?service=WMS&version=1.3.0&request=GetCapabilities (source 297/1467)
2025-12-07 05:08:17,723 - Scraping log - scraper.py >         <module>(): Line 751 - INFO - Running default scraper on KT_TG > https://ows.geo.tg.ch/geofy_access_proxy/landwirtschaft_kulturflaechen?service=WMS&version=1.3.0&request=GetCapabilities (source 298/1467)
2025-12-07 05:08:29,283 - Scraping log - scraper.py > get_service_info(): Line 319 - ERROR - Landwirtschaft_Kulturflaechen: HTTPSConnectionPool(host='ows.geo.tg.ch', port=443): Read timed out. (read timeout=10)
2025-12-07 05:08:46,298 - Scraping log - scraper.py >         <module>(): Line 751 - INFO - Running default scraper on KT_TG > https://ows.geo.tg.ch/geofy_access_proxy/landwirtschaft_kulturflaechen?service=WMS&version=1.3.0&request=GetCapabilities (source 299/1467)
2025-12-07 05:08:58,448 - Scraping log - scraper.py > get_service_info(): Line 319 - ERROR - Landwirtschaft_Kulturflaechen: HTTPSConnectionPool(host='ows.geo.tg.ch', port=443): Read timed out. (read timeout=10)
2025-12-07 05:09:15,430 - Scraping log - scraper.py >         <module>(): Line 751 - INFO - Running default scraper on KT_TG > https://ows.geo.tg.ch/geofy_access_proxy/bts_ols?service=WMS&version=1.3.0&request=GetCapabilities (source 300/1467)
2025-12-07 05:09:18,447 - Scraping log - scraper.py >         <module>(): Line 751 - INFO - Running default scraper on KT_TG > https://ows.geo.tg.ch/geofy_access_proxy/waldreservate?service=WMS&version=1.3.0&request=GetCapabilities (source 301/1467)
2025-12-07 05:09:19,121 - Scraping log - scraper.py >         <module>(): Line 759 - WARNING - Scraping KT_TG > https://ows.geo.tg.ch/geofy_access_proxy/waldreservate?service=WMS&version=1.3.0&request=GetCapabilities aborted
2025-12-07 05:09:19,121 - Scraping log - scraper.py >         <module>(): Line 751 - INFO - Running default scraper on KT_TG > https://ows.geo.tg.ch/geofy_access_proxy/waldreservate?service=WMS&version=1.3.0&request=GetCapabilities (source 302/1467)
2025-12-07 05:09:19,801 - Scraping log - scraper.py >         <module>(): Line 759 - WARNING - Scraping KT_TG > https://ows.geo.tg.ch/geofy_access_proxy/waldreservate?service=WMS&version=1.3.0&request=GetCapabilities aborted
2025-12-07 05:09:19,801 - Scraping log - scraper.py >         <module>(): Line 751 - INFO - Running default scraper on KT_TG > https://ows.geo.tg.ch/geofy_access_proxy/waldentwicklungsplan?service=WMS&version=1.3.0&request=GetCapabilities (source 303/1467)
2025-12-07 05:09:22,670 - Scraping log - scraper.py >         <module>(): Line 751 - INFO - Running default scraper on KT_TG > https://ows.geo.tg.ch/geofy_access_proxy/schutzwald?service=WMS&version=1.3.0&request=GetCapabilities (source 304/1467)
2025-12-07 05:09:24,415 - Scraping log - scraper.py >         <module>(): Line 751 - INFO - Running default scraper on KT_TG > https://ows.geo.tg.ch/geofy_access_proxy/oereb_amphibienlaichgebiete?service=WMS&version=1.3.0&request=GetCapabilities (source 305/1467)
2025-12-07 05:09:27,066 - Scraping log - scraper.py >         <module>(): Line 751 - INFO - Running default scraper on KT_TG > https://ows.geo.tg.ch/geofy_access_proxy/oereb_flachmoore?service=WMS&version=1.3.0&request=GetCapabilities (source 306/1467)
2025-12-07 05:09:29,714 - Scraping log - scraper.py >         <module>(): Line 751 - INFO - Running default scraper on KT_TG > https://ows.geo.tg.ch/geofy_access_proxy/oereb_hoch_uebergangsmoore?service=WMS&version=1.3.0&request=GetCapabilities (source 307/1467)
2025-12-07 05:09:31,481 - Scraping log - scraper.py >         <module>(): Line 751 - INFO - Running default scraper on KT_TG > https://ows.geo.tg.ch/geofy_access_proxy/hkb?Service=WMS&Version=1.3.0&Request=GetCapabilities (source 308/1467)
2025-12-07 05:09:33,924 - Scraping log - scraper.py >         <module>(): Line 751 - INFO - Running default scraper on KT_TG > https://ows.geo.tg.ch/geofy_access_proxy/friedensrichteraemter?Service=WMS&Version=1.3.0&Request=GetCapabilities (source 309/1467)
2025-12-07 05:09:36,009 - Scraping log - scraper.py >         <module>(): Line 751 - INFO - Running default scraper on KT_TG > https://ows.geo.tg.ch/geofy_access_proxy/betreibungsaemter?service=WMS&version=1.3.0&request=GetCapabilities (source 310/1467)
2025-12-07 05:09:38,109 - Scraping log - scraper.py >         <module>(): Line 751 - INFO - Running default scraper on KT_TG > https://ows.geo.tg.ch/geofy_access_proxy/stromversorgung_netzgebiete?service=WMS&version=1.3.0&request=GetCapabilities (source 311/1467)
2025-12-07 05:09:40,143 - Scraping log - scraper.py >         <module>(): Line 751 - INFO - Running default scraper on KT_TG > https://ows.geo.tg.ch/geofy_access_proxy/kantonsstrassen?service=WMS&version=1.3.0&request=GetCapabilities (source 312/1467)
2025-12-07 05:09:48,257 - Scraping log - scraper.py >         <module>(): Line 751 - INFO - Running default scraper on KT_TG > https://ows.geo.tg.ch/geofy_access_proxy/landwirtschaft_kulturflaechen?service=WMS&version=1.3.0&request=GetCapabilities (source 313/1467)
2025-12-07 05:10:00,203 - Scraping log - scraper.py > get_service_info(): Line 319 - ERROR - Landwirtschaft_Kulturflaechen: HTTPSConnectionPool(host='ows.geo.tg.ch', port=443): Read timed out. (read timeout=10)
2025-12-07 05:10:17,198 - Scraping log - scraper.py >         <module>(): Line 751 - INFO - Running default scraper on KT_TG > https://ows.geo.tg.ch/geofy_access_proxy/forstliche_bestandeskarte?service=WMS&version=1.3.0&request=GetCapabilities (source 314/1467)
2025-12-07 05:10:19,362 - Scraping log - scraper.py >         <module>(): Line 751 - INFO - Running default scraper on KT_TG > https://ows.geo.tg.ch/geofy_access_proxy/forstreviere?service=WMS&version=1.3.0&request=GetCapabilities (source 315/1467)
2025-12-07 05:10:21,814 - Scraping log - scraper.py >         <module>(): Line 751 - INFO - Running default scraper on KT_TG > https://ows.geo.tg.ch/geofy_access_proxy/basisplanf?Service=WMS&Version=1.3.0&Request=GetCapabilities (source 316/1467)
2025-12-07 05:10:31,375 - Scraping log - scraper.py >         <module>(): Line 751 - INFO - Running default scraper on KT_TG > https://ows.geo.tg.ch/geofy_access_proxy/badegewaesserqualitaet?service=WMS&version=1.3.0&request=GetCapabilities (source 317/1467)
2025-12-07 05:10:32,994 - Scraping log - scraper.py >         <module>(): Line 751 - INFO - Running default scraper on KT_TG > https://ows.geo.tg.ch/geofy_access_proxy/landwirtschaft_kulturflaechen?service=WMS&version=1.3.0&request=GetCapabilities (source 318/1467)
2025-12-07 05:10:44,556 - Scraping log - scraper.py > get_service_info(): Line 319 - ERROR - Landwirtschaft_Kulturflaechen: HTTPSConnectionPool(host='ows.geo.tg.ch', port=443): Read timed out. (read timeout=10)
2025-12-07 05:11:01,537 - Scraping log - scraper.py >         <module>(): Line 751 - INFO - Running default scraper on KT_TG > https://ows.geo.tg.ch/geofy_access_proxy/biber?service=WMS&version=1.3.0&request=GetCapabilities (source 319/1467)
2025-12-07 05:11:03,268 - Scraping log - scraper.py >         <module>(): Line 751 - INFO - Running default scraper on KT_TG > https://ows.geo.tg.ch/geofy_access_proxy/waldstandortkarte?service=WMS&version=1.3.0&request=GetCapabilities (source 320/1467)
2025-12-07 05:11:05,441 - Scraping log - scraper.py >         <module>(): Line 751 - INFO - Running default scraper on KT_TG > https://ows.geo.tg.ch/geofy_access_proxy/forstreviere?service=WMS&version=1.3.0&request=GetCapabilities (source 321/1467)
2025-12-07 05:11:07,881 - Scraping log - scraper.py >         <module>(): Line 751 - INFO - Running default scraper on KT_TG > https://ows.geo.tg.ch/geofy_access_proxy/jagdreviere?service=WMS&version=1.3.0&request=GetCapabilities (source 322/1467)
2025-12-07 05:11:09,919 - Scraping log - scraper.py >         <module>(): Line 751 - INFO - Running default scraper on KT_TG > https://ows.geo.tg.ch/geofy_access_proxy/bodenuebersichtskarte?Service=WMS&Version=1.3.0&Request=GetCapabilities (source 323/1467)
2025-12-07 05:11:15,772 - Scraping log - scraper.py >         <module>(): Line 751 - INFO - Running default scraper on KT_TG > https://ows.geo.tg.ch/geofy_access_proxy/gewaesserschutzkarte?Service=WMS&Version=1.3.0&Request=GetCapabilities (source 324/1467)
2025-12-07 05:11:19,840 - Scraping log - scraper.py >         <module>(): Line 751 - INFO - Running default scraper on KT_TG > https://ows-raster.geo.tg.ch/geofy_access_proxy/luftschadstoffbelastung?Service=WMS&Version=1.3.0&Request=GetCapabilities (source 325/1467)
2025-12-07 05:11:23,981 - Scraping log - scraper.py >         <module>(): Line 751 - INFO - Running default scraper on KT_TG > https://ows.geo.tg.ch/geofy_access_proxy/hintergrundplan?Service=WMS&Version=1.3.0&Request=GetCapabilities (source 326/1467)
2025-12-07 05:11:24,694 - Scraping log - scraper.py >         <module>(): Line 759 - WARNING - Scraping KT_TG > https://ows.geo.tg.ch/geofy_access_proxy/hintergrundplan?Service=WMS&Version=1.3.0&Request=GetCapabilities aborted
2025-12-07 05:11:24,694 - Scraping log - scraper.py >         <module>(): Line 751 - INFO - Running default scraper on KT_TG > https://ows.geo.tg.ch/geofy_access_proxy/fruchtfolgeflaechen_sachplan?service=WMS&version=1.3.0&request=GetCapabilities (source 327/1467)
2025-12-07 05:11:26,300 - Scraping log - scraper.py >         <module>(): Line 751 - INFO - Running default scraper on KT_TG > https://ows.geo.tg.ch/geofy_access_proxy/hydrologische_messnetze?Service=WMS&Version=1.3.0&Request=GetCapabilities (source 328/1467)
2025-12-07 05:11:28,335 - Scraping log - scraper.py >         <module>(): Line 751 - INFO - Running default scraper on KT_TG > https://ows.geo.tg.ch/geofy_access_proxy/kgs_inventar_b_archaeologie?service=WMS&version=1.3.0&request=GetCapabilities (source 329/1467)
2025-12-07 05:11:29,819 - Scraping log - scraper.py >         <module>(): Line 751 - INFO - Running default scraper on KT_TG > https://ows-raster.geo.tg.ch/geofy_access_proxy/luftschadstoffemissionen?Service=WMS&Version=1.3.0&Request=GetCapabilities (source 330/1467)
2025-12-07 05:11:33,263 - Scraping log - scraper.py >         <module>(): Line 751 - INFO - Running default scraper on KT_TG > https://ows.geo.tg.ch/geofy_access_proxy/landwirtschaft_kulturflaechen?service=WMS&version=1.3.0&request=GetCapabilities (source 331/1467)
2025-12-07 05:11:44,811 - Scraping log - scraper.py > get_service_info(): Line 319 - ERROR - Landwirtschaft_Kulturflaechen: HTTPSConnectionPool(host='ows.geo.tg.ch', port=443): Read timed out. (read timeout=10)
2025-12-07 05:12:02,059 - Scraping log - scraper.py >         <module>(): Line 751 - INFO - Running default scraper on KT_TG > https://ows.geo.tg.ch/geofy_access_proxy/kantonsstrassen?service=WMS&version=1.3.0&request=GetCapabilities (source 332/1467)
2025-12-07 05:12:09,182 - Scraping log - scraper.py >         <module>(): Line 751 - INFO - Running default scraper on KT_TG > https://ows.geo.tg.ch/geofy_access_proxy/wanderwege?service=WMS&version=1.3.0&request=GetCapabilities (source 333/1467)
2025-12-07 05:12:13,921 - Scraping log - scraper.py >         <module>(): Line 751 - INFO - Running default scraper on KT_TG > https://ows.geo.tg.ch/geofy_access_proxy/kunstbauten?service=WMS&version=1.3.0&request=GetCapabilities (source 334/1467)
2025-12-07 05:12:15,683 - Scraping log - scraper.py >         <module>(): Line 751 - INFO - Running default scraper on KT_TG > https://ows.geo.tg.ch/geofy_access_proxy/gewaesserschutzkarte?Service=WMS&Version=1.3.0&Request=GetCapabilities (source 335/1467)
2025-12-07 05:12:19,763 - Scraping log - scraper.py >         <module>(): Line 751 - INFO - Running default scraper on KT_TG > https://ows.geo.tg.ch/geofy_access_proxy/neophyten?Service=WMS&Version=1.3.0&Request=GetCapabilities (source 336/1467)
2025-12-07 05:12:21,511 - Scraping log - scraper.py >         <module>(): Line 751 - INFO - Running default scraper on KT_TG > https://ows.geo.tg.ch/geofy_access_proxy/siedlungsverzeichnis?service=WMS&version=1.3.0&request=GetCapabilities (source 337/1467)
2025-12-07 05:12:23,656 - Scraping log - scraper.py >         <module>(): Line 751 - INFO - Running default scraper on KT_TG > https://ows.geo.tg.ch/geofy_access_proxy/revitalisierung_gewaesser?Service=WMS&Version=1.3.0&Request=GetCapabilities (source 338/1467)
2025-12-07 05:12:24,345 - Scraping log - scraper.py >         <module>(): Line 759 - WARNING - Scraping KT_TG > https://ows.geo.tg.ch/geofy_access_proxy/revitalisierung_gewaesser?Service=WMS&Version=1.3.0&Request=GetCapabilities aborted
2025-12-07 05:12:24,345 - Scraping log - scraper.py >         <module>(): Line 751 - INFO - Running default scraper on KT_TG > https://ows.geo.tg.ch/geofy_access_proxy/gefahrenhinweiskarte?Service=WMS&Version=1.3.0&Request=GetCapabilities (source 339/1467)
2025-12-07 05:12:32,053 - Scraping log - scraper.py >         <module>(): Line 751 - INFO - Running default scraper on KT_TG > https://ows.geo.tg.ch/geofy_access_proxy/landwirtschaft_kulturflaechen?service=WMS&version=1.3.0&request=GetCapabilities (source 340/1467)
2025-12-07 05:12:43,634 - Scraping log - scraper.py > get_service_info(): Line 319 - ERROR - Landwirtschaft_Kulturflaechen: HTTPSConnectionPool(host='ows.geo.tg.ch', port=443): Read timed out. (read timeout=10)
2025-12-07 05:13:00,837 - Scraping log - scraper.py >         <module>(): Line 751 - INFO - Running default scraper on KT_TG > https://ows.geo.tg.ch/geofy_access_proxy/fischereiverbote?service=WMS&version=1.3.0&request=GetCapabilities (source 341/1467)
2025-12-07 05:13:03,426 - Scraping log - scraper.py >         <module>(): Line 751 - INFO - Running default scraper on KT_TG > https://ows.geo.tg.ch/geofy_access_proxy/regionalplanung?service=WMS&version=1.3.0&request=GetCapabilities (source 342/1467)
2025-12-07 05:13:05,161 - Scraping log - scraper.py >         <module>(): Line 751 - INFO - Running default scraper on KT_TG > https://ows.geo.tg.ch/geofy_access_proxy/gewaesserschutzkarte?Service=WMS&Version=1.3.0&Request=GetCapabilities (source 343/1467)
2025-12-07 05:13:09,461 - Scraping log - scraper.py >         <module>(): Line 751 - INFO - Running default scraper on KT_TG > https://ows.geo.tg.ch/geofy_access_proxy/korrektionen_fluesse?Service=WMS&Version=1.3.0&Request=GetCapabilities (source 344/1467)
2025-12-07 05:13:11,519 - Scraping log - scraper.py >         <module>(): Line 751 - INFO - Running default scraper on KT_TG > https://ows.geo.tg.ch/geofy_access_proxy/korrektionen_baeche?Service=WMS&Version=1.3.0&Request=GetCapabilities (source 345/1467)
2025-12-07 05:13:13,350 - Scraping log - scraper.py >         <module>(): Line 751 - INFO - Running default scraper on KT_TG > https://ows.geo.tg.ch/geofy_access_proxy/hoehendaten?service=WMS&version=1.3.0&request=GetCapabilities (source 346/1467)
2025-12-07 05:13:15,199 - Scraping log - scraper.py >         <module>(): Line 751 - INFO - Running default scraper on KT_TG > https://ows.geo.tg.ch/geofy_access_proxy/hoehendaten?service=WMS&version=1.3.0&request=GetCapabilities (source 347/1467)
2025-12-07 05:13:17,129 - Scraping log - scraper.py >         <module>(): Line 751 - INFO - Running default scraper on KT_TG > https://ows.geo.tg.ch/geofy_access_proxy/oereb_statische_waldgrenzen?service=WMS&version=1.3.0&request=GetCapabilities (source 348/1467)
2025-12-07 05:13:18,846 - Scraping log - scraper.py >         <module>(): Line 751 - INFO - Running default scraper on KT_TG > https://ows.geo.tg.ch/geofy_access_proxy/mountainbike?service=WMS&version=1.3.0&request=GetCapabilities (source 349/1467)
2025-12-07 05:13:20,583 - Scraping log - scraper.py >         <module>(): Line 751 - INFO - Running default scraper on KT_TG > https://ows.geo.tg.ch/geofy_access_proxy/erdwaerme?Service=WMS&Version=1.3.0&Request=GetCapabilities (source 350/1467)
2025-12-07 05:13:22,993 - Scraping log - scraper.py >         <module>(): Line 751 - INFO - Running default scraper on KT_TG > https://ows.geo.tg.ch/geofy_access_proxy/oekomorphologie?Service=WMS&Version=1.3.0&Request=GetCapabilities (source 351/1467)
2025-12-07 05:13:27,060 - Scraping log - scraper.py >         <module>(): Line 751 - INFO - Running default scraper on KT_TG > https://ows.geo.tg.ch/geofy_access_proxy/kbs?Service=WMS&Version=1.3.0&Request=GetCapabilities (source 352/1467)
2025-12-07 05:13:29,090 - Scraping log - scraper.py >         <module>(): Line 751 - INFO - Running default scraper on KT_TG > https://ows.geo.tg.ch/geofy_access_proxy/fischereiaufsichtskreise?service=WMS&version=1.3.0&request=GetCapabilities (source 353/1467)
2025-12-07 05:13:30,705 - Scraping log - scraper.py >         <module>(): Line 751 - INFO - Running default scraper on KT_TG > https://ows.geo.tg.ch/geofy_access_proxy/gewaesserschutzkarte?Service=WMS&Version=1.3.0&Request=GetCapabilities (source 354/1467)
2025-12-07 05:13:34,878 - Scraping log - scraper.py >         <module>(): Line 751 - INFO - Running default scraper on KT_TG > https://ows-raster.geo.tg.ch/geofy_access_proxy/biomasse?Service=WMS&Version=1.3.0&Request=GetCapabilities (source 355/1467)
2025-12-07 05:13:37,683 - Scraping log - scraper.py >         <module>(): Line 751 - INFO - Running default scraper on KT_TG > https://ows.geo.tg.ch/geofy_access_proxy/ausnahmetransportrouten?service=WMS&version=1.3.0&request=GetCapabilities (source 356/1467)
2025-12-07 05:13:44,615 - Scraping log - scraper.py >         <module>(): Line 751 - INFO - Running default scraper on KT_TG > https://ows.geo.tg.ch/geofy_access_proxy/jagdreviere?service=WMS&version=1.3.0&request=GetCapabilities (source 357/1467)
2025-12-07 05:13:46,651 - Scraping log - scraper.py >         <module>(): Line 751 - INFO - Running default scraper on KT_TG > https://ows.geo.tg.ch/geofy_access_proxy/kapopostenkarte?service=WMS&version=1.3.0&request=GetCapabilities (source 358/1467)
2025-12-07 05:13:48,400 - Scraping log - scraper.py >         <module>(): Line 751 - INFO - Running default scraper on KT_TG > https://ows.geo.tg.ch/geofy_access_proxy/jagdreviere?service=WMS&version=1.3.0&request=GetCapabilities (source 359/1467)
2025-12-07 05:13:50,518 - Scraping log - scraper.py >         <module>(): Line 751 - INFO - Running default scraper on KT_TG > https://ows.geo.tg.ch/geofy_access_proxy/fischereiverbote?service=WMS&version=1.3.0&request=GetCapabilities (source 360/1467)
2025-12-07 05:13:52,815 - Scraping log - scraper.py >         <module>(): Line 751 - INFO - Running default scraper on KT_TG > https://ows.geo.tg.ch/geofy_access_proxy/richtplankt200k?service=WMS&version=1.3.0&request=GetCapabilities (source 361/1467)
2025-12-07 05:14:31,020 - Scraping log - scraper.py >         <module>(): Line 751 - INFO - Running default scraper on KT_TG > https://ows.geo.tg.ch/geofy_access_proxy/oekomorphologie?Service=WMS&Version=1.3.0&Request=GetCapabilities (source 362/1467)
2025-12-07 05:14:34,976 - Scraping log - scraper.py >         <module>(): Line 751 - INFO - Running default scraper on KT_TG > https://ows.geo.tg.ch/geofy_access_proxy/gewaesserschutzkarte?Service=WMS&Version=1.3.0&Request=GetCapabilities (source 363/1467)
2025-12-07 05:14:39,076 - Scraping log - scraper.py >         <module>(): Line 751 - INFO - Running default scraper on KT_TG > https://ows.geo.tg.ch/geofy_access_proxy/grundwasserkarte?Service=WMS&Version=1.3.0&Request=GetCapabilities (source 364/1467)
2025-12-07 05:14:42,518 - Scraping log - scraper.py >         <module>(): Line 751 - INFO - Running default scraper on KT_TG > https://ows.geo.tg.ch/geofy_access_proxy/zivilschutzregionen?service=WMS&version=1.3.0&request=GetCapabilities (source 365/1467)
2025-12-07 05:14:44,141 - Scraping log - scraper.py >         <module>(): Line 751 - INFO - Running default scraper on KT_TG > https://ows.geo.tg.ch/geofy_access_proxy/schulgemeinden?service=WMS&version=1.3.0&request=GetCapabilities (source 366/1467)
2025-12-07 05:14:46,104 - Scraping log - scraper.py >         <module>(): Line 751 - INFO - Running default scraper on KT_TG > https://ows.geo.tg.ch/geofy_access_proxy/ng_fliesstiefenkarte_wasser_hq30?Service=WMS&Version=1.3.0&Request=GetCapabilities (source 367/1467)
2025-12-07 05:14:48,286 - Scraping log - scraper.py >         <module>(): Line 751 - INFO - Running default scraper on KT_TG > https://ows.geo.tg.ch/geofy_access_proxy/gewaesserkataster_gewaesser?Service=WMS&Version=1.3.0&Request=GetCapabilities (source 368/1467)
2025-12-07 05:14:53,784 - Scraping log - scraper.py >         <module>(): Line 751 - INFO - Running default scraper on KT_TG > https://ows-raster.geo.tg.ch/geofy_access_proxy/orthofoto2017?Service=WMS&Version=1.3.0&Request=GetCapabilities (source 369/1467)
2025-12-07 05:14:55,900 - Scraping log - scraper.py >         <module>(): Line 751 - INFO - Running default scraper on KT_TG > https://ows.geo.tg.ch/geofy_access_proxy/sirenenstandorte?service=WMS&version=1.3.0&request=GetCapabilities (source 370/1467)
2025-12-07 05:14:57,621 - Scraping log - scraper.py >         <module>(): Line 751 - INFO - Running default scraper on KT_TG > https://ows.geo.tg.ch/geofy_access_proxy/schutzraeume?service=WMS&version=1.3.0&request=GetCapabilities (source 371/1467)
2025-12-07 05:14:59,508 - Scraping log - scraper.py >         <module>(): Line 751 - INFO - Running default scraper on KT_TG > https://ows.geo.tg.ch/geofy_access_proxy/notfalltreffpunkte?Service=WFS&Version=2.0.0&Request=GetCapabilities (source 372/1467)
2025-12-07 05:15:01,316 - Scraping log - scraper.py >         <module>(): Line 751 - INFO - Running default scraper on KT_TG > https://ows.geo.tg.ch/geofy_access_proxy/rebbau?service=WFS&version=2.0.0&request=GetCapabilities (source 373/1467)
2025-12-07 05:15:03,557 - Scraping log - scraper.py >         <module>(): Line 751 - INFO - Running default scraper on KT_TG > https://ows.geo.tg.ch/geofy_access_proxy/strassenverkehrszaehlung?service=WFS&version=2.0.0&request=GetCapabilities (source 374/1467)
2025-12-07 05:15:05,518 - Scraping log - scraper.py >         <module>(): Line 751 - INFO - Running default scraper on KT_TG > https://ows.geo.tg.ch/geofy_access_proxy/av_wms?Service=WFS&Version=2.0.0&Request=GetCapabilities (source 375/1467)
2025-12-07 05:15:07,929 - Scraping log - scraper.py > get_service_info(): Line 319 - ERROR - ms:LCOBJ: 'WebFeatureService_2_0_0' object has no attribute 'getmap'
2025-12-07 05:15:07,929 - Scraping log - scraper.py > get_service_info(): Line 319 - ERROR - ms:LCSF: 'WebFeatureService_2_0_0' object has no attribute 'getmap'
2025-12-07 05:15:07,930 - Scraping log - scraper.py > get_service_info(): Line 319 - ERROR - ms:LCSFC: 'WebFeatureService_2_0_0' object has no attribute 'getmap'
2025-12-07 05:15:07,930 - Scraping log - scraper.py > get_service_info(): Line 319 - ERROR - ms:PLNA: 'WebFeatureService_2_0_0' object has no attribute 'getmap'
2025-12-07 05:15:07,930 - Scraping log - scraper.py > get_service_info(): Line 319 - ERROR - ms:PLSF: 'WebFeatureService_2_0_0' object has no attribute 'getmap'
2025-12-07 05:15:07,930 - Scraping log - scraper.py > get_service_info(): Line 319 - ERROR - ms:PLLI: 'WebFeatureService_2_0_0' object has no attribute 'getmap'
2025-12-07 05:15:07,930 - Scraping log - scraper.py > get_service_info(): Line 319 - ERROR - ms:SOSF: 'WebFeatureService_2_0_0' object has no attribute 'getmap'
2025-12-07 05:15:07,930 - Scraping log - scraper.py > get_service_info(): Line 319 - ERROR - ms:SOSFC: 'WebFeatureService_2_0_0' object has no attribute 'getmap'
2025-12-07 05:15:07,930 - Scraping log - scraper.py > get_service_info(): Line 319 - ERROR - ms:LCSF_GEB: 'WebFeatureService_2_0_0' object has no attribute 'getmap'
2025-12-07 05:15:07,930 - Scraping log - scraper.py > get_service_info(): Line 319 - ERROR - ms:LCSFC_GEB: 'WebFeatureService_2_0_0' object has no attribute 'getmap'
2025-12-07 05:15:07,930 - Scraping log - scraper.py > get_service_info(): Line 319 - ERROR - ms:LCSFPROJ: 'WebFeatureService_2_0_0' object has no attribute 'getmap'
2025-12-07 05:15:07,930 - Scraping log - scraper.py > get_service_info(): Line 319 - ERROR - ms:SOOBJ: 'WebFeatureService_2_0_0' object has no attribute 'getmap'
2025-12-07 05:15:07,930 - Scraping log - scraper.py > get_service_info(): Line 319 - ERROR - ms:SOLI: 'WebFeatureService_2_0_0' object has no attribute 'getmap'
2025-12-07 05:15:07,930 - Scraping log - scraper.py > get_service_info(): Line 319 - ERROR - ms:SOPT: 'WebFeatureService_2_0_0' object has no attribute 'getmap'
2025-12-07 05:15:07,930 - Scraping log - scraper.py > get_service_info(): Line 319 - ERROR - ms:LOCPOS: 'WebFeatureService_2_0_0' object has no attribute 'getmap'
2025-12-07 05:15:07,930 - Scraping log - scraper.py > get_service_info(): Line 319 - ERROR - ms:HADR: 'WebFeatureService_2_0_0' object has no attribute 'getmap'
2025-12-07 05:15:07,930 - Scraping log - scraper.py > get_service_info(): Line 319 - ERROR - ms:LNNA: 'WebFeatureService_2_0_0' object has no attribute 'getmap'
2025-12-07 05:15:07,930 - Scraping log - scraper.py > get_service_info(): Line 319 - ERROR - ms:OSNRPROJ: 'WebFeatureService_2_0_0' object has no attribute 'getmap'
2025-12-07 05:15:07,930 - Scraping log - scraper.py > get_service_info(): Line 319 - ERROR - ms:OSNR: 'WebFeatureService_2_0_0' object has no attribute 'getmap'
2025-12-07 05:15:07,930 - Scraping log - scraper.py > get_service_info(): Line 319 - ERROR - ms:DPRSFPROJ: 'WebFeatureService_2_0_0' object has no attribute 'getmap'
2025-12-07 05:15:07,931 - Scraping log - scraper.py > get_service_info(): Line 319 - ERROR - ms:RESFPROJ: 'WebFeatureService_2_0_0' object has no attribute 'getmap'
2025-12-07 05:15:07,931 - Scraping log - scraper.py > get_service_info(): Line 319 - ERROR - ms:DPRSF: 'WebFeatureService_2_0_0' object has no attribute 'getmap'
2025-12-07 05:15:07,931 - Scraping log - scraper.py > get_service_info(): Line 319 - ERROR - ms:RESF: 'WebFeatureService_2_0_0' object has no attribute 'getmap'
2025-12-07 05:15:07,931 - Scraping log - scraper.py > get_service_info(): Line 319 - ERROR - ms:RESF_h: 'WebFeatureService_2_0_0' object has no attribute 'getmap'
2025-12-07 05:15:07,931 - Scraping log - scraper.py > get_service_info(): Line 319 - ERROR - ms:MBSF: 'WebFeatureService_2_0_0' object has no attribute 'getmap'
2025-12-07 05:15:07,931 - Scraping log - scraper.py > get_service_info(): Line 319 - ERROR - ms:MBSF-LABEL: 'WebFeatureService_2_0_0' object has no attribute 'getmap'
2025-12-07 05:15:07,931 - Scraping log - scraper.py > get_service_info(): Line 319 - ERROR - ms:TBLI: 'WebFeatureService_2_0_0' object has no attribute 'getmap'
2025-12-07 05:15:07,931 - Scraping log - scraper.py > get_service_info(): Line 319 - ERROR - ms:OSBP: 'WebFeatureService_2_0_0' object has no attribute 'getmap'
2025-12-07 05:15:07,931 - Scraping log - scraper.py > get_service_info(): Line 319 - ERROR - ms:CPPT: 'WebFeatureService_2_0_0' object has no attribute 'getmap'
2025-12-07 05:15:07,931 - Scraping log - scraper.py > get_service_info(): Line 319 - ERROR - ms:TBBP: 'WebFeatureService_2_0_0' object has no attribute 'getmap'
2025-12-07 05:15:07,931 - Scraping log - scraper.py >         <module>(): Line 751 - INFO - Running default scraper on KT_TG > https://ows.geo.tg.ch/geofy_access_proxy/vernetzungskorridore?service=WFS&version=2.0.0&request=GetCapabilities (source 376/1467)
2025-12-07 05:15:09,750 - Scraping log - scraper.py >         <module>(): Line 751 - INFO - Running default scraper on KT_TG > https://ows.geo.tg.ch/geofy_access_proxy/laermemissionskataster?service=WFS&version=2.0.0&request=GetCapabilities (source 377/1467)
2025-12-07 05:15:12,251 - Scraping log - scraper.py >         <module>(): Line 751 - INFO - Running default scraper on KT_TG > https://ows.geo.tg.ch/geofy_access_proxy/skate?service=WFS&version=2.0.0&request=GetCapabilities (source 378/1467)
2025-12-07 05:15:14,067 - Scraping log - scraper.py >         <module>(): Line 751 - INFO - Running default scraper on KT_TG > https://ows.geo.tg.ch/geofy_access_proxy/deutschkurse?service=WFS&version=1.3.0&request=GetCapabilities (source 379/1467)
2025-12-07 05:15:15,895 - Scraping log - scraper.py >         <module>(): Line 751 - INFO - Running default scraper on KT_TG > https://ows.geo.tg.ch/geofy_access_proxy/landwirtschaft_kulturflaechen?service=WFS&version=2.0.0&request=GetCapabilities (source 380/1467)
2025-12-07 05:15:19,653 - Scraping log - scraper.py >         <module>(): Line 751 - INFO - Running default scraper on KT_TG > https://ows.geo.tg.ch/geofy_access_proxy/landwirtschaft_kulturflaechen?service=WFS&version=2.0.0&request=GetCapabilities (source 381/1467)
2025-12-07 05:15:23,397 - Scraping log - scraper.py >         <module>(): Line 751 - INFO - Running default scraper on KT_TG > https://ows.geo.tg.ch/geofy_access_proxy/bts_ols?service=WFS&version=2.0.0&request=GetCapabilities (source 382/1467)
2025-12-07 05:15:25,632 - Scraping log - scraper.py >         <module>(): Line 751 - INFO - Running default scraper on KT_TG > https://ows.geo.tg.ch/geofy_access_proxy/waldreservate?service=WFS&version=2.0.0&request=GetCapabilities (source 383/1467)
2025-12-07 05:15:26,307 - Scraping log - scraper.py >         <module>(): Line 759 - WARNING - Scraping KT_TG > https://ows.geo.tg.ch/geofy_access_proxy/waldreservate?service=WFS&version=2.0.0&request=GetCapabilities aborted
2025-12-07 05:15:26,308 - Scraping log - scraper.py >         <module>(): Line 751 - INFO - Running default scraper on KT_TG > https://ows.geo.tg.ch/geofy_access_proxy/waldreservate?service=WFS&version=2.0.0&request=GetCapabilities (source 384/1467)
2025-12-07 05:15:26,990 - Scraping log - scraper.py >         <module>(): Line 759 - WARNING - Scraping KT_TG > https://ows.geo.tg.ch/geofy_access_proxy/waldreservate?service=WFS&version=2.0.0&request=GetCapabilities aborted
2025-12-07 05:15:26,991 - Scraping log - scraper.py >         <module>(): Line 751 - INFO - Running default scraper on KT_TG > https://ows.geo.tg.ch/geofy_access_proxy/waldentwicklungsplan?Service=WFS&Version=2.0.0&Request=GetCapabilities (source 385/1467)
2025-12-07 05:15:29,699 - Scraping log - scraper.py >         <module>(): Line 751 - INFO - Running default scraper on KT_TG > https://ows.geo.tg.ch/geofy_access_proxy/schutzwald?service=WFS&version=2.0.0&request=GetCapabilities (source 386/1467)
2025-12-07 05:15:31,670 - Scraping log - scraper.py >         <module>(): Line 751 - INFO - Running default scraper on KT_TG > https://ows.geo.tg.ch/geofy_access_proxy/oereb_amphibienlaichgebiete?service=WFS&version=2.0.0&request=GetCapabilities (source 387/1467)
2025-12-07 05:15:34,843 - Scraping log - scraper.py >         <module>(): Line 751 - INFO - Running default scraper on KT_TG > https://ows.geo.tg.ch/geofy_access_proxy/oereb_flachmoore?service=WFS&version=2.0.0&request=GetCapabilities (source 388/1467)
2025-12-07 05:15:38,036 - Scraping log - scraper.py >         <module>(): Line 751 - INFO - Running default scraper on KT_TG > https://ows.geo.tg.ch/geofy_access_proxy/oereb_hoch_uebergangsmoore?service=WFS&version=2.0.0&request=GetCapabilities (source 389/1467)
2025-12-07 05:15:39,852 - Scraping log - scraper.py >         <module>(): Line 751 - INFO - Running default scraper on KT_TG > https://ows.geo.tg.ch/geofy_access_proxy/hkb?Service=WFS&Version=2.0.0&Request=GetCapabilities (source 390/1467)
2025-12-07 05:15:42,817 - Scraping log - scraper.py >         <module>(): Line 751 - INFO - Running default scraper on KT_TG > https://ows.geo.tg.ch/geofy_access_proxy/friedensrichteraemter?Service=WFS&Version=2.0.0&Request=GetCapabilities (source 391/1467)
2025-12-07 05:15:44,781 - Scraping log - scraper.py >         <module>(): Line 751 - INFO - Running default scraper on KT_TG > https://ows.geo.tg.ch/geofy_access_proxy/betreibungsaemter?Service=WFS&Version=2.0.0&Request=GetCapabilities (source 392/1467)
2025-12-07 05:15:46,765 - Scraping log - scraper.py >         <module>(): Line 751 - INFO - Running default scraper on KT_TG > https://ows.geo.tg.ch/geofy_access_proxy/stromversorgung_netzgebiete?service=WFS&version=2.0.0&request=GetCapabilities (source 393/1467)
2025-12-07 05:15:48,881 - Scraping log - scraper.py >         <module>(): Line 751 - INFO - Running default scraper on KT_TG > https://ows.geo.tg.ch/geofy_access_proxy/kantonsstrassen?service=WFS&version=2.0.0&request=GetCapabilities (source 394/1467)
2025-12-07 05:15:52,220 - Scraping log - scraper.py >         <module>(): Line 751 - INFO - Running default scraper on KT_TG > https://ows.geo.tg.ch/geofy_access_proxy/landwirtschaft_kulturflaechen?service=WFS&version=2.0.0&request=GetCapabilities (source 395/1467)
2025-12-07 05:15:55,987 - Scraping log - scraper.py >         <module>(): Line 751 - INFO - Running default scraper on KT_TG > https://ows.geo.tg.ch/geofy_access_proxy/forstliche_bestandeskarte?service=WFS&version=2.0.0&request=GetCapabilities (source 396/1467)
2025-12-07 05:15:58,458 - Scraping log - scraper.py >         <module>(): Line 751 - INFO - Running default scraper on KT_TG > https://ows.geo.tg.ch/geofy_access_proxy/forstreviere?service=WFS&version=2.0.0&request=GetCapabilities (source 397/1467)
2025-12-07 05:16:00,718 - Scraping log - scraper.py >         <module>(): Line 751 - INFO - Running default scraper on KT_TG > https://ows.geo.tg.ch/geofy_access_proxy/badegewaesserqualitaet?service=WFS&version=2.0.0&request=GetCapabilities (source 398/1467)
2025-12-07 05:16:02,551 - Scraping log - scraper.py >         <module>(): Line 751 - INFO - Running default scraper on KT_TG > https://ows.geo.tg.ch/geofy_access_proxy/landwirtschaft_kulturflaechen?service=WFS&version=2.0.0&request=GetCapabilities (source 399/1467)
2025-12-07 05:16:06,298 - Scraping log - scraper.py >         <module>(): Line 751 - INFO - Running default scraper on KT_TG > https://ows.geo.tg.ch/geofy_access_proxy/biber?service=WFS&version=2.0.0&request=GetCapabilities (source 400/1467)
2025-12-07 05:16:08,119 - Scraping log - scraper.py >         <module>(): Line 751 - INFO - Running default scraper on KT_TG > https://ows.geo.tg.ch/geofy_access_proxy/waldstandortkarte?service=WFS&version=2.0.0&request=GetCapabilities (source 401/1467)
2025-12-07 05:16:10,704 - Scraping log - scraper.py >         <module>(): Line 751 - INFO - Running default scraper on KT_TG > https://ows.geo.tg.ch/geofy_access_proxy/forstreviere?service=WFS&version=2.0.0&request=GetCapabilities (source 402/1467)
2025-12-07 05:16:12,948 - Scraping log - scraper.py >         <module>(): Line 751 - INFO - Running default scraper on KT_TG > https://ows.geo.tg.ch/geofy_access_proxy/jagdreviere?Service=WFS&Version=2.0.0&Request=GetCapabilities (source 403/1467)
2025-12-07 05:16:15,293 - Scraping log - scraper.py >         <module>(): Line 751 - INFO - Running default scraper on KT_TG > https://ows.geo.tg.ch/geofy_access_proxy/bodenuebersichtskarte?Service=WFS&Version=2.0.0&Request=GetCapabilities (source 404/1467)
2025-12-07 05:16:19,047 - Scraping log - scraper.py >         <module>(): Line 751 - INFO - Running default scraper on KT_TG > https://ows.geo.tg.ch/geofy_access_proxy/grundwasserkarte?Service=WMS&Version=1.3.0&Request=GetCapabilities (source 405/1467)
2025-12-07 05:16:22,505 - Scraping log - scraper.py >         <module>(): Line 751 - INFO - Running default scraper on KT_TG > https://ows.geo.tg.ch/geofy_access_proxy/fruchtfolgeflaechen_sachplan?Service=WFS&Version=2.0.0&Request=GetCapabilities (source 406/1467)
2025-12-07 05:16:24,345 - Scraping log - scraper.py >         <module>(): Line 751 - INFO - Running default scraper on KT_TG > https://ows.geo.tg.ch/geofy_access_proxy/hydrologische_messnetze?Service=WFS&Version=2.0.0&Request=GetCapabilities (source 407/1467)
2025-12-07 05:16:26,301 - Scraping log - scraper.py >         <module>(): Line 751 - INFO - Running default scraper on KT_TG > https://ows.geo.tg.ch/geofy_access_proxy/kgs_inventar_b_archaeologie?service=WFS&version=2.0.0&request=GetCapabilities (source 408/1467)
2025-12-07 05:16:28,118 - Scraping log - scraper.py >         <module>(): Line 751 - INFO - Running default scraper on KT_TG > https://ows.geo.tg.ch/geofy_access_proxy/landwirtschaft_kulturflaechen?service=WFS&version=2.0.0&request=GetCapabilities (source 409/1467)
2025-12-07 05:16:31,884 - Scraping log - scraper.py >         <module>(): Line 751 - INFO - Running default scraper on KT_TG > https://ows.geo.tg.ch/geofy_access_proxy/kantonsstrassen?service=WFS&version=2.0.0&request=GetCapabilities (source 410/1467)
2025-12-07 05:16:35,236 - Scraping log - scraper.py >         <module>(): Line 751 - INFO - Running default scraper on KT_TG > https://ows.geo.tg.ch/geofy_access_proxy/wanderwege?service=WFS&version=2.0.0&request=GetCapabilities (source 411/1467)
2025-12-07 05:16:37,743 - Scraping log - scraper.py >         <module>(): Line 751 - INFO - Running default scraper on KT_TG > https://ows.geo.tg.ch/geofy_access_proxy/kunstbauten?service=WFS&version=2.0.0&request=GetCapabilities (source 412/1467)
2025-12-07 05:16:39,733 - Scraping log - scraper.py >         <module>(): Line 751 - INFO - Running default scraper on KT_TG > https://ows.geo.tg.ch/geofy_access_proxy/gewaesserschutzkarte?Service=WFS&Version=2.0.0&Request=GetCapabilities (source 413/1467)
2025-12-07 05:16:42,210 - Scraping log - scraper.py >         <module>(): Line 751 - INFO - Running default scraper on KT_TG > https://ows.geo.tg.ch/geofy_access_proxy/neophyten?Service=WFS&Version=2.0.0&Request=GetCapabilities (source 414/1467)
2025-12-07 05:16:44,167 - Scraping log - scraper.py >         <module>(): Line 751 - INFO - Running default scraper on KT_TG > https://ows.geo.tg.ch/geofy_access_proxy/siedlungsverzeichnis?service=WFS&version=2.0.0&request=GetCapabilities (source 415/1467)
2025-12-07 05:16:45,991 - Scraping log - scraper.py >         <module>(): Line 751 - INFO - Running default scraper on KT_TG > https://ows.geo.tg.ch/geofy_access_proxy/revitalisierung_gewaesser?Service=WFS&Version=2.0.0&Request=GetCapabilities (source 416/1467)
2025-12-07 05:16:46,675 - Scraping log - scraper.py >         <module>(): Line 759 - WARNING - Scraping KT_TG > https://ows.geo.tg.ch/geofy_access_proxy/revitalisierung_gewaesser?Service=WFS&Version=2.0.0&Request=GetCapabilities aborted
2025-12-07 05:16:46,675 - Scraping log - scraper.py >         <module>(): Line 751 - INFO - Running default scraper on KT_TG > https://ows.geo.tg.ch/geofy_access_proxy/gefahrenhinweiskarte?Service=WFS&Version=2.0.0&Request=GetCapabilities (source 417/1467)
2025-12-07 05:16:49,867 - Scraping log - scraper.py >         <module>(): Line 751 - INFO - Running default scraper on KT_TG > https://ows.geo.tg.ch/geofy_access_proxy/landwirtschaft_kulturflaechen?service=WFS&version=2.0.0&request=GetCapabilities (source 418/1467)
2025-12-07 05:16:53,686 - Scraping log - scraper.py >         <module>(): Line 751 - INFO - Running default scraper on KT_TG > https://ows.geo.tg.ch/geofy_access_proxy/fischereiverbote?Service=WFS&Version=2.0.0&Request=GetCapabilities (source 419/1467)
2025-12-07 05:16:56,537 - Scraping log - scraper.py >         <module>(): Line 751 - INFO - Running default scraper on KT_TG > https://ows.geo.tg.ch/geofy_access_proxy/regionalplanung?service=WFS&version=2.0.0&request=GetCapabilities (source 420/1467)
2025-12-07 05:16:58,373 - Scraping log - scraper.py >         <module>(): Line 751 - INFO - Running default scraper on KT_TG > https://ows.geo.tg.ch/geofy_access_proxy/gewaesserschutzkarte?Service=WFS&Version=2.0.0&Request=GetCapabilities (source 421/1467)
2025-12-07 05:17:00,768 - Scraping log - scraper.py >         <module>(): Line 751 - INFO - Running default scraper on KT_TG > https://ows.geo.tg.ch/geofy_access_proxy/korrektionen_fluesse?Service=WFS&Version=2.0.0&Request=GetCapabilities (source 422/1467)
2025-12-07 05:17:02,730 - Scraping log - scraper.py >         <module>(): Line 751 - INFO - Running default scraper on KT_TG > https://ows.geo.tg.ch/geofy_access_proxy/korrektionen_baeche?Service=WFS&Version=2.0.0&Request=GetCapabilities (source 423/1467)
2025-12-07 05:17:04,585 - Scraping log - scraper.py >         <module>(): Line 751 - INFO - Running default scraper on KT_TG > https://ows.geo.tg.ch/geofy_access_proxy/hoehendaten?service=WFS&version=2.0.0&request=GetCapabilities (source 424/1467)
2025-12-07 05:17:06,570 - Scraping log - scraper.py >         <module>(): Line 751 - INFO - Running default scraper on KT_TG > https://ows.geo.tg.ch/geofy_access_proxy/hoehendaten?service=WFS&version=2.0.0&request=GetCapabilities (source 425/1467)
2025-12-07 05:17:08,531 - Scraping log - scraper.py >         <module>(): Line 751 - INFO - Running default scraper on KT_TG > https://ows.geo.tg.ch/geofy_access_proxy/oereb_statische_waldgrenzen?service=WFS&version=2.0.0&request=GetCapabilities (source 426/1467)
2025-12-07 05:17:10,345 - Scraping log - scraper.py >         <module>(): Line 751 - INFO - Running default scraper on KT_TG > https://ows.geo.tg.ch/geofy_access_proxy/mountainbike?service=WFS&version=2.0.0&request=GetCapabilities (source 427/1467)
2025-12-07 05:17:12,309 - Scraping log - scraper.py >         <module>(): Line 751 - INFO - Running default scraper on KT_TG > https://ows.geo.tg.ch/geofy_access_proxy/erdwaerme?Service=WFS&Version=2.0.0&Request=GetCapabilities (source 428/1467)
2025-12-07 05:17:14,282 - Scraping log - scraper.py >         <module>(): Line 751 - INFO - Running default scraper on KT_TG > https://ows.geo.tg.ch/geofy_access_proxy/oekomorphologie?Service=WFS&Version=2.0.0&Request=GetCapabilities (source 429/1467)
2025-12-07 05:17:17,784 - Scraping log - scraper.py >         <module>(): Line 751 - INFO - Running default scraper on KT_TG > https://ows.geo.tg.ch/geofy_access_proxy/kbs?Service=WFS&Version=2.0.0&Request=GetCapabilities (source 430/1467)
2025-12-07 05:17:20,025 - Scraping log - scraper.py >         <module>(): Line 751 - INFO - Running default scraper on KT_TG > https://ows.geo.tg.ch/geofy_access_proxy/fischereiaufsichtskreise?Service=WFS&Version=2.0.0&Request=GetCapabilities (source 431/1467)
2025-12-07 05:17:21,858 - Scraping log - scraper.py >         <module>(): Line 751 - INFO - Running default scraper on KT_TG > https://ows.geo.tg.ch/geofy_access_proxy/grundwasserkarte?Service=WMS&Version=1.3.0&Request=GetCapabilities (source 432/1467)
2025-12-07 05:17:25,351 - Scraping log - scraper.py >         <module>(): Line 751 - INFO - Running default scraper on KT_TG > https://ows-raster.geo.tg.ch/geofy_access_proxy/biomasse?Service=WFS&Version=2.0.0&Request=GetCapabilities (source 433/1467)
2025-12-07 05:17:27,771 - Scraping log - scraper.py >         <module>(): Line 751 - INFO - Running default scraper on KT_TG > https://ows.geo.tg.ch/geofy_access_proxy/ausnahmetransportrouten?service=WFS&version=2.0.0&request=GetCapabilities (source 434/1467)
2025-12-07 05:17:31,407 - Scraping log - scraper.py >         <module>(): Line 751 - INFO - Running default scraper on KT_TG > https://ows.geo.tg.ch/geofy_access_proxy/jagdreviere?Service=WFS&Version=2.0.0&Request=GetCapabilities (source 435/1467)
2025-12-07 05:17:33,652 - Scraping log - scraper.py >         <module>(): Line 751 - INFO - Running default scraper on KT_TG > https://ows.geo.tg.ch/geofy_access_proxy/kapopostenkarte?Service=WFS&Version=2.0.0&Request=GetCapabilities (source 436/1467)
2025-12-07 05:17:35,628 - Scraping log - scraper.py >         <module>(): Line 751 - INFO - Running default scraper on KT_TG > https://ows.geo.tg.ch/geofy_access_proxy/jagdreviere?Service=WFS&Version=2.0.0&Request=GetCapabilities (source 437/1467)
2025-12-07 05:17:37,869 - Scraping log - scraper.py >         <module>(): Line 751 - INFO - Running default scraper on KT_TG > https://ows.geo.tg.ch/geofy_access_proxy/fischereiverbote?Service=WFS&Version=2.0.0&Request=GetCapabilities (source 438/1467)
2025-12-07 05:17:40,510 - Scraping log - scraper.py >         <module>(): Line 751 - INFO - Running default scraper on KT_TG > https://ows.geo.tg.ch/geofy_access_proxy/richtplankt50k?service=WMS&version=1.3.0&request=GetCapabilities (source 439/1467)
2025-12-07 05:17:57,863 - Scraping log - scraper.py >         <module>(): Line 751 - INFO - Running default scraper on KT_TG > https://ows.geo.tg.ch/geofy_access_proxy/oekomorphologie?Service=WFS&Version=2.0.0&Request=GetCapabilities (source 440/1467)
2025-12-07 05:18:01,339 - Scraping log - scraper.py >         <module>(): Line 751 - INFO - Running default scraper on KT_TG > https://ows.geo.tg.ch/geofy_access_proxy/gewaesserschutzkarte?Service=WFS&Version=2.0.0&Request=GetCapabilities (source 441/1467)
2025-12-07 05:18:03,733 - Scraping log - scraper.py >         <module>(): Line 751 - INFO - Running default scraper on KT_TG > https://ows.geo.tg.ch/geofy_access_proxy/grundwassermodell_thurtal?Service=WMS&Version=1.3.0&Request=GetCapabilities (source 442/1467)
2025-12-07 05:18:04,503 - Scraping log - scraper.py >         <module>(): Line 759 - WARNING - Scraping KT_TG > https://ows.geo.tg.ch/geofy_access_proxy/grundwassermodell_thurtal?Service=WMS&Version=1.3.0&Request=GetCapabilities aborted
2025-12-07 05:18:04,503 - Scraping log - scraper.py >         <module>(): Line 751 - INFO - Running default scraper on KT_TG > https://ows.geo.tg.ch/geofy_access_proxy/zivilschutzregionen?Service=WFS&Version=2.0.0&Request=GetCapabilities (source 443/1467)
2025-12-07 05:18:06,402 - Scraping log - scraper.py >         <module>(): Line 751 - INFO - Running default scraper on KT_TG > https://ows.geo.tg.ch/geofy_access_proxy/schulgemeinden?service=WFS&version=2.0.0&request=GetCapabilities (source 444/1467)
2025-12-07 05:18:08,694 - Scraping log - scraper.py >         <module>(): Line 751 - INFO - Running default scraper on KT_TG > https://ows.geo.tg.ch/geofy_access_proxy/ng_fliesstiefenkarte_wasser_hq100?Service=WMS&Version=1.3.0&Request=GetCapabilities (source 445/1467)
2025-12-07 05:18:10,991 - Scraping log - scraper.py >         <module>(): Line 751 - INFO - Running default scraper on KT_TG > https://ows.geo.tg.ch/geofy_access_proxy/gewaesserkataster_gewaesser?Service=WFS&Version=2.0.0&Request=GetCapabilities (source 446/1467)
2025-12-07 05:18:14,811 - Scraping log - scraper.py >         <module>(): Line 751 - INFO - Running default scraper on KT_TG > https://ows.geo.tg.ch/geofy_access_proxy/sirenenstandorte?Service=WFS&Version=2.0.0&Request=GetCapabilities (source 447/1467)
2025-12-07 05:18:16,742 - Scraping log - scraper.py >         <module>(): Line 751 - INFO - Running default scraper on KT_TG > https://ows.geo.tg.ch/geofy_access_proxy/schutzraeume?Service=WFS&Version=2.0.0&Request=GetCapabilities (source 448/1467)
2025-12-07 05:18:18,641 - Scraping log - scraper.py >         <module>(): Line 751 - INFO - Running default scraper on KT_TI > https://wmts.geo.ti.ch/wmts/1.0.0/WMTSCapabilities.xml (source 449/1467)
2025-12-07 05:18:21,751 - Scraping log - scraper.py >         <module>(): Line 751 - INFO - Running default scraper on KT_TI > https://wfs.geo.ti.ch/wfs_ch (source 450/1467)
2025-12-07 05:18:38,248 - Scraping log - scraper.py >         <module>(): Line 751 - INFO - Running default scraper on KT_TI > https://wfs.geo.ti.ch/wfs_ac (source 451/1467)
2025-12-07 05:18:52,658 - Scraping log - scraper.py >         <module>(): Line 751 - INFO - Running default scraper on KT_TI > https://wms.geo.ti.ch/service?service=WMS&version=1.3.0&REQUEST=GetCapabilities (source 452/1467)
2025-12-07 05:19:18,147 - Scraping log - scraper.py > get_service_info(): Line 319 - ERROR - geodati_base_federali: HTTPSConnectionPool(host='wms.geo.ti.ch', port=443): Read timed out. (read timeout=10)
2025-12-07 05:20:10,228 - Scraping log - scraper.py > get_service_info(): Line 319 - ERROR - ch_052_1_v24_0_piano_base_mu_ch_colore: HTTPSConnectionPool(host='wms.geo.ti.ch', port=443): Read timed out. (read timeout=10)
2025-12-07 05:20:20,463 - Scraping log - scraper.py > get_service_info(): Line 319 - ERROR - ch_052_1_v24_0_piano_base_mu_ch_bn: HTTPSConnectionPool(host='wms.geo.ti.ch', port=443): Read timed out. (read timeout=10)
2025-12-07 05:22:02,741 - Scraping log - scraper.py > get_service_info(): Line 319 - ERROR - geodati_base_cantonali: HTTPSConnectionPool(host='wms.geo.ti.ch', port=443): Read timed out. (read timeout=10)
2025-12-07 05:26:47,957 - Scraping log - scraper.py > get_service_info(): Line 319 - ERROR - ti.028b_1.zp100064: HTTPSConnectionPool(host='wms.geo.ti.ch', port=443): Read timed out. (read timeout=10)
2025-12-07 05:28:03,655 - Scraping log - scraper.py > get_service_info(): Line 319 - ERROR - geodati_amministrazione_cantonale: HTTPSConnectionPool(host='wms.geo.ti.ch', port=443): Read timed out. (read timeout=10)
2025-12-07 05:29:51,606 - Scraping log - scraper.py > get_service_info(): Line 319 - ERROR - ac_045_1_v1_1_piani_corografici_: HTTPSConnectionPool(host='wms.geo.ti.ch', port=443): Read timed out. (read timeout=10)
2025-12-07 05:30:50,983 - Scraping log - scraper.py >         <module>(): Line 751 - INFO - Running default scraper on KT_UR > https://geo.ur.ch/wms?request=getCapabilities (source 453/1467)
2025-12-07 05:34:24,101 - Scraping log - scraper.py >         <module>(): Line 751 - INFO - Running default scraper on KT_UR > https://geo.ur.ch/wfs?request=getCapabilities (source 454/1467)
2025-12-07 05:35:28,313 - Scraping log - scraper.py >         <module>(): Line 751 - INFO - Running default scraper on KT_ZG > https://services.geo.zg.ch/ows/Quartiergestaltungsplanung?SERVICE=WMS&REQUEST=GetCapabilities (source 455/1467)
2025-12-07 05:35:28,924 - Scraping log - scraper.py >        is_online(): Line 181 - INFO - KT_ZG https://services.geo.zg.ch/ows/Quartiergestaltungsplanung?SERVICE=WMS&REQUEST=GetCapabilities: HTTPSConnectionPool(host='services.geo.zg.ch', port=443): Max retries exceeded with url: /ows/Quartiergestaltungsplanung?SERVICE=WMS&REQUEST=GetCapabilities (Caused by SSLError(SSLZeroReturnError(6, 'TLS/SSL connection has been closed (EOF) (_ssl.c:1147)')))
2025-12-07 05:35:28,924 - Scraping log - scraper.py >         <module>(): Line 759 - WARNING - Scraping KT_ZG > https://services.geo.zg.ch/ows/Quartiergestaltungsplanung?SERVICE=WMS&REQUEST=GetCapabilities aborted
2025-12-07 05:35:28,924 - Scraping log - scraper.py >         <module>(): Line 751 - INFO - Running default scraper on KT_ZG > https://services.geo.zg.ch/ows/Abfallsammelstellen?SERVICE=WMS&REQUEST=GetCapabilities (source 456/1467)
2025-12-07 05:35:29,247 - Scraping log - scraper.py >        is_online(): Line 181 - INFO - KT_ZG https://services.geo.zg.ch/ows/Abfallsammelstellen?SERVICE=WMS&REQUEST=GetCapabilities: HTTPSConnectionPool(host='services.geo.zg.ch', port=443): Max retries exceeded with url: /ows/Abfallsammelstellen?SERVICE=WMS&REQUEST=GetCapabilities (Caused by SSLError(SSLZeroReturnError(6, 'TLS/SSL connection has been closed (EOF) (_ssl.c:1147)')))
2025-12-07 05:35:29,247 - Scraping log - scraper.py >         <module>(): Line 759 - WARNING - Scraping KT_ZG > https://services.geo.zg.ch/ows/Abfallsammelstellen?SERVICE=WMS&REQUEST=GetCapabilities aborted
2025-12-07 05:35:29,248 - Scraping log - scraper.py >         <module>(): Line 751 - INFO - Running default scraper on KT_ZG > https://services.geo.zg.ch/ows/Abstandslinien?SERVICE=WMS&REQUEST=GetCapabilities (source 457/1467)
2025-12-07 05:35:29,755 - Scraping log - scraper.py >        is_online(): Line 181 - INFO - KT_ZG https://services.geo.zg.ch/ows/Abstandslinien?SERVICE=WMS&REQUEST=GetCapabilities: HTTPSConnectionPool(host='services.geo.zg.ch', port=443): Max retries exceeded with url: /ows/Abstandslinien?SERVICE=WMS&REQUEST=GetCapabilities (Caused by SSLError(SSLZeroReturnError(6, 'TLS/SSL connection has been closed (EOF) (_ssl.c:1147)')))
2025-12-07 05:35:29,755 - Scraping log - scraper.py >         <module>(): Line 759 - WARNING - Scraping KT_ZG > https://services.geo.zg.ch/ows/Abstandslinien?SERVICE=WMS&REQUEST=GetCapabilities aborted
2025-12-07 05:35:29,755 - Scraping log - scraper.py >         <module>(): Line 751 - INFO - Running default scraper on KT_ZG > https://services.geo.zg.ch/ows/Adressplan?SERVICE=WMS&REQUEST=GetCapabilities (source 458/1467)
2025-12-07 05:35:29,983 - Scraping log - scraper.py >        is_online(): Line 181 - INFO - KT_ZG https://services.geo.zg.ch/ows/Adressplan?SERVICE=WMS&REQUEST=GetCapabilities: HTTPSConnectionPool(host='services.geo.zg.ch', port=443): Max retries exceeded with url: /ows/Adressplan?SERVICE=WMS&REQUEST=GetCapabilities (Caused by SSLError(SSLZeroReturnError(6, 'TLS/SSL connection has been closed (EOF) (_ssl.c:1147)')))
2025-12-07 05:35:29,983 - Scraping log - scraper.py >         <module>(): Line 759 - WARNING - Scraping KT_ZG > https://services.geo.zg.ch/ows/Adressplan?SERVICE=WMS&REQUEST=GetCapabilities aborted
2025-12-07 05:35:29,983 - Scraping log - scraper.py >         <module>(): Line 751 - INFO - Running default scraper on KT_ZG > https://services.geo.zg.ch/ows/Amphibienlaichgebiete?SERVICE=WMS&REQUEST=GetCapabilities (source 459/1467)
2025-12-07 05:35:30,180 - Scraping log - scraper.py >        is_online(): Line 181 - INFO - KT_ZG https://services.geo.zg.ch/ows/Amphibienlaichgebiete?SERVICE=WMS&REQUEST=GetCapabilities: HTTPSConnectionPool(host='services.geo.zg.ch', port=443): Max retries exceeded with url: /ows/Amphibienlaichgebiete?SERVICE=WMS&REQUEST=GetCapabilities (Caused by SSLError(SSLZeroReturnError(6, 'TLS/SSL connection has been closed (EOF) (_ssl.c:1147)')))
2025-12-07 05:35:30,180 - Scraping log - scraper.py >         <module>(): Line 759 - WARNING - Scraping KT_ZG > https://services.geo.zg.ch/ows/Amphibienlaichgebiete?SERVICE=WMS&REQUEST=GetCapabilities aborted
2025-12-07 05:35:30,180 - Scraping log - scraper.py >         <module>(): Line 751 - INFO - Running default scraper on KT_ZG > https://services.geo.zg.ch/ows/Anselmierkarte?SERVICE=WMS&REQUEST=GetCapabilities (source 460/1467)
2025-12-07 05:35:30,596 - Scraping log - scraper.py >        is_online(): Line 181 - INFO - KT_ZG https://services.geo.zg.ch/ows/Anselmierkarte?SERVICE=WMS&REQUEST=GetCapabilities: HTTPSConnectionPool(host='services.geo.zg.ch', port=443): Max retries exceeded with url: /ows/Anselmierkarte?SERVICE=WMS&REQUEST=GetCapabilities (Caused by SSLError(SSLZeroReturnError(6, 'TLS/SSL connection has been closed (EOF) (_ssl.c:1147)')))
2025-12-07 05:35:30,596 - Scraping log - scraper.py >         <module>(): Line 759 - WARNING - Scraping KT_ZG > https://services.geo.zg.ch/ows/Anselmierkarte?SERVICE=WMS&REQUEST=GetCapabilities aborted
2025-12-07 05:35:30,596 - Scraping log - scraper.py >         <module>(): Line 751 - INFO - Running default scraper on KT_ZG > https://services.geo.zg.ch/ows/BasisplanFarbe?SERVICE=WMS&REQUEST=GetCapabilities (source 461/1467)
2025-12-07 05:35:31,125 - Scraping log - scraper.py >        is_online(): Line 181 - INFO - KT_ZG https://services.geo.zg.ch/ows/BasisplanFarbe?SERVICE=WMS&REQUEST=GetCapabilities: HTTPSConnectionPool(host='services.geo.zg.ch', port=443): Max retries exceeded with url: /ows/BasisplanFarbe?SERVICE=WMS&REQUEST=GetCapabilities (Caused by SSLError(SSLZeroReturnError(6, 'TLS/SSL connection has been closed (EOF) (_ssl.c:1147)')))
2025-12-07 05:35:31,125 - Scraping log - scraper.py >         <module>(): Line 759 - WARNING - Scraping KT_ZG > https://services.geo.zg.ch/ows/BasisplanFarbe?SERVICE=WMS&REQUEST=GetCapabilities aborted
2025-12-07 05:35:31,125 - Scraping log - scraper.py >         <module>(): Line 751 - INFO - Running default scraper on KT_ZG > https://services.geo.zg.ch/ows/BasisplanSW?SERVICE=WMS&REQUEST=GetCapabilities (source 462/1467)
2025-12-07 05:35:31,444 - Scraping log - scraper.py >        is_online(): Line 181 - INFO - KT_ZG https://services.geo.zg.ch/ows/BasisplanSW?SERVICE=WMS&REQUEST=GetCapabilities: HTTPSConnectionPool(host='services.geo.zg.ch', port=443): Max retries exceeded with url: /ows/BasisplanSW?SERVICE=WMS&REQUEST=GetCapabilities (Caused by SSLError(SSLZeroReturnError(6, 'TLS/SSL connection has been closed (EOF) (_ssl.c:1147)')))
2025-12-07 05:35:31,445 - Scraping log - scraper.py >         <module>(): Line 759 - WARNING - Scraping KT_ZG > https://services.geo.zg.ch/ows/BasisplanSW?SERVICE=WMS&REQUEST=GetCapabilities aborted
2025-12-07 05:35:31,445 - Scraping log - scraper.py >         <module>(): Line 751 - INFO - Running default scraper on KT_ZG > https://services.geo.zg.ch/ows/Baumkataster?SERVICE=WMS&REQUEST=GetCapabilities (source 463/1467)
2025-12-07 05:35:31,769 - Scraping log - scraper.py >        is_online(): Line 181 - INFO - KT_ZG https://services.geo.zg.ch/ows/Baumkataster?SERVICE=WMS&REQUEST=GetCapabilities: HTTPSConnectionPool(host='services.geo.zg.ch', port=443): Max retries exceeded with url: /ows/Baumkataster?SERVICE=WMS&REQUEST=GetCapabilities (Caused by SSLError(SSLZeroReturnError(6, 'TLS/SSL connection has been closed (EOF) (_ssl.c:1147)')))
2025-12-07 05:35:31,769 - Scraping log - scraper.py >         <module>(): Line 759 - WARNING - Scraping KT_ZG > https://services.geo.zg.ch/ows/Baumkataster?SERVICE=WMS&REQUEST=GetCapabilities aborted
2025-12-07 05:35:31,769 - Scraping log - scraper.py >         <module>(): Line 751 - INFO - Running default scraper on KT_ZG > https://services.geo.zg.ch/ows/Bebauungsplan?SERVICE=WMS&REQUEST=GetCapabilities (source 464/1467)
2025-12-07 05:35:32,198 - Scraping log - scraper.py >        is_online(): Line 181 - INFO - KT_ZG https://services.geo.zg.ch/ows/Bebauungsplan?SERVICE=WMS&REQUEST=GetCapabilities: HTTPSConnectionPool(host='services.geo.zg.ch', port=443): Max retries exceeded with url: /ows/Bebauungsplan?SERVICE=WMS&REQUEST=GetCapabilities (Caused by SSLError(SSLZeroReturnError(6, 'TLS/SSL connection has been closed (EOF) (_ssl.c:1147)')))
2025-12-07 05:35:32,198 - Scraping log - scraper.py >         <module>(): Line 759 - WARNING - Scraping KT_ZG > https://services.geo.zg.ch/ows/Bebauungsplan?SERVICE=WMS&REQUEST=GetCapabilities aborted
2025-12-07 05:35:32,198 - Scraping log - scraper.py >         <module>(): Line 751 - INFO - Running default scraper on KT_ZG > https://services.geo.zg.ch/ows/Besondere_Waldlebensraeume?SERVICE=WMS&REQUEST=GetCapabilities (source 465/1467)
2025-12-07 05:35:32,410 - Scraping log - scraper.py >        is_online(): Line 181 - INFO - KT_ZG https://services.geo.zg.ch/ows/Besondere_Waldlebensraeume?SERVICE=WMS&REQUEST=GetCapabilities: HTTPSConnectionPool(host='services.geo.zg.ch', port=443): Max retries exceeded with url: /ows/Besondere_Waldlebensraeume?SERVICE=WMS&REQUEST=GetCapabilities (Caused by SSLError(SSLZeroReturnError(6, 'TLS/SSL connection has been closed (EOF) (_ssl.c:1147)')))
2025-12-07 05:35:32,411 - Scraping log - scraper.py >         <module>(): Line 759 - WARNING - Scraping KT_ZG > https://services.geo.zg.ch/ows/Besondere_Waldlebensraeume?SERVICE=WMS&REQUEST=GetCapabilities aborted
2025-12-07 05:35:32,411 - Scraping log - scraper.py >         <module>(): Line 751 - INFO - Running default scraper on KT_ZG > https://services.geo.zg.ch/ows/Besondere_Waldlebensraeume?SERVICE=WMS&REQUEST=GetCapabilities (source 466/1467)
2025-12-07 05:35:32,606 - Scraping log - scraper.py >        is_online(): Line 181 - INFO - KT_ZG https://services.geo.zg.ch/ows/Besondere_Waldlebensraeume?SERVICE=WMS&REQUEST=GetCapabilities: HTTPSConnectionPool(host='services.geo.zg.ch', port=443): Max retries exceeded with url: /ows/Besondere_Waldlebensraeume?SERVICE=WMS&REQUEST=GetCapabilities (Caused by SSLError(SSLZeroReturnError(6, 'TLS/SSL connection has been closed (EOF) (_ssl.c:1147)')))
2025-12-07 05:35:32,606 - Scraping log - scraper.py >         <module>(): Line 759 - WARNING - Scraping KT_ZG > https://services.geo.zg.ch/ows/Besondere_Waldlebensraeume?SERVICE=WMS&REQUEST=GetCapabilities aborted
2025-12-07 05:35:32,607 - Scraping log - scraper.py >         <module>(): Line 751 - INFO - Running default scraper on KT_ZG > https://services.geo.zg.ch/ows/Bodenkarte?SERVICE=WMS&REQUEST=GetCapabilities (source 467/1467)
2025-12-07 05:35:32,823 - Scraping log - scraper.py >        is_online(): Line 181 - INFO - KT_ZG https://services.geo.zg.ch/ows/Bodenkarte?SERVICE=WMS&REQUEST=GetCapabilities: HTTPSConnectionPool(host='services.geo.zg.ch', port=443): Max retries exceeded with url: /ows/Bodenkarte?SERVICE=WMS&REQUEST=GetCapabilities (Caused by SSLError(SSLZeroReturnError(6, 'TLS/SSL connection has been closed (EOF) (_ssl.c:1147)')))
2025-12-07 05:35:32,823 - Scraping log - scraper.py >         <module>(): Line 759 - WARNING - Scraping KT_ZG > https://services.geo.zg.ch/ows/Bodenkarte?SERVICE=WMS&REQUEST=GetCapabilities aborted
2025-12-07 05:35:32,823 - Scraping log - scraper.py >         <module>(): Line 751 - INFO - Running default scraper on KT_ZG > https://services.geo.zg.ch/ows/Buslinien?SERVICE=WMS&REQUEST=GetCapabilities (source 468/1467)
2025-12-07 05:35:33,238 - Scraping log - scraper.py >        is_online(): Line 181 - INFO - KT_ZG https://services.geo.zg.ch/ows/Buslinien?SERVICE=WMS&REQUEST=GetCapabilities: HTTPSConnectionPool(host='services.geo.zg.ch', port=443): Max retries exceeded with url: /ows/Buslinien?SERVICE=WMS&REQUEST=GetCapabilities (Caused by SSLError(SSLZeroReturnError(6, 'TLS/SSL connection has been closed (EOF) (_ssl.c:1147)')))
2025-12-07 05:35:33,238 - Scraping log - scraper.py >         <module>(): Line 759 - WARNING - Scraping KT_ZG > https://services.geo.zg.ch/ows/Buslinien?SERVICE=WMS&REQUEST=GetCapabilities aborted
2025-12-07 05:35:33,239 - Scraping log - scraper.py >         <module>(): Line 751 - INFO - Running default scraper on KT_ZG > https://services.geo.zg.ch/ows/Denkmaeler?SERVICE=WMS&REQUEST=GetCapabilities (source 469/1467)
2025-12-07 05:35:33,557 - Scraping log - scraper.py >        is_online(): Line 181 - INFO - KT_ZG https://services.geo.zg.ch/ows/Denkmaeler?SERVICE=WMS&REQUEST=GetCapabilities: HTTPSConnectionPool(host='services.geo.zg.ch', port=443): Max retries exceeded with url: /ows/Denkmaeler?SERVICE=WMS&REQUEST=GetCapabilities (Caused by SSLError(SSLZeroReturnError(6, 'TLS/SSL connection has been closed (EOF) (_ssl.c:1147)')))
2025-12-07 05:35:33,557 - Scraping log - scraper.py >         <module>(): Line 759 - WARNING - Scraping KT_ZG > https://services.geo.zg.ch/ows/Denkmaeler?SERVICE=WMS&REQUEST=GetCapabilities aborted
2025-12-07 05:35:33,557 - Scraping log - scraper.py >         <module>(): Line 751 - INFO - Running default scraper on KT_ZG > https://services.geo.zg.ch/ows/Einzelbaeume_K5?&SERVICE=WMS&REQUEST=GetCapabilities (source 470/1467)
2025-12-07 05:35:33,786 - Scraping log - scraper.py >        is_online(): Line 181 - INFO - KT_ZG https://services.geo.zg.ch/ows/Einzelbaeume_K5?&SERVICE=WMS&REQUEST=GetCapabilities: HTTPSConnectionPool(host='services.geo.zg.ch', port=443): Max retries exceeded with url: /ows/Einzelbaeume_K5?&SERVICE=WMS&REQUEST=GetCapabilities (Caused by SSLError(SSLZeroReturnError(6, 'TLS/SSL connection has been closed (EOF) (_ssl.c:1147)')))
2025-12-07 05:35:33,786 - Scraping log - scraper.py >         <module>(): Line 759 - WARNING - Scraping KT_ZG > https://services.geo.zg.ch/ows/Einzelbaeume_K5?&SERVICE=WMS&REQUEST=GetCapabilities aborted
2025-12-07 05:35:33,786 - Scraping log - scraper.py >         <module>(): Line 751 - INFO - Running default scraper on KT_ZG > https://services.geo.zg.ch/ows/Erdwaermenutzung?SERVICE=WMS&REQUEST=GetCapabilities (source 471/1467)
2025-12-07 05:35:33,983 - Scraping log - scraper.py >        is_online(): Line 181 - INFO - KT_ZG https://services.geo.zg.ch/ows/Erdwaermenutzung?SERVICE=WMS&REQUEST=GetCapabilities: HTTPSConnectionPool(host='services.geo.zg.ch', port=443): Max retries exceeded with url: /ows/Erdwaermenutzung?SERVICE=WMS&REQUEST=GetCapabilities (Caused by SSLError(SSLZeroReturnError(6, 'TLS/SSL connection has been closed (EOF) (_ssl.c:1147)')))
2025-12-07 05:35:33,983 - Scraping log - scraper.py >         <module>(): Line 759 - WARNING - Scraping KT_ZG > https://services.geo.zg.ch/ows/Erdwaermenutzung?SERVICE=WMS&REQUEST=GetCapabilities aborted
2025-12-07 05:35:33,983 - Scraping log - scraper.py >         <module>(): Line 751 - INFO - Running default scraper on KT_ZG > https://services.geo.zg.ch/ows/Erholungswald?SERVICE=WMS&REQUEST=GetCapabilities (source 472/1467)
2025-12-07 05:35:34,212 - Scraping log - scraper.py >        is_online(): Line 181 - INFO - KT_ZG https://services.geo.zg.ch/ows/Erholungswald?SERVICE=WMS&REQUEST=GetCapabilities: HTTPSConnectionPool(host='services.geo.zg.ch', port=443): Max retries exceeded with url: /ows/Erholungswald?SERVICE=WMS&REQUEST=GetCapabilities (Caused by SSLError(SSLZeroReturnError(6, 'TLS/SSL connection has been closed (EOF) (_ssl.c:1147)')))
2025-12-07 05:35:34,212 - Scraping log - scraper.py >         <module>(): Line 759 - WARNING - Scraping KT_ZG > https://services.geo.zg.ch/ows/Erholungswald?SERVICE=WMS&REQUEST=GetCapabilities aborted
2025-12-07 05:35:34,212 - Scraping log - scraper.py >         <module>(): Line 751 - INFO - Running default scraper on KT_ZG > https://services.geo.zg.ch/ows/Fahrzeuglaengen_geplant?SERVICE=WMS&REQUEST=GetCapabilities (source 473/1467)
2025-12-07 05:35:34,403 - Scraping log - scraper.py >        is_online(): Line 181 - INFO - KT_ZG https://services.geo.zg.ch/ows/Fahrzeuglaengen_geplant?SERVICE=WMS&REQUEST=GetCapabilities: HTTPSConnectionPool(host='services.geo.zg.ch', port=443): Max retries exceeded with url: /ows/Fahrzeuglaengen_geplant?SERVICE=WMS&REQUEST=GetCapabilities (Caused by SSLError(SSLZeroReturnError(6, 'TLS/SSL connection has been closed (EOF) (_ssl.c:1147)')))
2025-12-07 05:35:34,403 - Scraping log - scraper.py >         <module>(): Line 759 - WARNING - Scraping KT_ZG > https://services.geo.zg.ch/ows/Fahrzeuglaengen_geplant?SERVICE=WMS&REQUEST=GetCapabilities aborted
2025-12-07 05:35:34,404 - Scraping log - scraper.py >         <module>(): Line 751 - INFO - Running default scraper on KT_ZG > https://services.geo.zg.ch/ows/Fledermaus-Quartiere?SERVICE=WMS&REQUEST=GetCapabilities (source 474/1467)
2025-12-07 05:35:34,596 - Scraping log - scraper.py >        is_online(): Line 181 - INFO - KT_ZG https://services.geo.zg.ch/ows/Fledermaus-Quartiere?SERVICE=WMS&REQUEST=GetCapabilities: HTTPSConnectionPool(host='services.geo.zg.ch', port=443): Max retries exceeded with url: /ows/Fledermaus-Quartiere?SERVICE=WMS&REQUEST=GetCapabilities (Caused by SSLError(SSLZeroReturnError(6, 'TLS/SSL connection has been closed (EOF) (_ssl.c:1147)')))
2025-12-07 05:35:34,597 - Scraping log - scraper.py >         <module>(): Line 759 - WARNING - Scraping KT_ZG > https://services.geo.zg.ch/ows/Fledermaus-Quartiere?SERVICE=WMS&REQUEST=GetCapabilities aborted
2025-12-07 05:35:34,597 - Scraping log - scraper.py >         <module>(): Line 751 - INFO - Running default scraper on KT_ZG > https://services.geo.zg.ch/ows/Forstreviere?SERVICE=WMS&REQUEST=GetCapabilities (source 475/1467)
2025-12-07 05:35:34,834 - Scraping log - scraper.py >        is_online(): Line 181 - INFO - KT_ZG https://services.geo.zg.ch/ows/Forstreviere?SERVICE=WMS&REQUEST=GetCapabilities: HTTPSConnectionPool(host='services.geo.zg.ch', port=443): Max retries exceeded with url: /ows/Forstreviere?SERVICE=WMS&REQUEST=GetCapabilities (Caused by SSLError(SSLZeroReturnError(6, 'TLS/SSL connection has been closed (EOF) (_ssl.c:1147)')))
2025-12-07 05:35:34,835 - Scraping log - scraper.py >         <module>(): Line 759 - WARNING - Scraping KT_ZG > https://services.geo.zg.ch/ows/Forstreviere?SERVICE=WMS&REQUEST=GetCapabilities aborted
2025-12-07 05:35:34,835 - Scraping log - scraper.py >         <module>(): Line 751 - INFO - Running default scraper on KT_ZG > https://services.geo.zg.ch/ows/Fussgaengerstreifen?SERVICE=WMS&REQUEST=GetCapabilities (source 476/1467)
2025-12-07 05:35:35,038 - Scraping log - scraper.py >        is_online(): Line 181 - INFO - KT_ZG https://services.geo.zg.ch/ows/Fussgaengerstreifen?SERVICE=WMS&REQUEST=GetCapabilities: HTTPSConnectionPool(host='services.geo.zg.ch', port=443): Max retries exceeded with url: /ows/Fussgaengerstreifen?SERVICE=WMS&REQUEST=GetCapabilities (Caused by SSLError(SSLZeroReturnError(6, 'TLS/SSL connection has been closed (EOF) (_ssl.c:1147)')))
2025-12-07 05:35:35,039 - Scraping log - scraper.py >         <module>(): Line 759 - WARNING - Scraping KT_ZG > https://services.geo.zg.ch/ows/Fussgaengerstreifen?SERVICE=WMS&REQUEST=GetCapabilities aborted
2025-12-07 05:35:35,040 - Scraping log - scraper.py >         <module>(): Line 751 - INFO - Running default scraper on KT_ZG > https://services.geo.zg.ch/ows/Gebaeudebrueter?SERVICE=WMS&REQUEST=GetCapabilities (source 477/1467)
2025-12-07 05:35:35,232 - Scraping log - scraper.py >        is_online(): Line 181 - INFO - KT_ZG https://services.geo.zg.ch/ows/Gebaeudebrueter?SERVICE=WMS&REQUEST=GetCapabilities: HTTPSConnectionPool(host='services.geo.zg.ch', port=443): Max retries exceeded with url: /ows/Gebaeudebrueter?SERVICE=WMS&REQUEST=GetCapabilities (Caused by SSLError(SSLZeroReturnError(6, 'TLS/SSL connection has been closed (EOF) (_ssl.c:1147)')))
2025-12-07 05:35:35,233 - Scraping log - scraper.py >         <module>(): Line 759 - WARNING - Scraping KT_ZG > https://services.geo.zg.ch/ows/Gebaeudebrueter?SERVICE=WMS&REQUEST=GetCapabilities aborted
2025-12-07 05:35:35,233 - Scraping log - scraper.py >         <module>(): Line 751 - INFO - Running default scraper on KT_ZG > https://services.geo.zg.ch/ows/Geomorphologie?SERVICE=WMS&REQUEST=GetCapabilities (source 478/1467)
2025-12-07 05:35:35,739 - Scraping log - scraper.py >        is_online(): Line 181 - INFO - KT_ZG https://services.geo.zg.ch/ows/Geomorphologie?SERVICE=WMS&REQUEST=GetCapabilities: HTTPSConnectionPool(host='services.geo.zg.ch', port=443): Max retries exceeded with url: /ows/Geomorphologie?SERVICE=WMS&REQUEST=GetCapabilities (Caused by SSLError(SSLZeroReturnError(6, 'TLS/SSL connection has been closed (EOF) (_ssl.c:1147)')))
2025-12-07 05:35:35,739 - Scraping log - scraper.py >         <module>(): Line 759 - WARNING - Scraping KT_ZG > https://services.geo.zg.ch/ows/Geomorphologie?SERVICE=WMS&REQUEST=GetCapabilities aborted
2025-12-07 05:35:35,740 - Scraping log - scraper.py >         <module>(): Line 751 - INFO - Running default scraper on KT_ZG > https://services.geo.zg.ch/ows/Gewaessernetz?SERVICE=WMS&REQUEST=GetCapabilities (source 479/1467)
2025-12-07 05:35:35,935 - Scraping log - scraper.py >        is_online(): Line 181 - INFO - KT_ZG https://services.geo.zg.ch/ows/Gewaessernetz?SERVICE=WMS&REQUEST=GetCapabilities: HTTPSConnectionPool(host='services.geo.zg.ch', port=443): Max retries exceeded with url: /ows/Gewaessernetz?SERVICE=WMS&REQUEST=GetCapabilities (Caused by SSLError(SSLZeroReturnError(6, 'TLS/SSL connection has been closed (EOF) (_ssl.c:1147)')))
2025-12-07 05:35:35,935 - Scraping log - scraper.py >         <module>(): Line 759 - WARNING - Scraping KT_ZG > https://services.geo.zg.ch/ows/Gewaessernetz?SERVICE=WMS&REQUEST=GetCapabilities aborted
2025-12-07 05:35:35,935 - Scraping log - scraper.py >         <module>(): Line 751 - INFO - Running default scraper on KT_ZG > https://services.geo.zg.ch/ows/Gewaesserschutzkarte?SERVICE=WMS&REQUEST=GetCapabilities (source 480/1467)
2025-12-07 05:35:36,136 - Scraping log - scraper.py >        is_online(): Line 181 - INFO - KT_ZG https://services.geo.zg.ch/ows/Gewaesserschutzkarte?SERVICE=WMS&REQUEST=GetCapabilities: HTTPSConnectionPool(host='services.geo.zg.ch', port=443): Max retries exceeded with url: /ows/Gewaesserschutzkarte?SERVICE=WMS&REQUEST=GetCapabilities (Caused by SSLError(SSLZeroReturnError(6, 'TLS/SSL connection has been closed (EOF) (_ssl.c:1147)')))
2025-12-07 05:35:36,136 - Scraping log - scraper.py >         <module>(): Line 759 - WARNING - Scraping KT_ZG > https://services.geo.zg.ch/ows/Gewaesserschutzkarte?SERVICE=WMS&REQUEST=GetCapabilities aborted
2025-12-07 05:35:36,136 - Scraping log - scraper.py >         <module>(): Line 751 - INFO - Running default scraper on KT_ZG > https://services.geo.zg.ch/ows/Grundbuchplan?SERVICE=WMS&REQUEST=GetCapabilities (source 481/1467)
2025-12-07 05:35:36,328 - Scraping log - scraper.py >        is_online(): Line 181 - INFO - KT_ZG https://services.geo.zg.ch/ows/Grundbuchplan?SERVICE=WMS&REQUEST=GetCapabilities: HTTPSConnectionPool(host='services.geo.zg.ch', port=443): Max retries exceeded with url: /ows/Grundbuchplan?SERVICE=WMS&REQUEST=GetCapabilities (Caused by SSLError(SSLZeroReturnError(6, 'TLS/SSL connection has been closed (EOF) (_ssl.c:1147)')))
2025-12-07 05:35:36,328 - Scraping log - scraper.py >         <module>(): Line 759 - WARNING - Scraping KT_ZG > https://services.geo.zg.ch/ows/Grundbuchplan?SERVICE=WMS&REQUEST=GetCapabilities aborted
2025-12-07 05:35:36,328 - Scraping log - scraper.py >         <module>(): Line 751 - INFO - Running default scraper on KT_ZG > https://services.geo.zg.ch/ows/Hecken_Feldgehoelze?SERVICE=WMS&REQUEST=GetCapabilities (source 482/1467)
2025-12-07 05:35:36,529 - Scraping log - scraper.py >        is_online(): Line 181 - INFO - KT_ZG https://services.geo.zg.ch/ows/Hecken_Feldgehoelze?SERVICE=WMS&REQUEST=GetCapabilities: HTTPSConnectionPool(host='services.geo.zg.ch', port=443): Max retries exceeded with url: /ows/Hecken_Feldgehoelze?SERVICE=WMS&REQUEST=GetCapabilities (Caused by SSLError(SSLZeroReturnError(6, 'TLS/SSL connection has been closed (EOF) (_ssl.c:1147)')))
2025-12-07 05:35:36,529 - Scraping log - scraper.py >         <module>(): Line 759 - WARNING - Scraping KT_ZG > https://services.geo.zg.ch/ows/Hecken_Feldgehoelze?SERVICE=WMS&REQUEST=GetCapabilities aborted
2025-12-07 05:35:36,529 - Scraping log - scraper.py >         <module>(): Line 751 - INFO - Running default scraper on KT_ZG > https://services.geo.zg.ch/ows/Hist_Gewaesser?SERVICE=WMS&REQUEST=GetCapabilities (source 483/1467)
2025-12-07 05:35:36,724 - Scraping log - scraper.py >        is_online(): Line 181 - INFO - KT_ZG https://services.geo.zg.ch/ows/Hist_Gewaesser?SERVICE=WMS&REQUEST=GetCapabilities: HTTPSConnectionPool(host='services.geo.zg.ch', port=443): Max retries exceeded with url: /ows/Hist_Gewaesser?SERVICE=WMS&REQUEST=GetCapabilities (Caused by SSLError(SSLZeroReturnError(6, 'TLS/SSL connection has been closed (EOF) (_ssl.c:1147)')))
2025-12-07 05:35:36,724 - Scraping log - scraper.py >         <module>(): Line 759 - WARNING - Scraping KT_ZG > https://services.geo.zg.ch/ows/Hist_Gewaesser?SERVICE=WMS&REQUEST=GetCapabilities aborted
2025-12-07 05:35:36,725 - Scraping log - scraper.py >         <module>(): Line 751 - INFO - Running default scraper on KT_ZG > https://services.geo.zg.ch/ows/Hoehenkurven_Isobathen?SERVICE=WMS&REQUEST=GetCapabilities (source 484/1467)
2025-12-07 05:35:37,132 - Scraping log - scraper.py >        is_online(): Line 181 - INFO - KT_ZG https://services.geo.zg.ch/ows/Hoehenkurven_Isobathen?SERVICE=WMS&REQUEST=GetCapabilities: HTTPSConnectionPool(host='services.geo.zg.ch', port=443): Max retries exceeded with url: /ows/Hoehenkurven_Isobathen?SERVICE=WMS&REQUEST=GetCapabilities (Caused by SSLError(SSLZeroReturnError(6, 'TLS/SSL connection has been closed (EOF) (_ssl.c:1147)')))
2025-12-07 05:35:37,132 - Scraping log - scraper.py >         <module>(): Line 759 - WARNING - Scraping KT_ZG > https://services.geo.zg.ch/ows/Hoehenkurven_Isobathen?SERVICE=WMS&REQUEST=GetCapabilities aborted
2025-12-07 05:35:37,132 - Scraping log - scraper.py >         <module>(): Line 751 - INFO - Running default scraper on KT_ZG > https://services.geo.zg.ch/ows/Jagdbezirke?SERVICE=WMS&REQUEST=GetCapabilities (source 485/1467)
2025-12-07 05:35:37,329 - Scraping log - scraper.py >        is_online(): Line 181 - INFO - KT_ZG https://services.geo.zg.ch/ows/Jagdbezirke?SERVICE=WMS&REQUEST=GetCapabilities: HTTPSConnectionPool(host='services.geo.zg.ch', port=443): Max retries exceeded with url: /ows/Jagdbezirke?SERVICE=WMS&REQUEST=GetCapabilities (Caused by SSLError(SSLZeroReturnError(6, 'TLS/SSL connection has been closed (EOF) (_ssl.c:1147)')))
2025-12-07 05:35:37,329 - Scraping log - scraper.py >         <module>(): Line 759 - WARNING - Scraping KT_ZG > https://services.geo.zg.ch/ows/Jagdbezirke?SERVICE=WMS&REQUEST=GetCapabilities aborted
2025-12-07 05:35:37,330 - Scraping log - scraper.py >         <module>(): Line 751 - INFO - Running default scraper on KT_ZG > https://services.geo.zg.ch/ows/Kinderbetreuung?SERVICE=WMS&REQUEST=GetCapabilities (source 486/1467)
2025-12-07 05:35:37,526 - Scraping log - scraper.py >        is_online(): Line 181 - INFO - KT_ZG https://services.geo.zg.ch/ows/Kinderbetreuung?SERVICE=WMS&REQUEST=GetCapabilities: HTTPSConnectionPool(host='services.geo.zg.ch', port=443): Max retries exceeded with url: /ows/Kinderbetreuung?SERVICE=WMS&REQUEST=GetCapabilities (Caused by SSLError(SSLZeroReturnError(6, 'TLS/SSL connection has been closed (EOF) (_ssl.c:1147)')))
2025-12-07 05:35:37,526 - Scraping log - scraper.py >         <module>(): Line 759 - WARNING - Scraping KT_ZG > https://services.geo.zg.ch/ows/Kinderbetreuung?SERVICE=WMS&REQUEST=GetCapabilities aborted
2025-12-07 05:35:37,526 - Scraping log - scraper.py >         <module>(): Line 751 - INFO - Running default scraper on KT_ZG > https://services.geo.zg.ch/ows/Kunstbauten?SERVICE=WMS&REQUEST=GetCapabilities (source 487/1467)
2025-12-07 05:35:37,719 - Scraping log - scraper.py >        is_online(): Line 181 - INFO - KT_ZG https://services.geo.zg.ch/ows/Kunstbauten?SERVICE=WMS&REQUEST=GetCapabilities: HTTPSConnectionPool(host='services.geo.zg.ch', port=443): Max retries exceeded with url: /ows/Kunstbauten?SERVICE=WMS&REQUEST=GetCapabilities (Caused by SSLError(SSLZeroReturnError(6, 'TLS/SSL connection has been closed (EOF) (_ssl.c:1147)')))
2025-12-07 05:35:37,719 - Scraping log - scraper.py >         <module>(): Line 759 - WARNING - Scraping KT_ZG > https://services.geo.zg.ch/ows/Kunstbauten?SERVICE=WMS&REQUEST=GetCapabilities aborted
2025-12-07 05:35:37,720 - Scraping log - scraper.py >         <module>(): Line 751 - INFO - Running default scraper on KT_ZG > https://services.geo.zg.ch/ows/Landwertzonen_Steuern?SERVICE=WMS&REQUEST=GetCapabilities (source 488/1467)
2025-12-07 05:35:37,919 - Scraping log - scraper.py >        is_online(): Line 181 - INFO - KT_ZG https://services.geo.zg.ch/ows/Landwertzonen_Steuern?SERVICE=WMS&REQUEST=GetCapabilities: HTTPSConnectionPool(host='services.geo.zg.ch', port=443): Max retries exceeded with url: /ows/Landwertzonen_Steuern?SERVICE=WMS&REQUEST=GetCapabilities (Caused by SSLError(SSLZeroReturnError(6, 'TLS/SSL connection has been closed (EOF) (_ssl.c:1147)')))
2025-12-07 05:35:37,919 - Scraping log - scraper.py >         <module>(): Line 759 - WARNING - Scraping KT_ZG > https://services.geo.zg.ch/ows/Landwertzonen_Steuern?SERVICE=WMS&REQUEST=GetCapabilities aborted
2025-12-07 05:35:37,920 - Scraping log - scraper.py >         <module>(): Line 751 - INFO - Running default scraper on KT_ZG > https://services.geo.zg.ch/ows/Landwirtschaft?SERVICE=WMS&REQUEST=GetCapabilities (source 489/1467)
2025-12-07 05:35:38,524 - Scraping log - scraper.py >        is_online(): Line 181 - INFO - KT_ZG https://services.geo.zg.ch/ows/Landwirtschaft?SERVICE=WMS&REQUEST=GetCapabilities: HTTPSConnectionPool(host='services.geo.zg.ch', port=443): Max retries exceeded with url: /ows/Landwirtschaft?SERVICE=WMS&REQUEST=GetCapabilities (Caused by SSLError(SSLZeroReturnError(6, 'TLS/SSL connection has been closed (EOF) (_ssl.c:1147)')))
2025-12-07 05:35:38,524 - Scraping log - scraper.py >         <module>(): Line 759 - WARNING - Scraping KT_ZG > https://services.geo.zg.ch/ows/Landwirtschaft?SERVICE=WMS&REQUEST=GetCapabilities aborted
2025-12-07 05:35:38,524 - Scraping log - scraper.py >         <module>(): Line 751 - INFO - Running default scraper on KT_ZG > https://services.geo.zg.ch/ows/Messstellen_an_Gewaessern?SERVICE=WMS&REQUEST=GetCapabilities (source 490/1467)
2025-12-07 05:35:39,128 - Scraping log - scraper.py >        is_online(): Line 181 - INFO - KT_ZG https://services.geo.zg.ch/ows/Messstellen_an_Gewaessern?SERVICE=WMS&REQUEST=GetCapabilities: HTTPSConnectionPool(host='services.geo.zg.ch', port=443): Max retries exceeded with url: /ows/Messstellen_an_Gewaessern?SERVICE=WMS&REQUEST=GetCapabilities (Caused by SSLError(SSLZeroReturnError(6, 'TLS/SSL connection has been closed (EOF) (_ssl.c:1147)')))
2025-12-07 05:35:39,128 - Scraping log - scraper.py >         <module>(): Line 759 - WARNING - Scraping KT_ZG > https://services.geo.zg.ch/ows/Messstellen_an_Gewaessern?SERVICE=WMS&REQUEST=GetCapabilities aborted
2025-12-07 05:35:39,128 - Scraping log - scraper.py >         <module>(): Line 751 - INFO - Running default scraper on KT_ZG > https://services.geo.zg.ch/ows/Moorlandschaften?SERVICE=WMS&REQUEST=GetCapabilities (source 491/1467)
2025-12-07 05:35:39,323 - Scraping log - scraper.py >        is_online(): Line 181 - INFO - KT_ZG https://services.geo.zg.ch/ows/Moorlandschaften?SERVICE=WMS&REQUEST=GetCapabilities: HTTPSConnectionPool(host='services.geo.zg.ch', port=443): Max retries exceeded with url: /ows/Moorlandschaften?SERVICE=WMS&REQUEST=GetCapabilities (Caused by SSLError(SSLZeroReturnError(6, 'TLS/SSL connection has been closed (EOF) (_ssl.c:1147)')))
2025-12-07 05:35:39,324 - Scraping log - scraper.py >         <module>(): Line 759 - WARNING - Scraping KT_ZG > https://services.geo.zg.ch/ows/Moorlandschaften?SERVICE=WMS&REQUEST=GetCapabilities aborted
2025-12-07 05:35:39,324 - Scraping log - scraper.py >         <module>(): Line 751 - INFO - Running default scraper on KT_ZG > https://services.geo.zg.ch/ows/NGHK_Phaenomene?SERVICE=WMS&REQUEST=GetCapabilities (source 492/1467)
2025-12-07 05:35:39,517 - Scraping log - scraper.py >        is_online(): Line 181 - INFO - KT_ZG https://services.geo.zg.ch/ows/NGHK_Phaenomene?SERVICE=WMS&REQUEST=GetCapabilities: HTTPSConnectionPool(host='services.geo.zg.ch', port=443): Max retries exceeded with url: /ows/NGHK_Phaenomene?SERVICE=WMS&REQUEST=GetCapabilities (Caused by SSLError(SSLZeroReturnError(6, 'TLS/SSL connection has been closed (EOF) (_ssl.c:1147)')))
2025-12-07 05:35:39,517 - Scraping log - scraper.py >         <module>(): Line 759 - WARNING - Scraping KT_ZG > https://services.geo.zg.ch/ows/NGHK_Phaenomene?SERVICE=WMS&REQUEST=GetCapabilities aborted
2025-12-07 05:35:39,517 - Scraping log - scraper.py >         <module>(): Line 751 - INFO - Running default scraper on KT_ZG > https://services.geo.zg.ch/ows/NGHK_Prozesse?SERVICE=WMS&REQUEST=GetCapabilities (source 493/1467)
2025-12-07 05:35:39,719 - Scraping log - scraper.py >        is_online(): Line 181 - INFO - KT_ZG https://services.geo.zg.ch/ows/NGHK_Prozesse?SERVICE=WMS&REQUEST=GetCapabilities: HTTPSConnectionPool(host='services.geo.zg.ch', port=443): Max retries exceeded with url: /ows/NGHK_Prozesse?SERVICE=WMS&REQUEST=GetCapabilities (Caused by SSLError(SSLZeroReturnError(6, 'TLS/SSL connection has been closed (EOF) (_ssl.c:1147)')))
2025-12-07 05:35:39,719 - Scraping log - scraper.py >         <module>(): Line 759 - WARNING - Scraping KT_ZG > https://services.geo.zg.ch/ows/NGHK_Prozesse?SERVICE=WMS&REQUEST=GetCapabilities aborted
2025-12-07 05:35:39,719 - Scraping log - scraper.py >         <module>(): Line 751 - INFO - Running default scraper on KT_ZG > https://services.geo.zg.ch/ows/Naturobjekte?SERVICE=WMS&REQUEST=GetCapabilities (source 494/1467)
2025-12-07 05:35:39,914 - Scraping log - scraper.py >        is_online(): Line 181 - INFO - KT_ZG https://services.geo.zg.ch/ows/Naturobjekte?SERVICE=WMS&REQUEST=GetCapabilities: HTTPSConnectionPool(host='services.geo.zg.ch', port=443): Max retries exceeded with url: /ows/Naturobjekte?SERVICE=WMS&REQUEST=GetCapabilities (Caused by SSLError(SSLZeroReturnError(6, 'TLS/SSL connection has been closed (EOF) (_ssl.c:1147)')))
2025-12-07 05:35:39,914 - Scraping log - scraper.py >         <module>(): Line 759 - WARNING - Scraping KT_ZG > https://services.geo.zg.ch/ows/Naturobjekte?SERVICE=WMS&REQUEST=GetCapabilities aborted
2025-12-07 05:35:39,914 - Scraping log - scraper.py >         <module>(): Line 751 - INFO - Running default scraper on KT_ZG > https://services.geo.zg.ch/ows/Naturschutz?SERVICE=WMS&REQUEST=GetCapabilities (source 495/1467)
2025-12-07 05:35:40,110 - Scraping log - scraper.py >        is_online(): Line 181 - INFO - KT_ZG https://services.geo.zg.ch/ows/Naturschutz?SERVICE=WMS&REQUEST=GetCapabilities: HTTPSConnectionPool(host='services.geo.zg.ch', port=443): Max retries exceeded with url: /ows/Naturschutz?SERVICE=WMS&REQUEST=GetCapabilities (Caused by SSLError(SSLZeroReturnError(6, 'TLS/SSL connection has been closed (EOF) (_ssl.c:1147)')))
2025-12-07 05:35:40,110 - Scraping log - scraper.py >         <module>(): Line 759 - WARNING - Scraping KT_ZG > https://services.geo.zg.ch/ows/Naturschutz?SERVICE=WMS&REQUEST=GetCapabilities aborted
2025-12-07 05:35:40,110 - Scraping log - scraper.py >         <module>(): Line 751 - INFO - Running default scraper on KT_ZG > https://services.geo.zg.ch/ows/Neophyten?SERVICE=WMS&REQUEST=GetCapabilities (source 496/1467)
2025-12-07 05:35:40,424 - Scraping log - scraper.py >        is_online(): Line 181 - INFO - KT_ZG https://services.geo.zg.ch/ows/Neophyten?SERVICE=WMS&REQUEST=GetCapabilities: HTTPSConnectionPool(host='services.geo.zg.ch', port=443): Max retries exceeded with url: /ows/Neophyten?SERVICE=WMS&REQUEST=GetCapabilities (Caused by SSLError(SSLZeroReturnError(6, 'TLS/SSL connection has been closed (EOF) (_ssl.c:1147)')))
2025-12-07 05:35:40,425 - Scraping log - scraper.py >         <module>(): Line 759 - WARNING - Scraping KT_ZG > https://services.geo.zg.ch/ows/Neophyten?SERVICE=WMS&REQUEST=GetCapabilities aborted
2025-12-07 05:35:40,425 - Scraping log - scraper.py >         <module>(): Line 751 - INFO - Running default scraper on KT_ZG > https://services.geo.zg.ch/ows/Orthofotos?SERVICE=WMS&REQUEST=GetCapabilities (source 497/1467)
2025-12-07 05:35:40,622 - Scraping log - scraper.py >        is_online(): Line 181 - INFO - KT_ZG https://services.geo.zg.ch/ows/Orthofotos?SERVICE=WMS&REQUEST=GetCapabilities: HTTPSConnectionPool(host='services.geo.zg.ch', port=443): Max retries exceeded with url: /ows/Orthofotos?SERVICE=WMS&REQUEST=GetCapabilities (Caused by SSLError(SSLZeroReturnError(6, 'TLS/SSL connection has been closed (EOF) (_ssl.c:1147)')))
2025-12-07 05:35:40,622 - Scraping log - scraper.py >         <module>(): Line 759 - WARNING - Scraping KT_ZG > https://services.geo.zg.ch/ows/Orthofotos?SERVICE=WMS&REQUEST=GetCapabilities aborted
2025-12-07 05:35:40,622 - Scraping log - scraper.py >         <module>(): Line 751 - INFO - Running default scraper on KT_ZG > https://services.geo.zg.ch/ows/Ortsbildschutz?SERVICE=WMS&REQUEST=GetCapabilities (source 498/1467)
2025-12-07 05:35:40,822 - Scraping log - scraper.py >        is_online(): Line 181 - INFO - KT_ZG https://services.geo.zg.ch/ows/Ortsbildschutz?SERVICE=WMS&REQUEST=GetCapabilities: HTTPSConnectionPool(host='services.geo.zg.ch', port=443): Max retries exceeded with url: /ows/Ortsbildschutz?SERVICE=WMS&REQUEST=GetCapabilities (Caused by SSLError(SSLZeroReturnError(6, 'TLS/SSL connection has been closed (EOF) (_ssl.c:1147)')))
2025-12-07 05:35:40,822 - Scraping log - scraper.py >         <module>(): Line 759 - WARNING - Scraping KT_ZG > https://services.geo.zg.ch/ows/Ortsbildschutz?SERVICE=WMS&REQUEST=GetCapabilities aborted
2025-12-07 05:35:40,822 - Scraping log - scraper.py >         <module>(): Line 751 - INFO - Running default scraper on KT_ZG > https://services.geo.zg.ch/ows/Parkplaetze?SERVICE=WMS&REQUEST=GetCapabilities (source 499/1467)
2025-12-07 05:35:41,023 - Scraping log - scraper.py >        is_online(): Line 181 - INFO - KT_ZG https://services.geo.zg.ch/ows/Parkplaetze?SERVICE=WMS&REQUEST=GetCapabilities: HTTPSConnectionPool(host='services.geo.zg.ch', port=443): Max retries exceeded with url: /ows/Parkplaetze?SERVICE=WMS&REQUEST=GetCapabilities (Caused by SSLError(SSLZeroReturnError(6, 'TLS/SSL connection has been closed (EOF) (_ssl.c:1147)')))
2025-12-07 05:35:41,023 - Scraping log - scraper.py >         <module>(): Line 759 - WARNING - Scraping KT_ZG > https://services.geo.zg.ch/ows/Parkplaetze?SERVICE=WMS&REQUEST=GetCapabilities aborted
2025-12-07 05:35:41,023 - Scraping log - scraper.py >         <module>(): Line 751 - INFO - Running default scraper on KT_ZG > https://services.geo.zg.ch/ows/Points_of_Interest?SERVICE=WMS&REQUEST=GetCapabilities (source 500/1467)
2025-12-07 05:35:41,425 - Scraping log - scraper.py >        is_online(): Line 181 - INFO - KT_ZG https://services.geo.zg.ch/ows/Points_of_Interest?SERVICE=WMS&REQUEST=GetCapabilities: HTTPSConnectionPool(host='services.geo.zg.ch', port=443): Max retries exceeded with url: /ows/Points_of_Interest?SERVICE=WMS&REQUEST=GetCapabilities (Caused by SSLError(SSLZeroReturnError(6, 'TLS/SSL connection has been closed (EOF) (_ssl.c:1147)')))
2025-12-07 05:35:41,425 - Scraping log - scraper.py >         <module>(): Line 759 - WARNING - Scraping KT_ZG > https://services.geo.zg.ch/ows/Points_of_Interest?SERVICE=WMS&REQUEST=GetCapabilities aborted
2025-12-07 05:35:41,425 - Scraping log - scraper.py >         <module>(): Line 751 - INFO - Running default scraper on KT_ZG > https://services.geo.zg.ch/ows/Radwege?SERVICE=WMS&REQUEST=GetCapabilities (source 501/1467)
2025-12-07 05:35:41,626 - Scraping log - scraper.py >        is_online(): Line 181 - INFO - KT_ZG https://services.geo.zg.ch/ows/Radwege?SERVICE=WMS&REQUEST=GetCapabilities: HTTPSConnectionPool(host='services.geo.zg.ch', port=443): Max retries exceeded with url: /ows/Radwege?SERVICE=WMS&REQUEST=GetCapabilities (Caused by SSLError(SSLZeroReturnError(6, 'TLS/SSL connection has been closed (EOF) (_ssl.c:1147)')))
2025-12-07 05:35:41,626 - Scraping log - scraper.py >         <module>(): Line 759 - WARNING - Scraping KT_ZG > https://services.geo.zg.ch/ows/Radwege?SERVICE=WMS&REQUEST=GetCapabilities aborted
2025-12-07 05:35:41,626 - Scraping log - scraper.py >         <module>(): Line 751 - INFO - Running default scraper on KT_ZG > https://services.geo.zg.ch/ows/Richtplan?SERVICE=WMS&REQUEST=GetCapabilities (source 502/1467)
2025-12-07 05:35:41,820 - Scraping log - scraper.py >        is_online(): Line 181 - INFO - KT_ZG https://services.geo.zg.ch/ows/Richtplan?SERVICE=WMS&REQUEST=GetCapabilities: HTTPSConnectionPool(host='services.geo.zg.ch', port=443): Max retries exceeded with url: /ows/Richtplan?SERVICE=WMS&REQUEST=GetCapabilities (Caused by SSLError(SSLZeroReturnError(6, 'TLS/SSL connection has been closed (EOF) (_ssl.c:1147)')))
2025-12-07 05:35:41,821 - Scraping log - scraper.py >         <module>(): Line 759 - WARNING - Scraping KT_ZG > https://services.geo.zg.ch/ows/Richtplan?SERVICE=WMS&REQUEST=GetCapabilities aborted
2025-12-07 05:35:41,821 - Scraping log - scraper.py >         <module>(): Line 751 - INFO - Running default scraper on KT_ZG > https://services.geo.zg.ch/ows/Schulhaeuser_Kindergaerten?SERVICE=WMS&REQUEST=GetCapabilities (source 503/1467)
2025-12-07 05:35:42,027 - Scraping log - scraper.py >        is_online(): Line 181 - INFO - KT_ZG https://services.geo.zg.ch/ows/Schulhaeuser_Kindergaerten?SERVICE=WMS&REQUEST=GetCapabilities: HTTPSConnectionPool(host='services.geo.zg.ch', port=443): Max retries exceeded with url: /ows/Schulhaeuser_Kindergaerten?SERVICE=WMS&REQUEST=GetCapabilities (Caused by SSLError(SSLZeroReturnError(6, 'TLS/SSL connection has been closed (EOF) (_ssl.c:1147)')))
2025-12-07 05:35:42,027 - Scraping log - scraper.py >         <module>(): Line 759 - WARNING - Scraping KT_ZG > https://services.geo.zg.ch/ows/Schulhaeuser_Kindergaerten?SERVICE=WMS&REQUEST=GetCapabilities aborted
2025-12-07 05:35:42,027 - Scraping log - scraper.py >         <module>(): Line 751 - INFO - Running default scraper on KT_ZG > https://services.geo.zg.ch/ows/Schutzraumbau?SERVICE=WMS&REQUEST=GetCapabilities (source 504/1467)
2025-12-07 05:35:42,220 - Scraping log - scraper.py >        is_online(): Line 181 - INFO - KT_ZG https://services.geo.zg.ch/ows/Schutzraumbau?SERVICE=WMS&REQUEST=GetCapabilities: HTTPSConnectionPool(host='services.geo.zg.ch', port=443): Max retries exceeded with url: /ows/Schutzraumbau?SERVICE=WMS&REQUEST=GetCapabilities (Caused by SSLError(SSLZeroReturnError(6, 'TLS/SSL connection has been closed (EOF) (_ssl.c:1147)')))
2025-12-07 05:35:42,221 - Scraping log - scraper.py >         <module>(): Line 759 - WARNING - Scraping KT_ZG > https://services.geo.zg.ch/ows/Schutzraumbau?SERVICE=WMS&REQUEST=GetCapabilities aborted
2025-12-07 05:35:42,221 - Scraping log - scraper.py >         <module>(): Line 751 - INFO - Running default scraper on KT_ZG > https://services.geo.zg.ch/ows/Schutzwald?SERVICE=WMS&REQUEST=GetCapabilities (source 505/1467)
2025-12-07 05:35:42,422 - Scraping log - scraper.py >        is_online(): Line 181 - INFO - KT_ZG https://services.geo.zg.ch/ows/Schutzwald?SERVICE=WMS&REQUEST=GetCapabilities: HTTPSConnectionPool(host='services.geo.zg.ch', port=443): Max retries exceeded with url: /ows/Schutzwald?SERVICE=WMS&REQUEST=GetCapabilities (Caused by SSLError(SSLZeroReturnError(6, 'TLS/SSL connection has been closed (EOF) (_ssl.c:1147)')))
2025-12-07 05:35:42,423 - Scraping log - scraper.py >         <module>(): Line 759 - WARNING - Scraping KT_ZG > https://services.geo.zg.ch/ows/Schutzwald?SERVICE=WMS&REQUEST=GetCapabilities aborted
2025-12-07 05:35:42,423 - Scraping log - scraper.py >         <module>(): Line 751 - INFO - Running default scraper on KT_ZG > https://services.geo.zg.ch/ows/Standorte_Wahlplakate?SERVICE=WMS&REQUEST=GetCapabilities (source 506/1467)
2025-12-07 05:35:42,836 - Scraping log - scraper.py >        is_online(): Line 181 - INFO - KT_ZG https://services.geo.zg.ch/ows/Standorte_Wahlplakate?SERVICE=WMS&REQUEST=GetCapabilities: HTTPSConnectionPool(host='services.geo.zg.ch', port=443): Max retries exceeded with url: /ows/Standorte_Wahlplakate?SERVICE=WMS&REQUEST=GetCapabilities (Caused by SSLError(SSLZeroReturnError(6, 'TLS/SSL connection has been closed (EOF) (_ssl.c:1147)')))
2025-12-07 05:35:42,837 - Scraping log - scraper.py >         <module>(): Line 759 - WARNING - Scraping KT_ZG > https://services.geo.zg.ch/ows/Standorte_Wahlplakate?SERVICE=WMS&REQUEST=GetCapabilities aborted
2025-12-07 05:35:42,837 - Scraping log - scraper.py >         <module>(): Line 751 - INFO - Running default scraper on KT_ZG > https://services.geo.zg.ch/ows/Statische_Waldgrenzen?SERVICE=WMS&REQUEST=GetCapabilities (source 507/1467)
2025-12-07 05:35:43,036 - Scraping log - scraper.py >        is_online(): Line 181 - INFO - KT_ZG https://services.geo.zg.ch/ows/Statische_Waldgrenzen?SERVICE=WMS&REQUEST=GetCapabilities: HTTPSConnectionPool(host='services.geo.zg.ch', port=443): Max retries exceeded with url: /ows/Statische_Waldgrenzen?SERVICE=WMS&REQUEST=GetCapabilities (Caused by SSLError(SSLZeroReturnError(6, 'TLS/SSL connection has been closed (EOF) (_ssl.c:1147)')))
2025-12-07 05:35:43,036 - Scraping log - scraper.py >         <module>(): Line 759 - WARNING - Scraping KT_ZG > https://services.geo.zg.ch/ows/Statische_Waldgrenzen?SERVICE=WMS&REQUEST=GetCapabilities aborted
2025-12-07 05:35:43,036 - Scraping log - scraper.py >         <module>(): Line 751 - INFO - Running default scraper on KT_ZG > https://services.geo.zg.ch/ows/Strassenlaermkataster_Gemeindestrassen?SERVICE=WMS&REQUEST=GetCapabilities (source 508/1467)
2025-12-07 05:35:43,233 - Scraping log - scraper.py >        is_online(): Line 181 - INFO - KT_ZG https://services.geo.zg.ch/ows/Strassenlaermkataster_Gemeindestrassen?SERVICE=WMS&REQUEST=GetCapabilities: HTTPSConnectionPool(host='services.geo.zg.ch', port=443): Max retries exceeded with url: /ows/Strassenlaermkataster_Gemeindestrassen?SERVICE=WMS&REQUEST=GetCapabilities (Caused by SSLError(SSLZeroReturnError(6, 'TLS/SSL connection has been closed (EOF) (_ssl.c:1147)')))
2025-12-07 05:35:43,233 - Scraping log - scraper.py >         <module>(): Line 759 - WARNING - Scraping KT_ZG > https://services.geo.zg.ch/ows/Strassenlaermkataster_Gemeindestrassen?SERVICE=WMS&REQUEST=GetCapabilities aborted
2025-12-07 05:35:43,233 - Scraping log - scraper.py >         <module>(): Line 751 - INFO - Running default scraper on KT_ZG > https://services.geo.zg.ch/ows/Strassenlaermkataster_Kantonsstrassen?SERVICE=WMS&REQUEST=GetCapabilities (source 509/1467)
2025-12-07 05:35:43,424 - Scraping log - scraper.py >        is_online(): Line 181 - INFO - KT_ZG https://services.geo.zg.ch/ows/Strassenlaermkataster_Kantonsstrassen?SERVICE=WMS&REQUEST=GetCapabilities: HTTPSConnectionPool(host='services.geo.zg.ch', port=443): Max retries exceeded with url: /ows/Strassenlaermkataster_Kantonsstrassen?SERVICE=WMS&REQUEST=GetCapabilities (Caused by SSLError(SSLZeroReturnError(6, 'TLS/SSL connection has been closed (EOF) (_ssl.c:1147)')))
2025-12-07 05:35:43,425 - Scraping log - scraper.py >         <module>(): Line 759 - WARNING - Scraping KT_ZG > https://services.geo.zg.ch/ows/Strassenlaermkataster_Kantonsstrassen?SERVICE=WMS&REQUEST=GetCapabilities aborted
2025-12-07 05:35:43,425 - Scraping log - scraper.py >         <module>(): Line 751 - INFO - Running default scraper on KT_ZG > https://services.geo.zg.ch/ows/Treffpunkte_RDZ?SERVICE=WMS&REQUEST=GetCapabilities (source 510/1467)
2025-12-07 05:35:43,618 - Scraping log - scraper.py >        is_online(): Line 181 - INFO - KT_ZG https://services.geo.zg.ch/ows/Treffpunkte_RDZ?SERVICE=WMS&REQUEST=GetCapabilities: HTTPSConnectionPool(host='services.geo.zg.ch', port=443): Max retries exceeded with url: /ows/Treffpunkte_RDZ?SERVICE=WMS&REQUEST=GetCapabilities (Caused by SSLError(SSLZeroReturnError(6, 'TLS/SSL connection has been closed (EOF) (_ssl.c:1147)')))
2025-12-07 05:35:43,618 - Scraping log - scraper.py >         <module>(): Line 759 - WARNING - Scraping KT_ZG > https://services.geo.zg.ch/ows/Treffpunkte_RDZ?SERVICE=WMS&REQUEST=GetCapabilities aborted
2025-12-07 05:35:43,618 - Scraping log - scraper.py >         <module>(): Line 751 - INFO - Running default scraper on KT_ZG > https://services.geo.zg.ch/ows/Verkehrszaehlung?SERVICE=WMS&REQUEST=GetCapabilities (source 511/1467)
2025-12-07 05:35:43,818 - Scraping log - scraper.py >        is_online(): Line 181 - INFO - KT_ZG https://services.geo.zg.ch/ows/Verkehrszaehlung?SERVICE=WMS&REQUEST=GetCapabilities: HTTPSConnectionPool(host='services.geo.zg.ch', port=443): Max retries exceeded with url: /ows/Verkehrszaehlung?SERVICE=WMS&REQUEST=GetCapabilities (Caused by SSLError(SSLZeroReturnError(6, 'TLS/SSL connection has been closed (EOF) (_ssl.c:1147)')))
2025-12-07 05:35:43,818 - Scraping log - scraper.py >         <module>(): Line 759 - WARNING - Scraping KT_ZG > https://services.geo.zg.ch/ows/Verkehrszaehlung?SERVICE=WMS&REQUEST=GetCapabilities aborted
2025-12-07 05:35:43,818 - Scraping log - scraper.py >         <module>(): Line 751 - INFO - Running default scraper on KT_ZG > https://services.geo.zg.ch/ows/Zonenplan?SERVICE=WMS&REQUEST=GetCapabilities (source 512/1467)
2025-12-07 05:35:44,014 - Scraping log - scraper.py >        is_online(): Line 181 - INFO - KT_ZG https://services.geo.zg.ch/ows/Zonenplan?SERVICE=WMS&REQUEST=GetCapabilities: HTTPSConnectionPool(host='services.geo.zg.ch', port=443): Max retries exceeded with url: /ows/Zonenplan?SERVICE=WMS&REQUEST=GetCapabilities (Caused by SSLError(SSLZeroReturnError(6, 'TLS/SSL connection has been closed (EOF) (_ssl.c:1147)')))
2025-12-07 05:35:44,015 - Scraping log - scraper.py >         <module>(): Line 759 - WARNING - Scraping KT_ZG > https://services.geo.zg.ch/ows/Zonenplan?SERVICE=WMS&REQUEST=GetCapabilities aborted
2025-12-07 05:35:44,015 - Scraping log - scraper.py >         <module>(): Line 751 - INFO - Running default scraper on KT_ZG > https://services.geo.zg.ch/ows/defibrillatoren?SERVICE=WMS&REQUEST=GetCapabilities (source 513/1467)
2025-12-07 05:35:44,207 - Scraping log - scraper.py >        is_online(): Line 181 - INFO - KT_ZG https://services.geo.zg.ch/ows/defibrillatoren?SERVICE=WMS&REQUEST=GetCapabilities: HTTPSConnectionPool(host='services.geo.zg.ch', port=443): Max retries exceeded with url: /ows/defibrillatoren?SERVICE=WMS&REQUEST=GetCapabilities (Caused by SSLError(SSLZeroReturnError(6, 'TLS/SSL connection has been closed (EOF) (_ssl.c:1147)')))
2025-12-07 05:35:44,207 - Scraping log - scraper.py >         <module>(): Line 759 - WARNING - Scraping KT_ZG > https://services.geo.zg.ch/ows/defibrillatoren?SERVICE=WMS&REQUEST=GetCapabilities aborted
2025-12-07 05:35:44,207 - Scraping log - scraper.py >         <module>(): Line 751 - INFO - Running default scraper on KT_ZG > https://services.geo.zg.ch/ows/geologisches_aufschlussarchiv?SERVICE=WMS&REQUEST=GetCapabilities (source 514/1467)
2025-12-07 05:35:44,408 - Scraping log - scraper.py >        is_online(): Line 181 - INFO - KT_ZG https://services.geo.zg.ch/ows/geologisches_aufschlussarchiv?SERVICE=WMS&REQUEST=GetCapabilities: HTTPSConnectionPool(host='services.geo.zg.ch', port=443): Max retries exceeded with url: /ows/geologisches_aufschlussarchiv?SERVICE=WMS&REQUEST=GetCapabilities (Caused by SSLError(SSLZeroReturnError(6, 'TLS/SSL connection has been closed (EOF) (_ssl.c:1147)')))
2025-12-07 05:35:44,409 - Scraping log - scraper.py >         <module>(): Line 759 - WARNING - Scraping KT_ZG > https://services.geo.zg.ch/ows/geologisches_aufschlussarchiv?SERVICE=WMS&REQUEST=GetCapabilities aborted
2025-12-07 05:35:44,409 - Scraping log - scraper.py >         <module>(): Line 751 - INFO - Running default scraper on KT_ZG > https://services.geo.zg.ch/ows/kbs?SERVICE=WMS&REQUEST=GetCapabilities (source 515/1467)
2025-12-07 05:35:44,606 - Scraping log - scraper.py >        is_online(): Line 181 - INFO - KT_ZG https://services.geo.zg.ch/ows/kbs?SERVICE=WMS&REQUEST=GetCapabilities: HTTPSConnectionPool(host='services.geo.zg.ch', port=443): Max retries exceeded with url: /ows/kbs?SERVICE=WMS&REQUEST=GetCapabilities (Caused by SSLError(SSLZeroReturnError(6, 'TLS/SSL connection has been closed (EOF) (_ssl.c:1147)')))
2025-12-07 05:35:44,606 - Scraping log - scraper.py >         <module>(): Line 759 - WARNING - Scraping KT_ZG > https://services.geo.zg.ch/ows/kbs?SERVICE=WMS&REQUEST=GetCapabilities aborted
2025-12-07 05:35:44,606 - Scraping log - scraper.py >         <module>(): Line 751 - INFO - Running default scraper on KT_ZG > https://services.geo.zg.ch/ows/pbv?SERVICE=WMS&REQUEST=GetCapabilities (source 516/1467)
2025-12-07 05:35:44,799 - Scraping log - scraper.py >        is_online(): Line 181 - INFO - KT_ZG https://services.geo.zg.ch/ows/pbv?SERVICE=WMS&REQUEST=GetCapabilities: HTTPSConnectionPool(host='services.geo.zg.ch', port=443): Max retries exceeded with url: /ows/pbv?SERVICE=WMS&REQUEST=GetCapabilities (Caused by SSLError(SSLZeroReturnError(6, 'TLS/SSL connection has been closed (EOF) (_ssl.c:1147)')))
2025-12-07 05:35:44,799 - Scraping log - scraper.py >         <module>(): Line 759 - WARNING - Scraping KT_ZG > https://services.geo.zg.ch/ows/pbv?SERVICE=WMS&REQUEST=GetCapabilities aborted
2025-12-07 05:35:44,799 - Scraping log - scraper.py >         <module>(): Line 751 - INFO - Running default scraper on KT_ZG > https://services.geo.zg.ch/ows/stand_der_erschliessung?SERVICE=WMS&REQUEST=GetCapabilities (source 517/1467)
2025-12-07 05:35:45,212 - Scraping log - scraper.py >        is_online(): Line 181 - INFO - KT_ZG https://services.geo.zg.ch/ows/stand_der_erschliessung?SERVICE=WMS&REQUEST=GetCapabilities: HTTPSConnectionPool(host='services.geo.zg.ch', port=443): Max retries exceeded with url: /ows/stand_der_erschliessung?SERVICE=WMS&REQUEST=GetCapabilities (Caused by SSLError(SSLZeroReturnError(6, 'TLS/SSL connection has been closed (EOF) (_ssl.c:1147)')))
2025-12-07 05:35:45,213 - Scraping log - scraper.py >         <module>(): Line 759 - WARNING - Scraping KT_ZG > https://services.geo.zg.ch/ows/stand_der_erschliessung?SERVICE=WMS&REQUEST=GetCapabilities aborted
2025-12-07 05:35:45,213 - Scraping log - scraper.py >         <module>(): Line 751 - INFO - Running default scraper on KT_ZG > https://services.geo.zg.ch/ows/Abfallsammelstellen?SERVICE=WFS&REQUEST=GetCapabilities (source 518/1467)
2025-12-07 05:35:45,408 - Scraping log - scraper.py >        is_online(): Line 181 - INFO - KT_ZG https://services.geo.zg.ch/ows/Abfallsammelstellen?SERVICE=WFS&REQUEST=GetCapabilities: HTTPSConnectionPool(host='services.geo.zg.ch', port=443): Max retries exceeded with url: /ows/Abfallsammelstellen?SERVICE=WFS&REQUEST=GetCapabilities (Caused by SSLError(SSLZeroReturnError(6, 'TLS/SSL connection has been closed (EOF) (_ssl.c:1147)')))
2025-12-07 05:35:45,408 - Scraping log - scraper.py >         <module>(): Line 759 - WARNING - Scraping KT_ZG > https://services.geo.zg.ch/ows/Abfallsammelstellen?SERVICE=WFS&REQUEST=GetCapabilities aborted
2025-12-07 05:35:45,408 - Scraping log - scraper.py >         <module>(): Line 751 - INFO - Running default scraper on KT_ZG > https://services.geo.zg.ch/ows/Abstandslinien?SERVICE=WFS&REQUEST=GetCapabilities (source 519/1467)
2025-12-07 05:35:45,601 - Scraping log - scraper.py >        is_online(): Line 181 - INFO - KT_ZG https://services.geo.zg.ch/ows/Abstandslinien?SERVICE=WFS&REQUEST=GetCapabilities: HTTPSConnectionPool(host='services.geo.zg.ch', port=443): Max retries exceeded with url: /ows/Abstandslinien?SERVICE=WFS&REQUEST=GetCapabilities (Caused by SSLError(SSLZeroReturnError(6, 'TLS/SSL connection has been closed (EOF) (_ssl.c:1147)')))
2025-12-07 05:35:45,602 - Scraping log - scraper.py >         <module>(): Line 759 - WARNING - Scraping KT_ZG > https://services.geo.zg.ch/ows/Abstandslinien?SERVICE=WFS&REQUEST=GetCapabilities aborted
2025-12-07 05:35:45,602 - Scraping log - scraper.py >         <module>(): Line 751 - INFO - Running default scraper on KT_ZG > https://services.geo.zg.ch/ows/Amphibienlaichgebiete?SERVICE=WFS&REQUEST=GetCapabilities (source 520/1467)
2025-12-07 05:35:45,803 - Scraping log - scraper.py >        is_online(): Line 181 - INFO - KT_ZG https://services.geo.zg.ch/ows/Amphibienlaichgebiete?SERVICE=WFS&REQUEST=GetCapabilities: HTTPSConnectionPool(host='services.geo.zg.ch', port=443): Max retries exceeded with url: /ows/Amphibienlaichgebiete?SERVICE=WFS&REQUEST=GetCapabilities (Caused by SSLError(SSLZeroReturnError(6, 'TLS/SSL connection has been closed (EOF) (_ssl.c:1147)')))
2025-12-07 05:35:45,803 - Scraping log - scraper.py >         <module>(): Line 759 - WARNING - Scraping KT_ZG > https://services.geo.zg.ch/ows/Amphibienlaichgebiete?SERVICE=WFS&REQUEST=GetCapabilities aborted
2025-12-07 05:35:45,803 - Scraping log - scraper.py >         <module>(): Line 751 - INFO - Running default scraper on KT_ZG > https://services.geo.zg.ch/ows/Baumkataster?SERVICE=WFS&REQUEST=GetCapabilities (source 521/1467)
2025-12-07 05:35:45,998 - Scraping log - scraper.py >        is_online(): Line 181 - INFO - KT_ZG https://services.geo.zg.ch/ows/Baumkataster?SERVICE=WFS&REQUEST=GetCapabilities: HTTPSConnectionPool(host='services.geo.zg.ch', port=443): Max retries exceeded with url: /ows/Baumkataster?SERVICE=WFS&REQUEST=GetCapabilities (Caused by SSLError(SSLZeroReturnError(6, 'TLS/SSL connection has been closed (EOF) (_ssl.c:1147)')))
2025-12-07 05:35:45,998 - Scraping log - scraper.py >         <module>(): Line 759 - WARNING - Scraping KT_ZG > https://services.geo.zg.ch/ows/Baumkataster?SERVICE=WFS&REQUEST=GetCapabilities aborted
2025-12-07 05:35:45,998 - Scraping log - scraper.py >         <module>(): Line 751 - INFO - Running default scraper on KT_ZG > https://services.geo.zg.ch/ows/Bebauungsplan?SERVICE=WFS&REQUEST=GetCapabilities (source 522/1467)
2025-12-07 05:35:46,198 - Scraping log - scraper.py >        is_online(): Line 181 - INFO - KT_ZG https://services.geo.zg.ch/ows/Bebauungsplan?SERVICE=WFS&REQUEST=GetCapabilities: HTTPSConnectionPool(host='services.geo.zg.ch', port=443): Max retries exceeded with url: /ows/Bebauungsplan?SERVICE=WFS&REQUEST=GetCapabilities (Caused by SSLError(SSLZeroReturnError(6, 'TLS/SSL connection has been closed (EOF) (_ssl.c:1147)')))
2025-12-07 05:35:46,198 - Scraping log - scraper.py >         <module>(): Line 759 - WARNING - Scraping KT_ZG > https://services.geo.zg.ch/ows/Bebauungsplan?SERVICE=WFS&REQUEST=GetCapabilities aborted
2025-12-07 05:35:46,198 - Scraping log - scraper.py >         <module>(): Line 751 - INFO - Running default scraper on KT_ZG > https://services.geo.zg.ch/ows/Besondere_Waldlebensraeume?SERVICE=WFS&REQUEST=GetCapabilities (source 523/1467)
2025-12-07 05:35:46,391 - Scraping log - scraper.py >        is_online(): Line 181 - INFO - KT_ZG https://services.geo.zg.ch/ows/Besondere_Waldlebensraeume?SERVICE=WFS&REQUEST=GetCapabilities: HTTPSConnectionPool(host='services.geo.zg.ch', port=443): Max retries exceeded with url: /ows/Besondere_Waldlebensraeume?SERVICE=WFS&REQUEST=GetCapabilities (Caused by SSLError(SSLZeroReturnError(6, 'TLS/SSL connection has been closed (EOF) (_ssl.c:1147)')))
2025-12-07 05:35:46,391 - Scraping log - scraper.py >         <module>(): Line 759 - WARNING - Scraping KT_ZG > https://services.geo.zg.ch/ows/Besondere_Waldlebensraeume?SERVICE=WFS&REQUEST=GetCapabilities aborted
2025-12-07 05:35:46,392 - Scraping log - scraper.py >         <module>(): Line 751 - INFO - Running default scraper on KT_ZG > https://services.geo.zg.ch/ows/Bodenkarte?SERVICE=WFS&REQUEST=GetCapabilities (source 524/1467)
2025-12-07 05:35:46,590 - Scraping log - scraper.py >        is_online(): Line 181 - INFO - KT_ZG https://services.geo.zg.ch/ows/Bodenkarte?SERVICE=WFS&REQUEST=GetCapabilities: HTTPSConnectionPool(host='services.geo.zg.ch', port=443): Max retries exceeded with url: /ows/Bodenkarte?SERVICE=WFS&REQUEST=GetCapabilities (Caused by SSLError(SSLZeroReturnError(6, 'TLS/SSL connection has been closed (EOF) (_ssl.c:1147)')))
2025-12-07 05:35:46,590 - Scraping log - scraper.py >         <module>(): Line 759 - WARNING - Scraping KT_ZG > https://services.geo.zg.ch/ows/Bodenkarte?SERVICE=WFS&REQUEST=GetCapabilities aborted
2025-12-07 05:35:46,590 - Scraping log - scraper.py >         <module>(): Line 751 - INFO - Running default scraper on KT_ZG > https://services.geo.zg.ch/ows/Buslinien?SERVICE=WFS&REQUEST=GetCapabilities (source 525/1467)
2025-12-07 05:35:46,785 - Scraping log - scraper.py >        is_online(): Line 181 - INFO - KT_ZG https://services.geo.zg.ch/ows/Buslinien?SERVICE=WFS&REQUEST=GetCapabilities: HTTPSConnectionPool(host='services.geo.zg.ch', port=443): Max retries exceeded with url: /ows/Buslinien?SERVICE=WFS&REQUEST=GetCapabilities (Caused by SSLError(SSLZeroReturnError(6, 'TLS/SSL connection has been closed (EOF) (_ssl.c:1147)')))
2025-12-07 05:35:46,785 - Scraping log - scraper.py >         <module>(): Line 759 - WARNING - Scraping KT_ZG > https://services.geo.zg.ch/ows/Buslinien?SERVICE=WFS&REQUEST=GetCapabilities aborted
2025-12-07 05:35:46,785 - Scraping log - scraper.py >         <module>(): Line 751 - INFO - Running default scraper on KT_ZG > https://services.geo.zg.ch/ows/Denkmaeler?SERVICE=WFS&REQUEST=GetCapabilities (source 526/1467)
2025-12-07 05:35:46,983 - Scraping log - scraper.py >        is_online(): Line 181 - INFO - KT_ZG https://services.geo.zg.ch/ows/Denkmaeler?SERVICE=WFS&REQUEST=GetCapabilities: HTTPSConnectionPool(host='services.geo.zg.ch', port=443): Max retries exceeded with url: /ows/Denkmaeler?SERVICE=WFS&REQUEST=GetCapabilities (Caused by SSLError(SSLZeroReturnError(6, 'TLS/SSL connection has been closed (EOF) (_ssl.c:1147)')))
2025-12-07 05:35:46,983 - Scraping log - scraper.py >         <module>(): Line 759 - WARNING - Scraping KT_ZG > https://services.geo.zg.ch/ows/Denkmaeler?SERVICE=WFS&REQUEST=GetCapabilities aborted
2025-12-07 05:35:46,983 - Scraping log - scraper.py >         <module>(): Line 751 - INFO - Running default scraper on KT_ZG > https://services.geo.zg.ch/ows/Einzelbaeume_K5?SERVICE=WFS&REQUEST=GetCapabilities (source 527/1467)
2025-12-07 05:35:47,183 - Scraping log - scraper.py >        is_online(): Line 181 - INFO - KT_ZG https://services.geo.zg.ch/ows/Einzelbaeume_K5?SERVICE=WFS&REQUEST=GetCapabilities: HTTPSConnectionPool(host='services.geo.zg.ch', port=443): Max retries exceeded with url: /ows/Einzelbaeume_K5?SERVICE=WFS&REQUEST=GetCapabilities (Caused by SSLError(SSLZeroReturnError(6, 'TLS/SSL connection has been closed (EOF) (_ssl.c:1147)')))
2025-12-07 05:35:47,183 - Scraping log - scraper.py >         <module>(): Line 759 - WARNING - Scraping KT_ZG > https://services.geo.zg.ch/ows/Einzelbaeume_K5?SERVICE=WFS&REQUEST=GetCapabilities aborted
2025-12-07 05:35:47,183 - Scraping log - scraper.py >         <module>(): Line 751 - INFO - Running default scraper on KT_ZG > https://services.geo.zg.ch/ows/Erdwaermenutzung?SERVICE=WFS&REQUEST=GetCapabilities (source 528/1467)
2025-12-07 05:35:47,379 - Scraping log - scraper.py >        is_online(): Line 181 - INFO - KT_ZG https://services.geo.zg.ch/ows/Erdwaermenutzung?SERVICE=WFS&REQUEST=GetCapabilities: HTTPSConnectionPool(host='services.geo.zg.ch', port=443): Max retries exceeded with url: /ows/Erdwaermenutzung?SERVICE=WFS&REQUEST=GetCapabilities (Caused by SSLError(SSLZeroReturnError(6, 'TLS/SSL connection has been closed (EOF) (_ssl.c:1147)')))
2025-12-07 05:35:47,380 - Scraping log - scraper.py >         <module>(): Line 759 - WARNING - Scraping KT_ZG > https://services.geo.zg.ch/ows/Erdwaermenutzung?SERVICE=WFS&REQUEST=GetCapabilities aborted
2025-12-07 05:35:47,380 - Scraping log - scraper.py >         <module>(): Line 751 - INFO - Running default scraper on KT_ZG > https://services.geo.zg.ch/ows/Erholungswald?SERVICE=WFS&REQUEST=GetCapabilities (source 529/1467)
2025-12-07 05:35:47,581 - Scraping log - scraper.py >        is_online(): Line 181 - INFO - KT_ZG https://services.geo.zg.ch/ows/Erholungswald?SERVICE=WFS&REQUEST=GetCapabilities: HTTPSConnectionPool(host='services.geo.zg.ch', port=443): Max retries exceeded with url: /ows/Erholungswald?SERVICE=WFS&REQUEST=GetCapabilities (Caused by SSLError(SSLZeroReturnError(6, 'TLS/SSL connection has been closed (EOF) (_ssl.c:1147)')))
2025-12-07 05:35:47,581 - Scraping log - scraper.py >         <module>(): Line 759 - WARNING - Scraping KT_ZG > https://services.geo.zg.ch/ows/Erholungswald?SERVICE=WFS&REQUEST=GetCapabilities aborted
2025-12-07 05:35:47,581 - Scraping log - scraper.py >         <module>(): Line 751 - INFO - Running default scraper on KT_ZG > https://services.geo.zg.ch/ows/Fahrzeuglaengen_geplant?SERVICE=WFS&REQUEST=GetCapabilities (source 530/1467)
2025-12-07 05:35:47,777 - Scraping log - scraper.py >        is_online(): Line 181 - INFO - KT_ZG https://services.geo.zg.ch/ows/Fahrzeuglaengen_geplant?SERVICE=WFS&REQUEST=GetCapabilities: HTTPSConnectionPool(host='services.geo.zg.ch', port=443): Max retries exceeded with url: /ows/Fahrzeuglaengen_geplant?SERVICE=WFS&REQUEST=GetCapabilities (Caused by SSLError(SSLZeroReturnError(6, 'TLS/SSL connection has been closed (EOF) (_ssl.c:1147)')))
2025-12-07 05:35:47,777 - Scraping log - scraper.py >         <module>(): Line 759 - WARNING - Scraping KT_ZG > https://services.geo.zg.ch/ows/Fahrzeuglaengen_geplant?SERVICE=WFS&REQUEST=GetCapabilities aborted
2025-12-07 05:35:47,777 - Scraping log - scraper.py >         <module>(): Line 751 - INFO - Running default scraper on KT_ZG > https://services.geo.zg.ch/ows/Fledermaus-Quartiere?SERVICE=WFS&REQUEST=GetCapabilities (source 531/1467)
2025-12-07 05:35:47,973 - Scraping log - scraper.py >        is_online(): Line 181 - INFO - KT_ZG https://services.geo.zg.ch/ows/Fledermaus-Quartiere?SERVICE=WFS&REQUEST=GetCapabilities: HTTPSConnectionPool(host='services.geo.zg.ch', port=443): Max retries exceeded with url: /ows/Fledermaus-Quartiere?SERVICE=WFS&REQUEST=GetCapabilities (Caused by SSLError(SSLZeroReturnError(6, 'TLS/SSL connection has been closed (EOF) (_ssl.c:1147)')))
2025-12-07 05:35:47,974 - Scraping log - scraper.py >         <module>(): Line 759 - WARNING - Scraping KT_ZG > https://services.geo.zg.ch/ows/Fledermaus-Quartiere?SERVICE=WFS&REQUEST=GetCapabilities aborted
2025-12-07 05:35:47,974 - Scraping log - scraper.py >         <module>(): Line 751 - INFO - Running default scraper on KT_ZG > https://services.geo.zg.ch/ows/Forstreviere?SERVICE=WFS&REQUEST=GetCapabilities (source 532/1467)
2025-12-07 05:35:48,167 - Scraping log - scraper.py >        is_online(): Line 181 - INFO - KT_ZG https://services.geo.zg.ch/ows/Forstreviere?SERVICE=WFS&REQUEST=GetCapabilities: HTTPSConnectionPool(host='services.geo.zg.ch', port=443): Max retries exceeded with url: /ows/Forstreviere?SERVICE=WFS&REQUEST=GetCapabilities (Caused by SSLError(SSLZeroReturnError(6, 'TLS/SSL connection has been closed (EOF) (_ssl.c:1147)')))
2025-12-07 05:35:48,167 - Scraping log - scraper.py >         <module>(): Line 759 - WARNING - Scraping KT_ZG > https://services.geo.zg.ch/ows/Forstreviere?SERVICE=WFS&REQUEST=GetCapabilities aborted
2025-12-07 05:35:48,167 - Scraping log - scraper.py >         <module>(): Line 751 - INFO - Running default scraper on KT_ZG > https://services.geo.zg.ch/ows/Fussgaengerstreifen?SERVICE=WFS&REQUEST=GetCapabilities (source 533/1467)
2025-12-07 05:35:48,363 - Scraping log - scraper.py >        is_online(): Line 181 - INFO - KT_ZG https://services.geo.zg.ch/ows/Fussgaengerstreifen?SERVICE=WFS&REQUEST=GetCapabilities: HTTPSConnectionPool(host='services.geo.zg.ch', port=443): Max retries exceeded with url: /ows/Fussgaengerstreifen?SERVICE=WFS&REQUEST=GetCapabilities (Caused by SSLError(SSLZeroReturnError(6, 'TLS/SSL connection has been closed (EOF) (_ssl.c:1147)')))
2025-12-07 05:35:48,364 - Scraping log - scraper.py >         <module>(): Line 759 - WARNING - Scraping KT_ZG > https://services.geo.zg.ch/ows/Fussgaengerstreifen?SERVICE=WFS&REQUEST=GetCapabilities aborted
2025-12-07 05:35:48,364 - Scraping log - scraper.py >         <module>(): Line 751 - INFO - Running default scraper on KT_ZG > https://services.geo.zg.ch/ows/Gebaeudebrueter?SERVICE=WFS&REQUEST=GetCapabilities (source 534/1467)
2025-12-07 05:35:48,563 - Scraping log - scraper.py >        is_online(): Line 181 - INFO - KT_ZG https://services.geo.zg.ch/ows/Gebaeudebrueter?SERVICE=WFS&REQUEST=GetCapabilities: HTTPSConnectionPool(host='services.geo.zg.ch', port=443): Max retries exceeded with url: /ows/Gebaeudebrueter?SERVICE=WFS&REQUEST=GetCapabilities (Caused by SSLError(SSLZeroReturnError(6, 'TLS/SSL connection has been closed (EOF) (_ssl.c:1147)')))
2025-12-07 05:35:48,564 - Scraping log - scraper.py >         <module>(): Line 759 - WARNING - Scraping KT_ZG > https://services.geo.zg.ch/ows/Gebaeudebrueter?SERVICE=WFS&REQUEST=GetCapabilities aborted
2025-12-07 05:35:48,564 - Scraping log - scraper.py >         <module>(): Line 751 - INFO - Running default scraper on KT_ZG > https://services.geo.zg.ch/ows/Geomorphologie?SERVICE=WFS&REQUEST=GetCapabilities (source 535/1467)
2025-12-07 05:35:48,757 - Scraping log - scraper.py >        is_online(): Line 181 - INFO - KT_ZG https://services.geo.zg.ch/ows/Geomorphologie?SERVICE=WFS&REQUEST=GetCapabilities: HTTPSConnectionPool(host='services.geo.zg.ch', port=443): Max retries exceeded with url: /ows/Geomorphologie?SERVICE=WFS&REQUEST=GetCapabilities (Caused by SSLError(SSLZeroReturnError(6, 'TLS/SSL connection has been closed (EOF) (_ssl.c:1147)')))
2025-12-07 05:35:48,757 - Scraping log - scraper.py >         <module>(): Line 759 - WARNING - Scraping KT_ZG > https://services.geo.zg.ch/ows/Geomorphologie?SERVICE=WFS&REQUEST=GetCapabilities aborted
2025-12-07 05:35:48,757 - Scraping log - scraper.py >         <module>(): Line 751 - INFO - Running default scraper on KT_ZG > https://services.geo.zg.ch/ows/Gewaessernetz?SERVICE=WFS&REQUEST=GetCapabilities (source 536/1467)
2025-12-07 05:35:48,956 - Scraping log - scraper.py >        is_online(): Line 181 - INFO - KT_ZG https://services.geo.zg.ch/ows/Gewaessernetz?SERVICE=WFS&REQUEST=GetCapabilities: HTTPSConnectionPool(host='services.geo.zg.ch', port=443): Max retries exceeded with url: /ows/Gewaessernetz?SERVICE=WFS&REQUEST=GetCapabilities (Caused by SSLError(SSLZeroReturnError(6, 'TLS/SSL connection has been closed (EOF) (_ssl.c:1147)')))
2025-12-07 05:35:48,956 - Scraping log - scraper.py >         <module>(): Line 759 - WARNING - Scraping KT_ZG > https://services.geo.zg.ch/ows/Gewaessernetz?SERVICE=WFS&REQUEST=GetCapabilities aborted
2025-12-07 05:35:48,957 - Scraping log - scraper.py >         <module>(): Line 751 - INFO - Running default scraper on KT_ZG > https://services.geo.zg.ch/ows/Gewaesserschutzkarte?SERVICE=WFS&REQUEST=GetCapabilities (source 537/1467)
2025-12-07 05:35:49,153 - Scraping log - scraper.py >        is_online(): Line 181 - INFO - KT_ZG https://services.geo.zg.ch/ows/Gewaesserschutzkarte?SERVICE=WFS&REQUEST=GetCapabilities: HTTPSConnectionPool(host='services.geo.zg.ch', port=443): Max retries exceeded with url: /ows/Gewaesserschutzkarte?SERVICE=WFS&REQUEST=GetCapabilities (Caused by SSLError(SSLZeroReturnError(6, 'TLS/SSL connection has been closed (EOF) (_ssl.c:1147)')))
2025-12-07 05:35:49,153 - Scraping log - scraper.py >         <module>(): Line 759 - WARNING - Scraping KT_ZG > https://services.geo.zg.ch/ows/Gewaesserschutzkarte?SERVICE=WFS&REQUEST=GetCapabilities aborted
2025-12-07 05:35:49,153 - Scraping log - scraper.py >         <module>(): Line 751 - INFO - Running default scraper on KT_ZG > https://services.geo.zg.ch/ows/Hecken_Feldgehoelze?SERVICE=WFS&REQUEST=GetCapabilities (source 538/1467)
2025-12-07 05:35:49,344 - Scraping log - scraper.py >        is_online(): Line 181 - INFO - KT_ZG https://services.geo.zg.ch/ows/Hecken_Feldgehoelze?SERVICE=WFS&REQUEST=GetCapabilities: HTTPSConnectionPool(host='services.geo.zg.ch', port=443): Max retries exceeded with url: /ows/Hecken_Feldgehoelze?SERVICE=WFS&REQUEST=GetCapabilities (Caused by SSLError(SSLZeroReturnError(6, 'TLS/SSL connection has been closed (EOF) (_ssl.c:1147)')))
2025-12-07 05:35:49,345 - Scraping log - scraper.py >         <module>(): Line 759 - WARNING - Scraping KT_ZG > https://services.geo.zg.ch/ows/Hecken_Feldgehoelze?SERVICE=WFS&REQUEST=GetCapabilities aborted
2025-12-07 05:35:49,345 - Scraping log - scraper.py >         <module>(): Line 751 - INFO - Running default scraper on KT_ZG > https://services.geo.zg.ch/ows/Hist_Gewaesser?SERVICE=WFS&REQUEST=GetCapabilities (source 539/1467)
2025-12-07 05:35:49,538 - Scraping log - scraper.py >        is_online(): Line 181 - INFO - KT_ZG https://services.geo.zg.ch/ows/Hist_Gewaesser?SERVICE=WFS&REQUEST=GetCapabilities: HTTPSConnectionPool(host='services.geo.zg.ch', port=443): Max retries exceeded with url: /ows/Hist_Gewaesser?SERVICE=WFS&REQUEST=GetCapabilities (Caused by SSLError(SSLZeroReturnError(6, 'TLS/SSL connection has been closed (EOF) (_ssl.c:1147)')))
2025-12-07 05:35:49,538 - Scraping log - scraper.py >         <module>(): Line 759 - WARNING - Scraping KT_ZG > https://services.geo.zg.ch/ows/Hist_Gewaesser?SERVICE=WFS&REQUEST=GetCapabilities aborted
2025-12-07 05:35:49,538 - Scraping log - scraper.py >         <module>(): Line 751 - INFO - Running default scraper on KT_ZG > https://services.geo.zg.ch/ows/Hoehenkurven_Isobathen?SERVICE=WFS&REQUEST=GetCapabilities (source 540/1467)
2025-12-07 05:35:49,953 - Scraping log - scraper.py >        is_online(): Line 181 - INFO - KT_ZG https://services.geo.zg.ch/ows/Hoehenkurven_Isobathen?SERVICE=WFS&REQUEST=GetCapabilities: HTTPSConnectionPool(host='services.geo.zg.ch', port=443): Max retries exceeded with url: /ows/Hoehenkurven_Isobathen?SERVICE=WFS&REQUEST=GetCapabilities (Caused by SSLError(SSLZeroReturnError(6, 'TLS/SSL connection has been closed (EOF) (_ssl.c:1147)')))
2025-12-07 05:35:49,953 - Scraping log - scraper.py >         <module>(): Line 759 - WARNING - Scraping KT_ZG > https://services.geo.zg.ch/ows/Hoehenkurven_Isobathen?SERVICE=WFS&REQUEST=GetCapabilities aborted
2025-12-07 05:35:49,953 - Scraping log - scraper.py >         <module>(): Line 751 - INFO - Running default scraper on KT_ZG > https://services.geo.zg.ch/ows/Jagdbezirke?SERVICE=WFS&REQUEST=GetCapabilities&VERSION=1.1.0 (source 541/1467)
2025-12-07 05:35:50,147 - Scraping log - scraper.py >        is_online(): Line 181 - INFO - KT_ZG https://services.geo.zg.ch/ows/Jagdbezirke?SERVICE=WFS&REQUEST=GetCapabilities&VERSION=1.1.0: HTTPSConnectionPool(host='services.geo.zg.ch', port=443): Max retries exceeded with url: /ows/Jagdbezirke?SERVICE=WFS&REQUEST=GetCapabilities&VERSION=1.1.0 (Caused by SSLError(SSLZeroReturnError(6, 'TLS/SSL connection has been closed (EOF) (_ssl.c:1147)')))
2025-12-07 05:35:50,148 - Scraping log - scraper.py >         <module>(): Line 759 - WARNING - Scraping KT_ZG > https://services.geo.zg.ch/ows/Jagdbezirke?SERVICE=WFS&REQUEST=GetCapabilities&VERSION=1.1.0 aborted
2025-12-07 05:35:50,148 - Scraping log - scraper.py >         <module>(): Line 751 - INFO - Running default scraper on KT_ZG > https://services.geo.zg.ch/ows/Kinderbetreuung?SERVICE=WFS&REQUEST=GetCapabilities (source 542/1467)
2025-12-07 05:35:50,348 - Scraping log - scraper.py >        is_online(): Line 181 - INFO - KT_ZG https://services.geo.zg.ch/ows/Kinderbetreuung?SERVICE=WFS&REQUEST=GetCapabilities: HTTPSConnectionPool(host='services.geo.zg.ch', port=443): Max retries exceeded with url: /ows/Kinderbetreuung?SERVICE=WFS&REQUEST=GetCapabilities (Caused by SSLError(SSLZeroReturnError(6, 'TLS/SSL connection has been closed (EOF) (_ssl.c:1147)')))
2025-12-07 05:35:50,348 - Scraping log - scraper.py >         <module>(): Line 759 - WARNING - Scraping KT_ZG > https://services.geo.zg.ch/ows/Kinderbetreuung?SERVICE=WFS&REQUEST=GetCapabilities aborted
2025-12-07 05:35:50,348 - Scraping log - scraper.py >         <module>(): Line 751 - INFO - Running default scraper on KT_ZG > https://services.geo.zg.ch/ows/Kunstbauten?SERVICE=WFS&REQUEST=GetCapabilities (source 543/1467)
2025-12-07 05:35:50,540 - Scraping log - scraper.py >        is_online(): Line 181 - INFO - KT_ZG https://services.geo.zg.ch/ows/Kunstbauten?SERVICE=WFS&REQUEST=GetCapabilities: HTTPSConnectionPool(host='services.geo.zg.ch', port=443): Max retries exceeded with url: /ows/Kunstbauten?SERVICE=WFS&REQUEST=GetCapabilities (Caused by SSLError(SSLZeroReturnError(6, 'TLS/SSL connection has been closed (EOF) (_ssl.c:1147)')))
2025-12-07 05:35:50,541 - Scraping log - scraper.py >         <module>(): Line 759 - WARNING - Scraping KT_ZG > https://services.geo.zg.ch/ows/Kunstbauten?SERVICE=WFS&REQUEST=GetCapabilities aborted
2025-12-07 05:35:50,541 - Scraping log - scraper.py >         <module>(): Line 751 - INFO - Running default scraper on KT_ZG > https://services.geo.zg.ch/ows/Landwertzonen_Steuern?SERVICE=WFS&REQUEST=GetCapabilities (source 544/1467)
2025-12-07 05:35:50,737 - Scraping log - scraper.py >        is_online(): Line 181 - INFO - KT_ZG https://services.geo.zg.ch/ows/Landwertzonen_Steuern?SERVICE=WFS&REQUEST=GetCapabilities: HTTPSConnectionPool(host='services.geo.zg.ch', port=443): Max retries exceeded with url: /ows/Landwertzonen_Steuern?SERVICE=WFS&REQUEST=GetCapabilities (Caused by SSLError(SSLZeroReturnError(6, 'TLS/SSL connection has been closed (EOF) (_ssl.c:1147)')))
2025-12-07 05:35:50,737 - Scraping log - scraper.py >         <module>(): Line 759 - WARNING - Scraping KT_ZG > https://services.geo.zg.ch/ows/Landwertzonen_Steuern?SERVICE=WFS&REQUEST=GetCapabilities aborted
2025-12-07 05:35:50,737 - Scraping log - scraper.py >         <module>(): Line 751 - INFO - Running default scraper on KT_ZG > https://services.geo.zg.ch/ows/Landwirtschaft?SERVICE=WFS&REQUEST=GetCapabilities (source 545/1467)
2025-12-07 05:35:50,935 - Scraping log - scraper.py >        is_online(): Line 181 - INFO - KT_ZG https://services.geo.zg.ch/ows/Landwirtschaft?SERVICE=WFS&REQUEST=GetCapabilities: HTTPSConnectionPool(host='services.geo.zg.ch', port=443): Max retries exceeded with url: /ows/Landwirtschaft?SERVICE=WFS&REQUEST=GetCapabilities (Caused by SSLError(SSLZeroReturnError(6, 'TLS/SSL connection has been closed (EOF) (_ssl.c:1147)')))
2025-12-07 05:35:50,935 - Scraping log - scraper.py >         <module>(): Line 759 - WARNING - Scraping KT_ZG > https://services.geo.zg.ch/ows/Landwirtschaft?SERVICE=WFS&REQUEST=GetCapabilities aborted
2025-12-07 05:35:50,936 - Scraping log - scraper.py >         <module>(): Line 751 - INFO - Running default scraper on KT_ZG > https://services.geo.zg.ch/ows/Messstellen_an_Gewaessern?SERVICE=WFS&REQUEST=GetCapabilities (source 546/1467)
2025-12-07 05:35:51,140 - Scraping log - scraper.py >        is_online(): Line 181 - INFO - KT_ZG https://services.geo.zg.ch/ows/Messstellen_an_Gewaessern?SERVICE=WFS&REQUEST=GetCapabilities: HTTPSConnectionPool(host='services.geo.zg.ch', port=443): Max retries exceeded with url: /ows/Messstellen_an_Gewaessern?SERVICE=WFS&REQUEST=GetCapabilities (Caused by SSLError(SSLZeroReturnError(6, 'TLS/SSL connection has been closed (EOF) (_ssl.c:1147)')))
2025-12-07 05:35:51,140 - Scraping log - scraper.py >         <module>(): Line 759 - WARNING - Scraping KT_ZG > https://services.geo.zg.ch/ows/Messstellen_an_Gewaessern?SERVICE=WFS&REQUEST=GetCapabilities aborted
2025-12-07 05:35:51,141 - Scraping log - scraper.py >         <module>(): Line 751 - INFO - Running default scraper on KT_ZG > https://services.geo.zg.ch/ows/Moorlandschaften?SERVICE=WFS&REQUEST=GetCapabilities (source 547/1467)
2025-12-07 05:35:51,335 - Scraping log - scraper.py >        is_online(): Line 181 - INFO - KT_ZG https://services.geo.zg.ch/ows/Moorlandschaften?SERVICE=WFS&REQUEST=GetCapabilities: HTTPSConnectionPool(host='services.geo.zg.ch', port=443): Max retries exceeded with url: /ows/Moorlandschaften?SERVICE=WFS&REQUEST=GetCapabilities (Caused by SSLError(SSLZeroReturnError(6, 'TLS/SSL connection has been closed (EOF) (_ssl.c:1147)')))
2025-12-07 05:35:51,336 - Scraping log - scraper.py >         <module>(): Line 759 - WARNING - Scraping KT_ZG > https://services.geo.zg.ch/ows/Moorlandschaften?SERVICE=WFS&REQUEST=GetCapabilities aborted
2025-12-07 05:35:51,336 - Scraping log - scraper.py >         <module>(): Line 751 - INFO - Running default scraper on KT_ZG > https://services.geo.zg.ch/ows/NGHK_Phaenomene?SERVICE=WFS&REQUEST=GetCapabilities (source 548/1467)
2025-12-07 05:35:51,530 - Scraping log - scraper.py >        is_online(): Line 181 - INFO - KT_ZG https://services.geo.zg.ch/ows/NGHK_Phaenomene?SERVICE=WFS&REQUEST=GetCapabilities: HTTPSConnectionPool(host='services.geo.zg.ch', port=443): Max retries exceeded with url: /ows/NGHK_Phaenomene?SERVICE=WFS&REQUEST=GetCapabilities (Caused by SSLError(SSLZeroReturnError(6, 'TLS/SSL connection has been closed (EOF) (_ssl.c:1147)')))
2025-12-07 05:35:51,531 - Scraping log - scraper.py >         <module>(): Line 759 - WARNING - Scraping KT_ZG > https://services.geo.zg.ch/ows/NGHK_Phaenomene?SERVICE=WFS&REQUEST=GetCapabilities aborted
2025-12-07 05:35:51,531 - Scraping log - scraper.py >         <module>(): Line 751 - INFO - Running default scraper on KT_ZG > https://services.geo.zg.ch/ows/NGHK_Prozesse?SERVICE=WFS&REQUEST=GetCapabilities (source 549/1467)
2025-12-07 05:35:51,732 - Scraping log - scraper.py >        is_online(): Line 181 - INFO - KT_ZG https://services.geo.zg.ch/ows/NGHK_Prozesse?SERVICE=WFS&REQUEST=GetCapabilities: HTTPSConnectionPool(host='services.geo.zg.ch', port=443): Max retries exceeded with url: /ows/NGHK_Prozesse?SERVICE=WFS&REQUEST=GetCapabilities (Caused by SSLError(SSLZeroReturnError(6, 'TLS/SSL connection has been closed (EOF) (_ssl.c:1147)')))
2025-12-07 05:35:51,732 - Scraping log - scraper.py >         <module>(): Line 759 - WARNING - Scraping KT_ZG > https://services.geo.zg.ch/ows/NGHK_Prozesse?SERVICE=WFS&REQUEST=GetCapabilities aborted
2025-12-07 05:35:51,732 - Scraping log - scraper.py >         <module>(): Line 751 - INFO - Running default scraper on KT_ZG > https://services.geo.zg.ch/ows/Naturobjekte?SERVICE=WFS&REQUEST=GetCapabilities (source 550/1467)
2025-12-07 05:35:51,926 - Scraping log - scraper.py >        is_online(): Line 181 - INFO - KT_ZG https://services.geo.zg.ch/ows/Naturobjekte?SERVICE=WFS&REQUEST=GetCapabilities: HTTPSConnectionPool(host='services.geo.zg.ch', port=443): Max retries exceeded with url: /ows/Naturobjekte?SERVICE=WFS&REQUEST=GetCapabilities (Caused by SSLError(SSLZeroReturnError(6, 'TLS/SSL connection has been closed (EOF) (_ssl.c:1147)')))
2025-12-07 05:35:51,927 - Scraping log - scraper.py >         <module>(): Line 759 - WARNING - Scraping KT_ZG > https://services.geo.zg.ch/ows/Naturobjekte?SERVICE=WFS&REQUEST=GetCapabilities aborted
2025-12-07 05:35:51,927 - Scraping log - scraper.py >         <module>(): Line 751 - INFO - Running default scraper on KT_ZG > https://services.geo.zg.ch/ows/Naturschutz?SERVICE=WFS&REQUEST=GetCapabilities (source 551/1467)
2025-12-07 05:35:52,126 - Scraping log - scraper.py >        is_online(): Line 181 - INFO - KT_ZG https://services.geo.zg.ch/ows/Naturschutz?SERVICE=WFS&REQUEST=GetCapabilities: HTTPSConnectionPool(host='services.geo.zg.ch', port=443): Max retries exceeded with url: /ows/Naturschutz?SERVICE=WFS&REQUEST=GetCapabilities (Caused by SSLError(SSLZeroReturnError(6, 'TLS/SSL connection has been closed (EOF) (_ssl.c:1147)')))
2025-12-07 05:35:52,127 - Scraping log - scraper.py >         <module>(): Line 759 - WARNING - Scraping KT_ZG > https://services.geo.zg.ch/ows/Naturschutz?SERVICE=WFS&REQUEST=GetCapabilities aborted
2025-12-07 05:35:52,127 - Scraping log - scraper.py >         <module>(): Line 751 - INFO - Running default scraper on KT_ZG > https://services.geo.zg.ch/ows/Neophyten?SERVICE=WFS&REQUEST=GetCapabilities (source 552/1467)
2025-12-07 05:35:52,320 - Scraping log - scraper.py >        is_online(): Line 181 - INFO - KT_ZG https://services.geo.zg.ch/ows/Neophyten?SERVICE=WFS&REQUEST=GetCapabilities: HTTPSConnectionPool(host='services.geo.zg.ch', port=443): Max retries exceeded with url: /ows/Neophyten?SERVICE=WFS&REQUEST=GetCapabilities (Caused by SSLError(SSLZeroReturnError(6, 'TLS/SSL connection has been closed (EOF) (_ssl.c:1147)')))
2025-12-07 05:35:52,320 - Scraping log - scraper.py >         <module>(): Line 759 - WARNING - Scraping KT_ZG > https://services.geo.zg.ch/ows/Neophyten?SERVICE=WFS&REQUEST=GetCapabilities aborted
2025-12-07 05:35:52,320 - Scraping log - scraper.py >         <module>(): Line 751 - INFO - Running default scraper on KT_ZG > https://services.geo.zg.ch/ows/Ortsbildschutz?SERVICE=WFS&REQUEST=GetCapabilities (source 553/1467)
2025-12-07 05:35:52,518 - Scraping log - scraper.py >        is_online(): Line 181 - INFO - KT_ZG https://services.geo.zg.ch/ows/Ortsbildschutz?SERVICE=WFS&REQUEST=GetCapabilities: HTTPSConnectionPool(host='services.geo.zg.ch', port=443): Max retries exceeded with url: /ows/Ortsbildschutz?SERVICE=WFS&REQUEST=GetCapabilities (Caused by SSLError(SSLZeroReturnError(6, 'TLS/SSL connection has been closed (EOF) (_ssl.c:1147)')))
2025-12-07 05:35:52,518 - Scraping log - scraper.py >         <module>(): Line 759 - WARNING - Scraping KT_ZG > https://services.geo.zg.ch/ows/Ortsbildschutz?SERVICE=WFS&REQUEST=GetCapabilities aborted
2025-12-07 05:35:52,518 - Scraping log - scraper.py >         <module>(): Line 751 - INFO - Running default scraper on KT_ZG > https://services.geo.zg.ch/ows/Parkplaetze?SERVICE=WFS&REQUEST=GetCapabilities (source 554/1467)
2025-12-07 05:35:52,715 - Scraping log - scraper.py >        is_online(): Line 181 - INFO - KT_ZG https://services.geo.zg.ch/ows/Parkplaetze?SERVICE=WFS&REQUEST=GetCapabilities: HTTPSConnectionPool(host='services.geo.zg.ch', port=443): Max retries exceeded with url: /ows/Parkplaetze?SERVICE=WFS&REQUEST=GetCapabilities (Caused by SSLError(SSLZeroReturnError(6, 'TLS/SSL connection has been closed (EOF) (_ssl.c:1147)')))
2025-12-07 05:35:52,715 - Scraping log - scraper.py >         <module>(): Line 759 - WARNING - Scraping KT_ZG > https://services.geo.zg.ch/ows/Parkplaetze?SERVICE=WFS&REQUEST=GetCapabilities aborted
2025-12-07 05:35:52,715 - Scraping log - scraper.py >         <module>(): Line 751 - INFO - Running default scraper on KT_ZG > https://services.geo.zg.ch/ows/Parkplaetze?SERVICE=WMS&REQUEST=GetCapabilities (source 555/1467)
2025-12-07 05:35:52,914 - Scraping log - scraper.py >        is_online(): Line 181 - INFO - KT_ZG https://services.geo.zg.ch/ows/Parkplaetze?SERVICE=WMS&REQUEST=GetCapabilities: HTTPSConnectionPool(host='services.geo.zg.ch', port=443): Max retries exceeded with url: /ows/Parkplaetze?SERVICE=WMS&REQUEST=GetCapabilities (Caused by SSLError(SSLZeroReturnError(6, 'TLS/SSL connection has been closed (EOF) (_ssl.c:1147)')))
2025-12-07 05:35:52,914 - Scraping log - scraper.py >         <module>(): Line 759 - WARNING - Scraping KT_ZG > https://services.geo.zg.ch/ows/Parkplaetze?SERVICE=WMS&REQUEST=GetCapabilities aborted
2025-12-07 05:35:52,914 - Scraping log - scraper.py >         <module>(): Line 751 - INFO - Running default scraper on KT_ZG > https://services.geo.zg.ch/ows/Points_of_Interest?SERVICE=WFS&REQUEST=GetCapabilities (source 556/1467)
2025-12-07 05:35:53,110 - Scraping log - scraper.py >        is_online(): Line 181 - INFO - KT_ZG https://services.geo.zg.ch/ows/Points_of_Interest?SERVICE=WFS&REQUEST=GetCapabilities: HTTPSConnectionPool(host='services.geo.zg.ch', port=443): Max retries exceeded with url: /ows/Points_of_Interest?SERVICE=WFS&REQUEST=GetCapabilities (Caused by SSLError(SSLZeroReturnError(6, 'TLS/SSL connection has been closed (EOF) (_ssl.c:1147)')))
2025-12-07 05:35:53,110 - Scraping log - scraper.py >         <module>(): Line 759 - WARNING - Scraping KT_ZG > https://services.geo.zg.ch/ows/Points_of_Interest?SERVICE=WFS&REQUEST=GetCapabilities aborted
2025-12-07 05:35:53,110 - Scraping log - scraper.py >         <module>(): Line 751 - INFO - Running default scraper on KT_ZG > https://services.geo.zg.ch/ows/Quartiergestaltungsplanung?SERVICE=WFS&REQUEST=GetCapabilities (source 557/1467)
2025-12-07 05:35:53,315 - Scraping log - scraper.py >        is_online(): Line 181 - INFO - KT_ZG https://services.geo.zg.ch/ows/Quartiergestaltungsplanung?SERVICE=WFS&REQUEST=GetCapabilities: HTTPSConnectionPool(host='services.geo.zg.ch', port=443): Max retries exceeded with url: /ows/Quartiergestaltungsplanung?SERVICE=WFS&REQUEST=GetCapabilities (Caused by SSLError(SSLZeroReturnError(6, 'TLS/SSL connection has been closed (EOF) (_ssl.c:1147)')))
2025-12-07 05:35:53,315 - Scraping log - scraper.py >         <module>(): Line 759 - WARNING - Scraping KT_ZG > https://services.geo.zg.ch/ows/Quartiergestaltungsplanung?SERVICE=WFS&REQUEST=GetCapabilities aborted
2025-12-07 05:35:53,316 - Scraping log - scraper.py >         <module>(): Line 751 - INFO - Running default scraper on KT_ZG > https://services.geo.zg.ch/ows/Radwege?SERVICE=WFS&REQUEST=GetCapabilities (source 558/1467)
2025-12-07 05:35:53,512 - Scraping log - scraper.py >        is_online(): Line 181 - INFO - KT_ZG https://services.geo.zg.ch/ows/Radwege?SERVICE=WFS&REQUEST=GetCapabilities: HTTPSConnectionPool(host='services.geo.zg.ch', port=443): Max retries exceeded with url: /ows/Radwege?SERVICE=WFS&REQUEST=GetCapabilities (Caused by SSLError(SSLZeroReturnError(6, 'TLS/SSL connection has been closed (EOF) (_ssl.c:1147)')))
2025-12-07 05:35:53,512 - Scraping log - scraper.py >         <module>(): Line 759 - WARNING - Scraping KT_ZG > https://services.geo.zg.ch/ows/Radwege?SERVICE=WFS&REQUEST=GetCapabilities aborted
2025-12-07 05:35:53,512 - Scraping log - scraper.py >         <module>(): Line 751 - INFO - Running default scraper on KT_ZG > https://services.geo.zg.ch/ows/Richtplan?SERVICE=WFS&REQUEST=GetCapabilities (source 559/1467)
2025-12-07 05:35:53,713 - Scraping log - scraper.py >        is_online(): Line 181 - INFO - KT_ZG https://services.geo.zg.ch/ows/Richtplan?SERVICE=WFS&REQUEST=GetCapabilities: HTTPSConnectionPool(host='services.geo.zg.ch', port=443): Max retries exceeded with url: /ows/Richtplan?SERVICE=WFS&REQUEST=GetCapabilities (Caused by SSLError(SSLZeroReturnError(6, 'TLS/SSL connection has been closed (EOF) (_ssl.c:1147)')))
2025-12-07 05:35:53,714 - Scraping log - scraper.py >         <module>(): Line 759 - WARNING - Scraping KT_ZG > https://services.geo.zg.ch/ows/Richtplan?SERVICE=WFS&REQUEST=GetCapabilities aborted
2025-12-07 05:35:53,714 - Scraping log - scraper.py >         <module>(): Line 751 - INFO - Running default scraper on KT_ZG > https://services.geo.zg.ch/ows/Schulhaeuser_Kindergaerten?SERVICE=WFS&REQUEST=GetCapabilities (source 560/1467)
2025-12-07 05:35:53,910 - Scraping log - scraper.py >        is_online(): Line 181 - INFO - KT_ZG https://services.geo.zg.ch/ows/Schulhaeuser_Kindergaerten?SERVICE=WFS&REQUEST=GetCapabilities: HTTPSConnectionPool(host='services.geo.zg.ch', port=443): Max retries exceeded with url: /ows/Schulhaeuser_Kindergaerten?SERVICE=WFS&REQUEST=GetCapabilities (Caused by SSLError(SSLZeroReturnError(6, 'TLS/SSL connection has been closed (EOF) (_ssl.c:1147)')))
2025-12-07 05:35:53,910 - Scraping log - scraper.py >         <module>(): Line 759 - WARNING - Scraping KT_ZG > https://services.geo.zg.ch/ows/Schulhaeuser_Kindergaerten?SERVICE=WFS&REQUEST=GetCapabilities aborted
2025-12-07 05:35:53,911 - Scraping log - scraper.py >         <module>(): Line 751 - INFO - Running default scraper on KT_ZG > https://services.geo.zg.ch/ows/Schutzraumbau?SERVICE=WFS&REQUEST=GetCapabilities (source 561/1467)
2025-12-07 05:35:54,101 - Scraping log - scraper.py >        is_online(): Line 181 - INFO - KT_ZG https://services.geo.zg.ch/ows/Schutzraumbau?SERVICE=WFS&REQUEST=GetCapabilities: HTTPSConnectionPool(host='services.geo.zg.ch', port=443): Max retries exceeded with url: /ows/Schutzraumbau?SERVICE=WFS&REQUEST=GetCapabilities (Caused by SSLError(SSLZeroReturnError(6, 'TLS/SSL connection has been closed (EOF) (_ssl.c:1147)')))
2025-12-07 05:35:54,102 - Scraping log - scraper.py >         <module>(): Line 759 - WARNING - Scraping KT_ZG > https://services.geo.zg.ch/ows/Schutzraumbau?SERVICE=WFS&REQUEST=GetCapabilities aborted
2025-12-07 05:35:54,102 - Scraping log - scraper.py >         <module>(): Line 751 - INFO - Running default scraper on KT_ZG > https://services.geo.zg.ch/ows/Schutzwald?SERVICE=WFS&REQUEST=GetCapabilities (source 562/1467)
2025-12-07 05:35:54,301 - Scraping log - scraper.py >        is_online(): Line 181 - INFO - KT_ZG https://services.geo.zg.ch/ows/Schutzwald?SERVICE=WFS&REQUEST=GetCapabilities: HTTPSConnectionPool(host='services.geo.zg.ch', port=443): Max retries exceeded with url: /ows/Schutzwald?SERVICE=WFS&REQUEST=GetCapabilities (Caused by SSLError(SSLZeroReturnError(6, 'TLS/SSL connection has been closed (EOF) (_ssl.c:1147)')))
2025-12-07 05:35:54,303 - Scraping log - scraper.py >         <module>(): Line 759 - WARNING - Scraping KT_ZG > https://services.geo.zg.ch/ows/Schutzwald?SERVICE=WFS&REQUEST=GetCapabilities aborted
2025-12-07 05:35:54,303 - Scraping log - scraper.py >         <module>(): Line 751 - INFO - Running default scraper on KT_ZG > https://services.geo.zg.ch/ows/Standorte_Wahlplakate?SERVICE=WFS&REQUEST=GetCapabilities (source 563/1467)
2025-12-07 05:35:54,497 - Scraping log - scraper.py >        is_online(): Line 181 - INFO - KT_ZG https://services.geo.zg.ch/ows/Standorte_Wahlplakate?SERVICE=WFS&REQUEST=GetCapabilities: HTTPSConnectionPool(host='services.geo.zg.ch', port=443): Max retries exceeded with url: /ows/Standorte_Wahlplakate?SERVICE=WFS&REQUEST=GetCapabilities (Caused by SSLError(SSLZeroReturnError(6, 'TLS/SSL connection has been closed (EOF) (_ssl.c:1147)')))
2025-12-07 05:35:54,497 - Scraping log - scraper.py >         <module>(): Line 759 - WARNING - Scraping KT_ZG > https://services.geo.zg.ch/ows/Standorte_Wahlplakate?SERVICE=WFS&REQUEST=GetCapabilities aborted
2025-12-07 05:35:54,497 - Scraping log - scraper.py >         <module>(): Line 751 - INFO - Running default scraper on KT_ZG > https://services.geo.zg.ch/ows/Statische_Waldgrenzen?SERVICE=WFS&REQUEST=GetCapabilities (source 564/1467)
2025-12-07 05:35:54,690 - Scraping log - scraper.py >        is_online(): Line 181 - INFO - KT_ZG https://services.geo.zg.ch/ows/Statische_Waldgrenzen?SERVICE=WFS&REQUEST=GetCapabilities: HTTPSConnectionPool(host='services.geo.zg.ch', port=443): Max retries exceeded with url: /ows/Statische_Waldgrenzen?SERVICE=WFS&REQUEST=GetCapabilities (Caused by SSLError(SSLZeroReturnError(6, 'TLS/SSL connection has been closed (EOF) (_ssl.c:1147)')))
2025-12-07 05:35:54,691 - Scraping log - scraper.py >         <module>(): Line 759 - WARNING - Scraping KT_ZG > https://services.geo.zg.ch/ows/Statische_Waldgrenzen?SERVICE=WFS&REQUEST=GetCapabilities aborted
2025-12-07 05:35:54,691 - Scraping log - scraper.py >         <module>(): Line 751 - INFO - Running default scraper on KT_ZG > https://services.geo.zg.ch/ows/Strassenlaermkataster_Gemeindestrassen?SERVICE=WFS&REQUEST=GetCapabilities (source 565/1467)
2025-12-07 05:35:54,890 - Scraping log - scraper.py >        is_online(): Line 181 - INFO - KT_ZG https://services.geo.zg.ch/ows/Strassenlaermkataster_Gemeindestrassen?SERVICE=WFS&REQUEST=GetCapabilities: HTTPSConnectionPool(host='services.geo.zg.ch', port=443): Max retries exceeded with url: /ows/Strassenlaermkataster_Gemeindestrassen?SERVICE=WFS&REQUEST=GetCapabilities (Caused by SSLError(SSLZeroReturnError(6, 'TLS/SSL connection has been closed (EOF) (_ssl.c:1147)')))
2025-12-07 05:35:54,890 - Scraping log - scraper.py >         <module>(): Line 759 - WARNING - Scraping KT_ZG > https://services.geo.zg.ch/ows/Strassenlaermkataster_Gemeindestrassen?SERVICE=WFS&REQUEST=GetCapabilities aborted
2025-12-07 05:35:54,890 - Scraping log - scraper.py >         <module>(): Line 751 - INFO - Running default scraper on KT_ZG > https://services.geo.zg.ch/ows/Strassenlaermkataster_Kantonsstrassen?SERVICE=WFS&REQUEST=GetCapabilities (source 566/1467)
2025-12-07 05:35:55,087 - Scraping log - scraper.py >        is_online(): Line 181 - INFO - KT_ZG https://services.geo.zg.ch/ows/Strassenlaermkataster_Kantonsstrassen?SERVICE=WFS&REQUEST=GetCapabilities: HTTPSConnectionPool(host='services.geo.zg.ch', port=443): Max retries exceeded with url: /ows/Strassenlaermkataster_Kantonsstrassen?SERVICE=WFS&REQUEST=GetCapabilities (Caused by SSLError(SSLZeroReturnError(6, 'TLS/SSL connection has been closed (EOF) (_ssl.c:1147)')))
2025-12-07 05:35:55,087 - Scraping log - scraper.py >         <module>(): Line 759 - WARNING - Scraping KT_ZG > https://services.geo.zg.ch/ows/Strassenlaermkataster_Kantonsstrassen?SERVICE=WFS&REQUEST=GetCapabilities aborted
2025-12-07 05:35:55,088 - Scraping log - scraper.py >         <module>(): Line 751 - INFO - Running default scraper on KT_ZG > https://services.geo.zg.ch/ows/Treffpunkte_RDZ?SERVICE=WFS&REQUEST=GetCapabilities (source 567/1467)
2025-12-07 05:35:55,281 - Scraping log - scraper.py >        is_online(): Line 181 - INFO - KT_ZG https://services.geo.zg.ch/ows/Treffpunkte_RDZ?SERVICE=WFS&REQUEST=GetCapabilities: HTTPSConnectionPool(host='services.geo.zg.ch', port=443): Max retries exceeded with url: /ows/Treffpunkte_RDZ?SERVICE=WFS&REQUEST=GetCapabilities (Caused by SSLError(SSLZeroReturnError(6, 'TLS/SSL connection has been closed (EOF) (_ssl.c:1147)')))
2025-12-07 05:35:55,281 - Scraping log - scraper.py >         <module>(): Line 759 - WARNING - Scraping KT_ZG > https://services.geo.zg.ch/ows/Treffpunkte_RDZ?SERVICE=WFS&REQUEST=GetCapabilities aborted
2025-12-07 05:35:55,281 - Scraping log - scraper.py >         <module>(): Line 751 - INFO - Running default scraper on KT_ZG > https://services.geo.zg.ch/ows/Verkehrszaehlung?SERVICE=WFS&REQUEST=GetCapabilities (source 568/1467)
2025-12-07 05:35:55,477 - Scraping log - scraper.py >        is_online(): Line 181 - INFO - KT_ZG https://services.geo.zg.ch/ows/Verkehrszaehlung?SERVICE=WFS&REQUEST=GetCapabilities: HTTPSConnectionPool(host='services.geo.zg.ch', port=443): Max retries exceeded with url: /ows/Verkehrszaehlung?SERVICE=WFS&REQUEST=GetCapabilities (Caused by SSLError(SSLZeroReturnError(6, 'TLS/SSL connection has been closed (EOF) (_ssl.c:1147)')))
2025-12-07 05:35:55,477 - Scraping log - scraper.py >         <module>(): Line 759 - WARNING - Scraping KT_ZG > https://services.geo.zg.ch/ows/Verkehrszaehlung?SERVICE=WFS&REQUEST=GetCapabilities aborted
2025-12-07 05:35:55,477 - Scraping log - scraper.py >         <module>(): Line 751 - INFO - Running default scraper on KT_ZG > https://services.geo.zg.ch/ows/Zonenplan?SERVICE=WFS&REQUEST=GetCapabilities (source 569/1467)
2025-12-07 05:35:55,670 - Scraping log - scraper.py >        is_online(): Line 181 - INFO - KT_ZG https://services.geo.zg.ch/ows/Zonenplan?SERVICE=WFS&REQUEST=GetCapabilities: HTTPSConnectionPool(host='services.geo.zg.ch', port=443): Max retries exceeded with url: /ows/Zonenplan?SERVICE=WFS&REQUEST=GetCapabilities (Caused by SSLError(SSLZeroReturnError(6, 'TLS/SSL connection has been closed (EOF) (_ssl.c:1147)')))
2025-12-07 05:35:55,670 - Scraping log - scraper.py >         <module>(): Line 759 - WARNING - Scraping KT_ZG > https://services.geo.zg.ch/ows/Zonenplan?SERVICE=WFS&REQUEST=GetCapabilities aborted
2025-12-07 05:35:55,670 - Scraping log - scraper.py >         <module>(): Line 751 - INFO - Running default scraper on KT_ZG > https://services.geo.zg.ch/ows/defibrillatoren?SERVICE=WFS&REQUEST=GetCapabilities (source 570/1467)
2025-12-07 05:35:55,865 - Scraping log - scraper.py >        is_online(): Line 181 - INFO - KT_ZG https://services.geo.zg.ch/ows/defibrillatoren?SERVICE=WFS&REQUEST=GetCapabilities: HTTPSConnectionPool(host='services.geo.zg.ch', port=443): Max retries exceeded with url: /ows/defibrillatoren?SERVICE=WFS&REQUEST=GetCapabilities (Caused by SSLError(SSLZeroReturnError(6, 'TLS/SSL connection has been closed (EOF) (_ssl.c:1147)')))
2025-12-07 05:35:55,865 - Scraping log - scraper.py >         <module>(): Line 759 - WARNING - Scraping KT_ZG > https://services.geo.zg.ch/ows/defibrillatoren?SERVICE=WFS&REQUEST=GetCapabilities aborted
2025-12-07 05:35:55,866 - Scraping log - scraper.py >         <module>(): Line 751 - INFO - Running default scraper on KT_ZG > https://services.geo.zg.ch/ows/geologisches_aufschlussarchiv?SERVICE=WFS&REQUEST=GetCapabilities (source 571/1467)
2025-12-07 05:35:56,060 - Scraping log - scraper.py >        is_online(): Line 181 - INFO - KT_ZG https://services.geo.zg.ch/ows/geologisches_aufschlussarchiv?SERVICE=WFS&REQUEST=GetCapabilities: HTTPSConnectionPool(host='services.geo.zg.ch', port=443): Max retries exceeded with url: /ows/geologisches_aufschlussarchiv?SERVICE=WFS&REQUEST=GetCapabilities (Caused by SSLError(SSLZeroReturnError(6, 'TLS/SSL connection has been closed (EOF) (_ssl.c:1147)')))
2025-12-07 05:35:56,061 - Scraping log - scraper.py >         <module>(): Line 759 - WARNING - Scraping KT_ZG > https://services.geo.zg.ch/ows/geologisches_aufschlussarchiv?SERVICE=WFS&REQUEST=GetCapabilities aborted
2025-12-07 05:35:56,061 - Scraping log - scraper.py >         <module>(): Line 751 - INFO - Running default scraper on KT_ZG > https://services.geo.zg.ch/ows/kbs?SERVICE=WFS&REQUEST=GetCapabilities (source 572/1467)
2025-12-07 05:35:56,262 - Scraping log - scraper.py >        is_online(): Line 181 - INFO - KT_ZG https://services.geo.zg.ch/ows/kbs?SERVICE=WFS&REQUEST=GetCapabilities: HTTPSConnectionPool(host='services.geo.zg.ch', port=443): Max retries exceeded with url: /ows/kbs?SERVICE=WFS&REQUEST=GetCapabilities (Caused by SSLError(SSLZeroReturnError(6, 'TLS/SSL connection has been closed (EOF) (_ssl.c:1147)')))
2025-12-07 05:35:56,262 - Scraping log - scraper.py >         <module>(): Line 759 - WARNING - Scraping KT_ZG > https://services.geo.zg.ch/ows/kbs?SERVICE=WFS&REQUEST=GetCapabilities aborted
2025-12-07 05:35:56,262 - Scraping log - scraper.py >         <module>(): Line 751 - INFO - Running default scraper on KT_ZG > https://services.geo.zg.ch/ows/pbv?SERVICE=WFS&REQUEST=GetCapabilities (source 573/1467)
2025-12-07 05:35:56,455 - Scraping log - scraper.py >        is_online(): Line 181 - INFO - KT_ZG https://services.geo.zg.ch/ows/pbv?SERVICE=WFS&REQUEST=GetCapabilities: HTTPSConnectionPool(host='services.geo.zg.ch', port=443): Max retries exceeded with url: /ows/pbv?SERVICE=WFS&REQUEST=GetCapabilities (Caused by SSLError(SSLZeroReturnError(6, 'TLS/SSL connection has been closed (EOF) (_ssl.c:1147)')))
2025-12-07 05:35:56,455 - Scraping log - scraper.py >         <module>(): Line 759 - WARNING - Scraping KT_ZG > https://services.geo.zg.ch/ows/pbv?SERVICE=WFS&REQUEST=GetCapabilities aborted
2025-12-07 05:35:56,455 - Scraping log - scraper.py >         <module>(): Line 751 - INFO - Running default scraper on KT_ZG > https://services.geo.zg.ch/ows/stand_der_erschliessung?SERVICE=WFS&REQUEST=GetCapabilities (source 574/1467)
2025-12-07 05:35:56,657 - Scraping log - scraper.py >        is_online(): Line 181 - INFO - KT_ZG https://services.geo.zg.ch/ows/stand_der_erschliessung?SERVICE=WFS&REQUEST=GetCapabilities: HTTPSConnectionPool(host='services.geo.zg.ch', port=443): Max retries exceeded with url: /ows/stand_der_erschliessung?SERVICE=WFS&REQUEST=GetCapabilities (Caused by SSLError(SSLZeroReturnError(6, 'TLS/SSL connection has been closed (EOF) (_ssl.c:1147)')))
2025-12-07 05:35:56,657 - Scraping log - scraper.py >         <module>(): Line 759 - WARNING - Scraping KT_ZG > https://services.geo.zg.ch/ows/stand_der_erschliessung?SERVICE=WFS&REQUEST=GetCapabilities aborted
2025-12-07 05:35:56,657 - Scraping log - scraper.py >         <module>(): Line 751 - INFO - Running default scraper on KT_ZG > https://services.geo.zg.ch/tc/wmts/1.0.0/WMTSCapabilities.xml (source 575/1467)
2025-12-07 05:35:56,850 - Scraping log - scraper.py >        is_online(): Line 181 - INFO - KT_ZG https://services.geo.zg.ch/tc/wmts/1.0.0/WMTSCapabilities.xml: HTTPSConnectionPool(host='services.geo.zg.ch', port=443): Max retries exceeded with url: /tc/wmts/1.0.0/WMTSCapabilities.xml (Caused by SSLError(SSLZeroReturnError(6, 'TLS/SSL connection has been closed (EOF) (_ssl.c:1147)')))
2025-12-07 05:35:56,850 - Scraping log - scraper.py >         <module>(): Line 759 - WARNING - Scraping KT_ZG > https://services.geo.zg.ch/tc/wmts/1.0.0/WMTSCapabilities.xml aborted
2025-12-07 05:35:56,851 - Scraping log - scraper.py >         <module>(): Line 751 - INFO - Running default scraper on KT_ZH > https://wms.zh.ch/ArchWMS?service=WMS&request=GetCapabilities (source 576/1467)
2025-12-07 05:36:00,092 - Scraping log - scraper.py >         <module>(): Line 751 - INFO - Running default scraper on KT_ZH > https://wms.zh.ch/TbaBaustellenZHWMS?service=WMS&request=GetCapabilities (source 577/1467)
2025-12-07 05:36:03,000 - Scraping log - scraper.py >         <module>(): Line 751 - INFO - Running default scraper on KT_ZH > https://wms.zh.ch/TBAAnlagenZHWMS?service=WMS&request=GetCapabilities (source 578/1467)
2025-12-07 05:36:05,716 - Scraping log - scraper.py >         <module>(): Line 751 - INFO - Running default scraper on KT_ZH > https://wms.zh.ch/DenkmalschutzWMS?service=WMS&request=GetCapabilities (source 579/1467)
2025-12-07 05:36:07,952 - Scraping log - scraper.py >         <module>(): Line 751 - INFO - Running default scraper on KT_ZH > https://wms.zh.ch/HaltestellenZHWMS?service=WMS&request=GetCapabilities (source 580/1467)
2025-12-07 05:36:10,318 - Scraping log - scraper.py >         <module>(): Line 751 - INFO - Running default scraper on KT_ZH > https://wms.zh.ch/WaldWNBZHWMS?service=WMS&request=GetCapabilities (source 581/1467)
2025-12-07 05:36:12,921 - Scraping log - scraper.py >         <module>(): Line 751 - INFO - Running default scraper on KT_ZH > https://wms.zh.ch/OrtsbildschutzZHWMS?service=WMS&request=GetCapabilities (source 582/1467)
2025-12-07 05:36:21,493 - Scraping log - scraper.py >         <module>(): Line 751 - INFO - Running default scraper on KT_ZH > https://wms.zh.ch/FnsLRKZHWMS?service=WMS&request=GetCapabilities (source 583/1467)
2025-12-07 05:36:32,877 - Scraping log - scraper.py >         <module>(): Line 751 - INFO - Running default scraper on KT_ZH > https://wms.zh.ch/WaldSWZHWMS?service=WMS&request=GetCapabilities (source 584/1467)
2025-12-07 05:36:36,976 - Scraping log - scraper.py >         <module>(): Line 751 - INFO - Running default scraper on KT_ZH > https://wms.zh.ch/TBAStr3ZHWMS?service=WMS&request=GetCapabilities (source 585/1467)
2025-12-07 05:36:39,868 - Scraping log - scraper.py >         <module>(): Line 751 - INFO - Running default scraper on KT_ZH > https://wms.zh.ch/TBAStr2ZHWMS?service=WMS&request=GetCapabilities (source 586/1467)
2025-12-07 05:36:42,508 - Scraping log - scraper.py >         <module>(): Line 751 - INFO - Running default scraper on KT_ZH > https://wms.zh.ch/TBAStr1ZHWMS?service=WMS&request=GetCapabilities (source 587/1467)
2025-12-07 05:36:45,147 - Scraping log - scraper.py >         <module>(): Line 751 - INFO - Running default scraper on KT_ZH > https://wms.zh.ch/ZVVZHWMS?service=WMS&request=GetCapabilities (source 588/1467)
2025-12-07 05:36:47,218 - Scraping log - scraper.py >         <module>(): Line 751 - INFO - Running default scraper on KT_ZH > https://wms.zh.ch/AFVTempo30ZHWMS?service=WMS&request=GetCapabilities (source 589/1467)
2025-12-07 05:36:49,883 - Scraping log - scraper.py >         <module>(): Line 751 - INFO - Running default scraper on KT_ZH > https://wms.zh.ch/WaldVKWMS?service=WMS&request=GetCapabilities (source 590/1467)
2025-12-07 05:36:52,502 - Scraping log - scraper.py >         <module>(): Line 751 - INFO - Running default scraper on KT_ZH > https://wms.zh.ch/VeloinfrastrukturZHWMS?service=WMS&request=GetCapabilities (source 591/1467)
2025-12-07 05:36:55,455 - Scraping log - scraper.py >         <module>(): Line 751 - INFO - Running default scraper on KT_ZH > https://wms.zh.ch/VelonetzZHWMS?service=WMS&request=GetCapabilities (source 592/1467)
2025-12-07 05:36:59,046 - Scraping log - scraper.py >         <module>(): Line 751 - INFO - Running default scraper on KT_ZH > https://wms.zh.ch/VeloparkieranlagenZHWMS?service=WMS&request=GetCapabilities (source 593/1467)
2025-12-07 05:36:59,923 - Scraping log - scraper.py >      get_version(): Line 113 - WARNING - https://wms.zh.ch/VeloparkieranlagenZHWMS?service=WMS&request=GetCapabilities: Version attribute not found
2025-12-07 05:36:59,923 - Scraping log - scraper.py > get_service_info(): Line 378 - ERROR - KT_ZH > https://wms.zh.ch/VeloparkieranlagenZHWMS?service=WMS&request=GetCapabilities: expected string or bytes-like object
2025-12-07 05:36:59,923 - Scraping log - scraper.py >         <module>(): Line 751 - INFO - Running default scraper on KT_ZH > https://wms.zh.ch/TBAVMSZHWMS?service=WMS&request=GetCapabilities (source 594/1467)
2025-12-07 05:37:02,555 - Scraping log - scraper.py >         <module>(): Line 751 - INFO - Running default scraper on KT_ZH > https://wms.zh.ch/WaldarealZHWMS?service=WMS&request=GetCapabilities (source 595/1467)
2025-12-07 05:37:05,752 - Scraping log - scraper.py >         <module>(): Line 751 - INFO - Running default scraper on KT_ZH > https://wms.zh.ch/WildkarteZHWMS?service=WMS&request=GetCapabilities (source 596/1467)
2025-12-07 05:37:08,380 - Scraping log - scraper.py >         <module>(): Line 751 - INFO - Running default scraper on KT_ZH > https://wms.zh.ch/FnsLWZHWMS?service=WMS&request=GetCapabilities (source 597/1467)
2025-12-07 05:37:14,378 - Scraping log - scraper.py >         <module>(): Line 751 - INFO - Running default scraper on KT_ZH > https://wms.zh.ch/FNSOEQVZHWMS?service=WMS&request=GetCapabilities (source 598/1467)
2025-12-07 05:37:20,815 - Scraping log - scraper.py >         <module>(): Line 751 - INFO - Running default scraper on KT_ZH > https://wms.zh.ch/FNSLRPZHWMS?service=WMS&request=GetCapabilities (source 599/1467)
2025-12-07 05:37:26,596 - Scraping log - scraper.py >         <module>(): Line 751 - INFO - Running default scraper on KT_ZH > https://wms.zh.ch/FnsSVOZHWMS?service=WMS&request=GetCapabilities (source 600/1467)
2025-12-07 05:37:27,473 - Scraping log - scraper.py >      get_version(): Line 113 - WARNING - https://wms.zh.ch/FnsSVOZHWMS?service=WMS&request=GetCapabilities: Version attribute not found
2025-12-07 05:37:27,473 - Scraping log - scraper.py > get_service_info(): Line 378 - ERROR - KT_ZH > https://wms.zh.ch/FnsSVOZHWMS?service=WMS&request=GetCapabilities: expected string or bytes-like object
2025-12-07 05:37:27,473 - Scraping log - scraper.py >         <module>(): Line 751 - INFO - Running default scraper on KT_ZH > https://wms.zh.ch/FnsInvZHWMS?service=WMS&request=GetCapabilities (source 601/1467)
2025-12-07 05:37:31,941 - Scraping log - scraper.py >         <module>(): Line 751 - INFO - Running default scraper on KT_ZH > https://wms.zh.ch/kkgeo_gws_zh?service=WMS&request=GetCapabilities (source 602/1467)
2025-12-07 05:37:32,819 - Scraping log - scraper.py >      get_version(): Line 113 - WARNING - https://wms.zh.ch/kkgeo_gws_zh?service=WMS&request=GetCapabilities: Version attribute not found
2025-12-07 05:37:32,819 - Scraping log - scraper.py > get_service_info(): Line 378 - ERROR - KT_ZH > https://wms.zh.ch/kkgeo_gws_zh?service=WMS&request=GetCapabilities: expected string or bytes-like object
2025-12-07 05:37:32,819 - Scraping log - scraper.py >         <module>(): Line 751 - INFO - Running default scraper on KT_ZH > https://wms.zh.ch/OGDFuJ2ZH?service=WMS&request=GetCapabilities (source 603/1467)
2025-12-07 05:37:33,697 - Scraping log - scraper.py >      get_version(): Line 113 - WARNING - https://wms.zh.ch/OGDFuJ2ZH?service=WMS&request=GetCapabilities: Version attribute not found
2025-12-07 05:37:33,697 - Scraping log - scraper.py > get_service_info(): Line 378 - ERROR - KT_ZH > https://wms.zh.ch/OGDFuJ2ZH?service=WMS&request=GetCapabilities: expected string or bytes-like object
2025-12-07 05:37:33,697 - Scraping log - scraper.py >         <module>(): Line 751 - INFO - Running default scraper on KT_ZH > https://wms.zh.ch/OGDAVswZH?service=WMS&request=GetCapabilities (source 604/1467)
2025-12-07 05:37:45,360 - Scraping log - scraper.py >         <module>(): Line 751 - INFO - Running default scraper on KT_ZH > https://wms.zh.ch/OerebKatasterZHWMS?service=WMS&request=GetCapabilities (source 605/1467)
2025-12-07 05:38:06,294 - Scraping log - scraper.py >         <module>(): Line 751 - INFO - Running default scraper on KT_ZH > https://wms.zh.ch/upwms?service=WMS&request=GetCapabilities (source 606/1467)
2025-12-07 05:38:08,674 - Scraping log - scraper.py >         <module>(): Line 751 - INFO - Running default scraper on KT_ZH > https://wms.zh.ch/OGDAwelFliessZH?service=WMS&request=GetCapabilities (source 607/1467)
2025-12-07 05:38:12,351 - Scraping log - scraper.py >         <module>(): Line 751 - INFO - Running default scraper on KT_ZH > https://wms.zh.ch/AwelWBRevitZHWMS?service=WMS&request=GetCapabilities (source 608/1467)
2025-12-07 05:38:15,340 - Scraping log - scraper.py >         <module>(): Line 751 - INFO - Running default scraper on KT_ZH > https://wms.zh.ch/OGDAVfarbigZH?service=WMS&request=GetCapabilities (source 609/1467)
2025-12-07 05:38:27,021 - Scraping log - scraper.py >         <module>(): Line 751 - INFO - Running default scraper on KT_ZH > https://wms.zh.ch/AwelGKHWsynoptischWMS?service=WMS&request=GetCapabilities (source 610/1467)
2025-12-07 05:38:30,287 - Scraping log - scraper.py >         <module>(): Line 751 - INFO - Running default scraper on KT_ZH > https://wms.zh.ch/OGDAwelHydroStatZH?service=WMS&request=GetCapabilities (source 611/1467)
2025-12-07 05:38:36,026 - Scraping log - scraper.py >         <module>(): Line 751 - INFO - Running default scraper on KT_ZH > https://wms.zh.ch/OGDWaldWEPZH?service=WMS&request=GetCapabilities (source 612/1467)
2025-12-07 05:38:41,749 - Scraping log - scraper.py >         <module>(): Line 751 - INFO - Running default scraper on KT_ZH > https://wms.zh.ch/AwelGSWaermewwwZHWMS?SERVICE=WMS&Request=GetCapabilities (source 613/1467)
2025-12-07 05:38:51,021 - Scraping log - scraper.py >         <module>(): Line 751 - INFO - Running default scraper on KT_ZH > https://wms.zh.ch/AwelGrundWaMWZHWMS?service=WMS&request=GetCapabilities (source 614/1467)
2025-12-07 05:38:57,914 - Scraping log - scraper.py >         <module>(): Line 751 - INFO - Running default scraper on KT_ZH > https://wms.zh.ch/AwelWBhauptZHWMS?service=WMS&request=GetCapabilities (source 615/1467)
2025-12-07 05:38:58,366 - Scraping log - scraper.py >         <module>(): Line 759 - WARNING - Scraping KT_ZH > https://wms.zh.ch/AwelWBhauptZHWMS?service=WMS&request=GetCapabilities aborted
2025-12-07 05:38:58,366 - Scraping log - scraper.py >         <module>(): Line 751 - INFO - Running default scraper on KT_ZH > https://wms.zh.ch/OGDAdminZH?service=WMS&request=GetCapabilities (source 616/1467)
2025-12-07 05:39:05,231 - Scraping log - scraper.py >         <module>(): Line 751 - INFO - Running default scraper on KT_ZH > https://wms.zh.ch/OGDStatGebAlterZH?service=WMS&request=GetCapabilities (source 617/1467)
2025-12-07 05:39:14,134 - Scraping log - scraper.py >         <module>(): Line 751 - INFO - Running default scraper on KT_ZH > https://wms.zh.ch/OGDBoKaZH?service=WMS&request=GetCapabilities (source 618/1467)
2025-12-07 05:39:22,661 - Scraping log - scraper.py >         <module>(): Line 751 - INFO - Running default scraper on KT_ZH > https://wms.zh.ch/OGDAla4wwwZH?service=WMS&request=GetCapabilities (source 619/1467)
2025-12-07 05:39:32,741 - Scraping log - scraper.py >         <module>(): Line 751 - INFO - Running default scraper on KT_ZH > https://wms.zh.ch/avwms?service=WMS&request=GetCapabilities (source 620/1467)
2025-12-07 05:39:53,333 - Scraping log - scraper.py >         <module>(): Line 751 - INFO - Running default scraper on KT_ZH > https://wms.zh.ch/OGDOrthoZH?service=WMS&request=GetCapabilities (source 621/1467)
2025-12-07 05:40:03,198 - Scraping log - scraper.py >         <module>(): Line 751 - INFO - Running default scraper on KT_ZH > https://wms.zh.ch/FnsSchutzanordnungenZHWMS?service=WMS&request=GetCapabilities (source 622/1467)
2025-12-07 05:40:09,965 - Scraping log - scraper.py >         <module>(): Line 751 - INFO - Running default scraper on KT_ZH > https://wms.zh.ch/FaBoFFFZHWMS?service=WMS&request=GetCapabilities (source 623/1467)
2025-12-07 05:40:13,285 - Scraping log - scraper.py >         <module>(): Line 751 - INFO - Running default scraper on KT_ZH > https://wms.zh.ch/AwelWindpotenzialZHWMS?service=WMS&request=GetCapabilities (source 624/1467)
2025-12-07 05:40:14,163 - Scraping log - scraper.py >      get_version(): Line 113 - WARNING - https://wms.zh.ch/AwelWindpotenzialZHWMS?service=WMS&request=GetCapabilities: Version attribute not found
2025-12-07 05:40:14,163 - Scraping log - scraper.py > get_service_info(): Line 378 - ERROR - KT_ZH > https://wms.zh.ch/AwelWindpotenzialZHWMS?service=WMS&request=GetCapabilities: expected string or bytes-like object
2025-12-07 05:40:14,163 - Scraping log - scraper.py >         <module>(): Line 751 - INFO - Running default scraper on KT_ZH > https://wms.zh.ch/uplayerwms?service=WMS&request=GetCapabilities (source 625/1467)
2025-12-07 05:40:26,332 - Scraping log - scraper.py >         <module>(): Line 751 - INFO - Running default scraper on KT_ZH > https://wms.zh.ch/TBAInnerAusserortsZHWMS?service=WMS&request=GetCapabilities (source 626/1467)
2025-12-07 05:40:28,927 - Scraping log - scraper.py >         <module>(): Line 751 - INFO - Running default scraper on KT_ZH > https://wms.zh.ch/OGDAwelLHKlimaPlanhinweisZH?service=WMS&request=GetCapabilities (source 627/1467)
2025-12-07 05:40:40,609 - Scraping log - scraper.py > get_service_info(): Line 319 - ERROR - OGDAwelLHKlimaPlanhinweisZH: HTTPSConnectionPool(host='wms.zh.ch', port=443): Read timed out. (read timeout=10)
2025-12-07 05:40:42,429 - Scraping log - scraper.py >         <module>(): Line 751 - INFO - Running default scraper on KT_ZH > https://wms.zh.ch/OGDARPStandZH?service=WMS&request=GetCapabilities (source 628/1467)
2025-12-07 05:40:48,119 - Scraping log - scraper.py >         <module>(): Line 751 - INFO - Running default scraper on KT_ZH > https://wms.zh.ch/FnsPflegeZHWMS?service=WMS&request=GetCapabilities (source 629/1467)
2025-12-07 05:40:55,650 - Scraping log - scraper.py >         <module>(): Line 751 - INFO - Running default scraper on KT_ZH > https://wms.zh.ch/OGDAwelLHKlimaanalyseZH?service=WMS&request=GetCapabilities (source 630/1467)
2025-12-07 05:40:56,541 - Scraping log - scraper.py >      get_version(): Line 113 - WARNING - https://wms.zh.ch/OGDAwelLHKlimaanalyseZH?service=WMS&request=GetCapabilities: Version attribute not found
2025-12-07 05:40:56,541 - Scraping log - scraper.py > get_service_info(): Line 378 - ERROR - KT_ZH > https://wms.zh.ch/OGDAwelLHKlimaanalyseZH?service=WMS&request=GetCapabilities: expected string or bytes-like object
2025-12-07 05:40:56,541 - Scraping log - scraper.py >         <module>(): Line 751 - INFO - Running default scraper on KT_ZH > https://wms.zh.ch/HistGewKarteZHWMS?service=WMS&request=GetCapabilities (source 631/1467)
2025-12-07 05:40:59,266 - Scraping log - scraper.py >         <module>(): Line 751 - INFO - Running default scraper on KT_ZH > https://wms.zh.ch/OGDARPOerebZH?service=WMS&request=GetCapabilities (source 632/1467)
2025-12-07 05:41:06,672 - Scraping log - scraper.py >         <module>(): Line 751 - INFO - Running default scraper on KT_ZH > https://wms.zh.ch/OGDCMS3ZH?service=WMS&request=GetCapabilities (source 633/1467)
2025-12-07 05:41:11,096 - Scraping log - scraper.py >         <module>(): Line 751 - INFO - Running default scraper on KT_ZH > https://wms.zh.ch/OGDFaboAnthroposolZH?service=WMS&request=GetCapabilities (source 634/1467)
2025-12-07 05:41:17,661 - Scraping log - scraper.py >         <module>(): Line 751 - INFO - Running default scraper on KT_ZH > https://wms.zh.ch/OGDAlnJagdreviereZH?service=WMS&request=GetCapabilities (source 635/1467)
2025-12-07 05:41:23,207 - Scraping log - scraper.py >         <module>(): Line 751 - INFO - Running default scraper on KT_ZH > https://wms.zh.ch/TBA9ZHWMS?service=WMS&request=GetCapabilities (source 636/1467)
2025-12-07 05:41:25,727 - Scraping log - scraper.py >         <module>(): Line 751 - INFO - Running default scraper on KT_ZH > https://wms.zh.ch/AwelWBZustZHWMS?service=WMS&request=GetCapabilities (source 637/1467)
2025-12-07 05:41:32,138 - Scraping log - scraper.py >         <module>(): Line 751 - INFO - Running default scraper on KT_ZH > https://wms.zh.ch/TBAStrassenlaermZHWMS?service=WMS&request=GetCapabilities (source 638/1467)
2025-12-07 05:41:34,757 - Scraping log - scraper.py >         <module>(): Line 751 - INFO - Running default scraper on KT_ZH > https://wms.zh.ch/OGDOrtho81ZH?service=WMS&request=GetCapabilities (source 639/1467)
2025-12-07 05:41:37,928 - Scraping log - scraper.py >         <module>(): Line 751 - INFO - Running default scraper on KT_ZH > https://wms.zh.ch/AwelGKHWwassertiefen1WMS?service=WMS&request=GetCapabilities (source 640/1467)
2025-12-07 05:41:41,337 - Scraping log - scraper.py >         <module>(): Line 751 - INFO - Running default scraper on KT_ZH > https://wms.zh.ch/OGDLidarZH?service=WMS&request=GetCapabilities (source 641/1467)
2025-12-07 05:41:56,405 - Scraping log - scraper.py >         <module>(): Line 751 - INFO - Running default scraper on KT_ZH > https://wms.zh.ch/OGDAwelOekoMorphwwwZH?service=WMS&request=GetCapabilities (source 642/1467)
2025-12-07 05:42:03,022 - Scraping log - scraper.py >         <module>(): Line 751 - INFO - Running default scraper on KT_ZH > https://wms.zh.ch/AwelStromnetzZHWMS?service=WMS&request=GetCapabilities (source 643/1467)
2025-12-07 05:42:05,644 - Scraping log - scraper.py >         <module>(): Line 751 - INFO - Running default scraper on KT_ZH > https://wms.zh.ch/AwelWBwwwZHWMS?service=WMS&request=GetCapabilities (source 644/1467)
2025-12-07 05:42:06,499 - Scraping log - scraper.py >      get_version(): Line 113 - WARNING - https://wms.zh.ch/AwelWBwwwZHWMS?service=WMS&request=GetCapabilities: Version attribute not found
2025-12-07 05:42:06,499 - Scraping log - scraper.py > get_service_info(): Line 378 - ERROR - KT_ZH > https://wms.zh.ch/AwelWBwwwZHWMS?service=WMS&request=GetCapabilities: expected string or bytes-like object
2025-12-07 05:42:06,499 - Scraping log - scraper.py >         <module>(): Line 751 - INFO - Running default scraper on KT_ZH > https://wms.zh.ch/OGDWaldWEP2ZH?service=WMS&request=GetCapabilities (source 645/1467)
2025-12-07 05:42:12,903 - Scraping log - scraper.py >         <module>(): Line 751 - INFO - Running default scraper on KT_ZH > https://wms.zh.ch/OGDFuJRevZH?service=WMS&request=GetCapabilities (source 646/1467)
2025-12-07 05:42:17,282 - Scraping log - scraper.py >         <module>(): Line 751 - INFO - Running default scraper on KT_ZH > https://wms.zh.ch/OGDArchDenkmalZH?service=WMS&request=GetCapabilities (source 647/1467)
2025-12-07 05:42:23,907 - Scraping log - scraper.py >         <module>(): Line 751 - INFO - Running default scraper on KT_ZH > https://wms.zh.ch/AWELWWgwsZHWMS?service=WMS&request=GetCapabilities (source 648/1467)
2025-12-07 05:42:30,514 - Scraping log - scraper.py >         <module>(): Line 751 - INFO - Running default scraper on KT_ZH > https://wms.zh.ch/OGDAwelWBwwwZH?service=WMS&request=GetCapabilities (source 649/1467)
2025-12-07 05:42:38,662 - Scraping log - scraper.py >         <module>(): Line 751 - INFO - Running default scraper on KT_ZH > https://wms.zh.ch/OGDAwelWbAbflussZH?service=WMS&request=GetCapabilities (source 650/1467)
2025-12-07 05:42:46,935 - Scraping log - scraper.py >         <module>(): Line 751 - INFO - Running default scraper on KT_ZH > https://wms.zh.ch/AwelGrundWaHWZHWMS?service=WMS&request=GetCapabilities (source 651/1467)
2025-12-07 05:42:53,940 - Scraping log - scraper.py >         <module>(): Line 751 - INFO - Running default scraper on KT_ZH > https://wms.zh.ch/AwelWbAbflussZHWMS?service=WMS&request=GetCapabilities (source 652/1467)
2025-12-07 05:43:01,945 - Scraping log - scraper.py >         <module>(): Line 751 - INFO - Running default scraper on KT_ZH > https://wms.zh.ch/AwelGKHWwassertiefen2WMS?service=WMS&request=GetCapabilities (source 653/1467)
2025-12-07 05:43:04,993 - Scraping log - scraper.py >         <module>(): Line 751 - INFO - Running default scraper on KT_ZH > https://wms.zh.ch/TBAGeschZHWMS?service=WMS&request=GetCapabilities (source 654/1467)
2025-12-07 05:43:07,368 - Scraping log - scraper.py >         <module>(): Line 751 - INFO - Running default scraper on KT_ZH > https://wms.zh.ch/ImmissionenZHWMS?service=WMS&request=GetCapabilities (source 655/1467)
2025-12-07 05:43:11,363 - Scraping log - scraper.py >         <module>(): Line 751 - INFO - Running default scraper on KT_ZH > https://wms.zh.ch/AwelSBKwwwZHWMS?service=WMS&request=GetCapabilities (source 656/1467)
2025-12-07 05:43:14,892 - Scraping log - scraper.py >         <module>(): Line 751 - INFO - Running default scraper on KT_ZH > https://wms.zh.ch/OGDAwelOberAbflussZH?service=WMS&request=GetCapabilities (source 657/1467)
2025-12-07 05:43:26,680 - Scraping log - scraper.py >         <module>(): Line 751 - INFO - Running default scraper on KT_ZH > https://wms.zh.ch/OrthoZHWMS?service=WMS&request=GetCapabilities (source 658/1467)
2025-12-07 05:43:35,395 - Scraping log - scraper.py >         <module>(): Line 751 - INFO - Running default scraper on KT_ZH > https://wms.zh.ch/AwelGKHWmassenbewegungWMS?service=WMS&request=GetCapabilities (source 659/1467)
2025-12-07 05:43:38,533 - Scraping log - scraper.py >         <module>(): Line 751 - INFO - Running default scraper on KT_ZH > https://wms.zh.ch/AwelEnergieplanZHWMS?service=WMS&request=GetCapabilities (source 660/1467)
2025-12-07 05:43:42,581 - Scraping log - scraper.py >         <module>(): Line 751 - INFO - Running default scraper on KT_ZH > https://wms.zh.ch/OGDAwelLHKlimaszenarienZH?service=WMS&request=GetCapabilities (source 661/1467)
2025-12-07 05:43:49,159 - Scraping log - scraper.py >         <module>(): Line 751 - INFO - Running default scraper on KT_ZH > https://wms.zh.ch/OGDNEKZH?service=WMS&request=GetCapabilities (source 662/1467)
2025-12-07 05:44:01,571 - Scraping log - scraper.py >         <module>(): Line 751 - INFO - Running default scraper on KT_ZH > https://wms.zh.ch/AwelGEBVOLZHWMS?service=WMS&request=GetCapabilities (source 663/1467)
2025-12-07 05:44:04,114 - Scraping log - scraper.py >         <module>(): Line 751 - INFO - Running default scraper on KT_ZH > https://wms.zh.ch/OGDHistLuftZH?service=WMS&request=GetCapabilities (source 664/1467)
2025-12-07 05:44:09,478 - Scraping log - scraper.py >         <module>(): Line 751 - INFO - Running default scraper on KT_ZH > https://wms.zh.ch/OGDWaldWEP3ZH?service=WMS&request=GetCapabilities (source 665/1467)
2025-12-07 05:44:13,402 - Scraping log - scraper.py >         <module>(): Line 751 - INFO - Running default scraper on KT_ZH > https://wms.zh.ch/OGDWildkarteZH?service=WMS&request=GetCapabilities (source 666/1467)
2025-12-07 05:44:17,287 - Scraping log - scraper.py >         <module>(): Line 751 - INFO - Running default scraper on KT_ZH > https://wms.zh.ch/AwelRKHWZHWMS?service=WMS&request=GetCapabilities (source 667/1467)
2025-12-07 05:44:20,750 - Scraping log - scraper.py >         <module>(): Line 751 - INFO - Running default scraper on KT_ZH > https://maps.zh.ch/wfs/OGDZHWFS?service=WFS&request=GetCapabilities (source 668/1467)
2025-12-07 05:45:50,338 - Scraping log - scraper.py >         <module>(): Line 751 - INFO - Running default scraper on KT_ZH > https://maps.zh.ch/wfs/TBAStrassenlaermZHWFS?service=WFS&request=GetCapabilities (source 669/1467)
2025-12-07 05:45:53,819 - Scraping log - scraper.py >         <module>(): Line 751 - INFO - Running default scraper on KT_ZH > https://maps.zh.ch/wfs/TBAStrZHWFS?service=WFS&request=GetCapabilities (source 670/1467)
2025-12-07 05:45:56,916 - Scraping log - scraper.py >         <module>(): Line 751 - INFO - Running default scraper on KT_ZH > https://maps.zh.ch/wfs/TBAGeschZHWFS?service=WFS&request=GetCapabilities (source 671/1467)
2025-12-07 05:45:59,438 - Scraping log - scraper.py >         <module>(): Line 751 - INFO - Running default scraper on KT_ZH > https://maps.zh.ch/wfs/AVZHWFS?service=WFS&request=GetCapabilities (source 672/1467)
2025-12-07 05:46:08,195 - Scraping log - scraper.py >         <module>(): Line 751 - INFO - Running default scraper on KT_ZH > https://maps.zh.ch/wfs/OerebKatasterZHWFS?service=WFS&request=GetCapabilities (source 673/1467)
2025-12-07 05:46:17,874 - Scraping log - scraper.py >         <module>(): Line 751 - INFO - Running default scraper on KT_ZH > https://maps.zh.ch/wfs/DenkmalschutzWFS?service=WFS&request=GetCapabilities (source 674/1467)
2025-12-07 05:46:20,347 - Scraping log - scraper.py >         <module>(): Line 751 - INFO - Running default scraper on KT_ZH > https://maps.zh.ch/wfs/SportanlagenZHWFS?service=WFS&request=GetCapabilities (source 675/1467)
2025-12-07 05:46:22,994 - Scraping log - scraper.py >         <module>(): Line 751 - INFO - Running default scraper on KT_ZH > https://maps.zh.ch/wfs/AwelWbAbflussZHWFS?service=WFS&request=GetCapabilities (source 676/1467)
2025-12-07 05:46:23,996 - Scraping log - scraper.py >      get_version(): Line 113 - WARNING - https://maps.zh.ch/wfs/AwelWbAbflussZHWFS?service=WFS&request=GetCapabilities: Version attribute not found
2025-12-07 05:46:23,996 - Scraping log - scraper.py > get_service_info(): Line 378 - ERROR - KT_ZH > https://maps.zh.ch/wfs/AwelWbAbflussZHWFS?service=WFS&request=GetCapabilities: expected string or bytes-like object
2025-12-07 05:46:23,996 - Scraping log - scraper.py >         <module>(): Line 751 - INFO - Running default scraper on KT_ZH > https://maps.zh.ch/wfs/VeloinfrastrukturZHWFS?service=WFS&request=GetCapabilities (source 677/1467)
2025-12-07 05:46:26,707 - Scraping log - scraper.py >         <module>(): Line 751 - INFO - Running default scraper on KT_ZH > https://maps.zh.ch/wfs/TBAWFS?service=WFS&request=GetCapabilities (source 678/1467)
2025-12-07 05:46:29,257 - Scraping log - scraper.py >         <module>(): Line 751 - INFO - Running default scraper on KT_ZH > https://maps.zh.ch/wfs/AwelGSWaermewwwZHWFS?service=WFS&request=GetCapabilities (source 679/1467)
2025-12-07 05:46:34,661 - Scraping log - scraper.py >         <module>(): Line 751 - INFO - Running default scraper on KT_ZH > https://maps.zh.ch/wfs/AWELEnergieWFS?service=WFS&request=GetCapabilities (source 680/1467)
2025-12-07 05:46:39,686 - Scraping log - scraper.py >         <module>(): Line 751 - INFO - Running default scraper on KT_ZH > https://maps.zh.ch/wfs/VeloparkieranlagenZHWFS?service=WFS&request=GetCapabilities (source 681/1467)
2025-12-07 05:46:40,592 - Scraping log - scraper.py >      get_version(): Line 113 - WARNING - https://maps.zh.ch/wfs/VeloparkieranlagenZHWFS?service=WFS&request=GetCapabilities: Version attribute not found
2025-12-07 05:46:40,593 - Scraping log - scraper.py > get_service_info(): Line 378 - ERROR - KT_ZH > https://maps.zh.ch/wfs/VeloparkieranlagenZHWFS?service=WFS&request=GetCapabilities: expected string or bytes-like object
2025-12-07 05:46:40,593 - Scraping log - scraper.py >         <module>(): Line 751 - INFO - Running default scraper on KT_ZH > https://maps.zh.ch/wfs/TbaBaustellenZHWFS?service=WFS&request=GetCapabilities (source 682/1467)
2025-12-07 05:46:43,344 - Scraping log - scraper.py >         <module>(): Line 751 - INFO - Running default scraper on KT_ZH > https://maps.zh.ch/wfs/ALNWaldarealZHWFS?service=WFS&request=GetCapabilities (source 683/1467)
2025-12-07 05:46:43,779 - Scraping log - scraper.py >         <module>(): Line 759 - WARNING - Scraping KT_ZH > https://maps.zh.ch/wfs/ALNWaldarealZHWFS?service=WFS&request=GetCapabilities aborted
2025-12-07 05:46:43,779 - Scraping log - scraper.py >         <module>(): Line 751 - INFO - Running default scraper on KT_ZH > https://maps.zh.ch/wfs/GemZHWFS?service=WFS&request=GetCapabilities (source 684/1467)
2025-12-07 05:46:46,628 - Scraping log - scraper.py >         <module>(): Line 751 - INFO - Running default scraper on KT_ZH > https://maps.zh.ch/wfs/AwelWWgwsZHWFS?service=WFS&request=GetCapabilities (source 685/1467)
2025-12-07 05:46:51,969 - Scraping log - scraper.py >         <module>(): Line 751 - INFO - Running default scraper on KT_ZH > https://maps.zh.ch/wfs/TBAVMSZHWFS?service=WFS&request=GetCapabilities (source 686/1467)
2025-12-07 05:46:54,403 - Scraping log - scraper.py >         <module>(): Line 751 - INFO - Running default scraper on KT_ZH > https://maps.zh.ch/wfs/AwelGrundWaMWZHWFS?service=WFS&request=GetCapabilities (source 687/1467)
2025-12-07 05:47:01,884 - Scraping log - scraper.py >         <module>(): Line 751 - INFO - Running default scraper on KT_ZH > https://maps.zh.ch/wfs/AwelGrundWaHWZHWFS?service=WFS&request=GetCapabilities (source 688/1467)
2025-12-07 05:47:09,027 - Scraping log - scraper.py >         <module>(): Line 751 - INFO - Running default scraper on KT_ZH > https://maps.zh.ch/wfs/HaltestellenZHWFS?service=WFS&request=GetCapabilities (source 689/1467)
2025-12-07 05:47:11,475 - Scraping log - scraper.py >         <module>(): Line 751 - INFO - Running default scraper on KT_ZH > https://maps.zh.ch/wfs/AwelOekomorphZHWFS?service=WFS&request=GetCapabilities (source 690/1467)
2025-12-07 05:47:14,389 - Scraping log - scraper.py >         <module>(): Line 751 - INFO - Running default scraper on KT_ZH > https://maps.zh.ch/wfs/TBAInnerAusserortsZHWFS?service=WFS&request=GetCapabilities (source 691/1467)
2025-12-07 05:47:16,890 - Scraping log - scraper.py >         <module>(): Line 751 - INFO - Running default scraper on KT_ZH > https://maps.zh.ch/wfs/TBA9ZHWFS?service=WFS&request=GetCapabilities (source 692/1467)
2025-12-07 05:47:19,550 - Scraping log - scraper.py >         <module>(): Line 751 - INFO - Running default scraper on KT_ZH > https://maps.zh.ch/wfs/TBAAnlagenZHWFS?service=WFS&request=GetCapabilities (source 693/1467)
2025-12-07 05:47:21,999 - Scraping log - scraper.py >         <module>(): Line 751 - INFO - Running default scraper on ST_ZH > https://www.ogc.stadt-zuerich.ch/mapproxy/wmts/1.0.0/WMTSCapabilities.xml (source 694/1467)
2025-12-07 05:47:47,310 - Scraping log - scraper.py >         <module>(): Line 751 - INFO - Running default scraper on ST_ZH > https://www.ogc.stadt-zuerich.ch/mapproxy/service?SERVICE=WMS&REQUEST=GetCapabilities (source 695/1467)
2025-12-07 05:49:10,444 - Scraping log - scraper.py >         <module>(): Line 751 - INFO - Running default scraper on KT_VD > https://www.ogc.vd.ch/public/services/OGC/wmsVD/Mapserver/WMSServer?SERVICE=WMS&REQUEST=GetCapabilities (source 696/1467)
2025-12-07 05:56:06,642 - Scraping log - scraper.py > get_service_info(): Line 319 - ERROR - vd.perimetre_plan_legalise: HTTPSConnectionPool(host='www.ogc.vd.ch', port=443): Read timed out. (read timeout=10)
2025-12-07 05:56:47,540 - Scraping log - scraper.py >         <module>(): Line 751 - INFO - Running default scraper on KT_FR > https://geo.fr.ch/ags/services/OpenData/Accidents_de_la_circulation_routiere/MapServer/WFSServer?request=GetCapabilities&service=WFS (source 697/1467)
2025-12-07 05:56:52,087 - Scraping log - scraper.py >         <module>(): Line 751 - INFO - Running default scraper on KT_FR > https://geo.fr.ch/ags/services/OpenData/Accroissement_annuel_de_trafic_2015_2020/MapServer/WFSServer?request=GetCapabilities&service=WFS (source 698/1467)
2025-12-07 05:56:55,462 - Scraping log - scraper.py >         <module>(): Line 751 - INFO - Running default scraper on KT_FR > https://geo.fr.ch/ags/services/OpenData/Admissibilite_des_sondes_geothermiques_SGV/MapServer/WFSServer?request=GetCapabilities&service=WFS (source 699/1467)
2025-12-07 05:56:58,715 - Scraping log - scraper.py >         <module>(): Line 751 - INFO - Running default scraper on KT_FR > https://geo.fr.ch/ags/services/OpenData/Adresses_MO_RegBL_par_rue/MapServer/WFSServer?request=GetCapabilities&service=WFS (source 700/1467)
2025-12-07 05:57:02,442 - Scraping log - scraper.py >         <module>(): Line 751 - INFO - Running default scraper on KT_FR > https://geo.fr.ch/ags/services/OpenData/Adresses_MO_RegBL_RegBAFR/MapServer/WFSServer?request=GetCapabilities&service=WFS (source 701/1467)
2025-12-07 05:57:05,993 - Scraping log - scraper.py >         <module>(): Line 751 - INFO - Running default scraper on KT_FR > https://geo.fr.ch/ags/services/OpenData/Adresses_REGBL/MapServer/WFSServer?request=GetCapabilities&service=WFS (source 702/1467)
2025-12-07 05:57:09,460 - Scraping log - scraper.py >         <module>(): Line 751 - INFO - Running default scraper on KT_FR > https://geo.fr.ch/ags/services/OpenData/Affectations_primaires_RDPPF_affectation/MapServer/WFSServer?request=GetCapabilities&service=WFS (source 703/1467)
2025-12-07 05:57:12,450 - Scraping log - scraper.py >         <module>(): Line 751 - INFO - Running default scraper on KT_FR > https://geo.fr.ch/ags/services/OpenData/Amenagements_longitudinaux_plan_sectoriel_velo/MapServer/WFSServer?request=GetCapabilities&service=WFS (source 704/1467)
2025-12-07 05:57:15,450 - Scraping log - scraper.py >         <module>(): Line 751 - INFO - Running default scraper on KT_FR > https://geo.fr.ch/ags/services/OpenData/Amenagements_ponctuels_plan_sectoriel_velo/MapServer/WFSServer?request=GetCapabilities&service=WFS (source 705/1467)
2025-12-07 05:57:19,105 - Scraping log - scraper.py >         <module>(): Line 751 - INFO - Running default scraper on KT_FR > https://geo.fr.ch/ags/services/OpenData/Animation_socioculturelle_communale/MapServer/WFSServer?request=GetCapabilities&service=WFS (source 706/1467)
2025-12-07 05:57:22,306 - Scraping log - scraper.py >         <module>(): Line 751 - INFO - Running default scraper on KT_FR > https://geo.fr.ch/ags/services/OpenData/Animation_socioculturelle_regionale/MapServer/WFSServer?request=GetCapabilities&service=WFS (source 707/1467)
2025-12-07 05:57:25,582 - Scraping log - scraper.py >         <module>(): Line 751 - INFO - Running default scraper on KT_FR > https://geo.fr.ch/ags/services/OpenData/AOP_Emmental/MapServer/WFSServer?request=GetCapabilities&service=WFS (source 708/1467)
2025-12-07 05:57:28,923 - Scraping log - scraper.py >         <module>(): Line 751 - INFO - Running default scraper on KT_FR > https://geo.fr.ch/ags/services/OpenData/AOP_Gruyere/MapServer/WFSServer?request=GetCapabilities&service=WFS (source 709/1467)
2025-12-07 05:57:32,272 - Scraping log - scraper.py >         <module>(): Line 751 - INFO - Running default scraper on KT_FR > https://geo.fr.ch/ags/services/OpenData/AOP_Poire_a_botzi/MapServer/WFSServer?request=GetCapabilities&service=WFS (source 710/1467)
2025-12-07 05:57:35,695 - Scraping log - scraper.py >         <module>(): Line 751 - INFO - Running default scraper on KT_FR > https://geo.fr.ch/ags/services/OpenData/AOP_Vacherin_fribourgeois/MapServer/WFSServer?request=GetCapabilities&service=WFS (source 711/1467)
2025-12-07 05:57:39,091 - Scraping log - scraper.py >         <module>(): Line 751 - INFO - Running default scraper on KT_FR > https://geo.fr.ch/ags/services/OpenData/Aptitudes_climatiques/MapServer/WFSServer?request=GetCapabilities&service=WFS (source 712/1467)
2025-12-07 05:57:42,313 - Scraping log - scraper.py >         <module>(): Line 751 - INFO - Running default scraper on KT_FR > https://geo.fr.ch/ags/services/OpenData/Aquiferes_de_l_inventaire_des_eaux_souterraines/MapServer/WFSServer?request=GetCapabilities&service=WFS (source 713/1467)
2025-12-07 05:57:45,648 - Scraping log - scraper.py >         <module>(): Line 751 - INFO - Running default scraper on KT_FR > https://geo.fr.ch/ags/services/OpenData/Arbres_culture/MapServer/WFSServer?request=GetCapabilities&service=WFS (source 714/1467)
2025-12-07 05:57:48,900 - Scraping log - scraper.py >         <module>(): Line 751 - INFO - Running default scraper on KT_FR > https://geo.fr.ch/ags/services/OpenData/Arbres_spectaculaires/MapServer/WFSServer?request=GetCapabilities&service=WFS (source 715/1467)
2025-12-07 05:57:52,355 - Scraping log - scraper.py >         <module>(): Line 751 - INFO - Running default scraper on KT_FR > https://geo.fr.ch/ags/services/OpenData/Arrets_de_transport_public/MapServer/WFSServer?request=GetCapabilities&service=WFS (source 716/1467)
2025-12-07 05:57:55,974 - Scraping log - scraper.py >         <module>(): Line 751 - INFO - Running default scraper on KT_FR > https://geo.fr.ch/ags/services/OpenData/Arrondissements_d_entretien_routes_cantonales/MapServer/WFSServer?request=GetCapabilities&service=WFS (source 717/1467)
2025-12-07 05:57:58,928 - Scraping log - scraper.py >         <module>(): Line 751 - INFO - Running default scraper on KT_FR > https://geo.fr.ch/ags/services/OpenData/Arrondissements_d_inspectorat_ecoles/MapServer/WFSServer?request=GetCapabilities&service=WFS (source 718/1467)
2025-12-07 05:58:02,252 - Scraping log - scraper.py >         <module>(): Line 751 - INFO - Running default scraper on KT_FR > https://geo.fr.ch/ags/services/OpenData/Arrondissements_forestiers/MapServer/WFSServer?request=GetCapabilities&service=WFS (source 719/1467)
2025-12-07 05:58:05,483 - Scraping log - scraper.py >         <module>(): Line 751 - INFO - Running default scraper on KT_FR > https://geo.fr.ch/ags/services/OpenData/Assainissement_de_terrain_drainage/MapServer/WFSServer?request=GetCapabilities&service=WFS (source 720/1467)
2025-12-07 05:58:08,604 - Scraping log - scraper.py >         <module>(): Line 751 - INFO - Running default scraper on KT_FR > https://geo.fr.ch/ags/services/OpenData/Associations_forestieres_remarquables/MapServer/WFSServer?request=GetCapabilities&service=WFS (source 721/1467)
2025-12-07 05:58:12,086 - Scraping log - scraper.py >         <module>(): Line 751 - INFO - Running default scraper on KT_FR > https://geo.fr.ch/ags/services/OpenData/Axes_de_maintenance_SRB/MapServer/WFSServer?request=GetCapabilities&service=WFS (source 722/1467)
2025-12-07 05:58:15,549 - Scraping log - scraper.py >         <module>(): Line 751 - INFO - Running default scraper on KT_FR > https://geo.fr.ch/ags/services/OpenData/Bandes_cyclables_routes_cantonales/MapServer/WFSServer?request=GetCapabilities&service=WFS (source 723/1467)
2025-12-07 05:58:18,906 - Scraping log - scraper.py >         <module>(): Line 751 - INFO - Running default scraper on KT_FR > https://geo.fr.ch/ags/services/OpenData/Bas_marais_d_importance_locale/MapServer/WFSServer?request=GetCapabilities&service=WFS (source 724/1467)
2025-12-07 05:58:22,410 - Scraping log - scraper.py >         <module>(): Line 751 - INFO - Running default scraper on KT_FR > https://geo.fr.ch/ags/services/OpenData/Bas_marais_d_importance_nationale/MapServer/WFSServer?request=GetCapabilities&service=WFS (source 725/1467)
2025-12-07 05:58:25,807 - Scraping log - scraper.py >         <module>(): Line 751 - INFO - Running default scraper on KT_FR > https://geo.fr.ch/ags/services/OpenData/Bas_marais/MapServer/WFSServer?request=GetCapabilities&service=WFS (source 726/1467)
2025-12-07 05:58:26,321 - Scraping log - scraper.py >         <module>(): Line 759 - WARNING - Scraping KT_FR > https://geo.fr.ch/ags/services/OpenData/Bas_marais/MapServer/WFSServer?request=GetCapabilities&service=WFS aborted
2025-12-07 05:58:26,322 - Scraping log - scraper.py >         <module>(): Line 751 - INFO - Running default scraper on KT_FR > https://geo.fr.ch/ags/services/OpenData/Batiments_exposes_aux_dangers_naturels_gravitaires___par_processus/MapServer/WFSServer?request=GetCapabilities&service=WFS (source 727/1467)
2025-12-07 05:58:26,851 - Scraping log - scraper.py >         <module>(): Line 759 - WARNING - Scraping KT_FR > https://geo.fr.ch/ags/services/OpenData/Batiments_exposes_aux_dangers_naturels_gravitaires___par_processus/MapServer/WFSServer?request=GetCapabilities&service=WFS aborted
2025-12-07 05:58:26,851 - Scraping log - scraper.py >         <module>(): Line 751 - INFO - Running default scraper on KT_FR > https://geo.fr.ch/ags/services/OpenData/Batiments_MO_RegBL_par_rue/MapServer/WFSServer?request=GetCapabilities&service=WFS (source 728/1467)
2025-12-07 05:58:30,205 - Scraping log - scraper.py >         <module>(): Line 751 - INFO - Running default scraper on KT_FR > https://geo.fr.ch/ags/services/OpenData/Batiments_MO_RegBL_RegBAFR/MapServer/WFSServer?request=GetCapabilities&service=WFS (source 729/1467)
2025-12-07 05:58:33,396 - Scraping log - scraper.py >         <module>(): Line 751 - INFO - Running default scraper on KT_FR > https://geo.fr.ch/ags/services/OpenData/Batraciens_et_trafic_routier/MapServer/WFSServer?request=GetCapabilities&service=WFS (source 730/1467)
2025-12-07 05:58:33,926 - Scraping log - scraper.py >         <module>(): Line 759 - WARNING - Scraping KT_FR > https://geo.fr.ch/ags/services/OpenData/Batraciens_et_trafic_routier/MapServer/WFSServer?request=GetCapabilities&service=WFS aborted
2025-12-07 05:58:33,927 - Scraping log - scraper.py >         <module>(): Line 751 - INFO - Running default scraper on KT_FR > https://geo.fr.ch/ags/services/OpenData/Belastete_Standorte_Ablagerungsstandorte/MapServer/WFSServer?request=GetCapabilities&service=WFS (source 731/1467)
2025-12-07 05:58:36,906 - Scraping log - scraper.py >         <module>(): Line 751 - INFO - Running default scraper on KT_FR > https://geo.fr.ch/ags/services/OpenData/Belastete_Standorte_Betriebsstandorte/MapServer/WFSServer?request=GetCapabilities&service=WFS (source 732/1467)
2025-12-07 05:58:40,030 - Scraping log - scraper.py >         <module>(): Line 751 - INFO - Running default scraper on KT_FR > https://geo.fr.ch/ags/services/OpenData/Belastete_Standorte_Schiessanlagen/MapServer/WFSServer?request=GetCapabilities&service=WFS (source 733/1467)
2025-12-07 05:58:43,325 - Scraping log - scraper.py >         <module>(): Line 751 - INFO - Running default scraper on KT_FR > https://geo.fr.ch/ags/services/OpenData/Belastete_Standorte_Unfallstandorte/MapServer/WFSServer?request=GetCapabilities&service=WFS (source 734/1467)
2025-12-07 05:58:46,176 - Scraping log - scraper.py >         <module>(): Line 751 - INFO - Running default scraper on KT_FR > https://geo.fr.ch/ags/services/OpenData/Biens_culturels_immeubles_proteges_RBCI_SBC/MapServer/WFSServer?request=GetCapabilities&service=WFS (source 735/1467)
2025-12-07 05:58:49,543 - Scraping log - scraper.py >         <module>(): Line 751 - INFO - Running default scraper on KT_FR > https://geo.fr.ch/ags/services/OpenData/Biens_culturels_immeubles_recenses_RBCI_SBC/MapServer/WFSServer?request=GetCapabilities&service=WFS (source 736/1467)
2025-12-07 05:58:52,830 - Scraping log - scraper.py >         <module>(): Line 751 - INFO - Running default scraper on KT_FR > https://geo.fr.ch/ags/services/OpenData/Blocs_erratiques_d_importance_cantonale_Etude_de_base/MapServer/WFSServer?request=GetCapabilities&service=WFS (source 737/1467)
2025-12-07 05:58:56,094 - Scraping log - scraper.py >         <module>(): Line 751 - INFO - Running default scraper on KT_FR > https://geo.fr.ch/ags/services/OpenData/Bornes_historiques/MapServer/WFSServer?request=GetCapabilities&service=WFS (source 738/1467)
2025-12-07 05:58:59,180 - Scraping log - scraper.py >         <module>(): Line 751 - INFO - Running default scraper on KT_FR > https://geo.fr.ch/ags/services/OpenData/Cadastre_des_evenements_StorMe/MapServer/WFSServer?request=GetCapabilities&service=WFS (source 739/1467)
2025-12-07 05:58:59,612 - Scraping log - scraper.py >         <module>(): Line 759 - WARNING - Scraping KT_FR > https://geo.fr.ch/ags/services/OpenData/Cadastre_des_evenements_StorMe/MapServer/WFSServer?request=GetCapabilities&service=WFS aborted
2025-12-07 05:58:59,612 - Scraping log - scraper.py >         <module>(): Line 751 - INFO - Running default scraper on KT_FR > https://geo.fr.ch/ags/services/OpenData/Cadastre_des_sites_pollues_RDPPF/MapServer/WFSServer?request=GetCapabilities&service=WFS (source 740/1467)
2025-12-07 05:59:02,835 - Scraping log - scraper.py >         <module>(): Line 751 - INFO - Running default scraper on KT_FR > https://geo.fr.ch/ags/services/OpenData/Canton/MapServer/WFSServer?request=GetCapabilities&service=WFS (source 741/1467)
2025-12-07 05:59:06,263 - Scraping log - scraper.py >         <module>(): Line 751 - INFO - Running default scraper on KT_FR > https://geo.fr.ch/ags/services/OpenData/Captages_AquaFri/MapServer/WFSServer?request=GetCapabilities&service=WFS (source 742/1467)
2025-12-07 05:59:09,752 - Scraping log - scraper.py >         <module>(): Line 751 - INFO - Running default scraper on KT_FR > https://geo.fr.ch/ags/services/OpenData/Carte_de_danger___Avalanches/MapServer/WFSServer?request=GetCapabilities&service=WFS (source 743/1467)
2025-12-07 05:59:13,058 - Scraping log - scraper.py >         <module>(): Line 751 - INFO - Running default scraper on KT_FR > https://geo.fr.ch/ags/services/OpenData/Carte_de_danger___Chutes_de_pierres__blocs/MapServer/WFSServer?request=GetCapabilities&service=WFS (source 744/1467)
2025-12-07 05:59:13,589 - Scraping log - scraper.py >         <module>(): Line 759 - WARNING - Scraping KT_FR > https://geo.fr.ch/ags/services/OpenData/Carte_de_danger___Chutes_de_pierres__blocs/MapServer/WFSServer?request=GetCapabilities&service=WFS aborted
2025-12-07 05:59:13,589 - Scraping log - scraper.py >         <module>(): Line 751 - INFO - Running default scraper on KT_FR > https://geo.fr.ch/ags/services/OpenData/Carte_de_danger___Crues/MapServer/WFSServer?request=GetCapabilities&service=WFS (source 745/1467)
2025-12-07 05:59:16,951 - Scraping log - scraper.py >         <module>(): Line 751 - INFO - Running default scraper on KT_FR > https://geo.fr.ch/ags/services/OpenData/Carte_de_danger___Effondrements_de_falaise/MapServer/WFSServer?request=GetCapabilities&service=WFS (source 746/1467)
2025-12-07 05:59:20,334 - Scraping log - scraper.py >         <module>(): Line 751 - INFO - Running default scraper on KT_FR > https://geo.fr.ch/ags/services/OpenData/Carte_de_danger___Glissements_de_terrain/MapServer/WFSServer?request=GetCapabilities&service=WFS (source 747/1467)
2025-12-07 05:59:20,866 - Scraping log - scraper.py >         <module>(): Line 759 - WARNING - Scraping KT_FR > https://geo.fr.ch/ags/services/OpenData/Carte_de_danger___Glissements_de_terrain/MapServer/WFSServer?request=GetCapabilities&service=WFS aborted
2025-12-07 05:59:20,866 - Scraping log - scraper.py >         <module>(): Line 751 - INFO - Running default scraper on KT_FR > https://geo.fr.ch/ags/services/OpenData/Carte_de_danger___Laves_torrentielles/MapServer/WFSServer?request=GetCapabilities&service=WFS (source 748/1467)
2025-12-07 05:59:24,174 - Scraping log - scraper.py >         <module>(): Line 751 - INFO - Running default scraper on KT_FR > https://geo.fr.ch/ags/services/OpenData/Carte_de_protection_des_eaux/MapServer/WFSServer?request=GetCapabilities&service=WFS (source 749/1467)
2025-12-07 05:59:27,571 - Scraping log - scraper.py >         <module>(): Line 751 - INFO - Running default scraper on KT_FR > https://geo.fr.ch/ags/services/OpenData/Carte_des_sols_de_fondation/MapServer/WFSServer?request=GetCapabilities&service=WFS (source 750/1467)
2025-12-07 05:59:30,995 - Scraping log - scraper.py >         <module>(): Line 751 - INFO - Running default scraper on KT_FR > https://geo.fr.ch/ags/services/OpenData/Categorie_de_protection_ISOS/MapServer/WFSServer?request=GetCapabilities&service=WFS (source 751/1467)
2025-12-07 05:59:34,277 - Scraping log - scraper.py >         <module>(): Line 751 - INFO - Running default scraper on KT_FR > https://geo.fr.ch/ags/services/OpenData/Centrales_MCT_AquaFri/MapServer/WFSServer?request=GetCapabilities&service=WFS (source 752/1467)
2025-12-07 05:59:37,412 - Scraping log - scraper.py >         <module>(): Line 751 - INFO - Running default scraper on KT_FR > https://geo.fr.ch/ags/services/OpenData/Centres_d_exploitation_agricole/MapServer/WFSServer?request=GetCapabilities&service=WFS (source 753/1467)
2025-12-07 05:59:40,722 - Scraping log - scraper.py >         <module>(): Line 751 - INFO - Running default scraper on KT_FR > https://geo.fr.ch/ags/services/OpenData/Centres_forestiers/MapServer/WFSServer?request=GetCapabilities&service=WFS (source 754/1467)
2025-12-07 05:59:44,120 - Scraping log - scraper.py >         <module>(): Line 751 - INFO - Running default scraper on KT_FR > https://geo.fr.ch/ags/services/OpenData/Cercles_electoraux_des_anciennes_paroisses_catholiques/MapServer/WFSServer?request=GetCapabilities&service=WFS (source 755/1467)
2025-12-07 05:59:47,276 - Scraping log - scraper.py >         <module>(): Line 751 - INFO - Running default scraper on KT_FR > https://geo.fr.ch/ags/services/OpenData/Cercles_scolaires_primaires_francophones/MapServer/WFSServer?request=GetCapabilities&service=WFS (source 756/1467)
2025-12-07 05:59:50,680 - Scraping log - scraper.py >         <module>(): Line 751 - INFO - Running default scraper on KT_FR > https://geo.fr.ch/ags/services/OpenData/Cercles_scolaires_primaires_germanophones/MapServer/WFSServer?request=GetCapabilities&service=WFS (source 757/1467)
2025-12-07 05:59:54,032 - Scraping log - scraper.py >         <module>(): Line 751 - INFO - Running default scraper on KT_FR > https://geo.fr.ch/ags/services/OpenData/Cercles_scolaires_secondaires_francophones/MapServer/WFSServer?request=GetCapabilities&service=WFS (source 758/1467)
2025-12-07 05:59:57,504 - Scraping log - scraper.py >         <module>(): Line 751 - INFO - Running default scraper on KT_FR > https://geo.fr.ch/ags/services/OpenData/Cercles_scolaires_secondaires_germanophones/MapServer/WFSServer?request=GetCapabilities&service=WFS (source 759/1467)
2025-12-07 06:00:00,810 - Scraping log - scraper.py >         <module>(): Line 751 - INFO - Running default scraper on KT_FR > https://geo.fr.ch/ags/services/OpenData/Chalets_d_alpage_recenses_SBC/MapServer/WFSServer?request=GetCapabilities&service=WFS (source 760/1467)
2025-12-07 06:00:04,171 - Scraping log - scraper.py >         <module>(): Line 751 - INFO - Running default scraper on KT_FR > https://geo.fr.ch/ags/services/OpenData/Chalets_d_alpage_recenses/MapServer/WFSServer?request=GetCapabilities&service=WFS (source 761/1467)
2025-12-07 06:00:04,593 - Scraping log - scraper.py >         <module>(): Line 759 - WARNING - Scraping KT_FR > https://geo.fr.ch/ags/services/OpenData/Chalets_d_alpage_recenses/MapServer/WFSServer?request=GetCapabilities&service=WFS aborted
2025-12-07 06:00:04,593 - Scraping log - scraper.py >         <module>(): Line 751 - INFO - Running default scraper on KT_FR > https://geo.fr.ch/ags/services/OpenData/Chambres_AquaFri/MapServer/WFSServer?request=GetCapabilities&service=WFS (source 762/1467)
2025-12-07 06:00:07,865 - Scraping log - scraper.py >         <module>(): Line 751 - INFO - Running default scraper on KT_FR > https://geo.fr.ch/ags/services/OpenData/Chemins_de_randonnee_pedestre/MapServer/WFSServer?request=GetCapabilities&service=WFS (source 763/1467)
2025-12-07 06:00:11,266 - Scraping log - scraper.py >         <module>(): Line 751 - INFO - Running default scraper on KT_FR > https://geo.fr.ch/ags/services/OpenData/Chroniques_archeologiques/MapServer/WFSServer?request=GetCapabilities&service=WFS (source 764/1467)
2025-12-07 06:00:14,639 - Scraping log - scraper.py >         <module>(): Line 751 - INFO - Running default scraper on KT_FR > https://geo.fr.ch/ags/services/OpenData/Circonscriptions_des_gardes_faune/MapServer/WFSServer?request=GetCapabilities&service=WFS (source 765/1467)
2025-12-07 06:00:17,978 - Scraping log - scraper.py >         <module>(): Line 751 - INFO - Running default scraper on KT_FR > https://geo.fr.ch/ags/services/OpenData/Collecteurs_fonction_canalisations_routes_cantonales/MapServer/WFSServer?request=GetCapabilities&service=WFS (source 766/1467)
2025-12-07 06:00:21,324 - Scraping log - scraper.py >         <module>(): Line 751 - INFO - Running default scraper on KT_FR > https://geo.fr.ch/ags/services/OpenData/Collecteurs_proprietaire_canalisations_routes_cantonales/MapServer/WFSServer?request=GetCapabilities&service=WFS (source 767/1467)
2025-12-07 06:00:24,606 - Scraping log - scraper.py >         <module>(): Line 751 - INFO - Running default scraper on KT_FR > https://geo.fr.ch/ags/services/OpenData/Colonies_de_bouquetins/MapServer/WFSServer?request=GetCapabilities&service=WFS (source 768/1467)
2025-12-07 06:00:27,958 - Scraping log - scraper.py >         <module>(): Line 751 - INFO - Running default scraper on KT_FR > https://geo.fr.ch/ags/services/OpenData/Communes_partenaires_d_easyvote/MapServer/WFSServer?request=GetCapabilities&service=WFS (source 769/1467)
2025-12-07 06:00:31,367 - Scraping log - scraper.py >         <module>(): Line 751 - INFO - Running default scraper on KT_FR > https://geo.fr.ch/ags/services/OpenData/Communes_partenaires_d_engage_ch/MapServer/WFSServer?request=GetCapabilities&service=WFS (source 770/1467)
2025-12-07 06:00:34,604 - Scraping log - scraper.py >         <module>(): Line 751 - INFO - Running default scraper on KT_FR > https://geo.fr.ch/ags/services/OpenData/Communes/MapServer/WFSServer?request=GetCapabilities&service=WFS (source 771/1467)
2025-12-07 06:00:38,088 - Scraping log - scraper.py >         <module>(): Line 751 - INFO - Running default scraper on KT_FR > https://geo.fr.ch/ags/services/OpenData/Conduites_AquaFri/MapServer/WFSServer?request=GetCapabilities&service=WFS (source 772/1467)
2025-12-07 06:00:41,534 - Scraping log - scraper.py >         <module>(): Line 751 - INFO - Running default scraper on KT_FR > https://geo.fr.ch/ags/services/OpenData/Conduites/MapServer/WFSServer?request=GetCapabilities&service=WFS (source 773/1467)
2025-12-07 06:00:44,894 - Scraping log - scraper.py >         <module>(): Line 751 - INFO - Running default scraper on KT_FR > https://geo.fr.ch/ags/services/OpenData/Conseil_d_enfants_ou_de_jeunes_projets_de_participation_politique/MapServer/WFSServer?request=GetCapabilities&service=WFS (source 774/1467)
2025-12-07 06:00:47,927 - Scraping log - scraper.py >         <module>(): Line 751 - INFO - Running default scraper on KT_FR > https://geo.fr.ch/ags/services/OpenData/Contenus_lineaires_RDPPF_affectation/MapServer/WFSServer?request=GetCapabilities&service=WFS (source 775/1467)
2025-12-07 06:00:51,216 - Scraping log - scraper.py >         <module>(): Line 751 - INFO - Running default scraper on KT_FR > https://geo.fr.ch/ags/services/OpenData/Contenus_ponctuels_RDPPF_affectation/MapServer/WFSServer?request=GetCapabilities&service=WFS (source 776/1467)
2025-12-07 06:00:54,570 - Scraping log - scraper.py >         <module>(): Line 751 - INFO - Running default scraper on KT_FR > https://geo.fr.ch/ags/services/OpenData/Contrats_d_exploitation_en_vertu_de_la_loi_sur_la_protection_de_la_nature/MapServer/WFSServer?request=GetCapabilities&service=WFS (source 777/1467)
2025-12-07 06:00:59,412 - Scraping log - scraper.py >         <module>(): Line 751 - INFO - Running default scraper on KT_FR > https://geo.fr.ch/ags/services/OpenData/Corridors_a_faune/MapServer/WFSServer?request=GetCapabilities&service=WFS (source 778/1467)
2025-12-07 06:01:02,807 - Scraping log - scraper.py >         <module>(): Line 751 - INFO - Running default scraper on KT_FR > https://geo.fr.ch/ags/services/OpenData/Couverture_des_places_protegees_dans_le_canton/MapServer/WFSServer?request=GetCapabilities&service=WFS (source 779/1467)
2025-12-07 06:01:06,084 - Scraping log - scraper.py >         <module>(): Line 751 - INFO - Running default scraper on KT_FR > https://geo.fr.ch/ags/services/OpenData/Couverture_du_sol/MapServer/WFSServer?request=GetCapabilities&service=WFS (source 780/1467)
2025-12-07 06:01:09,485 - Scraping log - scraper.py >         <module>(): Line 751 - INFO - Running default scraper on KT_FR > https://geo.fr.ch/ags/services/OpenData/Cultures/MapServer/WFSServer?request=GetCapabilities&service=WFS (source 781/1467)
2025-12-07 06:01:09,905 - Scraping log - scraper.py >         <module>(): Line 759 - WARNING - Scraping KT_FR > https://geo.fr.ch/ags/services/OpenData/Cultures/MapServer/WFSServer?request=GetCapabilities&service=WFS aborted
2025-12-07 06:01:09,905 - Scraping log - scraper.py >         <module>(): Line 751 - INFO - Running default scraper on KT_FR > https://geo.fr.ch/ags/services/OpenData/Decoupage_du_MNS_swissSURFACE3D_Raster_pour_telechargement_par_tuile/MapServer/WFSServer?request=GetCapabilities&service=WFS (source 782/1467)
2025-12-07 06:01:13,112 - Scraping log - scraper.py >         <module>(): Line 751 - INFO - Running default scraper on KT_FR > https://geo.fr.ch/ags/services/OpenData/Decoupage_du_MNT_swissALTI3D_pour_telechargement_par_tuile/MapServer/WFSServer?request=GetCapabilities&service=WFS (source 783/1467)
2025-12-07 06:01:16,540 - Scraping log - scraper.py >         <module>(): Line 751 - INFO - Running default scraper on KT_FR > https://geo.fr.ch/ags/services/OpenData/Decoupage_du_nuage_de_points_classifies_swissSURFACE3D_pour_telechargement_par_tuile/MapServer/WFSServer?request=GetCapabilities&service=WFS (source 784/1467)
2025-12-07 06:01:19,828 - Scraping log - scraper.py >         <module>(): Line 751 - INFO - Running default scraper on KT_FR > https://geo.fr.ch/ags/services/OpenData/Degre_de_sensibilite_au_bruit_dans_les_zones_d_affectation_RDPPF/MapServer/WFSServer?request=GetCapabilities&service=WFS (source 785/1467)
2025-12-07 06:01:23,114 - Scraping log - scraper.py >         <module>(): Line 751 - INFO - Running default scraper on KT_FR > https://geo.fr.ch/ags/services/OpenData/Demandes_de_permis_de_construire_en_traitement/MapServer/WFSServer?request=GetCapabilities&service=WFS (source 786/1467)
2025-12-07 06:01:26,577 - Scraping log - scraper.py >         <module>(): Line 751 - INFO - Running default scraper on KT_FR > https://geo.fr.ch/ags/services/OpenData/Depots_d_entretien_routes_cantonales/MapServer/WFSServer?request=GetCapabilities&service=WFS (source 787/1467)
2025-12-07 06:01:30,004 - Scraping log - scraper.py >         <module>(): Line 751 - INFO - Running default scraper on KT_FR > https://geo.fr.ch/ags/services/OpenData/Disponibilite_cadastre_RDPPF_par_commune/MapServer/WFSServer?request=GetCapabilities&service=WFS (source 788/1467)
2025-12-07 06:01:30,523 - Scraping log - scraper.py >         <module>(): Line 759 - WARNING - Scraping KT_FR > https://geo.fr.ch/ags/services/OpenData/Disponibilite_cadastre_RDPPF_par_commune/MapServer/WFSServer?request=GetCapabilities&service=WFS aborted
2025-12-07 06:01:30,523 - Scraping log - scraper.py >         <module>(): Line 751 - INFO - Running default scraper on KT_FR > https://geo.fr.ch/ags/services/OpenData/Distances_par_rapport_a_la_foret_RDPPF/MapServer/WFSServer?request=GetCapabilities&service=WFS (source 789/1467)
2025-12-07 06:01:33,858 - Scraping log - scraper.py >         <module>(): Line 751 - INFO - Running default scraper on KT_FR > https://geo.fr.ch/ags/services/OpenData/Distances_par_rapport_a_la_foret/MapServer/WFSServer?request=GetCapabilities&service=WFS (source 790/1467)
2025-12-07 06:01:34,277 - Scraping log - scraper.py >         <module>(): Line 759 - WARNING - Scraping KT_FR > https://geo.fr.ch/ags/services/OpenData/Distances_par_rapport_a_la_foret/MapServer/WFSServer?request=GetCapabilities&service=WFS aborted
2025-12-07 06:01:34,277 - Scraping log - scraper.py >         <module>(): Line 751 - INFO - Running default scraper on KT_FR > https://geo.fr.ch/ags/services/OpenData/Districts_francs/MapServer/WFSServer?request=GetCapabilities&service=WFS (source 791/1467)
2025-12-07 06:01:37,705 - Scraping log - scraper.py >         <module>(): Line 751 - INFO - Running default scraper on KT_FR > https://geo.fr.ch/ags/services/OpenData/Districts/MapServer/WFSServer?request=GetCapabilities&service=WFS (source 792/1467)
2025-12-07 06:01:41,136 - Scraping log - scraper.py >         <module>(): Line 751 - INFO - Running default scraper on KT_FR > https://geo.fr.ch/ags/services/OpenData/Donnees_FRIBO_sol_agricole/MapServer/WFSServer?request=GetCapabilities&service=WFS (source 793/1467)
2025-12-07 06:01:44,374 - Scraping log - scraper.py >         <module>(): Line 751 - INFO - Running default scraper on KT_FR > https://geo.fr.ch/ags/services/OpenData/Ecoles_primaires_batiments/MapServer/WFSServer?request=GetCapabilities&service=WFS (source 794/1467)
2025-12-07 06:01:47,744 - Scraping log - scraper.py >         <module>(): Line 751 - INFO - Running default scraper on KT_FR > https://geo.fr.ch/ags/services/OpenData/Ecoles_secondaires_batiments/MapServer/WFSServer?request=GetCapabilities&service=WFS (source 795/1467)
2025-12-07 06:01:50,863 - Scraping log - scraper.py >         <module>(): Line 751 - INFO - Running default scraper on KT_FR > https://geo.fr.ch/ags/services/OpenData/EGID_REGBL/MapServer/WFSServer?request=GetCapabilities&service=WFS (source 796/1467)
2025-12-07 06:01:54,083 - Scraping log - scraper.py >         <module>(): Line 751 - INFO - Running default scraper on KT_FR > https://geo.fr.ch/ags/services/OpenData/Elements_superposes_de_type_affectation_RDPPF_affectation/MapServer/WFSServer?request=GetCapabilities&service=WFS (source 797/1467)
2025-12-07 06:01:57,372 - Scraping log - scraper.py >         <module>(): Line 751 - INFO - Running default scraper on KT_FR > https://geo.fr.ch/ags/services/OpenData/Elements_superposes_de_type_protection_RDPPF_affectation/MapServer/WFSServer?request=GetCapabilities&service=WFS (source 798/1467)
2025-12-07 06:02:01,221 - Scraping log - scraper.py >         <module>(): Line 751 - INFO - Running default scraper on KT_FR > https://geo.fr.ch/ags/services/OpenData/Emplacement_des_barrieres_a_batraciens/MapServer/WFSServer?request=GetCapabilities&service=WFS (source 799/1467)
2025-12-07 06:02:04,399 - Scraping log - scraper.py >         <module>(): Line 751 - INFO - Running default scraper on KT_FR > https://geo.fr.ch/ags/services/OpenData/Entites_paysageres_CQP/MapServer/WFSServer?request=GetCapabilities&service=WFS (source 800/1467)
2025-12-07 06:02:07,952 - Scraping log - scraper.py >         <module>(): Line 751 - INFO - Running default scraper on KT_FR > https://geo.fr.ch/ags/services/OpenData/Entreprises_approuvees/MapServer/WFSServer?request=GetCapabilities&service=WFS (source 801/1467)
2025-12-07 06:02:11,645 - Scraping log - scraper.py >         <module>(): Line 751 - INFO - Running default scraper on KT_FR > https://geo.fr.ch/ags/services/OpenData/Entreprises_en_cours/MapServer/WFSServer?request=GetCapabilities&service=WFS (source 802/1467)
2025-12-07 06:02:14,941 - Scraping log - scraper.py >         <module>(): Line 751 - INFO - Running default scraper on KT_FR > https://geo.fr.ch/ags/services/OpenData/Entreprises_planifiees/MapServer/WFSServer?request=GetCapabilities&service=WFS (source 803/1467)
2025-12-07 06:02:18,341 - Scraping log - scraper.py >         <module>(): Line 751 - INFO - Running default scraper on KT_FR > https://geo.fr.ch/ags/services/OpenData/Equipes_d_arrondissement_routes_cantonales/MapServer/WFSServer?request=GetCapabilities&service=WFS (source 804/1467)
2025-12-07 06:02:18,862 - Scraping log - scraper.py >         <module>(): Line 759 - WARNING - Scraping KT_FR > https://geo.fr.ch/ags/services/OpenData/Equipes_d_arrondissement_routes_cantonales/MapServer/WFSServer?request=GetCapabilities&service=WFS aborted
2025-12-07 06:02:18,862 - Scraping log - scraper.py >         <module>(): Line 751 - INFO - Running default scraper on KT_FR > https://geo.fr.ch/ags/services/OpenData/Etat_des_cartes_de_dangers/MapServer/WFSServer?request=GetCapabilities&service=WFS (source 805/1467)
2025-12-07 06:02:22,248 - Scraping log - scraper.py >         <module>(): Line 751 - INFO - Running default scraper on KT_FR > https://geo.fr.ch/ags/services/OpenData/Etat_du_registre_foncier/MapServer/WFSServer?request=GetCapabilities&service=WFS (source 806/1467)
2025-12-07 06:02:25,754 - Scraping log - scraper.py >         <module>(): Line 751 - INFO - Running default scraper on KT_FR > https://geo.fr.ch/ags/services/OpenData/Etudes_geologiques_geotechniques/MapServer/WFSServer?request=GetCapabilities&service=WFS (source 807/1467)
2025-12-07 06:02:29,793 - Scraping log - scraper.py >         <module>(): Line 751 - INFO - Running default scraper on KT_FR > https://geo.fr.ch/ags/services/OpenData/Exploitations_de_materiaux_et_decharges/MapServer/WFSServer?request=GetCapabilities&service=WFS (source 808/1467)
2025-12-07 06:02:33,016 - Scraping log - scraper.py >         <module>(): Line 751 - INFO - Running default scraper on KT_FR > https://geo.fr.ch/ags/services/OpenData/Forages_lies_a_des_constructions/MapServer/WFSServer?request=GetCapabilities&service=WFS (source 809/1467)
2025-12-07 06:02:36,831 - Scraping log - scraper.py >         <module>(): Line 751 - INFO - Running default scraper on KT_FR > https://geo.fr.ch/ags/services/OpenData/Forages_lies_a_des_sites_pollues/MapServer/WFSServer?request=GetCapabilities&service=WFS (source 810/1467)
2025-12-07 06:02:40,206 - Scraping log - scraper.py >         <module>(): Line 751 - INFO - Running default scraper on KT_FR > https://geo.fr.ch/ags/services/OpenData/Forages_lies_a_des_sondes_geothermiques/MapServer/WFSServer?request=GetCapabilities&service=WFS (source 811/1467)
2025-12-07 06:02:43,671 - Scraping log - scraper.py >         <module>(): Line 751 - INFO - Running default scraper on KT_FR > https://geo.fr.ch/ags/services/OpenData/Foret_de_protection_contre_les_dangers_naturels/MapServer/WFSServer?request=GetCapabilities&service=WFS (source 812/1467)
2025-12-07 06:02:47,151 - Scraping log - scraper.py >         <module>(): Line 751 - INFO - Running default scraper on KT_FR > https://geo.fr.ch/ags/services/OpenData/Foret_en_zones_S_de_protection_des_eaux_souterraines/MapServer/WFSServer?request=GetCapabilities&service=WFS (source 813/1467)
2025-12-07 06:02:47,585 - Scraping log - scraper.py >         <module>(): Line 759 - WARNING - Scraping KT_FR > https://geo.fr.ch/ags/services/OpenData/Foret_en_zones_S_de_protection_des_eaux_souterraines/MapServer/WFSServer?request=GetCapabilities&service=WFS aborted
2025-12-07 06:02:47,586 - Scraping log - scraper.py >         <module>(): Line 751 - INFO - Running default scraper on KT_FR > https://geo.fr.ch/ags/services/OpenData/Gazoducs_OPAM/MapServer/WFSServer?request=GetCapabilities&service=WFS (source 814/1467)
2025-12-07 06:02:50,918 - Scraping log - scraper.py >         <module>(): Line 751 - INFO - Running default scraper on KT_FR > https://geo.fr.ch/ags/services/OpenData/Geotopes_d_importance_cantonale_GIC_Etude_de_base/MapServer/WFSServer?request=GetCapabilities&service=WFS (source 815/1467)
2025-12-07 06:02:54,212 - Scraping log - scraper.py >         <module>(): Line 751 - INFO - Running default scraper on KT_FR > https://geo.fr.ch/ags/services/OpenData/Geotopes/MapServer/WFSServer?request=GetCapabilities&service=WFS (source 816/1467)
2025-12-07 06:02:54,630 - Scraping log - scraper.py >         <module>(): Line 759 - WARNING - Scraping KT_FR > https://geo.fr.ch/ags/services/OpenData/Geotopes/MapServer/WFSServer?request=GetCapabilities&service=WFS aborted
2025-12-07 06:02:54,630 - Scraping log - scraper.py >         <module>(): Line 751 - INFO - Running default scraper on KT_FR > https://geo.fr.ch/ags/services/OpenData/Hauts_marais_d_importance_nationale/MapServer/WFSServer?request=GetCapabilities&service=WFS (source 817/1467)
2025-12-07 06:02:57,707 - Scraping log - scraper.py >         <module>(): Line 751 - INFO - Running default scraper on KT_FR > https://geo.fr.ch/ags/services/OpenData/Hierarchie_du_reseau_cyclable_plan_sectoriel_velo/MapServer/WFSServer?request=GetCapabilities&service=WFS (source 818/1467)
2025-12-07 06:03:01,154 - Scraping log - scraper.py >         <module>(): Line 751 - INFO - Running default scraper on KT_FR > https://geo.fr.ch/ags/services/OpenData/Horizons_sourciers_de_l_inventaire_des_eaux_souterraines/MapServer/WFSServer?request=GetCapabilities&service=WFS (source 819/1467)
2025-12-07 06:03:04,450 - Scraping log - scraper.py >         <module>(): Line 751 - INFO - Running default scraper on KT_FR > https://geo.fr.ch/ags/services/OpenData/Hors_reseau_AquaFri/MapServer/WFSServer?request=GetCapabilities&service=WFS (source 820/1467)
2025-12-07 06:03:07,940 - Scraping log - scraper.py >         <module>(): Line 751 - INFO - Running default scraper on KT_FR > https://geo.fr.ch/ags/services/OpenData/Hydrants_AquaFri/MapServer/WFSServer?request=GetCapabilities&service=WFS (source 821/1467)
2025-12-07 06:03:11,186 - Scraping log - scraper.py >         <module>(): Line 751 - INFO - Running default scraper on KT_FR > https://geo.fr.ch/ags/services/OpenData/Immeubles_en_vigueur/MapServer/WFSServer?request=GetCapabilities&service=WFS (source 822/1467)
2025-12-07 06:03:14,140 - Scraping log - scraper.py >         <module>(): Line 751 - INFO - Running default scraper on KT_FR > https://geo.fr.ch/ags/services/OpenData/Immeubles_projetes/MapServer/WFSServer?request=GetCapabilities&service=WFS (source 823/1467)
2025-12-07 06:03:17,689 - Scraping log - scraper.py >         <module>(): Line 751 - INFO - Running default scraper on KT_FR > https://geo.fr.ch/ags/services/OpenData/Infrastructures_d_accueil_en_foret_lignes/MapServer/WFSServer?request=GetCapabilities&service=WFS (source 824/1467)
2025-12-07 06:03:20,984 - Scraping log - scraper.py >         <module>(): Line 751 - INFO - Running default scraper on KT_FR > https://geo.fr.ch/ags/services/OpenData/Infrastructures_d_accueil_en_foret_points/MapServer/WFSServer?request=GetCapabilities&service=WFS (source 825/1467)
2025-12-07 06:03:24,641 - Scraping log - scraper.py >         <module>(): Line 751 - INFO - Running default scraper on KT_FR > https://geo.fr.ch/ags/services/OpenData/Instabilites_de_terrain_morphologie/MapServer/WFSServer?request=GetCapabilities&service=WFS (source 826/1467)
2025-12-07 06:03:25,064 - Scraping log - scraper.py >         <module>(): Line 759 - WARNING - Scraping KT_FR > https://geo.fr.ch/ags/services/OpenData/Instabilites_de_terrain_morphologie/MapServer/WFSServer?request=GetCapabilities&service=WFS aborted
2025-12-07 06:03:25,064 - Scraping log - scraper.py >         <module>(): Line 751 - INFO - Running default scraper on KT_FR > https://geo.fr.ch/ags/services/OpenData/Instabilites_de_terrain_typologie/MapServer/WFSServer?request=GetCapabilities&service=WFS (source 827/1467)
2025-12-07 06:03:25,591 - Scraping log - scraper.py >         <module>(): Line 759 - WARNING - Scraping KT_FR > https://geo.fr.ch/ags/services/OpenData/Instabilites_de_terrain_typologie/MapServer/WFSServer?request=GetCapabilities&service=WFS aborted
2025-12-07 06:03:25,591 - Scraping log - scraper.py >         <module>(): Line 751 - INFO - Running default scraper on KT_FR > https://geo.fr.ch/ags/services/OpenData/Installations_de_mesure_AquaFri/MapServer/WFSServer?request=GetCapabilities&service=WFS (source 828/1467)
2025-12-07 06:03:28,988 - Scraping log - scraper.py >         <module>(): Line 751 - INFO - Running default scraper on KT_FR > https://geo.fr.ch/ags/services/OpenData/Installations_de_traitement_AquaFri/MapServer/WFSServer?request=GetCapabilities&service=WFS (source 829/1467)
2025-12-07 06:03:32,310 - Scraping log - scraper.py >         <module>(): Line 751 - INFO - Running default scraper on KT_FR > https://geo.fr.ch/ags/services/OpenData/Installations_stationnaires_OPAM/MapServer/WFSServer?request=GetCapabilities&service=WFS (source 830/1467)
2025-12-07 06:03:35,747 - Scraping log - scraper.py >         <module>(): Line 751 - INFO - Running default scraper on KT_FR > https://geo.fr.ch/ags/services/OpenData/Irrigation/MapServer/WFSServer?request=GetCapabilities&service=WFS (source 831/1467)
2025-12-07 06:03:38,963 - Scraping log - scraper.py >         <module>(): Line 751 - INFO - Running default scraper on KT_FR > https://geo.fr.ch/ags/services/OpenData/Itineraire_d_agglomeration_planifie_plan_sectoriel_velo/MapServer/WFSServer?request=GetCapabilities&service=WFS (source 832/1467)
2025-12-07 06:03:42,415 - Scraping log - scraper.py >         <module>(): Line 751 - INFO - Running default scraper on KT_FR > https://geo.fr.ch/ags/services/OpenData/Itineraires_a_ski/MapServer/WFSServer?request=GetCapabilities&service=WFS (source 833/1467)
2025-12-07 06:03:45,585 - Scraping log - scraper.py >         <module>(): Line 751 - INFO - Running default scraper on KT_FR > https://geo.fr.ch/ags/services/OpenData/Itineraires_convois_exceptionnels/MapServer/WFSServer?request=GetCapabilities&service=WFS (source 834/1467)
2025-12-07 06:03:48,942 - Scraping log - scraper.py >         <module>(): Line 751 - INFO - Running default scraper on KT_FR > https://geo.fr.ch/ags/services/OpenData/Itineraires_en_raquette/MapServer/WFSServer?request=GetCapabilities&service=WFS (source 835/1467)
2025-12-07 06:03:52,263 - Scraping log - scraper.py >         <module>(): Line 751 - INFO - Running default scraper on KT_FR > https://geo.fr.ch/ags/services/OpenData/Itineraires_SuisseMobile_randonnee_pedestre/MapServer/WFSServer?request=GetCapabilities&service=WFS (source 836/1467)
2025-12-07 06:03:55,613 - Scraping log - scraper.py >         <module>(): Line 751 - INFO - Running default scraper on KT_FR > https://geo.fr.ch/ags/services/OpenData/Itineraires_SuisseMobile_roller/MapServer/WFSServer?request=GetCapabilities&service=WFS (source 837/1467)
2025-12-07 06:03:58,998 - Scraping log - scraper.py >         <module>(): Line 751 - INFO - Running default scraper on KT_FR > https://geo.fr.ch/ags/services/OpenData/Itineraires_SuisseMobile_velo/MapServer/WFSServer?request=GetCapabilities&service=WFS (source 838/1467)
2025-12-07 06:04:02,228 - Scraping log - scraper.py >         <module>(): Line 751 - INFO - Running default scraper on KT_FR > https://geo.fr.ch/ags/services/OpenData/Itineraires_SuisseMobile_VTT/MapServer/WFSServer?request=GetCapabilities&service=WFS (source 839/1467)
2025-12-07 06:04:05,512 - Scraping log - scraper.py >         <module>(): Line 751 - INFO - Running default scraper on KT_FR > https://geo.fr.ch/ags/services/OpenData/Lieux_de_detention_d_animaux/MapServer/WFSServer?request=GetCapabilities&service=WFS (source 840/1467)
2025-12-07 06:04:08,832 - Scraping log - scraper.py >         <module>(): Line 751 - INFO - Running default scraper on KT_FR > https://geo.fr.ch/ags/services/OpenData/Lieux_denommes_en_couleurs/MapServer/WFSServer?request=GetCapabilities&service=WFS (source 841/1467)
2025-12-07 06:04:12,196 - Scraping log - scraper.py >         <module>(): Line 751 - INFO - Running default scraper on KT_FR > https://geo.fr.ch/ags/services/OpenData/Lieux_denommes/MapServer/WFSServer?request=GetCapabilities&service=WFS (source 842/1467)
2025-12-07 06:04:15,506 - Scraping log - scraper.py >         <module>(): Line 751 - INFO - Running default scraper on KT_FR > https://geo.fr.ch/ags/services/OpenData/Lignes_de_transport_public/MapServer/WFSServer?request=GetCapabilities&service=WFS (source 843/1467)
2025-12-07 06:04:20,065 - Scraping log - scraper.py >         <module>(): Line 751 - INFO - Running default scraper on KT_FR > https://geo.fr.ch/ags/services/OpenData/Limitations_de_vitesse_routes_cantonales/MapServer/WFSServer?request=GetCapabilities&service=WFS (source 844/1467)
2025-12-07 06:04:23,328 - Scraping log - scraper.py >         <module>(): Line 751 - INFO - Running default scraper on KT_FR > https://geo.fr.ch/ags/services/OpenData/Limite_du_canton/MapServer/WFSServer?request=GetCapabilities&service=WFS (source 845/1467)
2025-12-07 06:04:26,783 - Scraping log - scraper.py >         <module>(): Line 751 - INFO - Running default scraper on KT_FR > https://geo.fr.ch/ags/services/OpenData/Limites_de_communes/MapServer/WFSServer?request=GetCapabilities&service=WFS (source 846/1467)
2025-12-07 06:04:29,993 - Scraping log - scraper.py >         <module>(): Line 751 - INFO - Running default scraper on KT_FR > https://geo.fr.ch/ags/services/OpenData/Limites_de_districts/MapServer/WFSServer?request=GetCapabilities&service=WFS (source 847/1467)
2025-12-07 06:04:33,426 - Scraping log - scraper.py >         <module>(): Line 751 - INFO - Running default scraper on KT_FR > https://geo.fr.ch/ags/services/OpenData/Limites_des_stations_forestieres/MapServer/WFSServer?request=GetCapabilities&service=WFS (source 848/1467)
2025-12-07 06:04:36,890 - Scraping log - scraper.py >         <module>(): Line 751 - INFO - Running default scraper on KT_FR > https://geo.fr.ch/ags/services/OpenData/Limites_des_zones_agricoles/MapServer/WFSServer?request=GetCapabilities&service=WFS (source 849/1467)
2025-12-07 06:04:40,272 - Scraping log - scraper.py >         <module>(): Line 751 - INFO - Running default scraper on KT_FR > https://geo.fr.ch/ags/services/OpenData/Limites_forestieres_statiques_RDPPF/MapServer/WFSServer?request=GetCapabilities&service=WFS (source 850/1467)
2025-12-07 06:04:43,701 - Scraping log - scraper.py >         <module>(): Line 751 - INFO - Running default scraper on KT_FR > https://geo.fr.ch/ags/services/OpenData/Limites_forestieres_statiques/MapServer/WFSServer?request=GetCapabilities&service=WFS (source 851/1467)
2025-12-07 06:04:44,122 - Scraping log - scraper.py >         <module>(): Line 759 - WARNING - Scraping KT_FR > https://geo.fr.ch/ags/services/OpenData/Limites_forestieres_statiques/MapServer/WFSServer?request=GetCapabilities&service=WFS aborted
2025-12-07 06:04:44,123 - Scraping log - scraper.py >         <module>(): Line 751 - INFO - Running default scraper on KT_FR > https://geo.fr.ch/ags/services/OpenData/Localisation_des_sondes_geothermiques_SGV/MapServer/WFSServer?request=GetCapabilities&service=WFS (source 852/1467)
2025-12-07 06:04:47,241 - Scraping log - scraper.py >         <module>(): Line 751 - INFO - Running default scraper on KT_FR > https://geo.fr.ch/ags/services/OpenData/Localites_avec_presence_d_un_chauffage_a_distance/MapServer/WFSServer?request=GetCapabilities&service=WFS (source 853/1467)
2025-12-07 06:04:51,248 - Scraping log - scraper.py >         <module>(): Line 751 - INFO - Running default scraper on KT_FR > https://geo.fr.ch/ags/services/OpenData/Lots_de_mise_a_jour_periodique/MapServer/WFSServer?request=GetCapabilities&service=WFS (source 854/1467)
2025-12-07 06:04:54,895 - Scraping log - scraper.py >         <module>(): Line 751 - INFO - Running default scraper on KT_FR > https://geo.fr.ch/ags/services/OpenData/Lots_de_peche_affermee/MapServer/WFSServer?request=GetCapabilities&service=WFS (source 855/1467)
2025-12-07 06:04:58,508 - Scraping log - scraper.py >         <module>(): Line 751 - INFO - Running default scraper on KT_FR > https://geo.fr.ch/ags/services/OpenData/Lots_pour_la_pisciculture/MapServer/WFSServer?request=GetCapabilities&service=WFS (source 856/1467)
2025-12-07 06:05:02,166 - Scraping log - scraper.py >         <module>(): Line 751 - INFO - Running default scraper on KT_FR > https://geo.fr.ch/ags/services/OpenData/Materiau_et_diametre_des_conduites_AquaFri/MapServer/WFSServer?request=GetCapabilities&service=WFS (source 857/1467)
2025-12-07 06:05:05,760 - Scraping log - scraper.py >         <module>(): Line 751 - INFO - Running default scraper on KT_FR > https://geo.fr.ch/ags/services/OpenData/Modification_RCU_ou_revision_PAL_d_un_secteur_amenagement_local/MapServer/WFSServer?request=GetCapabilities&service=WFS (source 858/1467)
2025-12-07 06:05:10,134 - Scraping log - scraper.py >         <module>(): Line 751 - INFO - Running default scraper on KT_FR > https://geo.fr.ch/ags/services/OpenData/Muehleberg_Zone_de_danger_de_la_centrale/MapServer/WFSServer?request=GetCapabilities&service=WFS (source 859/1467)
2025-12-07 06:05:13,240 - Scraping log - scraper.py >         <module>(): Line 751 - INFO - Running default scraper on KT_FR > https://geo.fr.ch/ags/services/OpenData/Muehleberg_Zones_de_distribution_de_comprimes_d_iode/MapServer/WFSServer?request=GetCapabilities&service=WFS (source 860/1467)
2025-12-07 06:05:16,878 - Scraping log - scraper.py >         <module>(): Line 751 - INFO - Running default scraper on KT_FR > https://geo.fr.ch/ags/services/OpenData/Noeuds_de_trafic_routes_cantonales/MapServer/WFSServer?request=GetCapabilities&service=WFS (source 861/1467)
2025-12-07 06:05:21,061 - Scraping log - scraper.py >         <module>(): Line 751 - INFO - Running default scraper on KT_FR > https://geo.fr.ch/ags/services/OpenData/Noms_de_rues_et_de_lieux_denommes/MapServer/WFSServer?request=GetCapabilities&service=WFS (source 862/1467)
2025-12-07 06:05:24,685 - Scraping log - scraper.py >         <module>(): Line 751 - INFO - Running default scraper on KT_FR > https://geo.fr.ch/ags/services/OpenData/Noms_locaux/MapServer/WFSServer?request=GetCapabilities&service=WFS (source 863/1467)
2025-12-07 06:05:28,590 - Scraping log - scraper.py >         <module>(): Line 751 - INFO - Running default scraper on KT_FR > https://geo.fr.ch/ags/services/OpenData/NPA_et_localites/MapServer/WFSServer?request=GetCapabilities&service=WFS (source 864/1467)
2025-12-07 06:05:32,955 - Scraping log - scraper.py >         <module>(): Line 751 - INFO - Running default scraper on KT_FR > https://geo.fr.ch/ags/services/OpenData/Numeros_d_immeubles_en_vigueur/MapServer/WFSServer?request=GetCapabilities&service=WFS (source 865/1467)
2025-12-07 06:05:36,019 - Scraping log - scraper.py >         <module>(): Line 751 - INFO - Running default scraper on KT_FR > https://geo.fr.ch/ags/services/OpenData/Numeros_d_immeubles_projetes/MapServer/WFSServer?request=GetCapabilities&service=WFS (source 866/1467)
2025-12-07 06:05:39,460 - Scraping log - scraper.py >         <module>(): Line 751 - INFO - Running default scraper on KT_FR > https://geo.fr.ch/ags/services/OpenData/Numeros_de_maisons/MapServer/WFSServer?request=GetCapabilities&service=WFS (source 867/1467)
2025-12-07 06:05:42,877 - Scraping log - scraper.py >         <module>(): Line 751 - INFO - Running default scraper on KT_FR > https://geo.fr.ch/ags/services/OpenData/Numeros_des_batiments_et_noms_Labels_CS/MapServer/WFSServer?request=GetCapabilities&service=WFS (source 868/1467)
2025-12-07 06:05:46,286 - Scraping log - scraper.py >         <module>(): Line 751 - INFO - Running default scraper on KT_FR > https://geo.fr.ch/ags/services/OpenData/Objets_divers_lineaires/MapServer/WFSServer?request=GetCapabilities&service=WFS (source 869/1467)
2025-12-07 06:05:49,682 - Scraping log - scraper.py >         <module>(): Line 751 - INFO - Running default scraper on KT_FR > https://geo.fr.ch/ags/services/OpenData/Objets_divers_ponctuels/MapServer/WFSServer?request=GetCapabilities&service=WFS (source 870/1467)
2025-12-07 06:05:53,014 - Scraping log - scraper.py >         <module>(): Line 751 - INFO - Running default scraper on KT_FR > https://geo.fr.ch/ags/services/OpenData/Objets_divers_surfaciques/MapServer/WFSServer?request=GetCapabilities&service=WFS (source 871/1467)
2025-12-07 06:05:56,511 - Scraping log - scraper.py >         <module>(): Line 751 - INFO - Running default scraper on KT_FR > https://geo.fr.ch/ags/services/OpenData/Obstacles_convois_exceptionnels/MapServer/WFSServer?request=GetCapabilities&service=WFS (source 872/1467)
2025-12-07 06:05:59,960 - Scraping log - scraper.py >         <module>(): Line 751 - INFO - Running default scraper on KT_FR > https://geo.fr.ch/ags/services/OpenData/Organes_communaux_de_conduite_ORCOC/MapServer/WFSServer?request=GetCapabilities&service=WFS (source 873/1467)
2025-12-07 06:06:03,271 - Scraping log - scraper.py >         <module>(): Line 751 - INFO - Running default scraper on KT_FR > https://geo.fr.ch/ags/services/OpenData/Organisation_de_la_protection_civile/MapServer/WFSServer?request=GetCapabilities&service=WFS (source 874/1467)
2025-12-07 06:06:06,485 - Scraping log - scraper.py >         <module>(): Line 751 - INFO - Running default scraper on KT_FR > https://geo.fr.ch/ags/services/OpenData/Ouvrages_d_art_routes_cantonales/MapServer/WFSServer?request=GetCapabilities&service=WFS (source 875/1467)
2025-12-07 06:06:09,883 - Scraping log - scraper.py >         <module>(): Line 751 - INFO - Running default scraper on KT_FR > https://geo.fr.ch/ags/services/OpenData/Ouvrages_de_protection_lineaires_contre_les_instabilites_de_terrain_et_avalanches/MapServer/WFSServer?request=GetCapabilities&service=WFS (source 876/1467)
2025-12-07 06:06:13,806 - Scraping log - scraper.py >         <module>(): Line 751 - INFO - Running default scraper on KT_FR > https://geo.fr.ch/ags/services/OpenData/Ouvrages_de_protection_ponctuels_contre_les_instabilites_de_terrain_et_avalanches/MapServer/WFSServer?request=GetCapabilities&service=WFS (source 877/1467)
2025-12-07 06:06:22,892 - Scraping log - scraper.py >         <module>(): Line 751 - INFO - Running default scraper on KT_FR > https://geo.fr.ch/ags/services/OpenData/Ouvrages_de_protection_surfaciques_contre_les_instabilites_de_terrain_et_avalanches/MapServer/WFSServer?request=GetCapabilities&service=WFS (source 878/1467)
2025-12-07 06:06:27,806 - Scraping log - scraper.py >         <module>(): Line 751 - INFO - Running default scraper on KT_FR > https://geo.fr.ch/ags/services/OpenData/Ouvrages_fonction_canalisations_routes_cantonales/MapServer/WFSServer?request=GetCapabilities&service=WFS (source 879/1467)
2025-12-07 06:06:31,530 - Scraping log - scraper.py >         <module>(): Line 751 - INFO - Running default scraper on KT_FR > https://geo.fr.ch/ags/services/OpenData/Ouvrages_type_canalisations_routes_cantonales/MapServer/WFSServer?request=GetCapabilities&service=WFS (source 880/1467)
2025-12-07 06:06:34,893 - Scraping log - scraper.py >         <module>(): Line 751 - INFO - Running default scraper on KT_FR > https://geo.fr.ch/ags/services/OpenData/Parcs_naturels/MapServer/WFSServer?request=GetCapabilities&service=WFS (source 881/1467)
2025-12-07 06:06:35,409 - Scraping log - scraper.py >         <module>(): Line 759 - WARNING - Scraping KT_FR > https://geo.fr.ch/ags/services/OpenData/Parcs_naturels/MapServer/WFSServer?request=GetCapabilities&service=WFS aborted
2025-12-07 06:06:35,409 - Scraping log - scraper.py >         <module>(): Line 751 - INFO - Running default scraper on KT_FR > https://geo.fr.ch/ags/services/OpenData/Paroisses_catholiques/MapServer/WFSServer?request=GetCapabilities&service=WFS (source 882/1467)
2025-12-07 06:06:38,868 - Scraping log - scraper.py >         <module>(): Line 751 - INFO - Running default scraper on KT_FR > https://geo.fr.ch/ags/services/OpenData/Paroisses_reformees/MapServer/WFSServer?request=GetCapabilities&service=WFS (source 883/1467)
2025-12-07 06:06:48,035 - Scraping log - scraper.py >         <module>(): Line 751 - INFO - Running default scraper on KT_FR > https://geo.fr.ch/ags/services/OpenData/Paysages_IFP/MapServer/WFSServer?request=GetCapabilities&service=WFS (source 884/1467)
2025-12-07 06:06:48,446 - Scraping log - scraper.py >         <module>(): Line 759 - WARNING - Scraping KT_FR > https://geo.fr.ch/ags/services/OpenData/Paysages_IFP/MapServer/WFSServer?request=GetCapabilities&service=WFS aborted
2025-12-07 06:06:48,446 - Scraping log - scraper.py >         <module>(): Line 751 - INFO - Running default scraper on KT_FR > https://geo.fr.ch/ags/services/OpenData/Perimetre_de_couverture_Sirenes_de_la_PCi/MapServer/WFSServer?request=GetCapabilities&service=WFS (source 885/1467)
2025-12-07 06:06:52,122 - Scraping log - scraper.py >         <module>(): Line 751 - INFO - Running default scraper on KT_FR > https://geo.fr.ch/ags/services/OpenData/Perimetres_archeologiques/MapServer/WFSServer?request=GetCapabilities&service=WFS (source 886/1467)
2025-12-07 06:06:55,604 - Scraping log - scraper.py >         <module>(): Line 751 - INFO - Running default scraper on KT_FR > https://geo.fr.ch/ags/services/OpenData/Perimetres_d_epuration/MapServer/WFSServer?request=GetCapabilities&service=WFS (source 887/1467)
2025-12-07 06:06:58,892 - Scraping log - scraper.py >         <module>(): Line 751 - INFO - Running default scraper on KT_FR > https://geo.fr.ch/ags/services/OpenData/Perimetres_d_etude_detaillee___Crues_et_laves_torrentielles/MapServer/WFSServer?request=GetCapabilities&service=WFS (source 888/1467)
2025-12-07 06:07:02,056 - Scraping log - scraper.py >         <module>(): Line 751 - INFO - Running default scraper on KT_FR > https://geo.fr.ch/ags/services/OpenData/Perimetres_d_etude_detaillee___Instabilites_et_avalanches/MapServer/WFSServer?request=GetCapabilities&service=WFS (source 889/1467)
2025-12-07 06:07:05,618 - Scraping log - scraper.py >         <module>(): Line 751 - INFO - Running default scraper on KT_FR > https://geo.fr.ch/ags/services/OpenData/Perimetres_de_noms_locaux/MapServer/WFSServer?request=GetCapabilities&service=WFS (source 890/1467)
2025-12-07 06:07:09,277 - Scraping log - scraper.py >         <module>(): Line 751 - INFO - Running default scraper on KT_FR > https://geo.fr.ch/ags/services/OpenData/Perimetres_de_protection_des_eaux_souterraines_RDPPF/MapServer/WFSServer?request=GetCapabilities&service=WFS (source 891/1467)
2025-12-07 06:07:12,950 - Scraping log - scraper.py >         <module>(): Line 751 - INFO - Running default scraper on KT_FR > https://geo.fr.ch/ags/services/OpenData/Pistes_cyclables_routes_cantonales/MapServer/WFSServer?request=GetCapabilities&service=WFS (source 892/1467)
2025-12-07 06:07:16,628 - Scraping log - scraper.py >         <module>(): Line 751 - INFO - Running default scraper on KT_FR > https://geo.fr.ch/ags/services/OpenData/Plan_sectoriel_pour_l_exploitation_de_materiaux_PSEM/MapServer/WFSServer?request=GetCapabilities&service=WFS (source 893/1467)
2025-12-07 06:07:19,974 - Scraping log - scraper.py >         <module>(): Line 751 - INFO - Running default scraper on KT_FR > https://geo.fr.ch/ags/services/OpenData/Planification_cantonale_parcs_relais/MapServer/WFSServer?request=GetCapabilities&service=WFS (source 894/1467)
2025-12-07 06:07:23,616 - Scraping log - scraper.py >         <module>(): Line 751 - INFO - Running default scraper on KT_FR > https://geo.fr.ch/ags/services/OpenData/Points_de_limite_territoriale/MapServer/WFSServer?request=GetCapabilities&service=WFS (source 895/1467)
2025-12-07 06:07:27,899 - Scraping log - scraper.py >         <module>(): Line 751 - INFO - Running default scraper on KT_FR > https://geo.fr.ch/ags/services/OpenData/Points_de_Repere_SRB/MapServer/WFSServer?request=GetCapabilities&service=WFS (source 896/1467)
2025-12-07 06:07:31,762 - Scraping log - scraper.py >         <module>(): Line 751 - INFO - Running default scraper on KT_FR > https://geo.fr.ch/ags/services/OpenData/Points_fixes/MapServer/WFSServer?request=GetCapabilities&service=WFS (source 897/1467)
2025-12-07 06:07:35,524 - Scraping log - scraper.py >         <module>(): Line 751 - INFO - Running default scraper on KT_FR > https://geo.fr.ch/ags/services/OpenData/Points_limites_projetes/MapServer/WFSServer?request=GetCapabilities&service=WFS (source 898/1467)
2025-12-07 06:07:39,110 - Scraping log - scraper.py >         <module>(): Line 751 - INFO - Running default scraper on KT_FR > https://geo.fr.ch/ags/services/OpenData/Points_limites/MapServer/WFSServer?request=GetCapabilities&service=WFS (source 899/1467)
2025-12-07 06:07:42,393 - Scraping log - scraper.py >         <module>(): Line 751 - INFO - Running default scraper on KT_FR > https://geo.fr.ch/ags/services/OpenData/Pompes_AquaFri/MapServer/WFSServer?request=GetCapabilities&service=WFS (source 900/1467)
2025-12-07 06:07:45,777 - Scraping log - scraper.py >         <module>(): Line 751 - INFO - Running default scraper on KT_FR > https://geo.fr.ch/ags/services/OpenData/Postes_de_comptage_de_trafic/MapServer/WFSServer?request=GetCapabilities&service=WFS (source 901/1467)
2025-12-07 06:07:54,234 - Scraping log - scraper.py >         <module>(): Line 751 - INFO - Running default scraper on KT_FR > https://geo.fr.ch/ags/services/OpenData/Prairies_et_paturages_secs_d_importance_cantonale/MapServer/WFSServer?request=GetCapabilities&service=WFS (source 902/1467)
2025-12-07 06:07:54,742 - Scraping log - scraper.py >         <module>(): Line 759 - WARNING - Scraping KT_FR > https://geo.fr.ch/ags/services/OpenData/Prairies_et_paturages_secs_d_importance_cantonale/MapServer/WFSServer?request=GetCapabilities&service=WFS aborted
2025-12-07 06:07:54,742 - Scraping log - scraper.py >         <module>(): Line 751 - INFO - Running default scraper on KT_FR > https://geo.fr.ch/ags/services/OpenData/Prairies_et_paturages_secs_d_importance_nationale/MapServer/WFSServer?request=GetCapabilities&service=WFS (source 903/1467)
2025-12-07 06:07:55,289 - Scraping log - scraper.py >         <module>(): Line 759 - WARNING - Scraping KT_FR > https://geo.fr.ch/ags/services/OpenData/Prairies_et_paturages_secs_d_importance_nationale/MapServer/WFSServer?request=GetCapabilities&service=WFS aborted
2025-12-07 06:07:55,289 - Scraping log - scraper.py >         <module>(): Line 751 - INFO - Running default scraper on KT_FR > https://geo.fr.ch/ags/services/OpenData/Pression_statique_des_hydrants_AquaFri/MapServer/WFSServer?request=GetCapabilities&service=WFS (source 904/1467)
2025-12-07 06:07:58,896 - Scraping log - scraper.py >         <module>(): Line 751 - INFO - Running default scraper on KT_FR > https://geo.fr.ch/ags/services/OpenData/Produits_d_alpage/MapServer/WFSServer?request=GetCapabilities&service=WFS (source 905/1467)
2025-12-07 06:08:02,418 - Scraping log - scraper.py >         <module>(): Line 751 - INFO - Running default scraper on KT_FR > https://geo.fr.ch/ags/services/OpenData/Produits_de_montagne/MapServer/WFSServer?request=GetCapabilities&service=WFS (source 906/1467)
2025-12-07 06:08:05,685 - Scraping log - scraper.py >         <module>(): Line 751 - INFO - Running default scraper on KT_FR > https://geo.fr.ch/ags/services/OpenData/Projets_paysage_CQP/MapServer/WFSServer?request=GetCapabilities&service=WFS (source 907/1467)
2025-12-07 06:08:09,343 - Scraping log - scraper.py >         <module>(): Line 751 - INFO - Running default scraper on KT_FR > https://geo.fr.ch/ags/services/OpenData/Projets_VALTRALOC/MapServer/WFSServer?request=GetCapabilities&service=WFS (source 908/1467)
2025-12-07 06:08:09,862 - Scraping log - scraper.py >         <module>(): Line 759 - WARNING - Scraping KT_FR > https://geo.fr.ch/ags/services/OpenData/Projets_VALTRALOC/MapServer/WFSServer?request=GetCapabilities&service=WFS aborted
2025-12-07 06:08:09,863 - Scraping log - scraper.py >         <module>(): Line 751 - INFO - Running default scraper on KT_FR > https://geo.fr.ch/ags/services/OpenData/Proportion_du_bati_expose_aux_dangers_naturels_par_commune/MapServer/WFSServer?request=GetCapabilities&service=WFS (source 909/1467)
2025-12-07 06:08:13,529 - Scraping log - scraper.py >         <module>(): Line 751 - INFO - Running default scraper on KT_FR > https://geo.fr.ch/ags/services/OpenData/Qualite_des_donnees_descriptives/MapServer/WFSServer?request=GetCapabilities&service=WFS (source 910/1467)
2025-12-07 06:08:16,757 - Scraping log - scraper.py >         <module>(): Line 751 - INFO - Running default scraper on KT_FR > https://geo.fr.ch/ags/services/OpenData/Qualite_des_immeubles_en_vigueur/MapServer/WFSServer?request=GetCapabilities&service=WFS (source 911/1467)
2025-12-07 06:08:20,276 - Scraping log - scraper.py >         <module>(): Line 751 - INFO - Running default scraper on KT_FR > https://geo.fr.ch/ags/services/OpenData/Qualite_des_immeubles_projetes/MapServer/WFSServer?request=GetCapabilities&service=WFS (source 912/1467)
2025-12-07 06:08:23,713 - Scraping log - scraper.py >         <module>(): Line 751 - INFO - Running default scraper on KT_FR > https://geo.fr.ch/ags/services/OpenData/Reducteurs_AquaFri/MapServer/WFSServer?request=GetCapabilities&service=WFS (source 913/1467)
2025-12-07 06:08:27,437 - Scraping log - scraper.py >         <module>(): Line 751 - INFO - Running default scraper on KT_FR > https://geo.fr.ch/ags/services/OpenData/Remaniements_parcellaires/MapServer/WFSServer?request=GetCapabilities&service=WFS (source 914/1467)
2025-12-07 06:08:31,204 - Scraping log - scraper.py >         <module>(): Line 751 - INFO - Running default scraper on KT_FR > https://geo.fr.ch/ags/services/OpenData/Repartition_des_niveaux_de_tolerance/MapServer/WFSServer?request=GetCapabilities&service=WFS (source 915/1467)
2025-12-07 06:08:34,547 - Scraping log - scraper.py >         <module>(): Line 751 - INFO - Running default scraper on KT_FR > https://geo.fr.ch/ags/services/OpenData/Repartitions_des_plans/MapServer/WFSServer?request=GetCapabilities&service=WFS (source 916/1467)
2025-12-07 06:08:38,303 - Scraping log - scraper.py >         <module>(): Line 751 - INFO - Running default scraper on KT_FR > https://geo.fr.ch/ags/services/OpenData/Reseau_d_itineraires_en_zones_de_tranquillite/MapServer/WFSServer?request=GetCapabilities&service=WFS (source 917/1467)
2025-12-07 06:08:41,785 - Scraping log - scraper.py >         <module>(): Line 751 - INFO - Running default scraper on KT_FR > https://geo.fr.ch/ags/services/OpenData/Reseaux_ecologiques/MapServer/WFSServer?request=GetCapabilities&service=WFS (source 918/1467)
2025-12-07 06:08:45,373 - Scraping log - scraper.py >         <module>(): Line 751 - INFO - Running default scraper on KT_FR > https://geo.fr.ch/ags/services/OpenData/Reseaux_integres_dans_AquaFri/MapServer/WFSServer?request=GetCapabilities&service=WFS (source 919/1467)
2025-12-07 06:08:49,627 - Scraping log - scraper.py >         <module>(): Line 751 - INFO - Running default scraper on KT_FR > https://geo.fr.ch/ags/services/OpenData/Reseaux_non_integres_dans_AquaFri/MapServer/WFSServer?request=GetCapabilities&service=WFS (source 920/1467)
2025-12-07 06:08:55,643 - Scraping log - scraper.py >         <module>(): Line 751 - INFO - Running default scraper on KT_FR > https://geo.fr.ch/ags/services/OpenData/Reserve_mycologique/MapServer/WFSServer?request=GetCapabilities&service=WFS (source 921/1467)
2025-12-07 06:09:01,796 - Scraping log - scraper.py >         <module>(): Line 751 - INFO - Running default scraper on KT_FR > https://geo.fr.ch/ags/services/OpenData/Reserves_d_oiseaux_d_eau_et_migrateurs/MapServer/WFSServer?request=GetCapabilities&service=WFS (source 922/1467)
2025-12-07 06:09:05,678 - Scraping log - scraper.py >         <module>(): Line 751 - INFO - Running default scraper on KT_FR > https://geo.fr.ch/ags/services/OpenData/Reserves_de_faune_pour_la_chasse/MapServer/WFSServer?request=GetCapabilities&service=WFS (source 923/1467)
2025-12-07 06:09:08,900 - Scraping log - scraper.py >         <module>(): Line 751 - INFO - Running default scraper on KT_FR > https://geo.fr.ch/ags/services/OpenData/Reserves_forestieres_cantonales/MapServer/WFSServer?request=GetCapabilities&service=WFS (source 924/1467)
2025-12-07 06:09:09,322 - Scraping log - scraper.py >         <module>(): Line 759 - WARNING - Scraping KT_FR > https://geo.fr.ch/ags/services/OpenData/Reserves_forestieres_cantonales/MapServer/WFSServer?request=GetCapabilities&service=WFS aborted
2025-12-07 06:09:09,323 - Scraping log - scraper.py >         <module>(): Line 751 - INFO - Running default scraper on KT_FR > https://geo.fr.ch/ags/services/OpenData/Reserves_forestieres_RDPPF/MapServer/WFSServer?request=GetCapabilities&service=WFS (source 925/1467)
2025-12-07 06:09:12,878 - Scraping log - scraper.py >         <module>(): Line 751 - INFO - Running default scraper on KT_FR > https://geo.fr.ch/ags/services/OpenData/Reserves_forestieres/MapServer/WFSServer?request=GetCapabilities&service=WFS (source 926/1467)
2025-12-07 06:09:16,890 - Scraping log - scraper.py >         <module>(): Line 751 - INFO - Running default scraper on KT_FR > https://geo.fr.ch/ags/services/OpenData/Reserves_naturelles_cantonales/MapServer/WFSServer?request=GetCapabilities&service=WFS (source 927/1467)
2025-12-07 06:09:20,522 - Scraping log - scraper.py >         <module>(): Line 751 - INFO - Running default scraper on KT_FR > https://geo.fr.ch/ags/services/OpenData/Reserves_paysageres_cantonales/MapServer/WFSServer?request=GetCapabilities&service=WFS (source 928/1467)
2025-12-07 06:09:23,827 - Scraping log - scraper.py >         <module>(): Line 751 - INFO - Running default scraper on KT_FR > https://geo.fr.ch/ags/services/OpenData/Reservoirs_AquaFri/MapServer/WFSServer?request=GetCapabilities&service=WFS (source 929/1467)
2025-12-07 06:09:27,184 - Scraping log - scraper.py >         <module>(): Line 751 - INFO - Running default scraper on KT_FR > https://geo.fr.ch/ags/services/OpenData/Ressources___sources_et_puits___de_l_inventaire_des_eaux_souterraines/MapServer/WFSServer?request=GetCapabilities&service=WFS (source 930/1467)
2025-12-07 06:09:30,618 - Scraping log - scraper.py >         <module>(): Line 751 - INFO - Running default scraper on KT_FR > https://geo.fr.ch/ags/services/OpenData/Revetements_phono_absorbants_routes_cantonales/MapServer/WFSServer?request=GetCapabilities&service=WFS (source 931/1467)
2025-12-07 06:09:34,026 - Scraping log - scraper.py >         <module>(): Line 751 - INFO - Running default scraper on KT_FR > https://geo.fr.ch/ags/services/OpenData/Revision_generale_PAL_amenagement_local/MapServer/WFSServer?request=GetCapabilities&service=WFS (source 932/1467)
2025-12-07 06:09:37,408 - Scraping log - scraper.py >         <module>(): Line 751 - INFO - Running default scraper on KT_FR > https://geo.fr.ch/ags/services/OpenData/Routes_Cantonales_ORGT___OUMin/MapServer/WFSServer?request=GetCapabilities&service=WFS (source 933/1467)
2025-12-07 06:09:41,197 - Scraping log - scraper.py >         <module>(): Line 751 - INFO - Running default scraper on KT_FR > https://geo.fr.ch/ags/services/OpenData/Routes_Cantonales_OSR/MapServer/WFSServer?request=GetCapabilities&service=WFS (source 934/1467)
2025-12-07 06:09:44,897 - Scraping log - scraper.py >         <module>(): Line 751 - INFO - Running default scraper on KT_FR > https://geo.fr.ch/ags/services/OpenData/Routes_lineaires_OPAM/MapServer/WFSServer?request=GetCapabilities&service=WFS (source 935/1467)
2025-12-07 06:09:48,108 - Scraping log - scraper.py >         <module>(): Line 751 - INFO - Running default scraper on KT_FR > https://geo.fr.ch/ags/services/OpenData/Routes_Nationales/MapServer/WFSServer?request=GetCapabilities&service=WFS (source 936/1467)
2025-12-07 06:09:51,702 - Scraping log - scraper.py >         <module>(): Line 751 - INFO - Running default scraper on KT_FR > https://geo.fr.ch/ags/services/OpenData/Routes_surfaciques_OPAM/MapServer/WFSServer?request=GetCapabilities&service=WFS (source 937/1467)
2025-12-07 06:09:56,217 - Scraping log - scraper.py >         <module>(): Line 751 - INFO - Running default scraper on KT_FR > https://geo.fr.ch/ags/services/OpenData/Ruisseaux_utilises_par_l_Etat/MapServer/WFSServer?request=GetCapabilities&service=WFS (source 938/1467)
2025-12-07 06:09:59,729 - Scraping log - scraper.py >         <module>(): Line 751 - INFO - Running default scraper on KT_FR > https://geo.fr.ch/ags/services/OpenData/Salamandre_tachetee/MapServer/WFSServer?request=GetCapabilities&service=WFS (source 939/1467)
2025-12-07 06:10:00,151 - Scraping log - scraper.py >         <module>(): Line 759 - WARNING - Scraping KT_FR > https://geo.fr.ch/ags/services/OpenData/Salamandre_tachetee/MapServer/WFSServer?request=GetCapabilities&service=WFS aborted
2025-12-07 06:10:00,152 - Scraping log - scraper.py >         <module>(): Line 751 - INFO - Running default scraper on KT_FR > https://geo.fr.ch/ags/services/OpenData/Secteur_de_dangers_naturels_RDPPF_affectation/MapServer/WFSServer?request=GetCapabilities&service=WFS (source 940/1467)
2025-12-07 06:10:10,386 - Scraping log - scraper.py >         <module>(): Line 751 - INFO - Running default scraper on KT_FR > https://geo.fr.ch/ags/services/OpenData/Secteurs_a_objectifs_de_protection_du_patrimoine_PAL/MapServer/WFSServer?request=GetCapabilities&service=WFS (source 941/1467)
2025-12-07 06:10:14,206 - Scraping log - scraper.py >         <module>(): Line 751 - INFO - Running default scraper on KT_FR > https://geo.fr.ch/ags/services/OpenData/Secteurs_de_faune/MapServer/WFSServer?request=GetCapabilities&service=WFS (source 942/1467)
2025-12-07 06:10:17,677 - Scraping log - scraper.py >         <module>(): Line 751 - INFO - Running default scraper on KT_FR > https://geo.fr.ch/ags/services/OpenData/Secteurs_de_protection_du_patrimoine_ayant_passe_l_enquete_publique_PAL_en_revison/MapServer/WFSServer?request=GetCapabilities&service=WFS (source 943/1467)
2025-12-07 06:10:21,297 - Scraping log - scraper.py >         <module>(): Line 751 - INFO - Running default scraper on KT_FR > https://geo.fr.ch/ags/services/OpenData/Secteurs_soumis_a_PAD_amenagement_local/MapServer/WFSServer?request=GetCapabilities&service=WFS (source 944/1467)
2025-12-07 06:10:24,716 - Scraping log - scraper.py >         <module>(): Line 751 - INFO - Running default scraper on KT_FR > https://geo.fr.ch/ags/services/OpenData/Servitudes_Labels/MapServer/WFSServer?request=GetCapabilities&service=WFS (source 945/1467)
2025-12-07 06:10:28,373 - Scraping log - scraper.py >         <module>(): Line 751 - INFO - Running default scraper on KT_FR > https://geo.fr.ch/ags/services/OpenData/Servitudes_Lignes/MapServer/WFSServer?request=GetCapabilities&service=WFS (source 946/1467)
2025-12-07 06:10:31,688 - Scraping log - scraper.py >         <module>(): Line 751 - INFO - Running default scraper on KT_FR > https://geo.fr.ch/ags/services/OpenData/Servitudes_Points/MapServer/WFSServer?request=GetCapabilities&service=WFS (source 947/1467)
2025-12-07 06:10:35,399 - Scraping log - scraper.py >         <module>(): Line 751 - INFO - Running default scraper on KT_FR > https://geo.fr.ch/ags/services/OpenData/Servitudes_Surfaces/MapServer/WFSServer?request=GetCapabilities&service=WFS (source 948/1467)
2025-12-07 06:10:38,513 - Scraping log - scraper.py >         <module>(): Line 751 - INFO - Running default scraper on KT_FR > https://geo.fr.ch/ags/services/OpenData/Sirenes_de_la_PCi/MapServer/WFSServer?request=GetCapabilities&service=WFS (source 949/1467)
2025-12-07 06:10:41,775 - Scraping log - scraper.py >         <module>(): Line 751 - INFO - Running default scraper on KT_FR > https://geo.fr.ch/ags/services/OpenData/Sites_a_batraciens_annexe_1/MapServer/WFSServer?request=GetCapabilities&service=WFS (source 950/1467)
2025-12-07 06:10:42,206 - Scraping log - scraper.py >         <module>(): Line 759 - WARNING - Scraping KT_FR > https://geo.fr.ch/ags/services/OpenData/Sites_a_batraciens_annexe_1/MapServer/WFSServer?request=GetCapabilities&service=WFS aborted
2025-12-07 06:10:42,206 - Scraping log - scraper.py >         <module>(): Line 751 - INFO - Running default scraper on KT_FR > https://geo.fr.ch/ags/services/OpenData/Sites_a_batraciens_annexe_2/MapServer/WFSServer?request=GetCapabilities&service=WFS (source 951/1467)
2025-12-07 06:10:42,623 - Scraping log - scraper.py >         <module>(): Line 759 - WARNING - Scraping KT_FR > https://geo.fr.ch/ags/services/OpenData/Sites_a_batraciens_annexe_2/MapServer/WFSServer?request=GetCapabilities&service=WFS aborted
2025-12-07 06:10:42,623 - Scraping log - scraper.py >         <module>(): Line 751 - INFO - Running default scraper on KT_FR > https://geo.fr.ch/ags/services/OpenData/Sites_a_batraciens_annexe_3/MapServer/WFSServer?request=GetCapabilities&service=WFS (source 952/1467)
2025-12-07 06:10:43,142 - Scraping log - scraper.py >         <module>(): Line 759 - WARNING - Scraping KT_FR > https://geo.fr.ch/ags/services/OpenData/Sites_a_batraciens_annexe_3/MapServer/WFSServer?request=GetCapabilities&service=WFS aborted
2025-12-07 06:10:43,142 - Scraping log - scraper.py >         <module>(): Line 751 - INFO - Running default scraper on KT_FR > https://geo.fr.ch/ags/services/OpenData/Sites_a_batraciens_objets_fixes/MapServer/WFSServer?request=GetCapabilities&service=WFS (source 953/1467)
2025-12-07 06:10:43,561 - Scraping log - scraper.py >         <module>(): Line 759 - WARNING - Scraping KT_FR > https://geo.fr.ch/ags/services/OpenData/Sites_a_batraciens_objets_fixes/MapServer/WFSServer?request=GetCapabilities&service=WFS aborted
2025-12-07 06:10:43,561 - Scraping log - scraper.py >         <module>(): Line 751 - INFO - Running default scraper on KT_FR > https://geo.fr.ch/ags/services/OpenData/Sites_a_batraciens_objets_itinerants/MapServer/WFSServer?request=GetCapabilities&service=WFS (source 954/1467)
2025-12-07 06:10:44,076 - Scraping log - scraper.py >         <module>(): Line 759 - WARNING - Scraping KT_FR > https://geo.fr.ch/ags/services/OpenData/Sites_a_batraciens_objets_itinerants/MapServer/WFSServer?request=GetCapabilities&service=WFS aborted
2025-12-07 06:10:44,076 - Scraping log - scraper.py >         <module>(): Line 751 - INFO - Running default scraper on KT_FR > https://geo.fr.ch/ags/services/OpenData/Sites_bases_sur_l_ISOS/MapServer/WFSServer?request=GetCapabilities&service=WFS (source 955/1467)
2025-12-07 06:10:47,460 - Scraping log - scraper.py >         <module>(): Line 751 - INFO - Running default scraper on KT_FR > https://geo.fr.ch/ags/services/OpenData/Sites_de_reproduction_de_batraciens_d_importance_locale/MapServer/WFSServer?request=GetCapabilities&service=WFS (source 956/1467)
2025-12-07 06:10:51,145 - Scraping log - scraper.py >         <module>(): Line 751 - INFO - Running default scraper on KT_FR > https://geo.fr.ch/ags/services/OpenData/Sites_marecageux_d_importance_nationale/MapServer/WFSServer?request=GetCapabilities&service=WFS (source 957/1467)
2025-12-07 06:10:54,568 - Scraping log - scraper.py >         <module>(): Line 751 - INFO - Running default scraper on KT_FR > https://geo.fr.ch/ags/services/OpenData/Sites_prioritaires_prairies_et_paturages_secs/MapServer/WFSServer?request=GetCapabilities&service=WFS (source 958/1467)
2025-12-07 06:10:58,160 - Scraping log - scraper.py >         <module>(): Line 751 - INFO - Running default scraper on KT_FR > https://geo.fr.ch/ags/services/OpenData/Stations_d_epuration/MapServer/WFSServer?request=GetCapabilities&service=WFS (source 959/1467)
2025-12-07 06:11:01,571 - Scraping log - scraper.py >         <module>(): Line 751 - INFO - Running default scraper on KT_FR > https://geo.fr.ch/ags/services/OpenData/Stations_de_fecondation_des_abeilles/MapServer/WFSServer?request=GetCapabilities&service=WFS (source 960/1467)
2025-12-07 06:11:06,416 - Scraping log - scraper.py >         <module>(): Line 751 - INFO - Running default scraper on KT_FR > https://geo.fr.ch/ags/services/OpenData/Stations_forestieres/MapServer/WFSServer?request=GetCapabilities&service=WFS (source 961/1467)
2025-12-07 06:11:11,104 - Scraping log - scraper.py >         <module>(): Line 751 - INFO - Running default scraper on KT_FR > https://geo.fr.ch/ags/services/OpenData/Stations_meteo_degres_jours_et_temperatures_moyennes/MapServer/WFSServer?request=GetCapabilities&service=WFS (source 962/1467)
2025-12-07 06:11:13,223 - Scraping log - scraper.py >         <module>(): Line 759 - WARNING - Scraping KT_FR > https://geo.fr.ch/ags/services/OpenData/Stations_meteo_degres_jours_et_temperatures_moyennes/MapServer/WFSServer?request=GetCapabilities&service=WFS aborted
2025-12-07 06:11:13,223 - Scraping log - scraper.py >         <module>(): Line 751 - INFO - Running default scraper on KT_FR > https://geo.fr.ch/ags/services/OpenData/Statuts_des_donnees_descriptives/MapServer/WFSServer?request=GetCapabilities&service=WFS (source 963/1467)
2025-12-07 06:11:19,521 - Scraping log - scraper.py >         <module>(): Line 751 - INFO - Running default scraper on KT_FR > https://geo.fr.ch/ags/services/OpenData/Statuts_des_immeubles_en_vigueur/MapServer/WFSServer?request=GetCapabilities&service=WFS (source 964/1467)
2025-12-07 06:11:26,617 - Scraping log - scraper.py >         <module>(): Line 751 - INFO - Running default scraper on KT_FR > https://geo.fr.ch/ags/services/OpenData/Statuts_des_immeubles_projetes/MapServer/WFSServer?request=GetCapabilities&service=WFS (source 965/1467)
2025-12-07 06:11:30,289 - Scraping log - scraper.py >         <module>(): Line 751 - INFO - Running default scraper on KT_FR > https://geo.fr.ch/ags/services/OpenData/Structures_d_accueil/MapServer/WFSServer?request=GetCapabilities&service=WFS (source 966/1467)
2025-12-07 06:11:33,711 - Scraping log - scraper.py >         <module>(): Line 751 - INFO - Running default scraper on KT_FR > https://geo.fr.ch/ags/services/OpenData/Structures_d_activites_de_promotion_enfance_jeunesse/MapServer/WFSServer?request=GetCapabilities&service=WFS (source 967/1467)
2025-12-07 06:11:37,414 - Scraping log - scraper.py >         <module>(): Line 751 - INFO - Running default scraper on KT_FR > https://geo.fr.ch/ags/services/OpenData/Surface_agricole_utile/MapServer/WFSServer?request=GetCapabilities&service=WFS (source 968/1467)
2025-12-07 06:11:37,835 - Scraping log - scraper.py >         <module>(): Line 759 - WARNING - Scraping KT_FR > https://geo.fr.ch/ags/services/OpenData/Surface_agricole_utile/MapServer/WFSServer?request=GetCapabilities&service=WFS aborted
2025-12-07 06:11:37,835 - Scraping log - scraper.py >         <module>(): Line 751 - INFO - Running default scraper on KT_FR > https://geo.fr.ch/ags/services/OpenData/Surface_chaussee_routes_cantonales/MapServer/WFSServer?request=GetCapabilities&service=WFS (source 969/1467)
2025-12-07 06:11:41,444 - Scraping log - scraper.py >         <module>(): Line 751 - INFO - Running default scraper on KT_FR > https://geo.fr.ch/ags/services/OpenData/Surface_de_couverture_Sirenes_de_la_PCi/MapServer/WFSServer?request=GetCapabilities&service=WFS (source 970/1467)
2025-12-07 06:11:44,903 - Scraping log - scraper.py >         <module>(): Line 751 - INFO - Running default scraper on KT_FR > https://geo.fr.ch/ags/services/OpenData/Surfaces_a_aptitude_reduite_pour_la_culture_des_champs/MapServer/WFSServer?request=GetCapabilities&service=WFS (source 971/1467)
2025-12-07 06:11:48,354 - Scraping log - scraper.py >         <module>(): Line 751 - INFO - Running default scraper on KT_FR > https://geo.fr.ch/ags/services/OpenData/Surfaces_d_assolement/MapServer/WFSServer?request=GetCapabilities&service=WFS (source 972/1467)
2025-12-07 06:11:51,702 - Scraping log - scraper.py >         <module>(): Line 751 - INFO - Running default scraper on KT_FR > https://geo.fr.ch/ags/services/OpenData/Surfaces_de_promotion_de_la_biodiversite_SPB_I/MapServer/WFSServer?request=GetCapabilities&service=WFS (source 973/1467)
2025-12-07 06:11:55,129 - Scraping log - scraper.py >         <module>(): Line 751 - INFO - Running default scraper on KT_FR > https://geo.fr.ch/ags/services/OpenData/Surfaces_de_promotion_de_la_biodiversite_SPB_II_Estivage/MapServer/WFSServer?request=GetCapabilities&service=WFS (source 974/1467)
2025-12-07 06:11:58,922 - Scraping log - scraper.py >         <module>(): Line 751 - INFO - Running default scraper on KT_FR > https://geo.fr.ch/ags/services/OpenData/Surfaces_de_promotion_de_la_biodiversite_SPB_II_Plaine/MapServer/WFSServer?request=GetCapabilities&service=WFS (source 975/1467)
2025-12-07 06:12:02,522 - Scraping log - scraper.py >         <module>(): Line 751 - INFO - Running default scraper on KT_FR > https://geo.fr.ch/ags/services/OpenData/Syndicats_de_chemins_alpestres/MapServer/WFSServer?request=GetCapabilities&service=WFS (source 976/1467)
2025-12-07 06:12:05,794 - Scraping log - scraper.py >         <module>(): Line 751 - INFO - Running default scraper on KT_FR > https://geo.fr.ch/ags/services/OpenData/Talus_a_valeur_ecologique_routes_cantonales/MapServer/WFSServer?request=GetCapabilities&service=WFS (source 977/1467)
2025-12-07 06:12:09,214 - Scraping log - scraper.py >         <module>(): Line 751 - INFO - Running default scraper on KT_FR > https://geo.fr.ch/ags/services/OpenData/Terrains_en_pente/MapServer/WFSServer?request=GetCapabilities&service=WFS (source 978/1467)
2025-12-07 06:12:12,773 - Scraping log - scraper.py >         <module>(): Line 751 - INFO - Running default scraper on KT_FR > https://geo.fr.ch/ags/services/OpenData/Territoires_de_chasse_en_montagne/MapServer/WFSServer?request=GetCapabilities&service=WFS (source 979/1467)
2025-12-07 06:12:21,914 - Scraping log - scraper.py >         <module>(): Line 751 - INFO - Running default scraper on KT_FR > https://geo.fr.ch/ags/services/OpenData/Trafic_journalier_moyen/MapServer/WFSServer?request=GetCapabilities&service=WFS (source 980/1467)
2025-12-07 06:12:26,233 - Scraping log - scraper.py >         <module>(): Line 751 - INFO - Running default scraper on KT_FR > https://geo.fr.ch/ags/services/OpenData/Trafic_poids_lourds/MapServer/WFSServer?request=GetCapabilities&service=WFS (source 981/1467)
2025-12-07 06:12:29,772 - Scraping log - scraper.py >         <module>(): Line 751 - INFO - Running default scraper on KT_FR > https://geo.fr.ch/ags/services/OpenData/Triages_forestiers/MapServer/WFSServer?request=GetCapabilities&service=WFS (source 982/1467)
2025-12-07 06:12:33,274 - Scraping log - scraper.py >         <module>(): Line 751 - INFO - Running default scraper on KT_FR > https://geo.fr.ch/ags/services/OpenData/Troncons_de_rues_en_couleurs/MapServer/WFSServer?request=GetCapabilities&service=WFS (source 983/1467)
2025-12-07 06:12:36,558 - Scraping log - scraper.py >         <module>(): Line 751 - INFO - Running default scraper on KT_FR > https://geo.fr.ch/ags/services/OpenData/Troncons_de_rues/MapServer/WFSServer?request=GetCapabilities&service=WFS (source 984/1467)
2025-12-07 06:12:39,746 - Scraping log - scraper.py >         <module>(): Line 751 - INFO - Running default scraper on KT_FR > https://geo.fr.ch/ags/services/OpenData/Type_d_objet_ISOS___Ligne/MapServer/WFSServer?request=GetCapabilities&service=WFS (source 985/1467)
2025-12-07 06:12:43,143 - Scraping log - scraper.py >         <module>(): Line 751 - INFO - Running default scraper on KT_FR > https://geo.fr.ch/ags/services/OpenData/Type_d_objet_ISOS___Polygone/MapServer/WFSServer?request=GetCapabilities&service=WFS (source 986/1467)
2025-12-07 06:12:47,218 - Scraping log - scraper.py >         <module>(): Line 751 - INFO - Running default scraper on KT_FR > https://geo.fr.ch/ags/services/OpenData/Unites_d_exploitation/MapServer/WFSServer?request=GetCapabilities&service=WFS (source 987/1467)
2025-12-07 06:12:50,775 - Scraping log - scraper.py >         <module>(): Line 751 - INFO - Running default scraper on KT_FR > https://geo.fr.ch/ags/services/OpenData/Unites_de_gestion_des_forets_publiques/MapServer/WFSServer?request=GetCapabilities&service=WFS (source 988/1467)
2025-12-07 06:12:54,379 - Scraping log - scraper.py >         <module>(): Line 751 - INFO - Running default scraper on KT_FR > https://geo.fr.ch/ags/services/OpenData/Unites_pastorales_catholiques/MapServer/WFSServer?request=GetCapabilities&service=WFS (source 989/1467)
2025-12-07 06:12:57,947 - Scraping log - scraper.py >         <module>(): Line 751 - INFO - Running default scraper on KT_FR > https://geo.fr.ch/ags/services/OpenData/Vannes_AquaFri/MapServer/WFSServer?request=GetCapabilities&service=WFS (source 990/1467)
2025-12-07 06:13:01,364 - Scraping log - scraper.py >         <module>(): Line 751 - INFO - Running default scraper on KT_FR > https://geo.fr.ch/ags/services/OpenData/Vigne_en_production_AOC/MapServer/WFSServer?request=GetCapabilities&service=WFS (source 991/1467)
2025-12-07 06:13:04,853 - Scraping log - scraper.py >         <module>(): Line 751 - INFO - Running default scraper on KT_FR > https://geo.fr.ch/ags/services/OpenData/Vignobles_en_pente/MapServer/WFSServer?request=GetCapabilities&service=WFS (source 992/1467)
2025-12-07 06:13:08,536 - Scraping log - scraper.py >         <module>(): Line 751 - INFO - Running default scraper on KT_FR > https://geo.fr.ch/ags/services/OpenData/Voies_historiques_IVS/MapServer/WFSServer?request=GetCapabilities&service=WFS (source 993/1467)
2025-12-07 06:13:12,435 - Scraping log - scraper.py >         <module>(): Line 751 - INFO - Running default scraper on KT_FR > https://geo.fr.ch/ags/services/OpenData/Zones_a_batir_et_perimetre_d_habitat_a_maintenir_amenagement_local_PAZ/MapServer/WFSServer?request=GetCapabilities&service=WFS (source 994/1467)
2025-12-07 06:13:12,954 - Scraping log - scraper.py >         <module>(): Line 759 - WARNING - Scraping KT_FR > https://geo.fr.ch/ags/services/OpenData/Zones_a_batir_et_perimetre_d_habitat_a_maintenir_amenagement_local_PAZ/MapServer/WFSServer?request=GetCapabilities&service=WFS aborted
2025-12-07 06:13:12,954 - Scraping log - scraper.py >         <module>(): Line 751 - INFO - Running default scraper on KT_FR > https://geo.fr.ch/ags/services/OpenData/Zones_alluviales_d_importance_locale/MapServer/WFSServer?request=GetCapabilities&service=WFS (source 995/1467)
2025-12-07 06:13:16,979 - Scraping log - scraper.py >         <module>(): Line 751 - INFO - Running default scraper on KT_FR > https://geo.fr.ch/ags/services/OpenData/Zones_alluviales_d_importance_nationale/MapServer/WFSServer?request=GetCapabilities&service=WFS (source 996/1467)
2025-12-07 06:13:20,488 - Scraping log - scraper.py >         <module>(): Line 751 - INFO - Running default scraper on KT_FR > https://geo.fr.ch/ags/services/OpenData/Zones_alluviales/MapServer/WFSServer?request=GetCapabilities&service=WFS (source 997/1467)
2025-12-07 06:13:21,013 - Scraping log - scraper.py >         <module>(): Line 759 - WARNING - Scraping KT_FR > https://geo.fr.ch/ags/services/OpenData/Zones_alluviales/MapServer/WFSServer?request=GetCapabilities&service=WFS aborted
2025-12-07 06:13:21,013 - Scraping log - scraper.py >         <module>(): Line 751 - INFO - Running default scraper on KT_FR > https://geo.fr.ch/ags/services/OpenData/Zones_de_contribution_federale_MO/MapServer/WFSServer?request=GetCapabilities&service=WFS (source 998/1467)
2025-12-07 06:13:24,442 - Scraping log - scraper.py >         <module>(): Line 751 - INFO - Running default scraper on KT_FR > https://geo.fr.ch/ags/services/OpenData/Zones_de_desserte_de_l_approvisionnement_en_electricite/MapServer/WFSServer?request=GetCapabilities&service=WFS (source 999/1467)
2025-12-07 06:13:28,121 - Scraping log - scraper.py >         <module>(): Line 751 - INFO - Running default scraper on KT_FR > https://geo.fr.ch/ags/services/OpenData/Zones_de_protection_des_eaux_souterraines_RDPPF/MapServer/WFSServer?request=GetCapabilities&service=WFS (source 1000/1467)
2025-12-07 06:13:31,429 - Scraping log - scraper.py >         <module>(): Line 751 - INFO - Running default scraper on KT_FR > https://geo.fr.ch/ags/services/OpenData/Zones_de_recrutement_des_etablissements_primaires_francophones/MapServer/WFSServer?request=GetCapabilities&service=WFS (source 1001/1467)
2025-12-07 06:13:34,930 - Scraping log - scraper.py >         <module>(): Line 751 - INFO - Running default scraper on KT_FR > https://geo.fr.ch/ags/services/OpenData/Zones_de_recrutement_des_etablissements_primaires_germanophones/MapServer/WFSServer?request=GetCapabilities&service=WFS (source 1002/1467)
2025-12-07 06:13:38,261 - Scraping log - scraper.py >         <module>(): Line 751 - INFO - Running default scraper on KT_FR > https://geo.fr.ch/ags/services/OpenData/Zones_de_recrutement_des_etablissements_secondaires_francophones/MapServer/WFSServer?request=GetCapabilities&service=WFS (source 1003/1467)
2025-12-07 06:13:41,716 - Scraping log - scraper.py >         <module>(): Line 751 - INFO - Running default scraper on KT_FR > https://geo.fr.ch/ags/services/OpenData/Zones_de_recrutement_des_etablissements_secondaires_germanophones/MapServer/WFSServer?request=GetCapabilities&service=WFS (source 1004/1467)
2025-12-07 06:13:45,317 - Scraping log - scraper.py >         <module>(): Line 751 - INFO - Running default scraper on KT_FR > https://geo.fr.ch/ags/services/OpenData/Zones_de_tensions_negligeables/MapServer/WFSServer?request=GetCapabilities&service=WFS (source 1005/1467)
2025-12-07 06:13:50,141 - Scraping log - scraper.py >         <module>(): Line 751 - INFO - Running default scraper on KT_FR > https://geo.fr.ch/ags/services/OpenData/Zones_de_tranquillite/MapServer/WFSServer?request=GetCapabilities&service=WFS (source 1006/1467)
2025-12-07 06:13:53,673 - Scraping log - scraper.py >         <module>(): Line 751 - INFO - Running default scraper on KT_FR > https://geo.fr.ch/ags/services/OpenData/Zones_et_reserves_de_peche_cours_d_eau/MapServer/WFSServer?request=GetCapabilities&service=WFS (source 1007/1467)
2025-12-07 06:13:54,088 - Scraping log - scraper.py >         <module>(): Line 759 - WARNING - Scraping KT_FR > https://geo.fr.ch/ags/services/OpenData/Zones_et_reserves_de_peche_cours_d_eau/MapServer/WFSServer?request=GetCapabilities&service=WFS aborted
2025-12-07 06:13:54,088 - Scraping log - scraper.py >         <module>(): Line 751 - INFO - Running default scraper on KT_FR > https://geo.fr.ch/ags/services/OpenData/Zones_et_reserves_de_peche_lacs/MapServer/WFSServer?request=GetCapabilities&service=WFS (source 1008/1467)
2025-12-07 06:13:54,529 - Scraping log - scraper.py >         <module>(): Line 759 - WARNING - Scraping KT_FR > https://geo.fr.ch/ags/services/OpenData/Zones_et_reserves_de_peche_lacs/MapServer/WFSServer?request=GetCapabilities&service=WFS aborted
2025-12-07 06:13:54,529 - Scraping log - scraper.py >         <module>(): Line 751 - INFO - Running default scraper on KT_FR > https://geo.fr.ch/ags/services/OpenData/Zones_humides_Ramsar/MapServer/WFSServer?request=GetCapabilities&service=WFS (source 1009/1467)
2025-12-07 06:13:57,825 - Scraping log - scraper.py >         <module>(): Line 751 - INFO - Running default scraper on KT_FR > https://geo.fr.ch/ags/services/OpenData/Zones_interdites_au_kitesurfing/MapServer/WFSServer?request=GetCapabilities&service=WFS (source 1010/1467)
2025-12-07 06:14:01,277 - Scraping log - scraper.py >         <module>(): Line 751 - INFO - Running default scraper on KT_FR > https://geo.fr.ch/ags/services/OpenData/Zones_reservees_des_routes_cantonales_RDPPF/MapServer/WFSServer?request=GetCapabilities&service=WFS (source 1011/1467)
2025-12-07 06:14:04,617 - Scraping log - scraper.py >         <module>(): Line 751 - INFO - Running default scraper on KT_FR > https://geo.fr.ch/ags/services/OpenData/Zones_reservees_RDPPF_affectation/MapServer/WFSServer?request=GetCapabilities&service=WFS (source 1012/1467)
2025-12-07 06:14:08,134 - Scraping log - scraper.py >         <module>(): Line 751 - INFO - Running default scraper on KT_FR > https://geo.fr.ch/ags/services/OpenData/Zones_superposees_de_protection_de_la_nature_et_du_paysage/MapServer/WFSServer?request=GetCapabilities&service=WFS (source 1013/1467)
2025-12-07 06:14:08,666 - Scraping log - scraper.py >         <module>(): Line 759 - WARNING - Scraping KT_FR > https://geo.fr.ch/ags/services/OpenData/Zones_superposees_de_protection_de_la_nature_et_du_paysage/MapServer/WFSServer?request=GetCapabilities&service=WFS aborted
2025-12-07 06:14:08,666 - Scraping log - scraper.py >         <module>(): Line 751 - INFO - Running default scraper on KT_FR > https://geo.fr.ch/ags/services/OpenData/Accidents_de_la_circulation_routiere/MapServer/WMSServer?request=GetCapabilities&service=WMS (source 1014/1467)
2025-12-07 06:14:12,000 - Scraping log - scraper.py >         <module>(): Line 751 - INFO - Running default scraper on KT_FR > https://geo.fr.ch/ags/services/OpenData/Accroissement_annuel_de_trafic_2015_2020/MapServer/WMSServer?request=GetCapabilities&service=WMS (source 1015/1467)
2025-12-07 06:14:15,073 - Scraping log - scraper.py >         <module>(): Line 751 - INFO - Running default scraper on KT_FR > https://geo.fr.ch/ags/services/OpenData/Admissibilite_des_sondes_geothermiques_SGV/MapServer/WMSServer?request=GetCapabilities&service=WMS (source 1016/1467)
2025-12-07 06:14:17,433 - Scraping log - scraper.py >         <module>(): Line 751 - INFO - Running default scraper on KT_FR > https://geo.fr.ch/ags/services/OpenData/Adresses_MO_RegBL_par_rue/MapServer/WMSServer?request=GetCapabilities&service=WMS (source 1017/1467)
2025-12-07 06:14:20,773 - Scraping log - scraper.py >         <module>(): Line 751 - INFO - Running default scraper on KT_FR > https://geo.fr.ch/ags/services/OpenData/Adresses_MO_RegBL_RegBAFR/MapServer/WMSServer?request=GetCapabilities&service=WMS (source 1018/1467)
2025-12-07 06:14:23,181 - Scraping log - scraper.py >         <module>(): Line 751 - INFO - Running default scraper on KT_FR > https://geo.fr.ch/ags/services/OpenData/Adresses_REGBL/MapServer/WMSServer?request=GetCapabilities&service=WMS (source 1019/1467)
2025-12-07 06:14:25,714 - Scraping log - scraper.py >         <module>(): Line 751 - INFO - Running default scraper on KT_FR > https://geo.fr.ch/ags/services/OpenData/Affectations_primaires_RDPPF_affectation/MapServer/WMSServer?request=GetCapabilities&service=WMS (source 1020/1467)
2025-12-07 06:14:29,481 - Scraping log - scraper.py >         <module>(): Line 751 - INFO - Running default scraper on KT_FR > https://geo.fr.ch/ags/services/OpenData/Amenagements_longitudinaux_plan_sectoriel_velo/MapServer/WMSServer?request=GetCapabilities&service=WMS (source 1021/1467)
2025-12-07 06:14:32,539 - Scraping log - scraper.py >         <module>(): Line 751 - INFO - Running default scraper on KT_FR > https://geo.fr.ch/ags/services/OpenData/Amenagements_ponctuels_plan_sectoriel_velo/MapServer/WMSServer?request=GetCapabilities&service=WMS (source 1022/1467)
2025-12-07 06:14:35,448 - Scraping log - scraper.py >         <module>(): Line 751 - INFO - Running default scraper on KT_FR > https://geo.fr.ch/ags/services/OpenData/Animation_socioculturelle_communale/MapServer/WMSServer?request=GetCapabilities&service=WMS (source 1023/1467)
2025-12-07 06:14:37,846 - Scraping log - scraper.py >         <module>(): Line 751 - INFO - Running default scraper on KT_FR > https://geo.fr.ch/ags/services/OpenData/Animation_socioculturelle_regionale/MapServer/WMSServer?request=GetCapabilities&service=WMS (source 1024/1467)
2025-12-07 06:14:40,448 - Scraping log - scraper.py >         <module>(): Line 751 - INFO - Running default scraper on KT_FR > https://geo.fr.ch/ags/services/OpenData/AOP_Emmental/MapServer/WMSServer?request=GetCapabilities&service=WMS (source 1025/1467)
2025-12-07 06:14:42,869 - Scraping log - scraper.py >         <module>(): Line 751 - INFO - Running default scraper on KT_FR > https://geo.fr.ch/ags/services/OpenData/AOP_Gruyere/MapServer/WMSServer?request=GetCapabilities&service=WMS (source 1026/1467)
2025-12-07 06:14:45,233 - Scraping log - scraper.py >         <module>(): Line 751 - INFO - Running default scraper on KT_FR > https://geo.fr.ch/ags/services/OpenData/AOP_Poire_a_botzi/MapServer/WMSServer?request=GetCapabilities&service=WMS (source 1027/1467)
2025-12-07 06:14:47,745 - Scraping log - scraper.py >         <module>(): Line 751 - INFO - Running default scraper on KT_FR > https://geo.fr.ch/ags/services/OpenData/AOP_Vacherin_fribourgeois/MapServer/WMSServer?request=GetCapabilities&service=WMS (source 1028/1467)
2025-12-07 06:14:50,472 - Scraping log - scraper.py >         <module>(): Line 751 - INFO - Running default scraper on KT_FR > https://geo.fr.ch/ags/services/OpenData/Aptitudes_climatiques/MapServer/WMSServer?request=GetCapabilities&service=WMS (source 1029/1467)
2025-12-07 06:14:52,879 - Scraping log - scraper.py >         <module>(): Line 751 - INFO - Running default scraper on KT_FR > https://geo.fr.ch/ags/services/OpenData/Aquiferes_de_l_inventaire_des_eaux_souterraines/MapServer/WMSServer?request=GetCapabilities&service=WMS (source 1030/1467)
2025-12-07 06:14:55,819 - Scraping log - scraper.py >         <module>(): Line 751 - INFO - Running default scraper on KT_FR > https://geo.fr.ch/ags/services/OpenData/Arbres_culture/MapServer/WMSServer?request=GetCapabilities&service=WMS (source 1031/1467)
2025-12-07 06:14:58,193 - Scraping log - scraper.py >         <module>(): Line 751 - INFO - Running default scraper on KT_FR > https://geo.fr.ch/ags/services/OpenData/Arbres_spectaculaires/MapServer/WMSServer?request=GetCapabilities&service=WMS (source 1032/1467)
2025-12-07 06:15:00,889 - Scraping log - scraper.py >         <module>(): Line 751 - INFO - Running default scraper on KT_FR > https://geo.fr.ch/ags/services/OpenData/Arrets_de_transport_public/MapServer/WMSServer?request=GetCapabilities&service=WMS (source 1033/1467)
2025-12-07 06:15:04,293 - Scraping log - scraper.py >         <module>(): Line 751 - INFO - Running default scraper on KT_FR > https://geo.fr.ch/ags/services/OpenData/Arrondissements_d_entretien_routes_cantonales/MapServer/WMSServer?request=GetCapabilities&service=WMS (source 1034/1467)
2025-12-07 06:15:06,847 - Scraping log - scraper.py >         <module>(): Line 751 - INFO - Running default scraper on KT_FR > https://geo.fr.ch/ags/services/OpenData/Arrondissements_d_inspectorat_ecoles/MapServer/WMSServer?request=GetCapabilities&service=WMS (source 1035/1467)
2025-12-07 06:15:09,420 - Scraping log - scraper.py >         <module>(): Line 751 - INFO - Running default scraper on KT_FR > https://geo.fr.ch/ags/services/OpenData/Arrondissements_forestiers/MapServer/WMSServer?request=GetCapabilities&service=WMS (source 1036/1467)
2025-12-07 06:15:11,712 - Scraping log - scraper.py >         <module>(): Line 751 - INFO - Running default scraper on KT_FR > https://geo.fr.ch/ags/services/OpenData/Assainissement_de_terrain_drainage/MapServer/WMSServer?request=GetCapabilities&service=WMS (source 1037/1467)
2025-12-07 06:15:14,114 - Scraping log - scraper.py >         <module>(): Line 751 - INFO - Running default scraper on KT_FR > https://geo.fr.ch/ags/services/OpenData/Associations_forestieres_remarquables/MapServer/WMSServer?request=GetCapabilities&service=WMS (source 1038/1467)
2025-12-07 06:15:17,040 - Scraping log - scraper.py >         <module>(): Line 751 - INFO - Running default scraper on KT_FR > https://geo.fr.ch/ags/services/OpenData/Axes_de_maintenance_SRB/MapServer/WMSServer?request=GetCapabilities&service=WMS (source 1039/1467)
2025-12-07 06:15:19,552 - Scraping log - scraper.py >         <module>(): Line 751 - INFO - Running default scraper on KT_FR > https://geo.fr.ch/ags/services/OpenData/Bandes_cyclables_routes_cantonales/MapServer/WMSServer?request=GetCapabilities&service=WMS (source 1040/1467)
2025-12-07 06:15:22,018 - Scraping log - scraper.py >         <module>(): Line 751 - INFO - Running default scraper on KT_FR > https://geo.fr.ch/ags/services/OpenData/Bas_marais_d_importance_locale/MapServer/WMSServer?request=GetCapabilities&service=WMS (source 1041/1467)
2025-12-07 06:15:24,453 - Scraping log - scraper.py >         <module>(): Line 751 - INFO - Running default scraper on KT_FR > https://geo.fr.ch/ags/services/OpenData/Bas_marais_d_importance_nationale/MapServer/WMSServer?request=GetCapabilities&service=WMS (source 1042/1467)
2025-12-07 06:15:27,027 - Scraping log - scraper.py >         <module>(): Line 751 - INFO - Running default scraper on KT_FR > https://geo.fr.ch/ags/services/OpenData/Bas_marais/MapServer/WMSServer?request=GetCapabilities&service=WMS (source 1043/1467)
2025-12-07 06:15:27,466 - Scraping log - scraper.py >         <module>(): Line 759 - WARNING - Scraping KT_FR > https://geo.fr.ch/ags/services/OpenData/Bas_marais/MapServer/WMSServer?request=GetCapabilities&service=WMS aborted
2025-12-07 06:15:27,466 - Scraping log - scraper.py >         <module>(): Line 751 - INFO - Running default scraper on KT_FR > https://geo.fr.ch/ags/services/OpenData/Batiments_exposes_aux_dangers_naturels_gravitaires___par_processus/MapServer/WMSServer?request=GetCapabilities&service=WMS (source 1044/1467)
2025-12-07 06:15:27,877 - Scraping log - scraper.py >         <module>(): Line 759 - WARNING - Scraping KT_FR > https://geo.fr.ch/ags/services/OpenData/Batiments_exposes_aux_dangers_naturels_gravitaires___par_processus/MapServer/WMSServer?request=GetCapabilities&service=WMS aborted
2025-12-07 06:15:27,878 - Scraping log - scraper.py >         <module>(): Line 751 - INFO - Running default scraper on KT_FR > https://geo.fr.ch/ags/services/OpenData/Batiments_MO_RegBL_par_rue/MapServer/WMSServer?request=GetCapabilities&service=WMS (source 1045/1467)
2025-12-07 06:15:30,527 - Scraping log - scraper.py >         <module>(): Line 751 - INFO - Running default scraper on KT_FR > https://geo.fr.ch/ags/services/OpenData/Batiments_MO_RegBL_RegBAFR/MapServer/WMSServer?request=GetCapabilities&service=WMS (source 1046/1467)
2025-12-07 06:15:32,831 - Scraping log - scraper.py >         <module>(): Line 751 - INFO - Running default scraper on KT_FR > https://geo.fr.ch/ags/services/OpenData/Batraciens_et_trafic_routier/MapServer/WMSServer?request=GetCapabilities&service=WMS (source 1047/1467)
2025-12-07 06:15:33,247 - Scraping log - scraper.py >         <module>(): Line 759 - WARNING - Scraping KT_FR > https://geo.fr.ch/ags/services/OpenData/Batraciens_et_trafic_routier/MapServer/WMSServer?request=GetCapabilities&service=WMS aborted
2025-12-07 06:15:33,247 - Scraping log - scraper.py >         <module>(): Line 751 - INFO - Running default scraper on KT_FR > https://geo.fr.ch/ags/services/OpenData/Belastete_Standorte_Ablagerungsstandorte/MapServer/WMSServer?request=GetCapabilities&service=WMS (source 1048/1467)
2025-12-07 06:15:36,082 - Scraping log - scraper.py >         <module>(): Line 751 - INFO - Running default scraper on KT_FR > https://geo.fr.ch/ags/services/OpenData/Belastete_Standorte_Betriebsstandorte/MapServer/WMSServer?request=GetCapabilities&service=WMS (source 1049/1467)
2025-12-07 06:15:38,622 - Scraping log - scraper.py >         <module>(): Line 751 - INFO - Running default scraper on KT_FR > https://geo.fr.ch/ags/services/OpenData/Belastete_Standorte_Schiessanlagen/MapServer/WMSServer?request=GetCapabilities&service=WMS (source 1050/1467)
2025-12-07 06:15:41,336 - Scraping log - scraper.py >         <module>(): Line 751 - INFO - Running default scraper on KT_FR > https://geo.fr.ch/ags/services/OpenData/Belastete_Standorte_Unfallstandorte/MapServer/WMSServer?request=GetCapabilities&service=WMS (source 1051/1467)
2025-12-07 06:15:43,745 - Scraping log - scraper.py >         <module>(): Line 751 - INFO - Running default scraper on KT_FR > https://geo.fr.ch/ags/services/OpenData/Biens_culturels_immeubles_proteges_RBCI_SBC/MapServer/WMSServer?request=GetCapabilities&service=WMS (source 1052/1467)
2025-12-07 06:15:46,443 - Scraping log - scraper.py >         <module>(): Line 751 - INFO - Running default scraper on KT_FR > https://geo.fr.ch/ags/services/OpenData/Biens_culturels_immeubles_recenses_RBCI_SBC/MapServer/WMSServer?request=GetCapabilities&service=WMS (source 1053/1467)
2025-12-07 06:15:48,867 - Scraping log - scraper.py >         <module>(): Line 751 - INFO - Running default scraper on KT_FR > https://geo.fr.ch/ags/services/OpenData/Blocs_erratiques_d_importance_cantonale_Etude_de_base/MapServer/WMSServer?request=GetCapabilities&service=WMS (source 1054/1467)
2025-12-07 06:15:51,738 - Scraping log - scraper.py >         <module>(): Line 751 - INFO - Running default scraper on KT_FR > https://geo.fr.ch/ags/services/OpenData/Bornes_historiques/MapServer/WMSServer?request=GetCapabilities&service=WMS (source 1055/1467)
2025-12-07 06:15:54,144 - Scraping log - scraper.py >         <module>(): Line 751 - INFO - Running default scraper on KT_FR > https://geo.fr.ch/ags/services/OpenData/Cadastre_des_evenements_StorMe/MapServer/WMSServer?request=GetCapabilities&service=WMS (source 1056/1467)
2025-12-07 06:15:54,659 - Scraping log - scraper.py >         <module>(): Line 759 - WARNING - Scraping KT_FR > https://geo.fr.ch/ags/services/OpenData/Cadastre_des_evenements_StorMe/MapServer/WMSServer?request=GetCapabilities&service=WMS aborted
2025-12-07 06:15:54,659 - Scraping log - scraper.py >         <module>(): Line 751 - INFO - Running default scraper on KT_FR > https://geo.fr.ch/ags/services/OpenData/Cadastre_des_sites_pollues_RDPPF/MapServer/WMSServer?request=GetCapabilities&service=WMS (source 1057/1467)
2025-12-07 06:15:56,961 - Scraping log - scraper.py >         <module>(): Line 751 - INFO - Running default scraper on KT_FR > https://geo.fr.ch/ags/services/OpenData/Canton/MapServer/WMSServer?request=GetCapabilities&service=WMS (source 1058/1467)
2025-12-07 06:15:59,279 - Scraping log - scraper.py >         <module>(): Line 751 - INFO - Running default scraper on KT_FR > https://geo.fr.ch/ags/services/OpenData/Captages_AquaFri/MapServer/WMSServer?request=GetCapabilities&service=WMS (source 1059/1467)
2025-12-07 06:16:04,048 - Scraping log - scraper.py >         <module>(): Line 751 - INFO - Running default scraper on KT_FR > https://geo.fr.ch/ags/services/OpenData/Carte_de_danger___Avalanches/MapServer/WMSServer?request=GetCapabilities&service=WMS (source 1060/1467)
2025-12-07 06:16:06,475 - Scraping log - scraper.py >         <module>(): Line 751 - INFO - Running default scraper on KT_FR > https://geo.fr.ch/ags/services/OpenData/Carte_de_danger___Chutes_de_pierres___blocs/MapServer/WMSServer?request=GetCapabilities&service=WMS (source 1061/1467)
2025-12-07 06:16:06,903 - Scraping log - scraper.py >         <module>(): Line 759 - WARNING - Scraping KT_FR > https://geo.fr.ch/ags/services/OpenData/Carte_de_danger___Chutes_de_pierres___blocs/MapServer/WMSServer?request=GetCapabilities&service=WMS aborted
2025-12-07 06:16:06,903 - Scraping log - scraper.py >         <module>(): Line 751 - INFO - Running default scraper on KT_FR > https://geo.fr.ch/ags/services/OpenData/Carte_de_danger___Chutes_de_pierres__blocs/MapServer/WMSServer?request=GetCapabilities&service=WMS (source 1062/1467)
2025-12-07 06:16:07,323 - Scraping log - scraper.py >         <module>(): Line 759 - WARNING - Scraping KT_FR > https://geo.fr.ch/ags/services/OpenData/Carte_de_danger___Chutes_de_pierres__blocs/MapServer/WMSServer?request=GetCapabilities&service=WMS aborted
2025-12-07 06:16:07,323 - Scraping log - scraper.py >         <module>(): Line 751 - INFO - Running default scraper on KT_FR > https://geo.fr.ch/ags/services/OpenData/Carte_de_danger___Crues/MapServer/WMSServer?request=GetCapabilities&service=WMS (source 1063/1467)
2025-12-07 06:16:09,865 - Scraping log - scraper.py >         <module>(): Line 751 - INFO - Running default scraper on KT_FR > https://geo.fr.ch/ags/services/OpenData/Carte_de_danger___Effondrements_de_falaise/MapServer/WMSServer?request=GetCapabilities&service=WMS (source 1064/1467)
2025-12-07 06:16:12,486 - Scraping log - scraper.py >         <module>(): Line 751 - INFO - Running default scraper on KT_FR > https://geo.fr.ch/ags/services/OpenData/Carte_de_danger___Glissements_de_terrain/MapServer/WMSServer?request=GetCapabilities&service=WMS (source 1065/1467)
2025-12-07 06:16:12,926 - Scraping log - scraper.py >         <module>(): Line 759 - WARNING - Scraping KT_FR > https://geo.fr.ch/ags/services/OpenData/Carte_de_danger___Glissements_de_terrain/MapServer/WMSServer?request=GetCapabilities&service=WMS aborted
2025-12-07 06:16:12,926 - Scraping log - scraper.py >         <module>(): Line 751 - INFO - Running default scraper on KT_FR > https://geo.fr.ch/ags/services/OpenData/Carte_de_danger___Laves_torrentielles/MapServer/WMSServer?request=GetCapabilities&service=WMS (source 1066/1467)
2025-12-07 06:16:15,704 - Scraping log - scraper.py >         <module>(): Line 751 - INFO - Running default scraper on KT_FR > https://geo.fr.ch/ags/services/OpenData/Carte_de_protection_des_eaux/MapServer/WMSServer?request=GetCapabilities&service=WMS (source 1067/1467)
2025-12-07 06:16:18,124 - Scraping log - scraper.py >         <module>(): Line 751 - INFO - Running default scraper on KT_FR > https://geo.fr.ch/ags/services/OpenData/Carte_des_sols_de_fondation/MapServer/WMSServer?request=GetCapabilities&service=WMS (source 1068/1467)
2025-12-07 06:16:20,434 - Scraping log - scraper.py >         <module>(): Line 751 - INFO - Running default scraper on KT_FR > https://geo.fr.ch/ags/services/OpenData/Categorie_de_protection_ISOS/MapServer/WMSServer?request=GetCapabilities&service=WMS (source 1069/1467)
2025-12-07 06:16:23,018 - Scraping log - scraper.py >         <module>(): Line 751 - INFO - Running default scraper on KT_FR > https://geo.fr.ch/ags/services/OpenData/Centrales_MCT_AquaFri/MapServer/WMSServer?request=GetCapabilities&service=WMS (source 1070/1467)
2025-12-07 06:16:25,561 - Scraping log - scraper.py >         <module>(): Line 751 - INFO - Running default scraper on KT_FR > https://geo.fr.ch/ags/services/OpenData/Centres_d_exploitation_agricole/MapServer/WMSServer?request=GetCapabilities&service=WMS (source 1071/1467)
2025-12-07 06:16:28,102 - Scraping log - scraper.py >         <module>(): Line 751 - INFO - Running default scraper on KT_FR > https://geo.fr.ch/ags/services/OpenData/Centres_forestiers/MapServer/WMSServer?request=GetCapabilities&service=WMS (source 1072/1467)
2025-12-07 06:16:30,781 - Scraping log - scraper.py >         <module>(): Line 751 - INFO - Running default scraper on KT_FR > https://geo.fr.ch/ags/services/OpenData/Cercles_electoraux_des_anciennes_paroisses_catholiques/MapServer/WMSServer?request=GetCapabilities&service=WMS (source 1073/1467)
2025-12-07 06:16:33,223 - Scraping log - scraper.py >         <module>(): Line 751 - INFO - Running default scraper on KT_FR > https://geo.fr.ch/ags/services/OpenData/Cercles_scolaires_primaires_francophones/MapServer/WMSServer?request=GetCapabilities&service=WMS (source 1074/1467)
2025-12-07 06:16:35,893 - Scraping log - scraper.py >         <module>(): Line 751 - INFO - Running default scraper on KT_FR > https://geo.fr.ch/ags/services/OpenData/Cercles_scolaires_primaires_germanophones/MapServer/WMSServer?request=GetCapabilities&service=WMS (source 1075/1467)
2025-12-07 06:16:38,352 - Scraping log - scraper.py >         <module>(): Line 751 - INFO - Running default scraper on KT_FR > https://geo.fr.ch/ags/services/OpenData/Cercles_scolaires_secondaires_francophones/MapServer/WMSServer?request=GetCapabilities&service=WMS (source 1076/1467)
2025-12-07 06:16:40,800 - Scraping log - scraper.py >         <module>(): Line 751 - INFO - Running default scraper on KT_FR > https://geo.fr.ch/ags/services/OpenData/Cercles_scolaires_secondaires_germanophones/MapServer/WMSServer?request=GetCapabilities&service=WMS (source 1077/1467)
2025-12-07 06:16:43,676 - Scraping log - scraper.py >         <module>(): Line 751 - INFO - Running default scraper on KT_FR > https://geo.fr.ch/ags/services/OpenData/Chalets_d_alpage_recenses_SBC/MapServer/WMSServer?request=GetCapabilities&service=WMS (source 1078/1467)
2025-12-07 06:16:46,744 - Scraping log - scraper.py >         <module>(): Line 751 - INFO - Running default scraper on KT_FR > https://geo.fr.ch/ags/services/OpenData/Chalets_d_alpage_recenses/MapServer/WMSServer?request=GetCapabilities&service=WMS (source 1079/1467)
2025-12-07 06:16:47,263 - Scraping log - scraper.py >         <module>(): Line 759 - WARNING - Scraping KT_FR > https://geo.fr.ch/ags/services/OpenData/Chalets_d_alpage_recenses/MapServer/WMSServer?request=GetCapabilities&service=WMS aborted
2025-12-07 06:16:47,263 - Scraping log - scraper.py >         <module>(): Line 751 - INFO - Running default scraper on KT_FR > https://geo.fr.ch/ags/services/OpenData/Chambres_AquaFri/MapServer/WMSServer?request=GetCapabilities&service=WMS (source 1080/1467)
2025-12-07 06:16:50,205 - Scraping log - scraper.py >         <module>(): Line 751 - INFO - Running default scraper on KT_FR > https://geo.fr.ch/ags/services/OpenData/Chemins_de_randonnee_pedestre/MapServer/WMSServer?request=GetCapabilities&service=WMS (source 1081/1467)
2025-12-07 06:16:52,581 - Scraping log - scraper.py >         <module>(): Line 751 - INFO - Running default scraper on KT_FR > https://geo.fr.ch/ags/services/OpenData/Chroniques_archeologiques/MapServer/WMSServer?request=GetCapabilities&service=WMS (source 1082/1467)
2025-12-07 06:16:55,181 - Scraping log - scraper.py >         <module>(): Line 751 - INFO - Running default scraper on KT_FR > https://geo.fr.ch/ags/services/OpenData/Circonscriptions_des_gardes_faune/MapServer/WMSServer?request=GetCapabilities&service=WMS (source 1083/1467)
2025-12-07 06:16:57,461 - Scraping log - scraper.py >         <module>(): Line 751 - INFO - Running default scraper on KT_FR > https://geo.fr.ch/ags/services/OpenData/Collecteurs_fonction_canalisations_routes_cantonales/MapServer/WMSServer?request=GetCapabilities&service=WMS (source 1084/1467)
2025-12-07 06:17:05,162 - Scraping log - scraper.py >         <module>(): Line 751 - INFO - Running default scraper on KT_FR > https://geo.fr.ch/ags/services/OpenData/Collecteurs_proprietaire_canalisations_routes_cantonales/MapServer/WMSServer?request=GetCapabilities&service=WMS (source 1085/1467)
2025-12-07 06:17:09,307 - Scraping log - scraper.py >         <module>(): Line 751 - INFO - Running default scraper on KT_FR > https://geo.fr.ch/ags/services/OpenData/Colonies_de_bouquetins/MapServer/WMSServer?request=GetCapabilities&service=WMS (source 1086/1467)
2025-12-07 06:17:11,907 - Scraping log - scraper.py >         <module>(): Line 751 - INFO - Running default scraper on KT_FR > https://geo.fr.ch/ags/services/OpenData/Communes_partenaires_d_easyvote/MapServer/WMSServer?request=GetCapabilities&service=WMS (source 1087/1467)
2025-12-07 06:17:14,355 - Scraping log - scraper.py >         <module>(): Line 751 - INFO - Running default scraper on KT_FR > https://geo.fr.ch/ags/services/OpenData/Communes_partenaires_d_engage_ch/MapServer/WMSServer?request=GetCapabilities&service=WMS (source 1088/1467)
2025-12-07 06:17:17,002 - Scraping log - scraper.py >         <module>(): Line 751 - INFO - Running default scraper on KT_FR > https://geo.fr.ch/ags/services/OpenData/Communes/MapServer/WMSServer?request=GetCapabilities&service=WMS (source 1089/1467)
2025-12-07 06:17:19,208 - Scraping log - scraper.py >         <module>(): Line 751 - INFO - Running default scraper on KT_FR > https://geo.fr.ch/ags/services/OpenData/Conduites_AquaFri/MapServer/WMSServer?request=GetCapabilities&service=WMS (source 1090/1467)
2025-12-07 06:17:22,012 - Scraping log - scraper.py >         <module>(): Line 751 - INFO - Running default scraper on KT_FR > https://geo.fr.ch/ags/services/OpenData/Conduites/MapServer/WMSServer?request=GetCapabilities&service=WMS (source 1091/1467)
2025-12-07 06:17:24,622 - Scraping log - scraper.py >         <module>(): Line 751 - INFO - Running default scraper on KT_FR > https://geo.fr.ch/ags/services/OpenData/Conseil_d_enfants_ou_de_jeunes_projets_de_participation_politique/MapServer/WMSServer?request=GetCapabilities&service=WMS (source 1092/1467)
2025-12-07 06:17:27,056 - Scraping log - scraper.py >         <module>(): Line 751 - INFO - Running default scraper on KT_FR > https://geo.fr.ch/ags/services/OpenData/Contenus_lineaires_RDPPF_affectation/MapServer/WMSServer?request=GetCapabilities&service=WMS (source 1093/1467)
2025-12-07 06:17:30,145 - Scraping log - scraper.py >         <module>(): Line 751 - INFO - Running default scraper on KT_FR > https://geo.fr.ch/ags/services/OpenData/Contenus_ponctuels_RDPPF_affectation/MapServer/WMSServer?request=GetCapabilities&service=WMS (source 1094/1467)
2025-12-07 06:17:33,436 - Scraping log - scraper.py >         <module>(): Line 751 - INFO - Running default scraper on KT_FR > https://geo.fr.ch/ags/services/OpenData/Contrats_d_exploitation_en_vertu_de_la_loi_sur_la_protection_de_la_nature/MapServer/WMSServer?request=GetCapabilities&service=WMS (source 1095/1467)
2025-12-07 06:17:36,060 - Scraping log - scraper.py >         <module>(): Line 751 - INFO - Running default scraper on KT_FR > https://geo.fr.ch/ags/services/OpenData/Corridors_a_faune/MapServer/WMSServer?request=GetCapabilities&service=WMS (source 1096/1467)
2025-12-07 06:17:38,459 - Scraping log - scraper.py >         <module>(): Line 751 - INFO - Running default scraper on KT_FR > https://geo.fr.ch/ags/services/OpenData/Couverture_des_places_protegees_dans_le_canton/MapServer/WMSServer?request=GetCapabilities&service=WMS (source 1097/1467)
2025-12-07 06:17:40,749 - Scraping log - scraper.py >         <module>(): Line 751 - INFO - Running default scraper on KT_FR > https://geo.fr.ch/ags/services/OpenData/Couverture_du_sol/MapServer/WMSServer?request=GetCapabilities&service=WMS (source 1098/1467)
2025-12-07 06:17:43,300 - Scraping log - scraper.py >         <module>(): Line 751 - INFO - Running default scraper on KT_FR > https://geo.fr.ch/ags/services/OpenData/Cultures/MapServer/WMSServer?request=GetCapabilities&service=WMS (source 1099/1467)
2025-12-07 06:17:43,833 - Scraping log - scraper.py >         <module>(): Line 759 - WARNING - Scraping KT_FR > https://geo.fr.ch/ags/services/OpenData/Cultures/MapServer/WMSServer?request=GetCapabilities&service=WMS aborted
2025-12-07 06:17:43,833 - Scraping log - scraper.py >         <module>(): Line 751 - INFO - Running default scraper on KT_FR > https://geo.fr.ch/ags/services/OpenData/Decoupage_du_MNS_swissSURFACE3D_Raster_pour_telechargement_par_tuile/MapServer/WMSServer?request=GetCapabilities&service=WMS (source 1100/1467)
2025-12-07 06:17:46,433 - Scraping log - scraper.py >         <module>(): Line 751 - INFO - Running default scraper on KT_FR > https://geo.fr.ch/ags/services/OpenData/Decoupage_du_MNT_swissALTI3D_pour_telechargement_par_tuile/MapServer/WMSServer?request=GetCapabilities&service=WMS (source 1101/1467)
2025-12-07 06:17:48,814 - Scraping log - scraper.py >         <module>(): Line 751 - INFO - Running default scraper on KT_FR > https://geo.fr.ch/ags/services/OpenData/Decoupage_du_nuage_de_points_classifies_swissSURFACE3D_pour_telechargement_par_tuile/MapServer/WMSServer?request=GetCapabilities&service=WMS (source 1102/1467)
2025-12-07 06:17:51,445 - Scraping log - scraper.py >         <module>(): Line 751 - INFO - Running default scraper on KT_FR > https://geo.fr.ch/ags/services/OpenData/Degre_de_sensibilite_au_bruit_dans_les_zones_d_affectation_RDPPF/MapServer/WMSServer?request=GetCapabilities&service=WMS (source 1103/1467)
2025-12-07 06:17:54,094 - Scraping log - scraper.py >         <module>(): Line 751 - INFO - Running default scraper on KT_FR > https://geo.fr.ch/ags/services/OpenData/Demandes_de_permis_de_construire_en_traitement/MapServer/WMSServer?request=GetCapabilities&service=WMS (source 1104/1467)
2025-12-07 06:17:56,641 - Scraping log - scraper.py >         <module>(): Line 751 - INFO - Running default scraper on KT_FR > https://geo.fr.ch/ags/services/OpenData/Depots_d_entretien_routes_cantonales/MapServer/WMSServer?request=GetCapabilities&service=WMS (source 1105/1467)
2025-12-07 06:17:59,350 - Scraping log - scraper.py >         <module>(): Line 751 - INFO - Running default scraper on KT_FR > https://geo.fr.ch/ags/services/OpenData/Disponibilite_cadastre_RDPPF_par_commune/MapServer/WMSServer?request=GetCapabilities&service=WMS (source 1106/1467)
2025-12-07 06:17:59,778 - Scraping log - scraper.py >         <module>(): Line 759 - WARNING - Scraping KT_FR > https://geo.fr.ch/ags/services/OpenData/Disponibilite_cadastre_RDPPF_par_commune/MapServer/WMSServer?request=GetCapabilities&service=WMS aborted
2025-12-07 06:17:59,778 - Scraping log - scraper.py >         <module>(): Line 751 - INFO - Running default scraper on KT_FR > https://geo.fr.ch/ags/services/OpenData/Distances_par_rapport_a_la_foret_RDPPF/MapServer/WMSServer?request=GetCapabilities&service=WMS (source 1107/1467)
2025-12-07 06:18:02,195 - Scraping log - scraper.py >         <module>(): Line 751 - INFO - Running default scraper on KT_FR > https://geo.fr.ch/ags/services/OpenData/Distances_par_rapport_a_la_foret/MapServer/WMSServer?request=GetCapabilities&service=WMS (source 1108/1467)
2025-12-07 06:18:02,735 - Scraping log - scraper.py >         <module>(): Line 759 - WARNING - Scraping KT_FR > https://geo.fr.ch/ags/services/OpenData/Distances_par_rapport_a_la_foret/MapServer/WMSServer?request=GetCapabilities&service=WMS aborted
2025-12-07 06:18:02,735 - Scraping log - scraper.py >         <module>(): Line 751 - INFO - Running default scraper on KT_FR > https://geo.fr.ch/ags/services/OpenData/Districts_francs/MapServer/WMSServer?request=GetCapabilities&service=WMS (source 1109/1467)
2025-12-07 06:18:05,352 - Scraping log - scraper.py >         <module>(): Line 751 - INFO - Running default scraper on KT_FR > https://geo.fr.ch/ags/services/OpenData/Districts/MapServer/WMSServer?request=GetCapabilities&service=WMS (source 1110/1467)
2025-12-07 06:18:07,963 - Scraping log - scraper.py >         <module>(): Line 751 - INFO - Running default scraper on KT_FR > https://geo.fr.ch/ags/services/OpenData/Donnees_FRIBO_sol_agricole/MapServer/WMSServer?request=GetCapabilities&service=WMS (source 1111/1467)
2025-12-07 06:18:10,655 - Scraping log - scraper.py >         <module>(): Line 751 - INFO - Running default scraper on KT_FR > https://geo.fr.ch/ags/services/OpenData/Ecoles_primaires_batiments/MapServer/WMSServer?request=GetCapabilities&service=WMS (source 1112/1467)
2025-12-07 06:18:13,422 - Scraping log - scraper.py >         <module>(): Line 751 - INFO - Running default scraper on KT_FR > https://geo.fr.ch/ags/services/OpenData/Ecoles_secondaires_batiments/MapServer/WMSServer?request=GetCapabilities&service=WMS (source 1113/1467)
2025-12-07 06:18:15,961 - Scraping log - scraper.py >         <module>(): Line 751 - INFO - Running default scraper on KT_FR > https://geo.fr.ch/ags/services/OpenData/EGID_REGBL/MapServer/WMSServer?request=GetCapabilities&service=WMS (source 1114/1467)
2025-12-07 06:18:18,733 - Scraping log - scraper.py >         <module>(): Line 751 - INFO - Running default scraper on KT_FR > https://geo.fr.ch/ags/services/OpenData/Elements_superposes_de_type_affectation_RDPPF_affectation/MapServer/WMSServer?request=GetCapabilities&service=WMS (source 1115/1467)
2025-12-07 06:18:21,602 - Scraping log - scraper.py >         <module>(): Line 751 - INFO - Running default scraper on KT_FR > https://geo.fr.ch/ags/services/OpenData/Elements_superposes_de_type_protection_RDPPF_affectation/MapServer/WMSServer?request=GetCapabilities&service=WMS (source 1116/1467)
2025-12-07 06:18:24,271 - Scraping log - scraper.py >         <module>(): Line 751 - INFO - Running default scraper on KT_FR > https://geo.fr.ch/ags/services/OpenData/Emplacement_des_barrieres_a_batraciens/MapServer/WMSServer?request=GetCapabilities&service=WMS (source 1117/1467)
2025-12-07 06:18:26,601 - Scraping log - scraper.py >         <module>(): Line 751 - INFO - Running default scraper on KT_FR > https://geo.fr.ch/ags/services/OpenData/Entites_paysageres_CQP/MapServer/WMSServer?request=GetCapabilities&service=WMS (source 1118/1467)
2025-12-07 06:18:29,428 - Scraping log - scraper.py >         <module>(): Line 751 - INFO - Running default scraper on KT_FR > https://geo.fr.ch/ags/services/OpenData/Entreprises_approuvees/MapServer/WMSServer?request=GetCapabilities&service=WMS (source 1119/1467)
2025-12-07 06:18:31,955 - Scraping log - scraper.py >         <module>(): Line 751 - INFO - Running default scraper on KT_FR > https://geo.fr.ch/ags/services/OpenData/Entreprises_en_cours/MapServer/WMSServer?request=GetCapabilities&service=WMS (source 1120/1467)
2025-12-07 06:18:34,883 - Scraping log - scraper.py >         <module>(): Line 751 - INFO - Running default scraper on KT_FR > https://geo.fr.ch/ags/services/OpenData/Entreprises_planifiees/MapServer/WMSServer?request=GetCapabilities&service=WMS (source 1121/1467)
2025-12-07 06:18:38,537 - Scraping log - scraper.py >         <module>(): Line 751 - INFO - Running default scraper on KT_FR > https://geo.fr.ch/ags/services/OpenData/Equipes_d_arrondissement_routes_cantonales/MapServer/WMSServer?request=GetCapabilities&service=WMS (source 1122/1467)
2025-12-07 06:18:38,956 - Scraping log - scraper.py >         <module>(): Line 759 - WARNING - Scraping KT_FR > https://geo.fr.ch/ags/services/OpenData/Equipes_d_arrondissement_routes_cantonales/MapServer/WMSServer?request=GetCapabilities&service=WMS aborted
2025-12-07 06:18:38,956 - Scraping log - scraper.py >         <module>(): Line 751 - INFO - Running default scraper on KT_FR > https://geo.fr.ch/ags/services/OpenData/Etat_des_cartes_de_dangers/MapServer/WMSServer?request=GetCapabilities&service=WMS (source 1123/1467)
2025-12-07 06:18:42,410 - Scraping log - scraper.py >         <module>(): Line 751 - INFO - Running default scraper on KT_FR > https://geo.fr.ch/ags/services/OpenData/Etat_du_registre_foncier/MapServer/WMSServer?request=GetCapabilities&service=WMS (source 1124/1467)
2025-12-07 06:18:45,114 - Scraping log - scraper.py >         <module>(): Line 751 - INFO - Running default scraper on KT_FR > https://geo.fr.ch/ags/services/OpenData/Etudes_geologiques_geotechniques/MapServer/WMSServer?request=GetCapabilities&service=WMS (source 1125/1467)
2025-12-07 06:18:49,260 - Scraping log - scraper.py >         <module>(): Line 751 - INFO - Running default scraper on KT_FR > https://geo.fr.ch/ags/services/OpenData/Exploitations_de_materiaux_et_decharges/MapServer/WMSServer?request=GetCapabilities&service=WMS (source 1126/1467)
2025-12-07 06:18:52,062 - Scraping log - scraper.py >         <module>(): Line 751 - INFO - Running default scraper on KT_FR > https://geo.fr.ch/ags/services/OpenData/Forages_lies_a_des_constructions/MapServer/WMSServer?request=GetCapabilities&service=WMS (source 1127/1467)
2025-12-07 06:18:56,547 - Scraping log - scraper.py >         <module>(): Line 751 - INFO - Running default scraper on KT_FR > https://geo.fr.ch/ags/services/OpenData/Forages_lies_a_des_sites_pollues/MapServer/WMSServer?request=GetCapabilities&service=WMS (source 1128/1467)
2025-12-07 06:18:59,348 - Scraping log - scraper.py >         <module>(): Line 751 - INFO - Running default scraper on KT_FR > https://geo.fr.ch/ags/services/OpenData/Forages_lies_a_des_sondes_geothermiques/MapServer/WMSServer?request=GetCapabilities&service=WMS (source 1129/1467)
2025-12-07 06:19:02,534 - Scraping log - scraper.py >         <module>(): Line 751 - INFO - Running default scraper on KT_FR > https://geo.fr.ch/ags/services/OpenData/Foret_de_protection_contre_les_dangers_naturels/MapServer/WMSServer?request=GetCapabilities&service=WMS (source 1130/1467)
2025-12-07 06:19:06,992 - Scraping log - scraper.py >         <module>(): Line 751 - INFO - Running default scraper on KT_FR > https://geo.fr.ch/ags/services/OpenData/Foret_en_zones_S_de_protection_des_eaux_souterraines/MapServer/WMSServer?request=GetCapabilities&service=WMS (source 1131/1467)
2025-12-07 06:19:07,509 - Scraping log - scraper.py >         <module>(): Line 759 - WARNING - Scraping KT_FR > https://geo.fr.ch/ags/services/OpenData/Foret_en_zones_S_de_protection_des_eaux_souterraines/MapServer/WMSServer?request=GetCapabilities&service=WMS aborted
2025-12-07 06:19:07,510 - Scraping log - scraper.py >         <module>(): Line 751 - INFO - Running default scraper on KT_FR > https://geo.fr.ch/ags/services/OpenData/Gazoducs_OPAM/MapServer/WMSServer?request=GetCapabilities&service=WMS (source 1132/1467)
2025-12-07 06:19:10,142 - Scraping log - scraper.py >         <module>(): Line 751 - INFO - Running default scraper on KT_FR > https://geo.fr.ch/ags/services/OpenData/Geotopes_d_importance_cantonale_GIC_Etude_de_base/MapServer/WMSServer?request=GetCapabilities&service=WMS (source 1133/1467)
2025-12-07 06:19:13,023 - Scraping log - scraper.py >         <module>(): Line 751 - INFO - Running default scraper on KT_FR > https://geo.fr.ch/ags/services/OpenData/Geotopes/MapServer/WMSServer?request=GetCapabilities&service=WMS (source 1134/1467)
2025-12-07 06:19:13,451 - Scraping log - scraper.py >         <module>(): Line 759 - WARNING - Scraping KT_FR > https://geo.fr.ch/ags/services/OpenData/Geotopes/MapServer/WMSServer?request=GetCapabilities&service=WMS aborted
2025-12-07 06:19:13,451 - Scraping log - scraper.py >         <module>(): Line 751 - INFO - Running default scraper on KT_FR > https://geo.fr.ch/ags/services/OpenData/Hauts_marais_d_importance_nationale/MapServer/WMSServer?request=GetCapabilities&service=WMS (source 1135/1467)
2025-12-07 06:19:15,948 - Scraping log - scraper.py >         <module>(): Line 751 - INFO - Running default scraper on KT_FR > https://geo.fr.ch/ags/services/OpenData/Hierarchie_du_reseau_cyclable_plan_sectoriel_velo/MapServer/WMSServer?request=GetCapabilities&service=WMS (source 1136/1467)
2025-12-07 06:19:19,267 - Scraping log - scraper.py >         <module>(): Line 751 - INFO - Running default scraper on KT_FR > https://geo.fr.ch/ags/services/OpenData/Horizons_sourciers_de_l_inventaire_des_eaux_souterraines/MapServer/WMSServer?request=GetCapabilities&service=WMS (source 1137/1467)
2025-12-07 06:19:21,954 - Scraping log - scraper.py >         <module>(): Line 751 - INFO - Running default scraper on KT_FR > https://geo.fr.ch/ags/services/OpenData/Hors_reseau_AquaFri/MapServer/WMSServer?request=GetCapabilities&service=WMS (source 1138/1467)
2025-12-07 06:19:24,528 - Scraping log - scraper.py >         <module>(): Line 751 - INFO - Running default scraper on KT_FR > https://geo.fr.ch/ags/services/OpenData/Hydrants_AquaFri/MapServer/WMSServer?request=GetCapabilities&service=WMS (source 1139/1467)
2025-12-07 06:19:26,918 - Scraping log - scraper.py >         <module>(): Line 751 - INFO - Running default scraper on KT_FR > https://geo.fr.ch/ags/services/OpenData/Immeubles_en_vigueur/MapServer/WMSServer?request=GetCapabilities&service=WMS (source 1140/1467)
2025-12-07 06:19:29,376 - Scraping log - scraper.py >         <module>(): Line 751 - INFO - Running default scraper on KT_FR > https://geo.fr.ch/ags/services/OpenData/Immeubles_projetes/MapServer/WMSServer?request=GetCapabilities&service=WMS (source 1141/1467)
2025-12-07 06:19:31,898 - Scraping log - scraper.py >         <module>(): Line 751 - INFO - Running default scraper on KT_FR > https://geo.fr.ch/ags/services/OpenData/Infrastructures_d_accueil_en_foret_lignes/MapServer/WMSServer?request=GetCapabilities&service=WMS (source 1142/1467)
2025-12-07 06:19:34,518 - Scraping log - scraper.py >         <module>(): Line 751 - INFO - Running default scraper on KT_FR > https://geo.fr.ch/ags/services/OpenData/Infrastructures_d_accueil_en_foret_points/MapServer/WMSServer?request=GetCapabilities&service=WMS (source 1143/1467)
2025-12-07 06:19:38,033 - Scraping log - scraper.py >         <module>(): Line 751 - INFO - Running default scraper on KT_FR > https://geo.fr.ch/ags/services/OpenData/Instabilites_de_terrain_morphologie/MapServer/WMSServer?request=GetCapabilities&service=WMS (source 1144/1467)
2025-12-07 06:19:38,587 - Scraping log - scraper.py >         <module>(): Line 759 - WARNING - Scraping KT_FR > https://geo.fr.ch/ags/services/OpenData/Instabilites_de_terrain_morphologie/MapServer/WMSServer?request=GetCapabilities&service=WMS aborted
2025-12-07 06:19:38,587 - Scraping log - scraper.py >         <module>(): Line 751 - INFO - Running default scraper on KT_FR > https://geo.fr.ch/ags/services/OpenData/Instabilites_de_terrain_typologie/MapServer/WMSServer?request=GetCapabilities&service=WMS (source 1145/1467)
2025-12-07 06:19:39,006 - Scraping log - scraper.py >         <module>(): Line 759 - WARNING - Scraping KT_FR > https://geo.fr.ch/ags/services/OpenData/Instabilites_de_terrain_typologie/MapServer/WMSServer?request=GetCapabilities&service=WMS aborted
2025-12-07 06:19:39,007 - Scraping log - scraper.py >         <module>(): Line 751 - INFO - Running default scraper on KT_FR > https://geo.fr.ch/ags/services/OpenData/Installations_de_mesure_AquaFri/MapServer/WMSServer?request=GetCapabilities&service=WMS (source 1146/1467)
2025-12-07 06:19:41,523 - Scraping log - scraper.py >         <module>(): Line 751 - INFO - Running default scraper on KT_FR > https://geo.fr.ch/ags/services/OpenData/Installations_de_traitement_AquaFri/MapServer/WMSServer?request=GetCapabilities&service=WMS (source 1147/1467)
2025-12-07 06:19:44,187 - Scraping log - scraper.py >         <module>(): Line 751 - INFO - Running default scraper on KT_FR > https://geo.fr.ch/ags/services/OpenData/Installations_stationnaires_OPAM/MapServer/WMSServer?request=GetCapabilities&service=WMS (source 1148/1467)
2025-12-07 06:19:46,664 - Scraping log - scraper.py >         <module>(): Line 751 - INFO - Running default scraper on KT_FR > https://geo.fr.ch/ags/services/OpenData/Irrigation/MapServer/WMSServer?request=GetCapabilities&service=WMS (source 1149/1467)
2025-12-07 06:19:49,467 - Scraping log - scraper.py >         <module>(): Line 751 - INFO - Running default scraper on KT_FR > https://geo.fr.ch/ags/services/OpenData/Itineraire_d_agglomeration_planifie_plan_sectoriel_velo/MapServer/WMSServer?request=GetCapabilities&service=WMS (source 1150/1467)
2025-12-07 06:19:52,378 - Scraping log - scraper.py >         <module>(): Line 751 - INFO - Running default scraper on KT_FR > https://geo.fr.ch/ags/services/OpenData/Itineraires_a_ski/MapServer/WMSServer?request=GetCapabilities&service=WMS (source 1151/1467)
2025-12-07 06:19:54,893 - Scraping log - scraper.py >         <module>(): Line 751 - INFO - Running default scraper on KT_FR > https://geo.fr.ch/ags/services/OpenData/Itineraires_convois_exceptionnels/MapServer/WMSServer?request=GetCapabilities&service=WMS (source 1152/1467)
2025-12-07 06:19:57,346 - Scraping log - scraper.py >         <module>(): Line 751 - INFO - Running default scraper on KT_FR > https://geo.fr.ch/ags/services/OpenData/Itineraires_en_raquette/MapServer/WMSServer?request=GetCapabilities&service=WMS (source 1153/1467)
2025-12-07 06:19:59,824 - Scraping log - scraper.py >         <module>(): Line 751 - INFO - Running default scraper on KT_FR > https://geo.fr.ch/ags/services/OpenData/Itineraires_SuisseMobile_randonnee_pedestre/MapServer/WMSServer?request=GetCapabilities&service=WMS (source 1154/1467)
2025-12-07 06:20:02,410 - Scraping log - scraper.py >         <module>(): Line 751 - INFO - Running default scraper on KT_FR > https://geo.fr.ch/ags/services/OpenData/Itineraires_SuisseMobile_roller/MapServer/WMSServer?request=GetCapabilities&service=WMS (source 1155/1467)
2025-12-07 06:20:04,915 - Scraping log - scraper.py >         <module>(): Line 751 - INFO - Running default scraper on KT_FR > https://geo.fr.ch/ags/services/OpenData/Itineraires_SuisseMobile_velo/MapServer/WMSServer?request=GetCapabilities&service=WMS (source 1156/1467)
2025-12-07 06:20:07,388 - Scraping log - scraper.py >         <module>(): Line 751 - INFO - Running default scraper on KT_FR > https://geo.fr.ch/ags/services/OpenData/Itineraires_SuisseMobile_VTT/MapServer/WMSServer?request=GetCapabilities&service=WMS (source 1157/1467)
2025-12-07 06:20:09,770 - Scraping log - scraper.py >         <module>(): Line 751 - INFO - Running default scraper on KT_FR > https://geo.fr.ch/ags/services/OpenData/Lieux_de_detention_d_animaux/MapServer/WMSServer?request=GetCapabilities&service=WMS (source 1158/1467)
2025-12-07 06:20:12,255 - Scraping log - scraper.py >         <module>(): Line 751 - INFO - Running default scraper on KT_FR > https://geo.fr.ch/ags/services/OpenData/Lieux_denommes_en_couleurs/MapServer/WMSServer?request=GetCapabilities&service=WMS (source 1159/1467)
2025-12-07 06:20:14,831 - Scraping log - scraper.py >         <module>(): Line 751 - INFO - Running default scraper on KT_FR > https://geo.fr.ch/ags/services/OpenData/Lieux_denommes/MapServer/WMSServer?request=GetCapabilities&service=WMS (source 1160/1467)
2025-12-07 06:20:17,179 - Scraping log - scraper.py >         <module>(): Line 751 - INFO - Running default scraper on KT_FR > https://geo.fr.ch/ags/services/OpenData/Lignes_de_transport_public/MapServer/WMSServer?request=GetCapabilities&service=WMS (source 1161/1467)
2025-12-07 06:20:21,026 - Scraping log - scraper.py >         <module>(): Line 751 - INFO - Running default scraper on KT_FR > https://geo.fr.ch/ags/services/OpenData/Limitations_de_vitesse_routes_cantonales/MapServer/WMSServer?request=GetCapabilities&service=WMS (source 1162/1467)
2025-12-07 06:20:23,708 - Scraping log - scraper.py >         <module>(): Line 751 - INFO - Running default scraper on KT_FR > https://geo.fr.ch/ags/services/OpenData/Limite_du_canton/MapServer/WMSServer?request=GetCapabilities&service=WMS (source 1163/1467)
2025-12-07 06:20:26,133 - Scraping log - scraper.py >         <module>(): Line 751 - INFO - Running default scraper on KT_FR > https://geo.fr.ch/ags/services/OpenData/Limites_de_communes/MapServer/WMSServer?request=GetCapabilities&service=WMS (source 1164/1467)
2025-12-07 06:20:28,324 - Scraping log - scraper.py >         <module>(): Line 751 - INFO - Running default scraper on KT_FR > https://geo.fr.ch/ags/services/OpenData/Limites_de_districts/MapServer/WMSServer?request=GetCapabilities&service=WMS (source 1165/1467)
2025-12-07 06:20:30,592 - Scraping log - scraper.py >         <module>(): Line 751 - INFO - Running default scraper on KT_FR > https://geo.fr.ch/ags/services/OpenData/Limites_des_stations_forestieres/MapServer/WMSServer?request=GetCapabilities&service=WMS (source 1166/1467)
2025-12-07 06:20:33,681 - Scraping log - scraper.py >         <module>(): Line 751 - INFO - Running default scraper on KT_FR > https://geo.fr.ch/ags/services/OpenData/Limites_des_zones_agricoles/MapServer/WMSServer?request=GetCapabilities&service=WMS (source 1167/1467)
2025-12-07 06:20:36,029 - Scraping log - scraper.py >         <module>(): Line 751 - INFO - Running default scraper on KT_FR > https://geo.fr.ch/ags/services/OpenData/Limites_forestieres_statiques_RDPPF/MapServer/WMSServer?request=GetCapabilities&service=WMS (source 1168/1467)
2025-12-07 06:20:38,650 - Scraping log - scraper.py >         <module>(): Line 751 - INFO - Running default scraper on KT_FR > https://geo.fr.ch/ags/services/OpenData/Limites_forestieres_statiques/MapServer/WMSServer?request=GetCapabilities&service=WMS (source 1169/1467)
2025-12-07 06:20:39,082 - Scraping log - scraper.py >         <module>(): Line 759 - WARNING - Scraping KT_FR > https://geo.fr.ch/ags/services/OpenData/Limites_forestieres_statiques/MapServer/WMSServer?request=GetCapabilities&service=WMS aborted
2025-12-07 06:20:39,082 - Scraping log - scraper.py >         <module>(): Line 751 - INFO - Running default scraper on KT_FR > https://geo.fr.ch/ags/services/OpenData/Localisation_des_sondes_geothermiques_SGV/MapServer/WMSServer?request=GetCapabilities&service=WMS (source 1170/1467)
2025-12-07 06:20:44,257 - Scraping log - scraper.py >         <module>(): Line 751 - INFO - Running default scraper on KT_FR > https://geo.fr.ch/ags/services/OpenData/Localites_avec_presence_d_un_chauffage_a_distance/MapServer/WMSServer?request=GetCapabilities&service=WMS (source 1171/1467)
2025-12-07 06:20:47,201 - Scraping log - scraper.py >         <module>(): Line 751 - INFO - Running default scraper on KT_FR > https://geo.fr.ch/ags/services/OpenData/Lots_de_mise_a_jour_periodique/MapServer/WMSServer?request=GetCapabilities&service=WMS (source 1172/1467)
2025-12-07 06:20:49,830 - Scraping log - scraper.py >         <module>(): Line 751 - INFO - Running default scraper on KT_FR > https://geo.fr.ch/ags/services/OpenData/Lots_de_peche_affermee/MapServer/WMSServer?request=GetCapabilities&service=WMS (source 1173/1467)
2025-12-07 06:20:52,706 - Scraping log - scraper.py >         <module>(): Line 751 - INFO - Running default scraper on KT_FR > https://geo.fr.ch/ags/services/OpenData/Lots_pour_la_pisciculture/MapServer/WMSServer?request=GetCapabilities&service=WMS (source 1174/1467)
2025-12-07 06:20:55,347 - Scraping log - scraper.py >         <module>(): Line 751 - INFO - Running default scraper on KT_FR > https://geo.fr.ch/ags/services/OpenData/Materiau_et_diametre_des_conduites_AquaFri/MapServer/WMSServer?request=GetCapabilities&service=WMS (source 1175/1467)
2025-12-07 06:20:57,849 - Scraping log - scraper.py >         <module>(): Line 751 - INFO - Running default scraper on KT_FR > https://geo.fr.ch/ags/services/OpenData/Modification_RCU_ou_revision_PAL_d_un_secteur_amenagement_local/MapServer/WMSServer?request=GetCapabilities&service=WMS (source 1176/1467)
2025-12-07 06:21:00,225 - Scraping log - scraper.py >         <module>(): Line 751 - INFO - Running default scraper on KT_FR > https://geo.fr.ch/ags/services/OpenData/Muehleberg_Zone_de_danger_de_la_centrale/MapServer/WMSServer?request=GetCapabilities&service=WMS (source 1177/1467)
2025-12-07 06:21:02,775 - Scraping log - scraper.py >         <module>(): Line 751 - INFO - Running default scraper on KT_FR > https://geo.fr.ch/ags/services/OpenData/Muehleberg_Zones_de_distribution_de_comprimes_d_iode/MapServer/WMSServer?request=GetCapabilities&service=WMS (source 1178/1467)
2025-12-07 06:21:05,166 - Scraping log - scraper.py >         <module>(): Line 751 - INFO - Running default scraper on KT_FR > https://geo.fr.ch/ags/services/OpenData/Noeuds_de_trafic_routes_cantonales/MapServer/WMSServer?request=GetCapabilities&service=WMS (source 1179/1467)
2025-12-07 06:21:07,739 - Scraping log - scraper.py >         <module>(): Line 751 - INFO - Running default scraper on KT_FR > https://geo.fr.ch/ags/services/OpenData/Noms_de_rues_et_de_lieux_denommes/MapServer/WMSServer?request=GetCapabilities&service=WMS (source 1180/1467)
2025-12-07 06:21:10,100 - Scraping log - scraper.py >         <module>(): Line 751 - INFO - Running default scraper on KT_FR > https://geo.fr.ch/ags/services/OpenData/Noms_locaux/MapServer/WMSServer?request=GetCapabilities&service=WMS (source 1181/1467)
2025-12-07 06:21:12,459 - Scraping log - scraper.py >         <module>(): Line 751 - INFO - Running default scraper on KT_FR > https://geo.fr.ch/ags/services/OpenData/NPA_et_localites/MapServer/WMSServer?request=GetCapabilities&service=WMS (source 1182/1467)
2025-12-07 06:21:15,189 - Scraping log - scraper.py >         <module>(): Line 751 - INFO - Running default scraper on KT_FR > https://geo.fr.ch/ags/services/OpenData/Numeros_d_immeubles_en_vigueur/MapServer/WMSServer?request=GetCapabilities&service=WMS (source 1183/1467)
2025-12-07 06:21:17,458 - Scraping log - scraper.py >         <module>(): Line 751 - INFO - Running default scraper on KT_FR > https://geo.fr.ch/ags/services/OpenData/Numeros_d_immeubles_projetes/MapServer/WMSServer?request=GetCapabilities&service=WMS (source 1184/1467)
2025-12-07 06:21:20,208 - Scraping log - scraper.py >         <module>(): Line 751 - INFO - Running default scraper on KT_FR > https://geo.fr.ch/ags/services/OpenData/Numeros_de_maisons/MapServer/WMSServer?request=GetCapabilities&service=WMS (source 1185/1467)
2025-12-07 06:21:22,744 - Scraping log - scraper.py >         <module>(): Line 751 - INFO - Running default scraper on KT_FR > https://geo.fr.ch/ags/services/OpenData/Numeros_des_batiments_et_noms_Labels_CS/MapServer/WMSServer?request=GetCapabilities&service=WMS (source 1186/1467)
2025-12-07 06:21:25,125 - Scraping log - scraper.py >         <module>(): Line 751 - INFO - Running default scraper on KT_FR > https://geo.fr.ch/ags/services/OpenData/Objets_divers_lineaires/MapServer/WMSServer?request=GetCapabilities&service=WMS (source 1187/1467)
2025-12-07 06:21:27,669 - Scraping log - scraper.py >         <module>(): Line 751 - INFO - Running default scraper on KT_FR > https://geo.fr.ch/ags/services/OpenData/Objets_divers_ponctuels/MapServer/WMSServer?request=GetCapabilities&service=WMS (source 1188/1467)
2025-12-07 06:21:30,178 - Scraping log - scraper.py >         <module>(): Line 751 - INFO - Running default scraper on KT_FR > https://geo.fr.ch/ags/services/OpenData/Objets_divers_surfaciques/MapServer/WMSServer?request=GetCapabilities&service=WMS (source 1189/1467)
2025-12-07 06:21:32,511 - Scraping log - scraper.py >         <module>(): Line 751 - INFO - Running default scraper on KT_FR > https://geo.fr.ch/ags/services/OpenData/Obstacles_convois_exceptionnels/MapServer/WMSServer?request=GetCapabilities&service=WMS (source 1190/1467)
2025-12-07 06:21:35,038 - Scraping log - scraper.py >         <module>(): Line 751 - INFO - Running default scraper on KT_FR > https://geo.fr.ch/ags/services/OpenData/Organes_communaux_de_conduite_ORCOC/MapServer/WMSServer?request=GetCapabilities&service=WMS (source 1191/1467)
2025-12-07 06:21:37,586 - Scraping log - scraper.py >         <module>(): Line 751 - INFO - Running default scraper on KT_FR > https://geo.fr.ch/ags/services/OpenData/Organisation_de_la_protection_civile/MapServer/WMSServer?request=GetCapabilities&service=WMS (source 1192/1467)
2025-12-07 06:21:39,949 - Scraping log - scraper.py >         <module>(): Line 751 - INFO - Running default scraper on KT_FR > https://geo.fr.ch/ags/services/OpenData/Ouvrages_d_art_routes_cantonales/MapServer/WMSServer?request=GetCapabilities&service=WMS (source 1193/1467)
2025-12-07 06:21:42,775 - Scraping log - scraper.py >         <module>(): Line 751 - INFO - Running default scraper on KT_FR > https://geo.fr.ch/ags/services/OpenData/Ouvrages_de_protection_lineaires_contre_les_instabilites_de_terrain_et_avalanches/MapServer/WMSServer?request=GetCapabilities&service=WMS (source 1194/1467)
2025-12-07 06:21:45,369 - Scraping log - scraper.py >         <module>(): Line 751 - INFO - Running default scraper on KT_FR > https://geo.fr.ch/ags/services/OpenData/Ouvrages_de_protection_ponctuels_contre_les_instabilites_de_terrain_et_avalanches/MapServer/WMSServer?request=GetCapabilities&service=WMS (source 1195/1467)
2025-12-07 06:21:48,092 - Scraping log - scraper.py >         <module>(): Line 751 - INFO - Running default scraper on KT_FR > https://geo.fr.ch/ags/services/OpenData/Ouvrages_de_protection_surfaciques_contre_les_instabilites_de_terrain_et_avalanches/MapServer/WMSServer?request=GetCapabilities&service=WMS (source 1196/1467)
2025-12-07 06:21:50,503 - Scraping log - scraper.py >         <module>(): Line 751 - INFO - Running default scraper on KT_FR > https://geo.fr.ch/ags/services/OpenData/Ouvrages_fonction_canalisations_routes_cantonales/MapServer/WMSServer?request=GetCapabilities&service=WMS (source 1197/1467)
2025-12-07 06:21:53,214 - Scraping log - scraper.py >         <module>(): Line 751 - INFO - Running default scraper on KT_FR > https://geo.fr.ch/ags/services/OpenData/Ouvrages_type_canalisations_routes_cantonales/MapServer/WMSServer?request=GetCapabilities&service=WMS (source 1198/1467)
2025-12-07 06:21:55,727 - Scraping log - scraper.py >         <module>(): Line 751 - INFO - Running default scraper on KT_FR > https://geo.fr.ch/ags/services/OpenData/Parcs_naturels/MapServer/WMSServer?request=GetCapabilities&service=WMS (source 1199/1467)
2025-12-07 06:21:56,249 - Scraping log - scraper.py >         <module>(): Line 759 - WARNING - Scraping KT_FR > https://geo.fr.ch/ags/services/OpenData/Parcs_naturels/MapServer/WMSServer?request=GetCapabilities&service=WMS aborted
2025-12-07 06:21:56,250 - Scraping log - scraper.py >         <module>(): Line 751 - INFO - Running default scraper on KT_FR > https://geo.fr.ch/ags/services/OpenData/Paroisses_catholiques/MapServer/WMSServer?request=GetCapabilities&service=WMS (source 1200/1467)
2025-12-07 06:21:58,645 - Scraping log - scraper.py >         <module>(): Line 751 - INFO - Running default scraper on KT_FR > https://geo.fr.ch/ags/services/OpenData/Paroisses_reformees/MapServer/WMSServer?request=GetCapabilities&service=WMS (source 1201/1467)
2025-12-07 06:22:01,085 - Scraping log - scraper.py >         <module>(): Line 751 - INFO - Running default scraper on KT_FR > https://geo.fr.ch/ags/services/OpenData/Paysages_IFP/MapServer/WMSServer?request=GetCapabilities&service=WMS (source 1202/1467)
2025-12-07 06:22:01,594 - Scraping log - scraper.py >         <module>(): Line 759 - WARNING - Scraping KT_FR > https://geo.fr.ch/ags/services/OpenData/Paysages_IFP/MapServer/WMSServer?request=GetCapabilities&service=WMS aborted
2025-12-07 06:22:01,594 - Scraping log - scraper.py >         <module>(): Line 751 - INFO - Running default scraper on KT_FR > https://geo.fr.ch/ags/services/OpenData/Perimetre_de_couverture_Sirenes_de_la_PCi/MapServer/WMSServer?request=GetCapabilities&service=WMS (source 1203/1467)
2025-12-07 06:22:03,986 - Scraping log - scraper.py >         <module>(): Line 751 - INFO - Running default scraper on KT_FR > https://geo.fr.ch/ags/services/OpenData/Perimetres_archeologiques/MapServer/WMSServer?request=GetCapabilities&service=WMS (source 1204/1467)
2025-12-07 06:22:06,705 - Scraping log - scraper.py >         <module>(): Line 751 - INFO - Running default scraper on KT_FR > https://geo.fr.ch/ags/services/OpenData/Perimetres_d_epuration/MapServer/WMSServer?request=GetCapabilities&service=WMS (source 1205/1467)
2025-12-07 06:22:09,061 - Scraping log - scraper.py >         <module>(): Line 751 - INFO - Running default scraper on KT_FR > https://geo.fr.ch/ags/services/OpenData/Perimetres_d_etude_detaillee___Crues_et_laves_torrentielles/MapServer/WMSServer?request=GetCapabilities&service=WMS (source 1206/1467)
2025-12-07 06:22:11,522 - Scraping log - scraper.py >         <module>(): Line 751 - INFO - Running default scraper on KT_FR > https://geo.fr.ch/ags/services/OpenData/Perimetres_d_etude_detaillee___Instabilites_et_avalanches/MapServer/WMSServer?request=GetCapabilities&service=WMS (source 1207/1467)
2025-12-07 06:22:13,850 - Scraping log - scraper.py >         <module>(): Line 751 - INFO - Running default scraper on KT_FR > https://geo.fr.ch/ags/services/OpenData/Perimetres_de_noms_locaux/MapServer/WMSServer?request=GetCapabilities&service=WMS (source 1208/1467)
2025-12-07 06:22:16,204 - Scraping log - scraper.py >         <module>(): Line 751 - INFO - Running default scraper on KT_FR > https://geo.fr.ch/ags/services/OpenData/Perimetres_de_protection_des_eaux_souterraines_RDPPF/MapServer/WMSServer?request=GetCapabilities&service=WMS (source 1209/1467)
2025-12-07 06:22:18,598 - Scraping log - scraper.py >         <module>(): Line 751 - INFO - Running default scraper on KT_FR > https://geo.fr.ch/ags/services/OpenData/Pistes_cyclables_routes_cantonales/MapServer/WMSServer?request=GetCapabilities&service=WMS (source 1210/1467)
2025-12-07 06:22:22,878 - Scraping log - scraper.py >         <module>(): Line 751 - INFO - Running default scraper on KT_FR > https://geo.fr.ch/ags/services/OpenData/Plan_sectoriel_pour_l_exploitation_de_materiaux_PSEM/MapServer/WMSServer?request=GetCapabilities&service=WMS (source 1211/1467)
2025-12-07 06:22:26,478 - Scraping log - scraper.py >         <module>(): Line 751 - INFO - Running default scraper on KT_FR > https://geo.fr.ch/ags/services/OpenData/Planification_cantonale_parcs_relais/MapServer/WMSServer?request=GetCapabilities&service=WMS (source 1212/1467)
2025-12-07 06:22:29,806 - Scraping log - scraper.py >         <module>(): Line 751 - INFO - Running default scraper on KT_FR > https://geo.fr.ch/ags/services/OpenData/Points_de_limite_territoriale/MapServer/WMSServer?request=GetCapabilities&service=WMS (source 1213/1467)
2025-12-07 06:22:32,702 - Scraping log - scraper.py >         <module>(): Line 751 - INFO - Running default scraper on KT_FR > https://geo.fr.ch/ags/services/OpenData/Points_de_Repere_SRB/MapServer/WMSServer?request=GetCapabilities&service=WMS (source 1214/1467)
2025-12-07 06:22:34,997 - Scraping log - scraper.py >         <module>(): Line 751 - INFO - Running default scraper on KT_FR > https://geo.fr.ch/ags/services/OpenData/Points_fixes/MapServer/WMSServer?request=GetCapabilities&service=WMS (source 1215/1467)
2025-12-07 06:22:37,383 - Scraping log - scraper.py >         <module>(): Line 751 - INFO - Running default scraper on KT_FR > https://geo.fr.ch/ags/services/OpenData/Points_limites_projetes/MapServer/WMSServer?request=GetCapabilities&service=WMS (source 1216/1467)
2025-12-07 06:22:39,913 - Scraping log - scraper.py >         <module>(): Line 751 - INFO - Running default scraper on KT_FR > https://geo.fr.ch/ags/services/OpenData/Points_limites/MapServer/WMSServer?request=GetCapabilities&service=WMS (source 1217/1467)
2025-12-07 06:22:42,032 - Scraping log - scraper.py >         <module>(): Line 751 - INFO - Running default scraper on KT_FR > https://geo.fr.ch/ags/services/OpenData/Pompes_AquaFri/MapServer/WMSServer?request=GetCapabilities&service=WMS (source 1218/1467)
2025-12-07 06:22:44,533 - Scraping log - scraper.py >         <module>(): Line 751 - INFO - Running default scraper on KT_FR > https://geo.fr.ch/ags/services/OpenData/Postes_de_comptage_de_trafic/MapServer/WMSServer?request=GetCapabilities&service=WMS (source 1219/1467)
2025-12-07 06:22:47,254 - Scraping log - scraper.py >         <module>(): Line 751 - INFO - Running default scraper on KT_FR > https://geo.fr.ch/ags/services/OpenData/Prairies_et_paturages_secs_d_importance_cantonale/MapServer/WMSServer?request=GetCapabilities&service=WMS (source 1220/1467)
2025-12-07 06:22:47,686 - Scraping log - scraper.py >         <module>(): Line 759 - WARNING - Scraping KT_FR > https://geo.fr.ch/ags/services/OpenData/Prairies_et_paturages_secs_d_importance_cantonale/MapServer/WMSServer?request=GetCapabilities&service=WMS aborted
2025-12-07 06:22:47,686 - Scraping log - scraper.py >         <module>(): Line 751 - INFO - Running default scraper on KT_FR > https://geo.fr.ch/ags/services/OpenData/Prairies_et_paturages_secs_d_importance_nationale/MapServer/WMSServer?request=GetCapabilities&service=WMS (source 1221/1467)
2025-12-07 06:22:48,100 - Scraping log - scraper.py >         <module>(): Line 759 - WARNING - Scraping KT_FR > https://geo.fr.ch/ags/services/OpenData/Prairies_et_paturages_secs_d_importance_nationale/MapServer/WMSServer?request=GetCapabilities&service=WMS aborted
2025-12-07 06:22:48,100 - Scraping log - scraper.py >         <module>(): Line 751 - INFO - Running default scraper on KT_FR > https://geo.fr.ch/ags/services/OpenData/Pression_statique_des_hydrants_AquaFri/MapServer/WMSServer?request=GetCapabilities&service=WMS (source 1222/1467)
2025-12-07 06:22:50,602 - Scraping log - scraper.py >         <module>(): Line 751 - INFO - Running default scraper on KT_FR > https://geo.fr.ch/ags/services/OpenData/Produits_d_alpage/MapServer/WMSServer?request=GetCapabilities&service=WMS (source 1223/1467)
2025-12-07 06:22:53,020 - Scraping log - scraper.py >         <module>(): Line 751 - INFO - Running default scraper on KT_FR > https://geo.fr.ch/ags/services/OpenData/Produits_de_montagne/MapServer/WMSServer?request=GetCapabilities&service=WMS (source 1224/1467)
2025-12-07 06:22:55,411 - Scraping log - scraper.py >         <module>(): Line 751 - INFO - Running default scraper on KT_FR > https://geo.fr.ch/ags/services/OpenData/Projets_paysage_CQP/MapServer/WMSServer?request=GetCapabilities&service=WMS (source 1225/1467)
2025-12-07 06:22:57,844 - Scraping log - scraper.py >         <module>(): Line 751 - INFO - Running default scraper on KT_FR > https://geo.fr.ch/ags/services/OpenData/Projets_VALTRALOC/MapServer/WMSServer?request=GetCapabilities&service=WMS (source 1226/1467)
2025-12-07 06:22:58,370 - Scraping log - scraper.py >         <module>(): Line 759 - WARNING - Scraping KT_FR > https://geo.fr.ch/ags/services/OpenData/Projets_VALTRALOC/MapServer/WMSServer?request=GetCapabilities&service=WMS aborted
2025-12-07 06:22:58,370 - Scraping log - scraper.py >         <module>(): Line 751 - INFO - Running default scraper on KT_FR > https://geo.fr.ch/ags/services/OpenData/Proportion_du_bati_expose_aux_dangers_naturels_par_commune/MapServer/WMSServer?request=GetCapabilities&service=WMS (source 1227/1467)
2025-12-07 06:23:00,772 - Scraping log - scraper.py >         <module>(): Line 751 - INFO - Running default scraper on KT_FR > https://geo.fr.ch/ags/services/OpenData/Qualite_des_donnees_descriptives/MapServer/WMSServer?request=GetCapabilities&service=WMS (source 1228/1467)
2025-12-07 06:23:03,186 - Scraping log - scraper.py >         <module>(): Line 751 - INFO - Running default scraper on KT_FR > https://geo.fr.ch/ags/services/OpenData/Qualite_des_immeubles_en_vigueur/MapServer/WMSServer?request=GetCapabilities&service=WMS (source 1229/1467)
2025-12-07 06:23:05,571 - Scraping log - scraper.py >         <module>(): Line 751 - INFO - Running default scraper on KT_FR > https://geo.fr.ch/ags/services/OpenData/Qualite_des_immeubles_projetes/MapServer/WMSServer?request=GetCapabilities&service=WMS (source 1230/1467)
2025-12-07 06:23:07,963 - Scraping log - scraper.py >         <module>(): Line 751 - INFO - Running default scraper on KT_FR > https://geo.fr.ch/ags/services/OpenData/Reducteurs_AquaFri/MapServer/WMSServer?request=GetCapabilities&service=WMS (source 1231/1467)
2025-12-07 06:23:10,411 - Scraping log - scraper.py >         <module>(): Line 751 - INFO - Running default scraper on KT_FR > https://geo.fr.ch/ags/services/OpenData/Remaniements_parcellaires/MapServer/WMSServer?request=GetCapabilities&service=WMS (source 1232/1467)
2025-12-07 06:23:12,949 - Scraping log - scraper.py >         <module>(): Line 751 - INFO - Running default scraper on KT_FR > https://geo.fr.ch/ags/services/OpenData/Repartition_des_niveaux_de_tolerance/MapServer/WMSServer?request=GetCapabilities&service=WMS (source 1233/1467)
2025-12-07 06:23:15,318 - Scraping log - scraper.py >         <module>(): Line 751 - INFO - Running default scraper on KT_FR > https://geo.fr.ch/ags/services/OpenData/Repartitions_des_plans/MapServer/WMSServer?request=GetCapabilities&service=WMS (source 1234/1467)
2025-12-07 06:23:17,888 - Scraping log - scraper.py >         <module>(): Line 751 - INFO - Running default scraper on KT_FR > https://geo.fr.ch/ags/services/OpenData/Reseau_d_itineraires_en_zones_de_tranquillite/MapServer/WMSServer?request=GetCapabilities&service=WMS (source 1235/1467)
2025-12-07 06:23:20,243 - Scraping log - scraper.py >         <module>(): Line 751 - INFO - Running default scraper on KT_FR > https://geo.fr.ch/ags/services/OpenData/Reseaux_ecologiques/MapServer/WMSServer?request=GetCapabilities&service=WMS (source 1236/1467)
2025-12-07 06:23:22,750 - Scraping log - scraper.py >         <module>(): Line 751 - INFO - Running default scraper on KT_FR > https://geo.fr.ch/ags/services/OpenData/Reseaux_integres_dans_AquaFri/MapServer/WMSServer?request=GetCapabilities&service=WMS (source 1237/1467)
2025-12-07 06:23:25,140 - Scraping log - scraper.py >         <module>(): Line 751 - INFO - Running default scraper on KT_FR > https://geo.fr.ch/ags/services/OpenData/Reseaux_non_integres_dans_AquaFri/MapServer/WMSServer?request=GetCapabilities&service=WMS (source 1238/1467)
2025-12-07 06:23:27,539 - Scraping log - scraper.py >         <module>(): Line 751 - INFO - Running default scraper on KT_FR > https://geo.fr.ch/ags/services/OpenData/Reserve_mycologique/MapServer/WMSServer?request=GetCapabilities&service=WMS (source 1239/1467)
2025-12-07 06:23:30,229 - Scraping log - scraper.py >         <module>(): Line 751 - INFO - Running default scraper on KT_FR > https://geo.fr.ch/ags/services/OpenData/Reserves_d_oiseaux_d_eau_et_migrateurs/MapServer/WMSServer?request=GetCapabilities&service=WMS (source 1240/1467)
2025-12-07 06:23:32,616 - Scraping log - scraper.py >         <module>(): Line 751 - INFO - Running default scraper on KT_FR > https://geo.fr.ch/ags/services/OpenData/Reserves_de_faune_pour_la_chasse/MapServer/WMSServer?request=GetCapabilities&service=WMS (source 1241/1467)
2025-12-07 06:23:34,745 - Scraping log - scraper.py >         <module>(): Line 751 - INFO - Running default scraper on KT_FR > https://geo.fr.ch/ags/services/OpenData/Reserves_forestieres_cantonales/MapServer/WMSServer?request=GetCapabilities&service=WMS (source 1242/1467)
2025-12-07 06:23:35,168 - Scraping log - scraper.py >         <module>(): Line 759 - WARNING - Scraping KT_FR > https://geo.fr.ch/ags/services/OpenData/Reserves_forestieres_cantonales/MapServer/WMSServer?request=GetCapabilities&service=WMS aborted
2025-12-07 06:23:35,169 - Scraping log - scraper.py >         <module>(): Line 751 - INFO - Running default scraper on KT_FR > https://geo.fr.ch/ags/services/OpenData/Reserves_forestieres_RDPPF/MapServer/WMSServer?request=GetCapabilities&service=WMS (source 1243/1467)
2025-12-07 06:23:37,353 - Scraping log - scraper.py >         <module>(): Line 751 - INFO - Running default scraper on KT_FR > https://geo.fr.ch/ags/services/OpenData/Reserves_forestieres/MapServer/WMSServer?request=GetCapabilities&service=WMS (source 1244/1467)
2025-12-07 06:23:39,524 - Scraping log - scraper.py >         <module>(): Line 751 - INFO - Running default scraper on KT_FR > https://geo.fr.ch/ags/services/OpenData/Reserves_naturelles_cantonales/MapServer/WMSServer?request=GetCapabilities&service=WMS (source 1245/1467)
2025-12-07 06:23:41,693 - Scraping log - scraper.py >         <module>(): Line 751 - INFO - Running default scraper on KT_FR > https://geo.fr.ch/ags/services/OpenData/Reserves_paysageres_cantonales/MapServer/WMSServer?request=GetCapabilities&service=WMS (source 1246/1467)
2025-12-07 06:23:44,302 - Scraping log - scraper.py >         <module>(): Line 751 - INFO - Running default scraper on KT_FR > https://geo.fr.ch/ags/services/OpenData/Reservoirs_AquaFri/MapServer/WMSServer?request=GetCapabilities&service=WMS (source 1247/1467)
2025-12-07 06:23:48,109 - Scraping log - scraper.py >         <module>(): Line 751 - INFO - Running default scraper on KT_FR > https://geo.fr.ch/ags/services/OpenData/Ressources___sources_et_puits___de_l_inventaire_des_eaux_souterraines/MapServer/WMSServer?request=GetCapabilities&service=WMS (source 1248/1467)
2025-12-07 06:23:50,262 - Scraping log - scraper.py >         <module>(): Line 751 - INFO - Running default scraper on KT_FR > https://geo.fr.ch/ags/services/OpenData/Revetements_phono_absorbants_routes_cantonales/MapServer/WMSServer?request=GetCapabilities&service=WMS (source 1249/1467)
2025-12-07 06:23:52,481 - Scraping log - scraper.py >         <module>(): Line 751 - INFO - Running default scraper on KT_FR > https://geo.fr.ch/ags/services/OpenData/Revision_generale_PAL_amenagement_local/MapServer/WMSServer?request=GetCapabilities&service=WMS (source 1250/1467)
2025-12-07 06:23:54,630 - Scraping log - scraper.py >         <module>(): Line 751 - INFO - Running default scraper on KT_FR > https://geo.fr.ch/ags/services/OpenData/Routes_Cantonales_LR/MapServer/WMSServer?request=GetCapabilities&service=WMS (source 1251/1467)
2025-12-07 06:23:55,051 - Scraping log - scraper.py >         <module>(): Line 759 - WARNING - Scraping KT_FR > https://geo.fr.ch/ags/services/OpenData/Routes_Cantonales_LR/MapServer/WMSServer?request=GetCapabilities&service=WMS aborted
2025-12-07 06:23:55,051 - Scraping log - scraper.py >         <module>(): Line 751 - INFO - Running default scraper on KT_FR > https://geo.fr.ch/ags/services/OpenData/Routes_Cantonales_ORGT___OUMin/MapServer/WMSServer?request=GetCapabilities&service=WMS (source 1252/1467)
2025-12-07 06:23:57,381 - Scraping log - scraper.py >         <module>(): Line 751 - INFO - Running default scraper on KT_FR > https://geo.fr.ch/ags/services/OpenData/Routes_Cantonales_OSR/MapServer/WMSServer?request=GetCapabilities&service=WMS (source 1253/1467)
2025-12-07 06:23:59,621 - Scraping log - scraper.py >         <module>(): Line 751 - INFO - Running default scraper on KT_FR > https://geo.fr.ch/ags/services/OpenData/Routes_lineaires_OPAM/MapServer/WMSServer?request=GetCapabilities&service=WMS (source 1254/1467)
2025-12-07 06:24:01,776 - Scraping log - scraper.py >         <module>(): Line 751 - INFO - Running default scraper on KT_FR > https://geo.fr.ch/ags/services/OpenData/Routes_Nationales/MapServer/WMSServer?request=GetCapabilities&service=WMS (source 1255/1467)
2025-12-07 06:24:03,942 - Scraping log - scraper.py >         <module>(): Line 751 - INFO - Running default scraper on KT_FR > https://geo.fr.ch/ags/services/OpenData/Routes_surfaciques_OPAM/MapServer/WMSServer?request=GetCapabilities&service=WMS (source 1256/1467)
2025-12-07 06:24:06,100 - Scraping log - scraper.py >         <module>(): Line 751 - INFO - Running default scraper on KT_FR > https://geo.fr.ch/ags/services/OpenData/Ruisseaux_utilises_par_l_Etat/MapServer/WMSServer?request=GetCapabilities&service=WMS (source 1257/1467)
2025-12-07 06:24:08,391 - Scraping log - scraper.py >         <module>(): Line 751 - INFO - Running default scraper on KT_FR > https://geo.fr.ch/ags/services/OpenData/Ruisseaux_utilises_par_les_societes_de_peche/MapServer/WMSServer?request=GetCapabilities&service=WMS (source 1258/1467)
2025-12-07 06:24:11,022 - Scraping log - scraper.py >         <module>(): Line 751 - INFO - Running default scraper on KT_FR > https://geo.fr.ch/ags/services/OpenData/Salamandre_tachetee/MapServer/WMSServer?request=GetCapabilities&service=WMS (source 1259/1467)
2025-12-07 06:24:11,454 - Scraping log - scraper.py >         <module>(): Line 759 - WARNING - Scraping KT_FR > https://geo.fr.ch/ags/services/OpenData/Salamandre_tachetee/MapServer/WMSServer?request=GetCapabilities&service=WMS aborted
2025-12-07 06:24:11,454 - Scraping log - scraper.py >         <module>(): Line 751 - INFO - Running default scraper on KT_FR > https://geo.fr.ch/ags/services/OpenData/Secteur_de_dangers_naturels_RDPPF_affectation/MapServer/WMSServer?request=GetCapabilities&service=WMS (source 1260/1467)
2025-12-07 06:24:14,123 - Scraping log - scraper.py >         <module>(): Line 751 - INFO - Running default scraper on KT_FR > https://geo.fr.ch/ags/services/OpenData/Secteurs_a_objectifs_de_protection_du_patrimoine_PAL/MapServer/WMSServer?request=GetCapabilities&service=WMS (source 1261/1467)
2025-12-07 06:24:16,529 - Scraping log - scraper.py >         <module>(): Line 751 - INFO - Running default scraper on KT_FR > https://geo.fr.ch/ags/services/OpenData/Secteurs_de_faune/MapServer/WMSServer?request=GetCapabilities&service=WMS (source 1262/1467)
2025-12-07 06:24:19,010 - Scraping log - scraper.py >         <module>(): Line 751 - INFO - Running default scraper on KT_FR > https://geo.fr.ch/ags/services/OpenData/Secteurs_de_protection_du_patrimoine_ayant_passe_l_enquete_publique_PAL_en_revison/MapServer/WMSServer?request=GetCapabilities&service=WMS (source 1263/1467)
2025-12-07 06:24:21,403 - Scraping log - scraper.py >         <module>(): Line 751 - INFO - Running default scraper on KT_FR > https://geo.fr.ch/ags/services/OpenData/Secteurs_soumis_a_PAD_amenagement_local/MapServer/WMSServer?request=GetCapabilities&service=WMS (source 1264/1467)
2025-12-07 06:24:23,608 - Scraping log - scraper.py >         <module>(): Line 751 - INFO - Running default scraper on KT_FR > https://geo.fr.ch/ags/services/OpenData/Servitudes_Labels/MapServer/WMSServer?request=GetCapabilities&service=WMS (source 1265/1467)
2025-12-07 06:24:25,742 - Scraping log - scraper.py >         <module>(): Line 751 - INFO - Running default scraper on KT_FR > https://geo.fr.ch/ags/services/OpenData/Servitudes_Lignes/MapServer/WMSServer?request=GetCapabilities&service=WMS (source 1266/1467)
2025-12-07 06:24:27,887 - Scraping log - scraper.py >         <module>(): Line 751 - INFO - Running default scraper on KT_FR > https://geo.fr.ch/ags/services/OpenData/Servitudes_Points/MapServer/WMSServer?request=GetCapabilities&service=WMS (source 1267/1467)
2025-12-07 06:24:29,949 - Scraping log - scraper.py >         <module>(): Line 751 - INFO - Running default scraper on KT_FR > https://geo.fr.ch/ags/services/OpenData/Servitudes_Surfaces/MapServer/WMSServer?request=GetCapabilities&service=WMS (source 1268/1467)
2025-12-07 06:24:32,180 - Scraping log - scraper.py >         <module>(): Line 751 - INFO - Running default scraper on KT_FR > https://geo.fr.ch/ags/services/OpenData/Sirenes_de_la_PCi/MapServer/WMSServer?request=GetCapabilities&service=WMS (source 1269/1467)
2025-12-07 06:24:34,570 - Scraping log - scraper.py >         <module>(): Line 751 - INFO - Running default scraper on KT_FR > https://geo.fr.ch/ags/services/OpenData/Sites_a_batraciens_annexe_1/MapServer/WMSServer?request=GetCapabilities&service=WMS (source 1270/1467)
2025-12-07 06:24:35,097 - Scraping log - scraper.py >         <module>(): Line 759 - WARNING - Scraping KT_FR > https://geo.fr.ch/ags/services/OpenData/Sites_a_batraciens_annexe_1/MapServer/WMSServer?request=GetCapabilities&service=WMS aborted
2025-12-07 06:24:35,097 - Scraping log - scraper.py >         <module>(): Line 751 - INFO - Running default scraper on KT_FR > https://geo.fr.ch/ags/services/OpenData/Sites_a_batraciens_annexe_2/MapServer/WMSServer?request=GetCapabilities&service=WMS (source 1271/1467)
2025-12-07 06:24:35,520 - Scraping log - scraper.py >         <module>(): Line 759 - WARNING - Scraping KT_FR > https://geo.fr.ch/ags/services/OpenData/Sites_a_batraciens_annexe_2/MapServer/WMSServer?request=GetCapabilities&service=WMS aborted
2025-12-07 06:24:35,520 - Scraping log - scraper.py >         <module>(): Line 751 - INFO - Running default scraper on KT_FR > https://geo.fr.ch/ags/services/OpenData/Sites_a_batraciens_annexe_3/MapServer/WMSServer?request=GetCapabilities&service=WMS (source 1272/1467)
2025-12-07 06:24:35,948 - Scraping log - scraper.py >         <module>(): Line 759 - WARNING - Scraping KT_FR > https://geo.fr.ch/ags/services/OpenData/Sites_a_batraciens_annexe_3/MapServer/WMSServer?request=GetCapabilities&service=WMS aborted
2025-12-07 06:24:35,948 - Scraping log - scraper.py >         <module>(): Line 751 - INFO - Running default scraper on KT_FR > https://geo.fr.ch/ags/services/OpenData/Sites_a_batraciens_objets_fixes/MapServer/WMSServer?request=GetCapabilities&service=WMS (source 1273/1467)
2025-12-07 06:24:36,377 - Scraping log - scraper.py >         <module>(): Line 759 - WARNING - Scraping KT_FR > https://geo.fr.ch/ags/services/OpenData/Sites_a_batraciens_objets_fixes/MapServer/WMSServer?request=GetCapabilities&service=WMS aborted
2025-12-07 06:24:36,377 - Scraping log - scraper.py >         <module>(): Line 751 - INFO - Running default scraper on KT_FR > https://geo.fr.ch/ags/services/OpenData/Sites_a_batraciens_objets_itinerants/MapServer/WMSServer?request=GetCapabilities&service=WMS (source 1274/1467)
2025-12-07 06:24:36,883 - Scraping log - scraper.py >         <module>(): Line 759 - WARNING - Scraping KT_FR > https://geo.fr.ch/ags/services/OpenData/Sites_a_batraciens_objets_itinerants/MapServer/WMSServer?request=GetCapabilities&service=WMS aborted
2025-12-07 06:24:36,883 - Scraping log - scraper.py >         <module>(): Line 751 - INFO - Running default scraper on KT_FR > https://geo.fr.ch/ags/services/OpenData/Sites_bases_sur_l_ISOS/MapServer/WMSServer?request=GetCapabilities&service=WMS (source 1275/1467)
2025-12-07 06:24:39,279 - Scraping log - scraper.py >         <module>(): Line 751 - INFO - Running default scraper on KT_FR > https://geo.fr.ch/ags/services/OpenData/Sites_de_reproduction_de_batraciens_d_importance_locale/MapServer/WMSServer?request=GetCapabilities&service=WMS (source 1276/1467)
2025-12-07 06:24:41,589 - Scraping log - scraper.py >         <module>(): Line 751 - INFO - Running default scraper on KT_FR > https://geo.fr.ch/ags/services/OpenData/Sites_marecageux_d_importance_nationale/MapServer/WMSServer?request=GetCapabilities&service=WMS (source 1277/1467)
2025-12-07 06:24:43,959 - Scraping log - scraper.py >         <module>(): Line 751 - INFO - Running default scraper on KT_FR > https://geo.fr.ch/ags/services/OpenData/Sites_prioritaires_prairies_et_paturages_secs/MapServer/WMSServer?request=GetCapabilities&service=WMS (source 1278/1467)
2025-12-07 06:24:46,265 - Scraping log - scraper.py >         <module>(): Line 751 - INFO - Running default scraper on KT_FR > https://geo.fr.ch/ags/services/OpenData/Stations_d_epuration/MapServer/WMSServer?request=GetCapabilities&service=WMS (source 1279/1467)
2025-12-07 06:24:48,583 - Scraping log - scraper.py >         <module>(): Line 751 - INFO - Running default scraper on KT_FR > https://geo.fr.ch/ags/services/OpenData/Stations_de_fecondation_des_abeilles/MapServer/WMSServer?request=GetCapabilities&service=WMS (source 1280/1467)
2025-12-07 06:24:50,712 - Scraping log - scraper.py >         <module>(): Line 751 - INFO - Running default scraper on KT_FR > https://geo.fr.ch/ags/services/OpenData/Stations_forestieres/MapServer/WMSServer?request=GetCapabilities&service=WMS (source 1281/1467)
2025-12-07 06:24:53,060 - Scraping log - scraper.py >         <module>(): Line 751 - INFO - Running default scraper on KT_FR > https://geo.fr.ch/ags/services/OpenData/Stations_meteo_degres_jours_et_temperatures_moyennes/MapServer/WMSServer?request=GetCapabilities&service=WMS (source 1282/1467)
2025-12-07 06:24:53,473 - Scraping log - scraper.py >         <module>(): Line 759 - WARNING - Scraping KT_FR > https://geo.fr.ch/ags/services/OpenData/Stations_meteo_degres_jours_et_temperatures_moyennes/MapServer/WMSServer?request=GetCapabilities&service=WMS aborted
2025-12-07 06:24:53,473 - Scraping log - scraper.py >         <module>(): Line 751 - INFO - Running default scraper on KT_FR > https://geo.fr.ch/ags/services/OpenData/Statuts_des_donnees_descriptives/MapServer/WMSServer?request=GetCapabilities&service=WMS (source 1283/1467)
2025-12-07 06:24:55,715 - Scraping log - scraper.py >         <module>(): Line 751 - INFO - Running default scraper on KT_FR > https://geo.fr.ch/ags/services/OpenData/Statuts_des_immeubles_en_vigueur/MapServer/WMSServer?request=GetCapabilities&service=WMS (source 1284/1467)
2025-12-07 06:24:58,158 - Scraping log - scraper.py >         <module>(): Line 751 - INFO - Running default scraper on KT_FR > https://geo.fr.ch/ags/services/OpenData/Statuts_des_immeubles_projetes/MapServer/WMSServer?request=GetCapabilities&service=WMS (source 1285/1467)
2025-12-07 06:25:00,411 - Scraping log - scraper.py >         <module>(): Line 751 - INFO - Running default scraper on KT_FR > https://geo.fr.ch/ags/services/OpenData/Structures_d_accueil/MapServer/WMSServer?request=GetCapabilities&service=WMS (source 1286/1467)
2025-12-07 06:25:03,447 - Scraping log - scraper.py >         <module>(): Line 751 - INFO - Running default scraper on KT_FR > https://geo.fr.ch/ags/services/OpenData/Structures_d_activites_de_promotion_enfance_jeunesse/MapServer/WMSServer?request=GetCapabilities&service=WMS (source 1287/1467)
2025-12-07 06:25:06,097 - Scraping log - scraper.py >         <module>(): Line 751 - INFO - Running default scraper on KT_FR > https://geo.fr.ch/ags/services/OpenData/Surface_agricole_utile/MapServer/WMSServer?request=GetCapabilities&service=WMS (source 1288/1467)
2025-12-07 06:25:06,520 - Scraping log - scraper.py >         <module>(): Line 759 - WARNING - Scraping KT_FR > https://geo.fr.ch/ags/services/OpenData/Surface_agricole_utile/MapServer/WMSServer?request=GetCapabilities&service=WMS aborted
2025-12-07 06:25:06,520 - Scraping log - scraper.py >         <module>(): Line 751 - INFO - Running default scraper on KT_FR > https://geo.fr.ch/ags/services/OpenData/Surface_chaussee_routes_cantonales/MapServer/WMSServer?request=GetCapabilities&service=WMS (source 1289/1467)
2025-12-07 06:25:09,245 - Scraping log - scraper.py >         <module>(): Line 751 - INFO - Running default scraper on KT_FR > https://geo.fr.ch/ags/services/OpenData/Surface_de_couverture_Sirenes_de_la_PCi/MapServer/WMSServer?request=GetCapabilities&service=WMS (source 1290/1467)
2025-12-07 06:25:11,399 - Scraping log - scraper.py >         <module>(): Line 751 - INFO - Running default scraper on KT_FR > https://geo.fr.ch/ags/services/OpenData/Surfaces_a_aptitude_reduite_pour_la_culture_des_champs/MapServer/WMSServer?request=GetCapabilities&service=WMS (source 1291/1467)
2025-12-07 06:25:13,433 - Scraping log - scraper.py >         <module>(): Line 751 - INFO - Running default scraper on KT_FR > https://geo.fr.ch/ags/services/OpenData/Surfaces_d_assolement/MapServer/WMSServer?request=GetCapabilities&service=WMS (source 1292/1467)
2025-12-07 06:25:15,497 - Scraping log - scraper.py >         <module>(): Line 751 - INFO - Running default scraper on KT_FR > https://geo.fr.ch/ags/services/OpenData/Surfaces_de_promotion_de_la_biodiversite_SPB_II_Estivage/MapServer/WMSServer?request=GetCapabilities&service=WMS (source 1293/1467)
2025-12-07 06:25:17,647 - Scraping log - scraper.py >         <module>(): Line 751 - INFO - Running default scraper on KT_FR > https://geo.fr.ch/ags/services/OpenData/Surfaces_de_promotion_de_la_biodiversite_SPB_II_Plaine/MapServer/WMSServer?request=GetCapabilities&service=WMS (source 1294/1467)
2025-12-07 06:25:19,970 - Scraping log - scraper.py >         <module>(): Line 751 - INFO - Running default scraper on KT_FR > https://geo.fr.ch/ags/services/OpenData/Surfaces_de_promotion_de_la_biodiversite_SPB_I/MapServer/WMSServer?request=GetCapabilities&service=WMS (source 1295/1467)
2025-12-07 06:25:22,331 - Scraping log - scraper.py >         <module>(): Line 751 - INFO - Running default scraper on KT_FR > https://geo.fr.ch/ags/services/OpenData/Syndicats_de_chemins_alpestres/MapServer/WMSServer?request=GetCapabilities&service=WMS (source 1296/1467)
2025-12-07 06:25:24,560 - Scraping log - scraper.py >         <module>(): Line 751 - INFO - Running default scraper on KT_FR > https://geo.fr.ch/ags/services/OpenData/Talus_a_valeur_ecologique_routes_cantonales/MapServer/WMSServer?request=GetCapabilities&service=WMS (source 1297/1467)
2025-12-07 06:25:26,735 - Scraping log - scraper.py >         <module>(): Line 751 - INFO - Running default scraper on KT_FR > https://geo.fr.ch/ags/services/OpenData/Terrains_en_pente/MapServer/WMSServer?request=GetCapabilities&service=WMS (source 1298/1467)
2025-12-07 06:25:29,146 - Scraping log - scraper.py >         <module>(): Line 751 - INFO - Running default scraper on KT_FR > https://geo.fr.ch/ags/services/OpenData/Territoires_de_chasse_en_montagne/MapServer/WMSServer?request=GetCapabilities&service=WMS (source 1299/1467)
2025-12-07 06:25:31,483 - Scraping log - scraper.py >         <module>(): Line 751 - INFO - Running default scraper on KT_FR > https://geo.fr.ch/ags/services/OpenData/Trafic_journalier_moyen/MapServer/WMSServer?request=GetCapabilities&service=WMS (source 1300/1467)
2025-12-07 06:25:33,911 - Scraping log - scraper.py >         <module>(): Line 751 - INFO - Running default scraper on KT_FR > https://geo.fr.ch/ags/services/OpenData/Trafic_poids_lourds/MapServer/WMSServer?request=GetCapabilities&service=WMS (source 1301/1467)
2025-12-07 06:25:36,056 - Scraping log - scraper.py >         <module>(): Line 751 - INFO - Running default scraper on KT_FR > https://geo.fr.ch/ags/services/OpenData/Triages_forestiers/MapServer/WMSServer?request=GetCapabilities&service=WMS (source 1302/1467)
2025-12-07 06:25:38,333 - Scraping log - scraper.py >         <module>(): Line 751 - INFO - Running default scraper on KT_FR > https://geo.fr.ch/ags/services/OpenData/Troncons_de_rues_en_couleurs/MapServer/WMSServer?request=GetCapabilities&service=WMS (source 1303/1467)
2025-12-07 06:25:40,441 - Scraping log - scraper.py >         <module>(): Line 751 - INFO - Running default scraper on KT_FR > https://geo.fr.ch/ags/services/OpenData/Troncons_de_rues/MapServer/WMSServer?request=GetCapabilities&service=WMS (source 1304/1467)
2025-12-07 06:25:42,944 - Scraping log - scraper.py >         <module>(): Line 751 - INFO - Running default scraper on KT_FR > https://geo.fr.ch/ags/services/OpenData/Type_d_objet_ISOS___Ligne/MapServer/WMSServer?request=GetCapabilities&service=WMS (source 1305/1467)
2025-12-07 06:25:45,089 - Scraping log - scraper.py >         <module>(): Line 751 - INFO - Running default scraper on KT_FR > https://geo.fr.ch/ags/services/OpenData/Type_d_objet_ISOS___Polygone/MapServer/WMSServer?request=GetCapabilities&service=WMS (source 1306/1467)
2025-12-07 06:25:47,539 - Scraping log - scraper.py >         <module>(): Line 751 - INFO - Running default scraper on KT_FR > https://geo.fr.ch/ags/services/OpenData/Unites_d_exploitation/MapServer/WMSServer?request=GetCapabilities&service=WMS (source 1307/1467)
2025-12-07 06:25:50,174 - Scraping log - scraper.py >         <module>(): Line 751 - INFO - Running default scraper on KT_FR > https://geo.fr.ch/ags/services/OpenData/Unites_de_gestion_des_forets_publiques/MapServer/WMSServer?request=GetCapabilities&service=WMS (source 1308/1467)
2025-12-07 06:25:52,567 - Scraping log - scraper.py >         <module>(): Line 751 - INFO - Running default scraper on KT_FR > https://geo.fr.ch/ags/services/OpenData/Unites_pastorales_catholiques/MapServer/WMSServer?request=GetCapabilities&service=WMS (source 1309/1467)
2025-12-07 06:25:54,979 - Scraping log - scraper.py >         <module>(): Line 751 - INFO - Running default scraper on KT_FR > https://geo.fr.ch/ags/services/OpenData/Vannes_AquaFri/MapServer/WMSServer?request=GetCapabilities&service=WMS (source 1310/1467)
2025-12-07 06:25:57,577 - Scraping log - scraper.py >         <module>(): Line 751 - INFO - Running default scraper on KT_FR > https://geo.fr.ch/ags/services/OpenData/Vigne_en_production_AOC/MapServer/WMSServer?request=GetCapabilities&service=WMS (source 1311/1467)
2025-12-07 06:26:00,049 - Scraping log - scraper.py >         <module>(): Line 751 - INFO - Running default scraper on KT_FR > https://geo.fr.ch/ags/services/OpenData/Vignobles_en_pente/MapServer/WMSServer?request=GetCapabilities&service=WMS (source 1312/1467)
2025-12-07 06:26:02,455 - Scraping log - scraper.py >         <module>(): Line 751 - INFO - Running default scraper on KT_FR > https://geo.fr.ch/ags/services/OpenData/Voies_historiques_IVS/MapServer/WMSServer?request=GetCapabilities&service=WMS (source 1313/1467)
2025-12-07 06:26:04,989 - Scraping log - scraper.py >         <module>(): Line 751 - INFO - Running default scraper on KT_FR > https://geo.fr.ch/ags/services/OpenData/Zones_a_batir_et_perimetre_d_habitat_a_maintenir_amenagement_local_PAZ/MapServer/WMSServer?request=GetCapabilities&service=WMS (source 1314/1467)
2025-12-07 06:26:05,411 - Scraping log - scraper.py >         <module>(): Line 759 - WARNING - Scraping KT_FR > https://geo.fr.ch/ags/services/OpenData/Zones_a_batir_et_perimetre_d_habitat_a_maintenir_amenagement_local_PAZ/MapServer/WMSServer?request=GetCapabilities&service=WMS aborted
2025-12-07 06:26:05,412 - Scraping log - scraper.py >         <module>(): Line 751 - INFO - Running default scraper on KT_FR > https://geo.fr.ch/ags/services/OpenData/Zones_alluviales_d_importance_locale/MapServer/WMSServer?request=GetCapabilities&service=WMS (source 1315/1467)
2025-12-07 06:26:07,864 - Scraping log - scraper.py >         <module>(): Line 751 - INFO - Running default scraper on KT_FR > https://geo.fr.ch/ags/services/OpenData/Zones_alluviales_d_importance_nationale/MapServer/WMSServer?request=GetCapabilities&service=WMS (source 1316/1467)
2025-12-07 06:26:10,228 - Scraping log - scraper.py >         <module>(): Line 751 - INFO - Running default scraper on KT_FR > https://geo.fr.ch/ags/services/OpenData/Zones_alluviales/MapServer/WMSServer?request=GetCapabilities&service=WMS (source 1317/1467)
2025-12-07 06:26:10,751 - Scraping log - scraper.py >         <module>(): Line 759 - WARNING - Scraping KT_FR > https://geo.fr.ch/ags/services/OpenData/Zones_alluviales/MapServer/WMSServer?request=GetCapabilities&service=WMS aborted
2025-12-07 06:26:10,751 - Scraping log - scraper.py >         <module>(): Line 751 - INFO - Running default scraper on KT_FR > https://geo.fr.ch/ags/services/OpenData/Zones_de_contribution_federale_MO/MapServer/WMSServer?request=GetCapabilities&service=WMS (source 1318/1467)
2025-12-07 06:26:13,160 - Scraping log - scraper.py >         <module>(): Line 751 - INFO - Running default scraper on KT_FR > https://geo.fr.ch/ags/services/OpenData/Zones_de_desserte_de_l_approvisionnement_en_electricite/MapServer/WMSServer?request=GetCapabilities&service=WMS (source 1319/1467)
2025-12-07 06:26:15,656 - Scraping log - scraper.py >         <module>(): Line 751 - INFO - Running default scraper on KT_FR > https://geo.fr.ch/ags/services/OpenData/Zones_de_protection_des_eaux_souterraines_RDPPF/MapServer/WMSServer?request=GetCapabilities&service=WMS (source 1320/1467)
2025-12-07 06:26:17,993 - Scraping log - scraper.py >         <module>(): Line 751 - INFO - Running default scraper on KT_FR > https://geo.fr.ch/ags/services/OpenData/Zones_de_recrutement_des_etablissements_primaires_francophones/MapServer/WMSServer?request=GetCapabilities&service=WMS (source 1321/1467)
2025-12-07 06:26:20,946 - Scraping log - scraper.py >         <module>(): Line 751 - INFO - Running default scraper on KT_FR > https://geo.fr.ch/ags/services/OpenData/Zones_de_recrutement_des_etablissements_primaires_germanophones/MapServer/WMSServer?request=GetCapabilities&service=WMS (source 1322/1467)
2025-12-07 06:26:23,510 - Scraping log - scraper.py >         <module>(): Line 751 - INFO - Running default scraper on KT_FR > https://geo.fr.ch/ags/services/OpenData/Zones_de_recrutement_des_etablissements_secondaires_francophones/MapServer/WMSServer?request=GetCapabilities&service=WMS (source 1323/1467)
2025-12-07 06:26:26,390 - Scraping log - scraper.py >         <module>(): Line 751 - INFO - Running default scraper on KT_FR > https://geo.fr.ch/ags/services/OpenData/Zones_de_recrutement_des_etablissements_secondaires_germanophones/MapServer/WMSServer?request=GetCapabilities&service=WMS (source 1324/1467)
2025-12-07 06:26:28,809 - Scraping log - scraper.py >         <module>(): Line 751 - INFO - Running default scraper on KT_FR > https://geo.fr.ch/ags/services/OpenData/Zones_de_tensions_negligeables/MapServer/WMSServer?request=GetCapabilities&service=WMS (source 1325/1467)
2025-12-07 06:26:31,996 - Scraping log - scraper.py >         <module>(): Line 751 - INFO - Running default scraper on KT_FR > https://geo.fr.ch/ags/services/OpenData/Zones_de_tranquillite/MapServer/WMSServer?request=GetCapabilities&service=WMS (source 1326/1467)
2025-12-07 06:26:34,497 - Scraping log - scraper.py >         <module>(): Line 751 - INFO - Running default scraper on KT_FR > https://geo.fr.ch/ags/services/OpenData/Zones_et_reserves_de_peche_cours_d_eau/MapServer/WMSServer?request=GetCapabilities&service=WMS (source 1327/1467)
2025-12-07 06:26:35,008 - Scraping log - scraper.py >         <module>(): Line 759 - WARNING - Scraping KT_FR > https://geo.fr.ch/ags/services/OpenData/Zones_et_reserves_de_peche_cours_d_eau/MapServer/WMSServer?request=GetCapabilities&service=WMS aborted
2025-12-07 06:26:35,008 - Scraping log - scraper.py >         <module>(): Line 751 - INFO - Running default scraper on KT_FR > https://geo.fr.ch/ags/services/OpenData/Zones_et_reserves_de_peche_lacs/MapServer/WMSServer?request=GetCapabilities&service=WMS (source 1328/1467)
2025-12-07 06:26:35,420 - Scraping log - scraper.py >         <module>(): Line 759 - WARNING - Scraping KT_FR > https://geo.fr.ch/ags/services/OpenData/Zones_et_reserves_de_peche_lacs/MapServer/WMSServer?request=GetCapabilities&service=WMS aborted
2025-12-07 06:26:35,420 - Scraping log - scraper.py >         <module>(): Line 751 - INFO - Running default scraper on KT_FR > https://geo.fr.ch/ags/services/OpenData/Zones_humides_Ramsar/MapServer/WMSServer?request=GetCapabilities&service=WMS (source 1329/1467)
2025-12-07 06:26:37,937 - Scraping log - scraper.py >         <module>(): Line 751 - INFO - Running default scraper on KT_FR > https://geo.fr.ch/ags/services/OpenData/Zones_interdites_au_kitesurfing/MapServer/WMSServer?request=GetCapabilities&service=WMS (source 1330/1467)
2025-12-07 06:26:40,277 - Scraping log - scraper.py >         <module>(): Line 751 - INFO - Running default scraper on KT_FR > https://geo.fr.ch/ags/services/OpenData/Zones_reservees_des_routes_cantonales_RDPPF/MapServer/WMSServer?request=GetCapabilities&service=WMS (source 1331/1467)
2025-12-07 06:26:42,663 - Scraping log - scraper.py >         <module>(): Line 751 - INFO - Running default scraper on KT_FR > https://geo.fr.ch/ags/services/OpenData/Zones_reservees_RDPPF_affectation/MapServer/WMSServer?request=GetCapabilities&service=WMS (source 1332/1467)
2025-12-07 06:26:45,260 - Scraping log - scraper.py >         <module>(): Line 751 - INFO - Running default scraper on KT_FR > https://geo.fr.ch/ags/services/OpenData/Zones_reservees_routes_cantonales/MapServer/WMSServer?request=GetCapabilities&service=WMS (source 1333/1467)
2025-12-07 06:26:45,690 - Scraping log - scraper.py >         <module>(): Line 759 - WARNING - Scraping KT_FR > https://geo.fr.ch/ags/services/OpenData/Zones_reservees_routes_cantonales/MapServer/WMSServer?request=GetCapabilities&service=WMS aborted
2025-12-07 06:26:45,690 - Scraping log - scraper.py >         <module>(): Line 751 - INFO - Running default scraper on KT_FR > https://geo.fr.ch/ags/services/OpenData/Zones_superposees_de_protection_de_la_nature_et_du_paysage/MapServer/WMSServer?request=GetCapabilities&service=WMS (source 1334/1467)
2025-12-07 06:26:46,110 - Scraping log - scraper.py >         <module>(): Line 759 - WARNING - Scraping KT_FR > https://geo.fr.ch/ags/services/OpenData/Zones_superposees_de_protection_de_la_nature_et_du_paysage/MapServer/WMSServer?request=GetCapabilities&service=WMS aborted
2025-12-07 06:26:46,110 - Scraping log - scraper.py >         <module>(): Line 751 - INFO - Running default scraper on KT_FR > https://geo.fr.ch/ags/services/OpenData_Raster/Altitude_du_toit_du_rocher__msm_/MapServer/WMSServer?request=GetCapabilities&service=WMS (source 1335/1467)
2025-12-07 06:26:46,540 - Scraping log - scraper.py >         <module>(): Line 759 - WARNING - Scraping KT_FR > https://geo.fr.ch/ags/services/OpenData_Raster/Altitude_du_toit_du_rocher__msm_/MapServer/WMSServer?request=GetCapabilities&service=WMS aborted
2025-12-07 06:26:46,540 - Scraping log - scraper.py >         <module>(): Line 751 - INFO - Running default scraper on KT_FR > https://geo.fr.ch/ags/services/OpenData_Raster/Atlas_geologique_25000_AG25/MapServer/WMSServer?request=GetCapabilities&service=WMS (source 1336/1467)
2025-12-07 06:26:48,954 - Scraping log - scraper.py >         <module>(): Line 751 - INFO - Running default scraper on KT_FR > https://geo.fr.ch/ags/services/OpenData_Raster/Carte_de_l_alea_ruissellement/MapServer/WMSServer?request=GetCapabilities&service=WMS (source 1337/1467)
2025-12-07 06:26:49,388 - Scraping log - scraper.py >         <module>(): Line 759 - WARNING - Scraping KT_FR > https://geo.fr.ch/ags/services/OpenData_Raster/Carte_de_l_alea_ruissellement/MapServer/WMSServer?request=GetCapabilities&service=WMS aborted
2025-12-07 06:26:49,388 - Scraping log - scraper.py >         <module>(): Line 751 - INFO - Running default scraper on KT_FR > https://geo.fr.ch/ags/services/OpenData_Raster/Carte_geologique_200000_GGK200/MapServer/WMSServer?request=GetCapabilities&service=WMS (source 1338/1467)
2025-12-07 06:26:52,226 - Scraping log - scraper.py >         <module>(): Line 751 - INFO - Running default scraper on KT_FR > https://geo.fr.ch/ags/services/OpenData_Raster/Carte_geologique_500000_GK500_Geol/MapServer/WMSServer?request=GetCapabilities&service=WMS (source 1339/1467)
2025-12-07 06:26:54,802 - Scraping log - scraper.py >         <module>(): Line 751 - INFO - Running default scraper on KT_FR > https://geo.fr.ch/ags/services/OpenData_Raster/Carte_tectonique_500000_GK500_Tekto/MapServer/WMSServer?request=GetCapabilities&service=WMS (source 1340/1467)
2025-12-07 06:26:57,336 - Scraping log - scraper.py >         <module>(): Line 751 - INFO - Running default scraper on KT_FR > https://geo.fr.ch/ags/services/OpenData_Raster/CN1000_NB/MapServer/WMSServer?request=GetCapabilities&service=WMS (source 1341/1467)
2025-12-07 06:26:59,809 - Scraping log - scraper.py >         <module>(): Line 751 - INFO - Running default scraper on KT_FR > https://geo.fr.ch/ags/services/OpenData_Raster/CN1000/MapServer/WMSServer?request=GetCapabilities&service=WMS (source 1342/1467)
2025-12-07 06:27:02,340 - Scraping log - scraper.py >         <module>(): Line 751 - INFO - Running default scraper on KT_FR > https://geo.fr.ch/ags/services/OpenData_Raster/CN100_NB/MapServer/WMSServer?request=GetCapabilities&service=WMS (source 1343/1467)
2025-12-07 06:27:04,950 - Scraping log - scraper.py >         <module>(): Line 751 - INFO - Running default scraper on KT_FR > https://geo.fr.ch/ags/services/OpenData_Raster/CN100/MapServer/WMSServer?request=GetCapabilities&service=WMS (source 1344/1467)
2025-12-07 06:27:07,820 - Scraping log - scraper.py >         <module>(): Line 751 - INFO - Running default scraper on KT_FR > https://geo.fr.ch/ags/services/OpenData_Raster/CN10_NB/MapServer/WMSServer?request=GetCapabilities&service=WMS (source 1345/1467)
2025-12-07 06:27:10,642 - Scraping log - scraper.py >         <module>(): Line 751 - INFO - Running default scraper on KT_FR > https://geo.fr.ch/ags/services/OpenData_Raster/CN10/MapServer/WMSServer?request=GetCapabilities&service=WMS (source 1346/1467)
2025-12-07 06:27:13,888 - Scraping log - scraper.py >         <module>(): Line 751 - INFO - Running default scraper on KT_FR > https://geo.fr.ch/ags/services/OpenData_Raster/CN200_NB/MapServer/WMSServer?request=GetCapabilities&service=WMS (source 1347/1467)
2025-12-07 06:27:16,391 - Scraping log - scraper.py >         <module>(): Line 751 - INFO - Running default scraper on KT_FR > https://geo.fr.ch/ags/services/OpenData_Raster/CN200/MapServer/WMSServer?request=GetCapabilities&service=WMS (source 1348/1467)
2025-12-07 06:27:19,258 - Scraping log - scraper.py >         <module>(): Line 751 - INFO - Running default scraper on KT_FR > https://geo.fr.ch/ags/services/OpenData_Raster/CN25_NB/MapServer/WMSServer?request=GetCapabilities&service=WMS (source 1349/1467)
2025-12-07 06:27:21,984 - Scraping log - scraper.py >         <module>(): Line 751 - INFO - Running default scraper on KT_FR > https://geo.fr.ch/ags/services/OpenData_Raster/CN25/MapServer/WMSServer?request=GetCapabilities&service=WMS (source 1350/1467)
2025-12-07 06:27:24,713 - Scraping log - scraper.py >         <module>(): Line 751 - INFO - Running default scraper on KT_FR > https://geo.fr.ch/ags/services/OpenData_Raster/CN500_NB/MapServer/WMSServer?request=GetCapabilities&service=WMS (source 1351/1467)
2025-12-07 06:27:27,020 - Scraping log - scraper.py >         <module>(): Line 751 - INFO - Running default scraper on KT_FR > https://geo.fr.ch/ags/services/OpenData_Raster/CN500/MapServer/WMSServer?request=GetCapabilities&service=WMS (source 1352/1467)
2025-12-07 06:27:29,517 - Scraping log - scraper.py >         <module>(): Line 751 - INFO - Running default scraper on KT_FR > https://geo.fr.ch/ags/services/OpenData_Raster/CN50_NB/MapServer/WMSServer?request=GetCapabilities&service=WMS (source 1353/1467)
2025-12-07 06:27:32,293 - Scraping log - scraper.py >         <module>(): Line 751 - INFO - Running default scraper on KT_FR > https://geo.fr.ch/ags/services/OpenData_Raster/CN50/MapServer/WMSServer?request=GetCapabilities&service=WMS (source 1354/1467)
2025-12-07 06:27:35,344 - Scraping log - scraper.py >         <module>(): Line 751 - INFO - Running default scraper on KT_FR > https://geo.fr.ch/ags/services/OpenData_Raster/Courbes_de_niveau_2016/MapServer/WMSServer?request=GetCapabilities&service=WMS (source 1355/1467)
2025-12-07 06:27:39,850 - Scraping log - scraper.py >         <module>(): Line 751 - INFO - Running default scraper on KT_FR > https://geo.fr.ch/ags/services/OpenData_Raster/Decoupage_des_courbes_de_niveau_LIDAR_2016_pour_telechargement_par_tuile/MapServer/WMSServer?request=GetCapabilities&service=WMS (source 1356/1467)
2025-12-07 06:27:42,389 - Scraping log - scraper.py >         <module>(): Line 751 - INFO - Running default scraper on KT_FR > https://geo.fr.ch/ags/services/OpenData_Raster/Densite_de_points_au_sol_LIDAR_2016/MapServer/WMSServer?request=GetCapabilities&service=WMS (source 1357/1467)
2025-12-07 06:27:44,959 - Scraping log - scraper.py >         <module>(): Line 751 - INFO - Running default scraper on KT_FR > https://geo.fr.ch/ags/services/OpenData_Raster/Densite_de_points_globale_LIDAR_2016/MapServer/WMSServer?request=GetCapabilities&service=WMS (source 1358/1467)
2025-12-07 06:27:47,419 - Scraping log - scraper.py >         <module>(): Line 751 - INFO - Running default scraper on KT_FR > https://geo.fr.ch/ags/services/OpenData_Raster/Direction_d_ecoulement_1_12500/MapServer/WMSServer?request=GetCapabilities&service=WMS (source 1359/1467)
2025-12-07 06:27:49,918 - Scraping log - scraper.py >         <module>(): Line 751 - INFO - Running default scraper on KT_FR > https://geo.fr.ch/ags/services/OpenData_Raster/Direction_d_ecoulement_1_3000/MapServer/WMSServer?request=GetCapabilities&service=WMS (source 1360/1467)
2025-12-07 06:27:52,573 - Scraping log - scraper.py >         <module>(): Line 751 - INFO - Running default scraper on KT_FR > https://geo.fr.ch/ags/services/OpenData_Raster/Direction_d_ecoulement_1_6000/MapServer/WMSServer?request=GetCapabilities&service=WMS (source 1361/1467)
2025-12-07 06:27:55,031 - Scraping log - scraper.py >         <module>(): Line 751 - INFO - Running default scraper on KT_FR > https://geo.fr.ch/ags/services/OpenData_Raster/Epaisseur_du_Quaternaire__m_/MapServer/WMSServer?request=GetCapabilities&service=WMS (source 1362/1467)
2025-12-07 06:27:57,772 - Scraping log - scraper.py >         <module>(): Line 751 - INFO - Running default scraper on KT_FR > https://geo.fr.ch/ags/services/OpenData_Raster/Habitat_potentiel_du_bouquetin/MapServer/WMSServer?request=GetCapabilities&service=WMS (source 1363/1467)
2025-12-07 06:28:00,530 - Scraping log - scraper.py >         <module>(): Line 751 - INFO - Running default scraper on KT_FR > https://geo.fr.ch/ags/services/OpenData_Raster/Habitat_potentiel_du_cerf/MapServer/WMSServer?request=GetCapabilities&service=WMS (source 1364/1467)
2025-12-07 06:28:02,854 - Scraping log - scraper.py >         <module>(): Line 751 - INFO - Running default scraper on KT_FR > https://geo.fr.ch/ags/services/OpenData_Raster/Habitat_potentiel_du_chamois/MapServer/WMSServer?request=GetCapabilities&service=WMS (source 1365/1467)
2025-12-07 06:28:05,100 - Scraping log - scraper.py >         <module>(): Line 751 - INFO - Running default scraper on KT_FR > https://geo.fr.ch/ags/services/OpenData_Raster/Habitat_potentiel_du_chevreuil/MapServer/WMSServer?request=GetCapabilities&service=WMS (source 1366/1467)
2025-12-07 06:28:07,532 - Scraping log - scraper.py >         <module>(): Line 751 - INFO - Running default scraper on KT_FR > https://geo.fr.ch/ags/services/OpenData_Raster/Image_aerienne_1998/MapServer/WMSServer?request=GetCapabilities&service=WMS (source 1367/1467)
2025-12-07 06:28:10,353 - Scraping log - scraper.py >         <module>(): Line 751 - INFO - Running default scraper on KT_FR > https://geo.fr.ch/ags/services/OpenData_Raster/Image_aerienne_2005/MapServer/WMSServer?request=GetCapabilities&service=WMS (source 1368/1467)
2025-12-07 06:28:13,102 - Scraping log - scraper.py >         <module>(): Line 751 - INFO - Running default scraper on KT_FR > https://geo.fr.ch/ags/services/OpenData_Raster/Image_aerienne_2009/MapServer/WMSServer?request=GetCapabilities&service=WMS (source 1369/1467)
2025-12-07 06:28:15,371 - Scraping log - scraper.py >         <module>(): Line 751 - INFO - Running default scraper on KT_FR > https://geo.fr.ch/ags/services/OpenData_Raster/Image_aerienne_2010/MapServer/WMSServer?request=GetCapabilities&service=WMS (source 1370/1467)
2025-12-07 06:28:17,894 - Scraping log - scraper.py >         <module>(): Line 751 - INFO - Running default scraper on KT_FR > https://geo.fr.ch/ags/services/OpenData_Raster/Image_aerienne_2013/MapServer/WMSServer?request=GetCapabilities&service=WMS (source 1371/1467)
2025-12-07 06:28:20,354 - Scraping log - scraper.py >         <module>(): Line 751 - INFO - Running default scraper on KT_FR > https://geo.fr.ch/ags/services/OpenData_Raster/Image_aerienne_2016/MapServer/WMSServer?request=GetCapabilities&service=WMS (source 1372/1467)
2025-12-07 06:28:22,828 - Scraping log - scraper.py >         <module>(): Line 751 - INFO - Running default scraper on KT_FR > https://geo.fr.ch/ags/services/OpenData_Raster/Image_aerienne_2017/MapServer/WMSServer?request=GetCapabilities&service=WMS (source 1373/1467)
2025-12-07 06:28:25,426 - Scraping log - scraper.py >         <module>(): Line 751 - INFO - Running default scraper on KT_FR > https://geo.fr.ch/ags/services/OpenData_Raster/Image_aerienne_2020/MapServer/WMSServer?request=GetCapabilities&service=WMS (source 1374/1467)
2025-12-07 06:28:28,812 - Scraping log - scraper.py >         <module>(): Line 751 - INFO - Running default scraper on KT_FR > https://geo.fr.ch/ags/services/OpenData_Raster/Isobathes_2012_2016/MapServer/WMSServer?request=GetCapabilities&service=WMS (source 1375/1467)
2025-12-07 06:28:29,347 - Scraping log - scraper.py >         <module>(): Line 759 - WARNING - Scraping KT_FR > https://geo.fr.ch/ags/services/OpenData_Raster/Isobathes_2012_2016/MapServer/WMSServer?request=GetCapabilities&service=WMS aborted
2025-12-07 06:28:29,347 - Scraping log - scraper.py >         <module>(): Line 751 - INFO - Running default scraper on KT_FR > https://geo.fr.ch/ags/services/OpenData_Raster/Lignes_de_vol_LIDAR_2015_2017/MapServer/WMSServer?request=GetCapabilities&service=WMS (source 1376/1467)
2025-12-07 06:28:31,548 - Scraping log - scraper.py >         <module>(): Line 751 - INFO - Running default scraper on KT_FR > https://geo.fr.ch/ags/services/OpenData_Raster/Minutes_originales_MCA/MapServer/WMSServer?request=GetCapabilities&service=WMS (source 1377/1467)
2025-12-07 06:28:34,435 - Scraping log - scraper.py >         <module>(): Line 751 - INFO - Running default scraper on KT_FR > https://geo.fr.ch/ags/services/OpenData_Raster/Minutes_originales_MFA/MapServer/WMSServer?request=GetCapabilities&service=WMS (source 1378/1467)
2025-12-07 06:28:37,125 - Scraping log - scraper.py >         <module>(): Line 751 - INFO - Running default scraper on KT_FR > https://geo.fr.ch/ags/services/OpenData_Raster/MNS_swissSURFACE3D_Raster/MapServer/WMSServer?request=GetCapabilities&service=WMS (source 1379/1467)
2025-12-07 06:28:39,620 - Scraping log - scraper.py >         <module>(): Line 751 - INFO - Running default scraper on KT_FR > https://geo.fr.ch/ags/services/OpenData_Raster/MNT_lacs/MapServer/WMSServer?request=GetCapabilities&service=WMS (source 1380/1467)
2025-12-07 06:28:41,973 - Scraping log - scraper.py >         <module>(): Line 751 - INFO - Running default scraper on KT_FR > https://geo.fr.ch/ags/services/OpenData_Raster/MNT_swissALTI3D/MapServer/WMSServer?request=GetCapabilities&service=WMS (source 1381/1467)
2025-12-07 06:28:44,218 - Scraping log - scraper.py >         <module>(): Line 751 - INFO - Running default scraper on KT_FR > https://geo.fr.ch/ags/services/OpenData_Raster/Modele_numerique_de_hauteur_MNH_2016/MapServer/WMSServer?request=GetCapabilities&service=WMS (source 1382/1467)
2025-12-07 06:28:46,387 - Scraping log - scraper.py >         <module>(): Line 751 - INFO - Running default scraper on KT_FR > https://geo.fr.ch/ags/services/OpenData_Raster/Modele_numerique_de_hauteur_MNH_2021/MapServer/WMSServer?request=GetCapabilities&service=WMS (source 1383/1467)
2025-12-07 06:28:48,723 - Scraping log - scraper.py >         <module>(): Line 751 - INFO - Running default scraper on KT_FR > https://geo.fr.ch/ags/services/OpenData_Raster/Nomenclature_1935_fond_blanc/MapServer/WMSServer?request=GetCapabilities&service=WMS (source 1384/1467)
2025-12-07 06:28:51,084 - Scraping log - scraper.py >         <module>(): Line 751 - INFO - Running default scraper on KT_FR > https://geo.fr.ch/ags/services/OpenData_Raster/Nomenclature_1935/MapServer/WMSServer?request=GetCapabilities&service=WMS (source 1385/1467)
2025-12-07 06:28:53,386 - Scraping log - scraper.py >         <module>(): Line 751 - INFO - Running default scraper on KT_FR > https://geo.fr.ch/ags/services/OpenData_Raster/Orientation_des_pentes_2016/MapServer/WMSServer?request=GetCapabilities&service=WMS (source 1386/1467)
2025-12-07 06:28:55,711 - Scraping log - scraper.py >         <module>(): Line 751 - INFO - Running default scraper on KT_FR > https://geo.fr.ch/ags/services/OpenData_Raster/Orientation_des_pentes_2021/MapServer/WMSServer?request=GetCapabilities&service=WMS (source 1387/1467)
2025-12-07 06:28:57,871 - Scraping log - scraper.py >         <module>(): Line 751 - INFO - Running default scraper on KT_FR > https://geo.fr.ch/ags/services/OpenData_Raster/Orthophoto_technique_LIDAR_2016/MapServer/WMSServer?request=GetCapabilities&service=WMS (source 1388/1467)
2025-12-07 06:29:00,615 - Scraping log - scraper.py >         <module>(): Line 751 - INFO - Running default scraper on KT_FR > https://geo.fr.ch/ags/services/OpenData_Raster/PB_MO_couleur_1_2500/MapServer/WMSServer?request=GetCapabilities&service=WMS (source 1389/1467)
2025-12-07 06:29:01,121 - Scraping log - scraper.py >         <module>(): Line 759 - WARNING - Scraping KT_FR > https://geo.fr.ch/ags/services/OpenData_Raster/PB_MO_couleur_1_2500/MapServer/WMSServer?request=GetCapabilities&service=WMS aborted
2025-12-07 06:29:01,121 - Scraping log - scraper.py >         <module>(): Line 751 - INFO - Running default scraper on KT_FR > https://geo.fr.ch/ags/services/OpenData_Raster/PB_MO_NB_1_2500_fond_transparent/MapServer/WMSServer?request=GetCapabilities&service=WMS (source 1390/1467)
2025-12-07 06:29:01,553 - Scraping log - scraper.py >         <module>(): Line 759 - WARNING - Scraping KT_FR > https://geo.fr.ch/ags/services/OpenData_Raster/PB_MO_NB_1_2500_fond_transparent/MapServer/WMSServer?request=GetCapabilities&service=WMS aborted
2025-12-07 06:29:01,553 - Scraping log - scraper.py >         <module>(): Line 751 - INFO - Running default scraper on KT_FR > https://geo.fr.ch/ags/services/OpenData_Raster/PB_MO_NB_1_2500/MapServer/WMSServer?request=GetCapabilities&service=WMS (source 1391/1467)
2025-12-07 06:29:01,966 - Scraping log - scraper.py >         <module>(): Line 759 - WARNING - Scraping KT_FR > https://geo.fr.ch/ags/services/OpenData_Raster/PB_MO_NB_1_2500/MapServer/WMSServer?request=GetCapabilities&service=WMS aborted
2025-12-07 06:29:01,966 - Scraping log - scraper.py >         <module>(): Line 751 - INFO - Running default scraper on KT_FR > https://geo.fr.ch/ags/services/OpenData_Raster/Pente_en_degres_2016/MapServer/WMSServer?request=GetCapabilities&service=WMS (source 1392/1467)
2025-12-07 06:29:04,199 - Scraping log - scraper.py >         <module>(): Line 751 - INFO - Running default scraper on KT_FR > https://geo.fr.ch/ags/services/OpenData_Raster/Pente_en_degres_2021/MapServer/WMSServer?request=GetCapabilities&service=WMS (source 1393/1467)
2025-12-07 06:29:06,564 - Scraping log - scraper.py >         <module>(): Line 751 - INFO - Running default scraper on KT_FR > https://geo.fr.ch/ags/services/OpenData_Raster/Pente_en_pourcentage_2016/MapServer/WMSServer?request=GetCapabilities&service=WMS (source 1394/1467)
2025-12-07 06:29:08,884 - Scraping log - scraper.py >         <module>(): Line 751 - INFO - Running default scraper on KT_FR > https://geo.fr.ch/ags/services/OpenData_Raster/Pente_en_pourcentage_2021/MapServer/WMSServer?request=GetCapabilities&service=WMS (source 1395/1467)
2025-12-07 06:29:11,336 - Scraping log - scraper.py >         <module>(): Line 751 - INFO - Running default scraper on KT_FR > https://geo.fr.ch/ags/services/OpenData_Raster/Pente_et_orientation_combinees_2016/MapServer/WMSServer?request=GetCapabilities&service=WMS (source 1396/1467)
2025-12-07 06:29:13,844 - Scraping log - scraper.py >         <module>(): Line 751 - INFO - Running default scraper on KT_FR > https://geo.fr.ch/ags/services/OpenData_Raster/Pente_et_orientation_combinees_2021/MapServer/WMSServer?request=GetCapabilities&service=WMS (source 1397/1467)
2025-12-07 06:29:16,284 - Scraping log - scraper.py >         <module>(): Line 751 - INFO - Running default scraper on KT_FR > https://geo.fr.ch/ags/services/OpenData_Raster/Plan_d_ensemble_1_10000_1990/MapServer/WMSServer?request=GetCapabilities&service=WMS (source 1398/1467)
2025-12-07 06:29:18,545 - Scraping log - scraper.py >         <module>(): Line 751 - INFO - Running default scraper on KT_FR > https://geo.fr.ch/ags/services/OpenData_Raster/Plan_d_ensemble_1_5000_2010/MapServer/WMSServer?request=GetCapabilities&service=WMS (source 1399/1467)
2025-12-07 06:29:20,928 - Scraping log - scraper.py >         <module>(): Line 751 - INFO - Running default scraper on KT_FR > https://geo.fr.ch/ags/services/OpenData_Raster/Plans_cadastraux_sur_plaque_aluminium/MapServer/WMSServer?request=GetCapabilities&service=WMS (source 1400/1467)
2025-12-07 06:29:23,930 - Scraping log - scraper.py >         <module>(): Line 751 - INFO - Running default scraper on KT_FR > https://geo.fr.ch/ags/services/OpenData_Raster/Plans_d_ensemble_couleur_1930_1940/MapServer/WMSServer?request=GetCapabilities&service=WMS (source 1401/1467)
2025-12-07 06:29:26,399 - Scraping log - scraper.py >         <module>(): Line 751 - INFO - Running default scraper on KT_FR > https://geo.fr.ch/ags/services/OpenData_Raster/Plans_topographiques_du_19eme_siecle/MapServer/WMSServer?request=GetCapabilities&service=WMS (source 1402/1467)
2025-12-07 06:29:29,094 - Scraping log - scraper.py >         <module>(): Line 751 - INFO - Running default scraper on KT_FR > https://geo.fr.ch/ags/services/OpenData_Raster/Relief_de_surface_ombre_MNS_2002/MapServer/WMSServer?request=GetCapabilities&service=WMS (source 1403/1467)
2025-12-07 06:29:31,380 - Scraping log - scraper.py >         <module>(): Line 751 - INFO - Running default scraper on KT_FR > https://geo.fr.ch/ags/services/OpenData_Raster/Relief_de_surface_ombre_MNS_2016/MapServer/WMSServer?request=GetCapabilities&service=WMS (source 1404/1467)
2025-12-07 06:29:33,705 - Scraping log - scraper.py >         <module>(): Line 751 - INFO - Running default scraper on KT_FR > https://geo.fr.ch/ags/services/OpenData_Raster/Relief_de_surface_ombre_MNS_swissSURFACE3D_Raster_2018_2019/MapServer/WMSServer?request=GetCapabilities&service=WMS (source 1405/1467)
2025-12-07 06:29:36,397 - Scraping log - scraper.py >         <module>(): Line 751 - INFO - Running default scraper on KT_FR > https://geo.fr.ch/ags/services/OpenData_Raster/Relief_de_terrain_ombre_MNT_2002/MapServer/WMSServer?request=GetCapabilities&service=WMS (source 1406/1467)
2025-12-07 06:29:38,879 - Scraping log - scraper.py >         <module>(): Line 751 - INFO - Running default scraper on KT_FR > https://geo.fr.ch/ags/services/OpenData_Raster/Relief_de_terrain_ombre_MNT_2016/MapServer/WMSServer?request=GetCapabilities&service=WMS (source 1407/1467)
2025-12-07 06:29:41,013 - Scraping log - scraper.py >         <module>(): Line 751 - INFO - Running default scraper on KT_FR > https://geo.fr.ch/ags/services/OpenData_Raster/Relief_de_terrain_ombre_MNT_lacs_de_Morat_et_Neuchatel/MapServer/WMSServer?request=GetCapabilities&service=WMS (source 1408/1467)
2025-12-07 06:29:43,711 - Scraping log - scraper.py >         <module>(): Line 751 - INFO - Running default scraper on KT_FR > https://geo.fr.ch/ags/services/OpenData_Raster/Relief_de_terrain_ombre_MNT_swissALTI3D_2021/MapServer/WMSServer?request=GetCapabilities&service=WMS (source 1409/1467)
2025-12-07 06:29:46,104 - Scraping log - scraper.py >         <module>(): Line 751 - INFO - Running default scraper on KT_FR > https://geo.fr.ch/ags/services/OpenData_Raster/Relief_ombre_swissALTI3D_2010/MapServer/WMSServer?request=GetCapabilities&service=WMS (source 1410/1467)
2025-12-07 06:29:48,506 - Scraping log - scraper.py >         <module>(): Line 751 - INFO - Running default scraper on KT_FR > https://geo.fr.ch/ags/services/OpenData_Raster/Toit_du_rocher___Isohypses__msm_/MapServer/WMSServer?request=GetCapabilities&service=WMS (source 1411/1467)
2025-12-07 06:29:50,673 - Scraping log - scraper.py >         <module>(): Line 751 - INFO - Running default scraper on FL_LI > https://service.geo.llv.li/service/wms?service=WMS&request=GetCapabilities (source 1412/1467)
2025-12-07 06:30:04,668 - Scraping log - scraper.py > get_service_info(): Line 319 - ERROR - WMSLI: HTTPSConnectionPool(host='service.geo.llv.li', port=443): Read timed out. (read timeout=10)
2025-12-07 06:30:58,046 - Scraping log - scraper.py >         <module>(): Line 751 - INFO - Running default scraper on Geodienste > https://geodienste.ch/db/av/deu?SERVICE=WMS&REQUEST=GetCapabilities (source 1413/1467)
2025-12-07 06:31:12,553 - Scraping log - scraper.py >         <module>(): Line 751 - INFO - Running default scraper on Geodienste > https://geodienste.ch/db/av_situationsplan/deu?SERVICE=WMS&REQUEST=GetCapabilities (source 1414/1467)
2025-12-07 06:31:44,172 - Scraping log - scraper.py >         <module>(): Line 751 - INFO - Running default scraper on Geodienste > https://geodienste.ch/db/fruchtfolgeflaechen/deu?SERVICE=WMS&REQUEST=GetCapabilities (source 1415/1467)
2025-12-07 06:31:47,906 - Scraping log - scraper.py >         <module>(): Line 751 - INFO - Running default scraper on Geodienste > https://geodienste.ch/db/gefahrenkarten_v1_3_0/deu?SERVICE=WMS&REQUEST=GetCapabilities (source 1416/1467)
2025-12-07 06:32:13,772 - Scraping log - scraper.py >         <module>(): Line 751 - INFO - Running default scraper on Geodienste > https://geodienste.ch/db/kantonale_ausnahmetransportrouten/deu?SERVICE=WMS&REQUEST=GetCapabilities (source 1417/1467)
2025-12-07 06:32:18,140 - Scraping log - scraper.py >         <module>(): Line 751 - INFO - Running default scraper on Geodienste > https://geodienste.ch/db/kataster_belasteter_standorte/deu?SERVICE=WMS&REQUEST=GetCapabilities (source 1418/1467)
2025-12-07 06:32:22,299 - Scraping log - scraper.py >         <module>(): Line 751 - INFO - Running default scraper on Geodienste > https://geodienste.ch/db/lwb_bewirtschaftungseinheit/deu?SERVICE=WMS&REQUEST=GetCapabilities (source 1419/1467)
2025-12-07 06:32:27,180 - Scraping log - scraper.py >         <module>(): Line 751 - INFO - Running default scraper on Geodienste > https://geodienste.ch/db/lwb_biodiversitaetsfoerderflaechen/deu?SERVICE=WMS&REQUEST=GetCapabilities (source 1420/1467)
2025-12-07 06:32:31,526 - Scraping log - scraper.py >         <module>(): Line 751 - INFO - Running default scraper on Geodienste > https://geodienste.ch/db/lwb_nutzungsflaechen/deu?SERVICE=WMS&REQUEST=GetCapabilities (source 1421/1467)
2025-12-07 06:32:36,394 - Scraping log - scraper.py >         <module>(): Line 751 - INFO - Running default scraper on Geodienste > https://geodienste.ch/db/lwb_perimeter_ln_sf/deu?SERVICE=WMS&REQUEST=GetCapabilities (source 1422/1467)
2025-12-07 06:32:40,180 - Scraping log - scraper.py >         <module>(): Line 751 - INFO - Running default scraper on Geodienste > https://geodienste.ch/db/lwb_perimeter_terrassenreben/deu?SERVICE=WMS&REQUEST=GetCapabilities (source 1423/1467)
2025-12-07 06:32:43,942 - Scraping log - scraper.py >         <module>(): Line 751 - INFO - Running default scraper on Geodienste > https://geodienste.ch/db/lwb_rebbaukataster/deu?SERVICE=WMS&REQUEST=GetCapabilities (source 1424/1467)
2025-12-07 06:32:47,682 - Scraping log - scraper.py >         <module>(): Line 751 - INFO - Running default scraper on Geodienste > https://geodienste.ch/db/npl_laermempfindlichkeitsstufen/deu?SERVICE=WMS&REQUEST=GetCapabilities (source 1425/1467)
2025-12-07 06:32:51,447 - Scraping log - scraper.py >         <module>(): Line 751 - INFO - Running default scraper on Geodienste > https://geodienste.ch/db/npl_nutzungsplanung/deu?SERVICE=WMS&REQUEST=GetCapabilities (source 1426/1467)
2025-12-07 06:32:56,336 - Scraping log - scraper.py >         <module>(): Line 751 - INFO - Running default scraper on Geodienste > https://geodienste.ch/db/planerischer_gewaesserschutz_v1_1_1/deu?SERVICE=WMS&REQUEST=GetCapabilities (source 1427/1467)
2025-12-07 06:33:17,990 - Scraping log - scraper.py >         <module>(): Line 751 - INFO - Running default scraper on Geodienste > https://geodienste.ch/db/npl_waldabstandslinien/deu?SERVICE=WMS&REQUEST=GetCapabilities (source 1428/1467)
2025-12-07 06:33:24,575 - Scraping log - scraper.py >         <module>(): Line 751 - INFO - Running default scraper on Geodienste > https://geodienste.ch/db/npl_waldgrenzen/deu?SERVICE=WMS&REQUEST=GetCapabilities (source 1429/1467)
2025-12-07 06:33:28,291 - Scraping log - scraper.py >         <module>(): Line 751 - INFO - Running default scraper on Geodienste > https://geodienste.ch/db/planungszonen_v1_0_0/deu?SERVICE=WMS&REQUEST=GetCapabilities (source 1430/1467)
2025-12-07 06:33:28,638 - Scraping log - scraper.py >         <module>(): Line 759 - WARNING - Scraping Geodienste > https://geodienste.ch/db/planungszonen_v1_0_0/deu?SERVICE=WMS&REQUEST=GetCapabilities aborted
2025-12-07 06:33:28,638 - Scraping log - scraper.py >         <module>(): Line 751 - INFO - Running default scraper on Geodienste > https://geodienste.ch/db/richtplanung_erneuerbare_energien_v1_0_0/deu?SERVICE=WMS&REQUEST=GetCapabilities (source 1431/1467)
2025-12-07 06:33:38,800 - Scraping log - scraper.py >         <module>(): Line 751 - INFO - Running default scraper on Geodienste > https://geodienste.ch/db/stromversorgungssicherheit_netzgebiete_v1_2_0/deu?SERVICE=WMS&REQUEST=GetCapabilities (source 1432/1467)
2025-12-07 06:33:43,124 - Scraping log - scraper.py >         <module>(): Line 751 - INFO - Running default scraper on Geodienste > https://geodienste.ch/db/waldreservate/deu?SERVICE=WMS&REQUEST=GetCapabilities (source 1433/1467)
2025-12-07 06:33:46,850 - Scraping log - scraper.py >         <module>(): Line 751 - INFO - Running default scraper on Geodienste > https://geodienste.ch/db/wildruhezonen_v2_1_1/deu?SERVICE=WMS&REQUEST=GetCapabilities (source 1434/1467)
2025-12-07 06:33:51,158 - Scraping log - scraper.py >         <module>(): Line 751 - INFO - Running default scraper on Geodienste > https://geodienste.ch/db/av/deu?SERVICE=WFS&REQUEST=GetCapabilities (source 1435/1467)
2025-12-07 06:33:57,806 - Scraping log - scraper.py >         <module>(): Line 751 - INFO - Running default scraper on Geodienste > https://geodienste.ch/db/av_situationsplan/deu?SERVICE=WFS&REQUEST=GetCapabilities (source 1436/1467)
2025-12-07 06:34:07,723 - Scraping log - scraper.py >         <module>(): Line 751 - INFO - Running default scraper on Geodienste > https://geodienste.ch/db/fruchtfolgeflaechen/deu?SERVICE=WFS&REQUEST=GetCapabilities (source 1437/1467)
2025-12-07 06:34:09,746 - Scraping log - scraper.py >         <module>(): Line 751 - INFO - Running default scraper on Geodienste > https://geodienste.ch/db/gefahrenkarten_v1_3_0/deu?SERVICE=WFS&REQUEST=GetCapabilities (source 1438/1467)
2025-12-07 06:34:19,563 - Scraping log - scraper.py >         <module>(): Line 751 - INFO - Running default scraper on Geodienste > https://geodienste.ch/db/kantonale_ausnahmetransportrouten/deu?SERVICE=WFS&REQUEST=GetCapabilities (source 1439/1467)
2025-12-07 06:34:21,799 - Scraping log - scraper.py >         <module>(): Line 751 - INFO - Running default scraper on Geodienste > https://geodienste.ch/db/kataster_belasteter_standorte/deu?SERVICE=WFS&REQUEST=GetCapabilities (source 1440/1467)
2025-12-07 06:34:23,993 - Scraping log - scraper.py >         <module>(): Line 751 - INFO - Running default scraper on Geodienste > https://geodienste.ch/db/lwb_bewirtschaftungseinheit/deu?SERVICE=WFS&REQUEST=GetCapabilities (source 1441/1467)
2025-12-07 06:34:26,423 - Scraping log - scraper.py >         <module>(): Line 751 - INFO - Running default scraper on Geodienste > https://geodienste.ch/db/lwb_biodiversitaetsfoerderflaechen/deu?SERVICE=WFS&REQUEST=GetCapabilities (source 1442/1467)
2025-12-07 06:34:28,643 - Scraping log - scraper.py >         <module>(): Line 751 - INFO - Running default scraper on Geodienste > https://geodienste.ch/db/lwb_nutzungsflaechen/deu?SERVICE=WFS&REQUEST=GetCapabilities (source 1443/1467)
2025-12-07 06:34:30,670 - Scraping log - scraper.py >         <module>(): Line 751 - INFO - Running default scraper on Geodienste > https://geodienste.ch/db/lwb_perimeter_ln_sf/deu?SERVICE=WFS&REQUEST=GetCapabilities (source 1444/1467)
2025-12-07 06:34:32,687 - Scraping log - scraper.py >         <module>(): Line 751 - INFO - Running default scraper on Geodienste > https://geodienste.ch/db/lwb_perimeter_terrassenreben/deu?SERVICE=WFS&REQUEST=GetCapabilities (source 1445/1467)
2025-12-07 06:34:34,707 - Scraping log - scraper.py >         <module>(): Line 751 - INFO - Running default scraper on Geodienste > https://geodienste.ch/db/lwb_rebbaukataster/deu?SERVICE=WFS&REQUEST=GetCapabilities (source 1446/1467)
2025-12-07 06:34:36,710 - Scraping log - scraper.py >         <module>(): Line 751 - INFO - Running default scraper on Geodienste > https://geodienste.ch/db/npl_laermempfindlichkeitsstufen/deu?SERVICE=WFS&REQUEST=GetCapabilities (source 1447/1467)
2025-12-07 06:34:38,719 - Scraping log - scraper.py >         <module>(): Line 751 - INFO - Running default scraper on Geodienste > https://geodienste.ch/db/npl_nutzungsplanung/deu?SERVICE=WFS&REQUEST=GetCapabilities (source 1448/1467)
2025-12-07 06:34:41,338 - Scraping log - scraper.py >         <module>(): Line 751 - INFO - Running default scraper on Geodienste > https://geodienste.ch/db/planerischer_gewaesserschutz_v1_1_1/deu?SERVICE=WFS&REQUEST=GetCapabilities (source 1449/1467)
2025-12-07 06:34:48,803 - Scraping log - scraper.py >         <module>(): Line 751 - INFO - Running default scraper on Geodienste > https://geodienste.ch/db/npl_waldabstandslinien/deu?SERVICE=WFS&REQUEST=GetCapabilities (source 1450/1467)
2025-12-07 06:34:50,824 - Scraping log - scraper.py >         <module>(): Line 751 - INFO - Running default scraper on Geodienste > https://geodienste.ch/db/npl_waldgrenzen/deu?SERVICE=WFS&REQUEST=GetCapabilities (source 1451/1467)
2025-12-07 06:34:52,837 - Scraping log - scraper.py >         <module>(): Line 751 - INFO - Running default scraper on Geodienste > https://geodienste.ch/db/planungszonen_v1_0_0/deu?SERVICE=WFS&REQUEST=GetCapabilities (source 1452/1467)
2025-12-07 06:34:53,176 - Scraping log - scraper.py >         <module>(): Line 759 - WARNING - Scraping Geodienste > https://geodienste.ch/db/planungszonen_v1_0_0/deu?SERVICE=WFS&REQUEST=GetCapabilities aborted
2025-12-07 06:34:53,177 - Scraping log - scraper.py >         <module>(): Line 751 - INFO - Running default scraper on Geodienste > https://geodienste.ch/db/richtplanung_erneuerbare_energien_v1_0_0/deu?SERVICE=WFS&REQUEST=GetCapabilities (source 1453/1467)
2025-12-07 06:34:59,001 - Scraping log - scraper.py >         <module>(): Line 751 - INFO - Running default scraper on Geodienste > https://geodienste.ch/db/stromversorgungssicherheit_netzgebiete_v1_2_0/deu?SERVICE=WFS&REQUEST=GetCapabilities (source 1454/1467)
2025-12-07 06:35:01,389 - Scraping log - scraper.py >         <module>(): Line 751 - INFO - Running default scraper on Geodienste > https://geodienste.ch/db/waldreservate/deu?SERVICE=WFS&REQUEST=GetCapabilities (source 1455/1467)
2025-12-07 06:35:03,421 - Scraping log - scraper.py >         <module>(): Line 751 - INFO - Running default scraper on Geodienste > https://geodienste.ch/db/wildruhezonen_v2_1_1/deu?SERVICE=WFS&REQUEST=GetCapabilities (source 1456/1467)
2025-12-07 06:35:05,625 - Scraping log - scraper.py >         <module>(): Line 751 - INFO - Running default scraper on Geodienste > https://geodienste.ch/db/avc/deu?SERVICE=WFS&REQUEST=GetCapabilities (source 1457/1467)
2025-12-07 06:35:12,305 - Scraping log - scraper.py >         <module>(): Line 751 - INFO - Running default scraper on Geodienste > https://geodienste.ch/db/naturereigniskataster_v1_0_0/deu?SERVICE=WFS&REQUEST=GetCapabilities (source 1458/1467)
2025-12-07 06:35:16,729 - Scraping log - scraper.py >         <module>(): Line 751 - INFO - Running default scraper on Geodienste > https://geodienste.ch/db/luftbild/deu?SERVICE=WFS&REQUEST=GetCapabilities (source 1459/1467)
2025-12-07 06:35:24,225 - Scraping log - scraper.py >         <module>(): Line 751 - INFO - Running default scraper on Geodienste > https://geodienste.ch/db/avc/deu?SERVICE=WMS&REQUEST=GetCapabilities (source 1460/1467)
2025-12-07 06:35:37,654 - Scraping log - scraper.py >         <module>(): Line 751 - INFO - Running default scraper on Geodienste > https://geodienste.ch/db/naturereigniskataster_v1_0_0/deu?SERVICE=WMS&REQUEST=GetCapabilities (source 1461/1467)
2025-12-07 06:35:47,871 - Scraping log - scraper.py >         <module>(): Line 751 - INFO - Running default scraper on Geodienste > https://geodienste.ch/db/luftbild/deu?SERVICE=WMS&REQUEST=GetCapabilities (source 1462/1467)
2025-12-07 06:36:09,490 - Scraping log - scraper.py >         <module>(): Line 751 - INFO - Running default scraper on Bund >  https://wmts.geo.admin.ch/EPSG/3857/1.0.0/WMTSCapabilities.xml (source 1463/1467)
2025-12-07 06:40:45,870 - Scraping log - scraper.py >         <module>(): Line 751 - INFO - Running default scraper on Bund >  https://wms.geo.admin.ch/?SERVICE=WMS&VERSION=1.3.0&REQUEST=GetCapabilities (source 1464/1467)
2025-12-07 06:41:10,316 - Scraping log - scraper.py > get_service_info(): Line 319 - ERROR - ch.swisstopo.amtliches-gebaeudeadressverzeichnis: HTTPSConnectionPool(host='wms.geo.admin.ch', port=443): Read timed out. (read timeout=10)
2025-12-07 06:43:03,212 - Scraping log - scraper.py > get_service_info(): Line 319 - ERROR - ch.swisstopo.swisstlm3d-strassen: HTTPSConnectionPool(host='wms.geo.admin.ch', port=443): Read timed out. (read timeout=10)
2025-12-07 06:43:19,210 - Scraping log - scraper.py > get_service_info(): Line 319 - ERROR - ch.swisstopo.swisstne-base: HTTPSConnectionPool(host='wms.geo.admin.ch', port=443): Read timed out. (read timeout=10)
2025-12-07 06:43:52,543 - Scraping log - scraper.py > get_service_info(): Line 319 - ERROR - ch.swisstopo.vec25-gebaeude: HTTPSConnectionPool(host='wms.geo.admin.ch', port=443): Read timed out. (read timeout=10)
2025-12-07 06:45:33,317 - Scraping log - scraper.py > get_service_info(): Line 319 - ERROR - ch.blw.landwirtschaftliche-nutzungsflaechen: HTTPSConnectionPool(host='wms.geo.admin.ch', port=443): Read timed out. (read timeout=10)
2025-12-07 06:45:44,564 - Scraping log - scraper.py > get_service_info(): Line 319 - ERROR - ch.blw.steil_terrassenlagen_rebbau: HTTPSConnectionPool(host='wms.geo.admin.ch', port=443): Read timed out. (read timeout=10)
2025-12-07 06:45:58,652 - Scraping log - scraper.py > get_service_info(): Line 319 - ERROR - ch.blw.hang_steillagen: HTTPSConnectionPool(host='wms.geo.admin.ch', port=443): Read timed out. (read timeout=10)
2025-12-07 06:46:15,303 - Scraping log - scraper.py > get_service_info(): Line 319 - ERROR - ch.bfs.gebaeude_wohnungs_register_waermequelle_heizung: HTTPSConnectionPool(host='wms.geo.admin.ch', port=443): Read timed out. (read timeout=10)
2025-12-07 06:49:29,820 - Scraping log - scraper.py > get_service_info(): Line 319 - ERROR - ch.bafu.gefaehrdungskarte-oberflaechenabfluss: HTTPSConnectionPool(host='wms.geo.admin.ch', port=443): Read timed out. (read timeout=10)
2025-12-07 06:50:28,246 - Scraping log - scraper.py > get_service_info(): Line 319 - ERROR - ch.bafu.klima-co2_ausstoss_gebaeude: HTTPSConnectionPool(host='wms.geo.admin.ch', port=443): Read timed out. (read timeout=10)
2025-12-07 06:50:57,977 - Scraping log - scraper.py > get_service_info(): Line 316 - WARNING - ch.bafu.neophyten-carolina_nachtschatten: GetMap request is blocked for this layer
2025-12-07 06:51:14,149 - Scraping log - scraper.py > get_service_info(): Line 316 - WARNING - ch.bafu.neophyten-portulak_heusenkraut: GetMap request is blocked for this layer
2025-12-07 06:52:39,412 - Scraping log - scraper.py > get_service_info(): Line 319 - ERROR - ch.bafu.wasser-teileinzugsgebiete_2: HTTPSConnectionPool(host='wms.geo.admin.ch', port=443): Read timed out. (read timeout=10)
2025-12-07 06:54:07,659 - Scraping log - scraper.py > get_service_info(): Line 319 - ERROR - ch.are.solaranlagen-pruefenswerte_gebiete_vektor: HTTPSConnectionPool(host='wms.geo.admin.ch', port=443): Read timed out. (read timeout=10)
2025-12-07 06:54:34,891 - Scraping log - scraper.py > get_service_info(): Line 319 - ERROR - ch.agroscope.amphibien-bedeutung_parzellen: HTTPSConnectionPool(host='wms.geo.admin.ch', port=443): Read timed out. (read timeout=10)
2025-12-07 06:55:01,146 - Scraping log - scraper.py >         <module>(): Line 751 - INFO - Running default scraper on ASIT >  https://wmts.asit-asso.ch/wmts/1.0.0/WMTSCapabilities.xml (source 1465/1467)
2025-12-07 06:55:04,102 - Scraping log - scraper.py >         <module>(): Line 751 - INFO - Running default scraper on SOSM > https://tile.osm.ch/1.0.0/WMTSCapabilities.xml (source 1466/1467)
2025-12-07 06:55:06,141 - Scraping log - scraper.py >         <module>(): Line 751 - INFO - Running default scraper on ST_BE > https://map.bern.ch/arcgis/rest/services/Geoportal/STEK2016_Entwicklungspotenziale/MapServer/WMTS/1.0.0/WMTSCapabilities.xml (source 1467/1467)
2025-12-07 06:55:07,817 - Scraping log - scraper.py >         <module>(): Line 766 - INFO - Scraping took: 311 mins
2025-12-07 07:11:55,263 - Scraping log - scraper.py >         <module>(): Line 777 - INFO - Keeping 587 datasets from old database without processing
2025-12-07 07:25:01,836 - Scraping log - scraper.py >         <module>(): Line 782 - INFO - Found 47244 datasets for processing
2025-12-07 07:25:02,633 - Scraping log - scraper.py >         <module>(): Line 792 - INFO - Job took: 341 mins
