2025-11-30 01:43:37,898 - Scraping log - scraper.py >         <module>(): Line 706 - INFO - Running scraper with a limit of 
2025-11-30 01:43:37,903 - Scraping log - scraper.py >         <module>(): Line 737 - INFO - Startup time until scraping: 0 mins
2025-11-30 01:43:37,903 - Scraping log - scraper.py >         <module>(): Line 751 - INFO - Running default scraper on KT_AI > https://www.geoportal.ch/services/wms/ktai?SERVICE=WMS&REQUEST=GetCapabilities (source 1/1467)
2025-11-30 01:43:42,566 - Scraping log - scraper.py > get_service_info(): Line 319 - ERROR - ch.geoportal.ktai: 500 Server Error: Internal Server Error for url: https://www.geoportal.ch/services/wms/ktai?service=WMS&version=1.3.0&request=GetMap&layers=ch.geoportal.ktai&styles=&width=256&height=256&crs=EPSG%3A4326&bbox=47.225%2C9.297%2C47.453%2C9.632&format=image%2Fpng&transparent=TRUE&exceptions=XML&bgcolor=0xFFFFFF
2025-11-30 01:43:43,390 - Scraping log - scraper.py >         <module>(): Line 751 - INFO - Running default scraper on KT_AR > https://www.geoportal.ch/services/wms/ktar?SERVICE=WMS&REQUEST=GetCapabilities (source 2/1467)
2025-11-30 01:43:47,615 - Scraping log - scraper.py > get_service_info(): Line 319 - ERROR - ch.geoportal.ktar: 500 Server Error: Internal Server Error for url: https://www.geoportal.ch/services/wms/ktar?service=WMS&version=1.3.0&request=GetMap&layers=ch.geoportal.ktar&styles=&width=256&height=256&crs=EPSG%3A4326&bbox=47.238%2C9.178%2C47.478%2C9.644&format=image%2Fpng&transparent=TRUE&exceptions=XML&bgcolor=0xFFFFFF
2025-11-30 01:43:50,012 - Scraping log - scraper.py >         <module>(): Line 751 - INFO - Running default scraper on KT_AG > https://wms.geo.ag.ch/public/ows?SERVICE=WMS (source 3/1467)
2025-11-30 01:44:00,285 - Scraping log - scraper.py > get_service_info(): Line 319 - ERROR - ch_ag_geo_ATB_SEWKnoten: The requested Style can not be used with this layer.  The style specifies an attribute named 'var rotation = rotation if (art == 'einleitstelle gewässerrelevant' ||art == 'einleitstelle nicht gewässerrelevant' ||art == 'auslauf ins freie' ) { rotation = 90 } return rotation', not found in the 'ch_ag_geo_atb_sewknoten_01' layer
2025-11-30 01:47:45,678 - Scraping log - scraper.py > get_service_info(): Line 319 - ERROR - ch_ag_geo_aw_wbep: HTTPSConnectionPool(host='wms.geo.ag.ch', port=443): Read timed out. (read timeout=10)
2025-11-30 01:47:56,591 - Scraping log - scraper.py > get_service_info(): Line 319 - ERROR - ch_ag_geo_aw_wbsp: HTTPSConnectionPool(host='wms.geo.ag.ch', port=443): Read timed out. (read timeout=10)
2025-11-30 01:48:53,912 - Scraping log - scraper.py > get_service_info(): Line 319 - ERROR - ch_ag_geo_va_avwms_va_lsgp_01: HTTPSConnectionPool(host='wms.geo.ag.ch', port=443): Read timed out. (read timeout=10)
2025-11-30 01:49:02,799 - Scraping log - scraper.py >         <module>(): Line 751 - INFO - Running default scraper on KT_BL > https://tile.geoview.bl.ch/1.0.0/WMTSCapabilities.xml (source 4/1467)
2025-11-30 01:49:05,673 - Scraping log - scraper.py >         <module>(): Line 751 - INFO - Running default scraper on KT_BL > http://geowms.bl.ch/?SERVICE=WMS&VERSION=1.3.0&REQUEST=GetCapabilities (source 5/1467)
2025-11-30 01:49:19,611 - Scraping log - scraper.py > get_service_info(): Line 319 - ERROR - OpenWMS_BL: msWMSApplyTime: WMS server error. No Time value was given, and the default time value 2023 is invalid or outside the time extent defined 2011/2022/P1Y msStyleSetGeomTransform(): General error message. unknown transform expression
2025-11-30 01:56:13,610 - Scraping log - scraper.py >         <module>(): Line 751 - INFO - Running default scraper on KT_BS > https://wfs.geo.bs.ch/?SERVICE=WFS&REQUEST=GetCapabilities (source 6/1467)
2025-11-30 01:56:48,554 - Scraping log - scraper.py >         <module>(): Line 751 - INFO - Running default scraper on KT_BS > https://wmts.geo.bs.ch/EPSG/3857/1.0.0/WMTSCapabilities.xml (source 7/1467)
2025-11-30 01:56:57,003 - Scraping log - scraper.py >         <module>(): Line 751 - INFO - Running default scraper on KT_BS > https://wms.geo.bs.ch/?SERVICE=WMS&REQUEST=GetCapabilities (source 8/1467)
2025-11-30 01:57:22,978 - Scraping log - scraper.py > get_service_info(): Line 319 - ERROR - WMS_BS: HTTPSConnectionPool(host='wms.geo.bs.ch', port=443): Read timed out. (read timeout=10)
2025-11-30 01:58:01,744 - Scraping log - scraper.py > get_service_info(): Line 316 - WARNING - Parzellenplan_Bodenbedeckung_sw: GetMap request is blocked for this layer
2025-11-30 01:58:14,262 - Scraping log - scraper.py > get_service_info(): Line 316 - WARNING - AF_AbfuhrzoneGemeindeBasel: GetMap request is blocked for this layer
2025-11-30 01:58:26,735 - Scraping log - scraper.py > get_service_info(): Line 316 - WARNING - AL_Alterspflegeheime: GetMap request is blocked for this layer
2025-11-30 01:58:39,317 - Scraping log - scraper.py > get_service_info(): Line 316 - WARNING - AT_Ausnahmetransportrouten: GetMap request is blocked for this layer
2025-11-30 01:58:51,987 - Scraping log - scraper.py > get_service_info(): Line 316 - WARNING - AVBS_3000_sw: GetMap request is blocked for this layer
2025-11-30 01:59:02,202 - Scraping log - scraper.py > get_service_info(): Line 316 - WARNING - BA_Baeume: GetMap request is blocked for this layer
2025-11-30 01:59:12,216 - Scraping log - scraper.py > get_service_info(): Line 316 - WARNING - BA_FaellUndBaumersatzliste: GetMap request is blocked for this layer
2025-11-30 01:59:22,238 - Scraping log - scraper.py > get_service_info(): Line 316 - WARNING - Bodenkarten: GetMap request is blocked for this layer
2025-11-30 01:59:32,733 - Scraping log - scraper.py > get_service_info(): Line 316 - WARNING - Nutzungseignungskarte: GetMap request is blocked for this layer
2025-11-30 01:59:43,105 - Scraping log - scraper.py > get_service_info(): Line 316 - WARNING - Risikostufe: GetMap request is blocked for this layer
2025-11-30 01:59:53,288 - Scraping log - scraper.py > get_service_info(): Line 316 - WARNING - BH_Bienenstaende: GetMap request is blocked for this layer
2025-11-30 02:00:03,637 - Scraping log - scraper.py > get_service_info(): Line 316 - WARNING - BI_FreizeitSport: GetMap request is blocked for this layer
2025-11-30 02:00:13,652 - Scraping log - scraper.py > get_service_info(): Line 316 - WARNING - BI_GesundheitSoziales: GetMap request is blocked for this layer
2025-11-30 02:00:23,673 - Scraping log - scraper.py > get_service_info(): Line 316 - WARNING - BI_KirchenReligion: GetMap request is blocked for this layer
2025-11-30 02:00:33,688 - Scraping log - scraper.py > get_service_info(): Line 316 - WARNING - BI_KulturUnterhaltung: GetMap request is blocked for this layer
2025-11-30 02:00:43,891 - Scraping log - scraper.py > get_service_info(): Line 316 - WARNING - Öffentliche Einrichtungen: GetMap request is blocked for this layer
2025-11-30 02:00:55,343 - Scraping log - scraper.py > get_service_info(): Line 316 - WARNING - BI_OeffentlicheEinrichtungen_WC: GetMap request is blocked for this layer
2025-11-30 02:01:05,358 - Scraping log - scraper.py > get_service_info(): Line 316 - WARNING - BI_Sehenswuerdigkeiten: GetMap request is blocked for this layer
2025-11-30 02:01:15,367 - Scraping log - scraper.py > get_service_info(): Line 316 - WARNING - BI_UnterkuenfteTagung: GetMap request is blocked for this layer
2025-11-30 02:01:25,480 - Scraping log - scraper.py > get_service_info(): Line 316 - WARNING - BI_Verkehr: GetMap request is blocked for this layer
2025-11-30 02:01:35,489 - Scraping log - scraper.py > get_service_info(): Line 316 - WARNING - BI_Hintergrund: GetMap request is blocked for this layer
2025-11-30 02:01:45,499 - Scraping log - scraper.py > get_service_info(): Line 316 - WARNING - BI_Strassen: GetMap request is blocked for this layer
2025-11-30 02:01:58,093 - Scraping log - scraper.py > get_service_info(): Line 316 - WARNING - BI_Bebauung: GetMap request is blocked for this layer
2025-11-30 02:02:08,107 - Scraping log - scraper.py > get_service_info(): Line 316 - WARNING - BI_Gewaesser: GetMap request is blocked for this layer
2025-11-30 02:02:18,133 - Scraping log - scraper.py > get_service_info(): Line 316 - WARNING - BI_Eisenbahn: GetMap request is blocked for this layer
2025-11-30 02:02:28,139 - Scraping log - scraper.py > get_service_info(): Line 316 - WARNING - BI_Konturen: GetMap request is blocked for this layer
2025-11-30 02:02:38,252 - Scraping log - scraper.py > get_service_info(): Line 316 - WARNING - BI_Grenzen: GetMap request is blocked for this layer
2025-11-30 02:02:48,373 - Scraping log - scraper.py > get_service_info(): Line 316 - WARNING - BI_Landmarks: GetMap request is blocked for this layer
2025-11-30 02:02:58,395 - Scraping log - scraper.py > get_service_info(): Line 316 - WARNING - BI_OEV: GetMap request is blocked for this layer
2025-11-30 02:03:08,515 - Scraping log - scraper.py > get_service_info(): Line 316 - WARNING - BI_Symbole: GetMap request is blocked for this layer
2025-11-30 02:03:18,626 - Scraping log - scraper.py > get_service_info(): Line 316 - WARNING - BI_Beschriftung: GetMap request is blocked for this layer
2025-11-30 02:03:28,641 - Scraping log - scraper.py > get_service_info(): Line 316 - WARNING - Bohrungen verrohrt: GetMap request is blocked for this layer
2025-11-30 02:03:38,873 - Scraping log - scraper.py > get_service_info(): Line 316 - WARNING - BK_BohrungenVerrohrt_DurchmesserKleiner200mm_A: GetMap request is blocked for this layer
2025-11-30 02:03:48,983 - Scraping log - scraper.py > get_service_info(): Line 316 - WARNING - BK_BohrungenVerrohrt_DurchmesserKleiner200mm_B: GetMap request is blocked for this layer
2025-11-30 02:03:59,109 - Scraping log - scraper.py > get_service_info(): Line 319 - ERROR - BK_BohrungenVerrohrt_DurchmesserGroesserGleich200mm_A: HTTPSConnectionPool(host='wms.geo.bs.ch', port=443): Read timed out. (read timeout=10)
2025-11-30 02:04:09,123 - Scraping log - scraper.py > get_service_info(): Line 316 - WARNING - BK_BohrungenVerrohrt_DurchmesserGroesserGleich200mm_B: GetMap request is blocked for this layer
2025-11-30 02:04:22,484 - Scraping log - scraper.py > get_service_info(): Line 316 - WARNING - BK_Erdwaermebohrung: GetMap request is blocked for this layer
2025-11-30 02:04:34,482 - Scraping log - scraper.py > get_service_info(): Line 316 - WARNING - BK_Sondierbohrung: GetMap request is blocked for this layer
2025-11-30 02:04:50,945 - Scraping log - scraper.py > get_service_info(): Line 319 - ERROR - BP_Oeffnungszeiten: HTTPSConnectionPool(host='wms.geo.bs.ch', port=443): Read timed out. (read timeout=10)
2025-11-30 02:05:00,959 - Scraping log - scraper.py > get_service_info(): Line 316 - WARNING - BP_PerimeterBoulevardplanInnenstadt: GetMap request is blocked for this layer
2025-11-30 02:05:13,226 - Scraping log - scraper.py > get_service_info(): Line 316 - WARNING - BS_GebaeudeProjektiert_Hausnummer_500: GetMap request is blocked for this layer
2025-11-30 02:05:25,436 - Scraping log - scraper.py > get_service_info(): Line 316 - WARNING - BS_GebaeudeProjektiert_Gebaeudenummer_200: GetMap request is blocked for this layer
2025-11-30 02:05:38,141 - Scraping log - scraper.py > get_service_info(): Line 316 - WARNING - Bodenbedeckung: GetMap request is blocked for this layer
2025-11-30 02:05:48,358 - Scraping log - scraper.py > get_service_info(): Line 316 - WARNING - BS_Bodenbedeckungen_befestigt_Bahnareal: GetMap request is blocked for this layer
2025-11-30 02:05:58,379 - Scraping log - scraper.py > get_service_info(): Line 316 - WARNING - BS_Bodenbedeckungen_befestigt_Fabrikareal: GetMap request is blocked for this layer
2025-11-30 02:06:08,387 - Scraping log - scraper.py > get_service_info(): Line 316 - WARNING - BS_Bodenbedeckungen_befestigt_Gewaesservorland: GetMap request is blocked for this layer
2025-11-30 02:06:18,398 - Scraping log - scraper.py > get_service_info(): Line 316 - WARNING - BS_Bodenbedeckungen_befestigt_Hafenareal: GetMap request is blocked for this layer
2025-11-30 02:06:28,502 - Scraping log - scraper.py > get_service_info(): Line 316 - WARNING - BS_Bodenbedeckungen_befestigt_Sportanlage: GetMap request is blocked for this layer
2025-11-30 02:06:38,608 - Scraping log - scraper.py > get_service_info(): Line 316 - WARNING - BS_Bodenbedeckungen_befestigt_StrasseWeg: GetMap request is blocked for this layer
2025-11-30 02:06:48,630 - Scraping log - scraper.py > get_service_info(): Line 316 - WARNING - BS_Bodenbedeckungen_befestigt_Tramareal: GetMap request is blocked for this layer
2025-11-30 02:06:58,645 - Scraping log - scraper.py > get_service_info(): Line 316 - WARNING - BS_Bodenbedeckungen_befestigt_Trottoir: GetMap request is blocked for this layer
2025-11-30 02:07:08,659 - Scraping log - scraper.py > get_service_info(): Line 316 - WARNING - BS_Bodenbedeckungen_befestigt_Verkehrsinsel: GetMap request is blocked for this layer
2025-11-30 02:07:18,775 - Scraping log - scraper.py > get_service_info(): Line 316 - WARNING - BS_Bodenbedeckungen_befestigt_Wasserbecken: GetMap request is blocked for this layer
2025-11-30 02:07:28,813 - Scraping log - scraper.py > get_service_info(): Line 316 - WARNING - BS_Bodenbedeckungen_befestigt_uebrigeBefestigte: GetMap request is blocked for this layer
2025-11-30 02:07:38,827 - Scraping log - scraper.py > get_service_info(): Line 316 - WARNING - BS_Bodenbedeckungen_bestockt_geschlossenerWald: GetMap request is blocked for this layer
2025-11-30 02:07:48,842 - Scraping log - scraper.py > get_service_info(): Line 316 - WARNING - BS_Bodenbedeckungen_bestockt_uebrigeBestockte: GetMap request is blocked for this layer
2025-11-30 02:08:01,316 - Scraping log - scraper.py > get_service_info(): Line 316 - WARNING - BS_Bodenbedeckungen_Gewaesser_fliessendes: GetMap request is blocked for this layer
2025-11-30 02:08:11,331 - Scraping log - scraper.py > get_service_info(): Line 316 - WARNING - BS_Bodenbedeckungen_Gewaesser_stehendes: GetMap request is blocked for this layer
2025-11-30 02:08:27,841 - Scraping log - scraper.py > get_service_info(): Line 319 - ERROR - BS_Bodenbedeckungen_humusiert_AckerWieseWeide: HTTPSConnectionPool(host='wms.geo.bs.ch', port=443): Read timed out. (read timeout=10)
2025-11-30 02:08:37,856 - Scraping log - scraper.py > get_service_info(): Line 316 - WARNING - BS_Bodenbedeckungen_humusiert_Friedhof: GetMap request is blocked for this layer
2025-11-30 02:08:50,523 - Scraping log - scraper.py > get_service_info(): Line 316 - WARNING - BS_Bodenbedeckungen_humusiert_Schrebergarten: GetMap request is blocked for this layer
2025-11-30 02:09:02,941 - Scraping log - scraper.py > get_service_info(): Line 316 - WARNING - BS_Bodenbedeckungen_humusiert_Reben: GetMap request is blocked for this layer
2025-11-30 02:09:15,269 - Scraping log - scraper.py > get_service_info(): Line 316 - WARNING - BS_Bodenbedeckungen_humusiert_uebrigeHumusierte: GetMap request is blocked for this layer
2025-11-30 02:09:25,291 - Scraping log - scraper.py > get_service_info(): Line 316 - WARNING - Bogeninformation: GetMap request is blocked for this layer
2025-11-30 02:09:35,347 - Scraping log - scraper.py > get_service_info(): Line 316 - WARNING - BS_Bogeninformation_Bogeninformation: GetMap request is blocked for this layer
2025-11-30 02:09:45,453 - Scraping log - scraper.py > get_service_info(): Line 316 - WARNING - BS_Bogeninformation_BoegenTheoretisch: GetMap request is blocked for this layer
2025-11-30 02:09:55,467 - Scraping log - scraper.py > get_service_info(): Line 316 - WARNING - Einzelobjekte: GetMap request is blocked for this layer
2025-11-30 02:10:05,666 - Scraping log - scraper.py > get_service_info(): Line 316 - WARNING - Hoheitsgrenzen: GetMap request is blocked for this layer
2025-11-30 02:10:18,655 - Scraping log - scraper.py > get_service_info(): Line 316 - WARNING - Grundstücke: GetMap request is blocked for this layer
2025-11-30 02:10:30,018 - Scraping log - scraper.py > get_service_info(): Line 316 - WARNING - Grundstücke (projektiert): GetMap request is blocked for this layer
2025-11-30 02:10:41,472 - Scraping log - scraper.py > get_service_info(): Line 316 - WARNING - BS_Liegenschaften_GrundstueckeProjektiert_andereDienstbarkeit_IndexUnter700: GetMap request is blocked for this layer
2025-11-30 02:10:51,486 - Scraping log - scraper.py > get_service_info(): Line 316 - WARNING - BS_Liegenschaften_GrundstueckeProjektiert_andereDienstbarkeit_NummerUnter700: GetMap request is blocked for this layer
2025-11-30 02:11:03,859 - Scraping log - scraper.py > get_service_info(): Line 316 - WARNING - BS_Liegenschaften_GrundstueckeProjektiert_Allmendparzelle: GetMap request is blocked for this layer
2025-11-30 02:11:15,234 - Scraping log - scraper.py > get_service_info(): Line 316 - WARNING - BS_Liegenschaften_GrundstueckeProjektiert_Unterbaurecht: GetMap request is blocked for this layer
2025-11-30 02:11:25,413 - Scraping log - scraper.py > get_service_info(): Line 316 - WARNING - Nomenklatur: GetMap request is blocked for this layer
2025-11-30 02:11:36,725 - Scraping log - scraper.py > get_service_info(): Line 316 - WARNING - BS_Nomenklatur_Flurname_Flaeche: GetMap request is blocked for this layer
2025-11-30 02:11:46,839 - Scraping log - scraper.py > get_service_info(): Line 316 - WARNING - BS_Rohrleitungen_Rohrleitung: GetMap request is blocked for this layer
2025-11-30 02:11:56,853 - Scraping log - scraper.py > get_service_info(): Line 316 - WARNING - Servitute: GetMap request is blocked for this layer
2025-11-30 02:12:07,096 - Scraping log - scraper.py > get_service_info(): Line 316 - WARNING - BS_Servitute_Servitute_Servitutflaechenelement: GetMap request is blocked for this layer
2025-11-30 02:12:17,110 - Scraping log - scraper.py > get_service_info(): Line 316 - WARNING - BS_Servitute_Servitute_Servitutlinienelement: GetMap request is blocked for this layer
2025-11-30 02:12:27,120 - Scraping log - scraper.py > get_service_info(): Line 316 - WARNING - BS_Servitute_Servitute_Servitutkennzeichen: GetMap request is blocked for this layer
2025-11-30 02:12:37,135 - Scraping log - scraper.py > get_service_info(): Line 316 - WARNING - BS_Servitute_ServituteProjektiert_Servitutflaechenelement: GetMap request is blocked for this layer
2025-11-30 02:12:47,149 - Scraping log - scraper.py > get_service_info(): Line 316 - WARNING - BS_Servitute_ServituteProjektiert_Servitutlinienelement: GetMap request is blocked for this layer
2025-11-30 02:12:57,164 - Scraping log - scraper.py > get_service_info(): Line 316 - WARNING - BS_Servitute_ServituteProjektiert_Servitutkennzeichen: GetMap request is blocked for this layer
2025-11-30 02:13:07,179 - Scraping log - scraper.py > get_service_info(): Line 316 - WARNING - BS_SE_Servitut_Schlagwort: GetMap request is blocked for this layer
2025-11-30 02:13:17,440 - Scraping log - scraper.py > get_service_info(): Line 316 - WARNING - Vermessungseinteilungen: GetMap request is blocked for this layer
2025-11-30 02:13:27,577 - Scraping log - scraper.py > get_service_info(): Line 316 - WARNING - BS_Vermessungseinteilungen_Toleranzstufen_Flaeche: GetMap request is blocked for this layer
2025-11-30 02:13:37,592 - Scraping log - scraper.py > get_service_info(): Line 316 - WARNING - BS_Vermessungseinteilungen_Toleranzstufen_Text: GetMap request is blocked for this layer
2025-11-30 02:13:50,343 - Scraping log - scraper.py > get_service_info(): Line 316 - WARNING - BS_Vermessungspunkte_Grenzpunkte_GrenzpunktKunststoffzeichen: GetMap request is blocked for this layer
2025-11-30 02:14:00,446 - Scraping log - scraper.py > get_service_info(): Line 316 - WARNING - BS_Vermessungspunkte_Grenzpunkte_GrenzpunktBolzen: GetMap request is blocked for this layer
2025-11-30 02:14:10,544 - Scraping log - scraper.py > get_service_info(): Line 316 - WARNING - BS_Vermessungspunkte_Grenzpunkte_GrenzpunktKreuz: GetMap request is blocked for this layer
2025-11-30 02:14:20,640 - Scraping log - scraper.py > get_service_info(): Line 316 - WARNING - BS_Vermessungspunkte_Grenzpunkte_Grenzpunktunversichert: GetMap request is blocked for this layer
2025-11-30 02:14:30,861 - Scraping log - scraper.py > get_service_info(): Line 319 - ERROR - BS_Vermessungspunkte_Hoheitsgrenzpunkte_HoheitsgrenzpunktStein: HTTPSConnectionPool(host='wms.geo.bs.ch', port=443): Read timed out. (read timeout=10)
2025-11-30 02:14:40,958 - Scraping log - scraper.py > get_service_info(): Line 316 - WARNING - BS_Vermessungspunkte_Hoheitsgrenzpunkte_HoheitsgrenzpunktBolzen: GetMap request is blocked for this layer
2025-11-30 02:14:53,492 - Scraping log - scraper.py > get_service_info(): Line 316 - WARNING - BS_Vermessungspunkte_Hoehenfixpunkte_HFP3BolzenHorizontal: GetMap request is blocked for this layer
2025-11-30 02:15:06,254 - Scraping log - scraper.py > get_service_info(): Line 316 - WARNING - BS_Vermessungspunkte_Lagefixpunkte_LFP1: GetMap request is blocked for this layer
2025-11-30 02:15:18,655 - Scraping log - scraper.py > get_service_info(): Line 316 - WARNING - BS_Vermessungspunkte_Lagefixpunkte_LFP3Polygonpunkt: GetMap request is blocked for this layer
2025-11-30 02:15:28,844 - Scraping log - scraper.py > get_service_info(): Line 316 - WARNING - BS_Vermessungspunkte_Lagefixpunkte_LagefixpunkteFilter: GetMap request is blocked for this layer
2025-11-30 02:15:38,951 - Scraping log - scraper.py > get_service_info(): Line 316 - WARNING - BS_Vermessungspunkte_Lagefixpunkte_LFP3Hilfspunkte: GetMap request is blocked for this layer
2025-11-30 02:15:49,230 - Scraping log - scraper.py > get_service_info(): Line 316 - WARNING - BS_Vermessungspunkte_Servitutpunkte_ServitutPunkt: GetMap request is blocked for this layer
2025-11-30 02:15:59,331 - Scraping log - scraper.py > get_service_info(): Line 316 - WARNING - BS_Postleitzahlenkreis: GetMap request is blocked for this layer
2025-11-30 02:16:09,345 - Scraping log - scraper.py > get_service_info(): Line 316 - WARNING - BV_Baukontrolle: GetMap request is blocked for this layer
2025-11-30 02:16:19,364 - Scraping log - scraper.py > get_service_info(): Line 316 - WARNING - BW_Allmendbewilligungen_Bauinstallation: GetMap request is blocked for this layer
2025-11-30 02:16:29,378 - Scraping log - scraper.py > get_service_info(): Line 316 - WARNING - BW_Allmendbewilligungen_BoulevardVerkaufsflaeche: GetMap request is blocked for this layer
2025-11-30 02:16:44,808 - Scraping log - scraper.py > get_service_info(): Line 316 - WARNING - BW_Allmendbewilligungen_Umleitung: GetMap request is blocked for this layer
2025-11-30 02:16:54,822 - Scraping log - scraper.py > get_service_info(): Line 316 - WARNING - BW_Allmendbewilligungen_Veranstaltung: GetMap request is blocked for this layer
2025-11-30 02:17:04,837 - Scraping log - scraper.py > get_service_info(): Line 316 - WARNING - BW_Allmendbewilligungen_Weitere: GetMap request is blocked for this layer
2025-11-30 02:17:14,958 - Scraping log - scraper.py > get_service_info(): Line 316 - WARNING - BW_Aufgrabungssperren_SperrungDurchErledigteAufgrabung: GetMap request is blocked for this layer
2025-11-30 02:17:25,064 - Scraping log - scraper.py > get_service_info(): Line 316 - WARNING - BW_Aufgrabungssperren_SperrungFuerZukuenftigeAufgrabung: GetMap request is blocked for this layer
2025-11-30 02:17:35,078 - Scraping log - scraper.py > get_service_info(): Line 316 - WARNING - DF_Defibrillator: GetMap request is blocked for this layer
2025-11-30 02:17:45,190 - Scraping log - scraper.py > get_service_info(): Line 316 - WARNING - DI_Denkmalinventar_Anlage: GetMap request is blocked for this layer
2025-11-30 02:17:55,204 - Scraping log - scraper.py > get_service_info(): Line 316 - WARNING - DI_Denkmalinventar_Objekt: GetMap request is blocked for this layer
2025-11-30 02:18:05,212 - Scraping log - scraper.py > get_service_info(): Line 316 - WARNING - DI_Denkmalinventar_Erarbeitet: GetMap request is blocked for this layer
2025-11-30 02:18:15,326 - Scraping log - scraper.py > get_service_info(): Line 316 - WARNING - Datenmarkt - Gebäudepunkt: GetMap request is blocked for this layer
2025-11-30 02:18:25,668 - Scraping log - scraper.py > get_service_info(): Line 319 - ERROR - Datenmarkt - Gebäude: HTTPSConnectionPool(host='wms.geo.bs.ch', port=443): Read timed out. (read timeout=10)
2025-11-30 02:18:35,905 - Scraping log - scraper.py > get_service_info(): Line 316 - WARNING - DM_Gebaeudeinformationen_DatenmarktGebaeudekategorie: GetMap request is blocked for this layer
2025-11-30 02:18:48,632 - Scraping log - scraper.py > get_service_info(): Line 316 - WARNING - DS_Denkmalverzeichnis_Anlage: GetMap request is blocked for this layer
2025-11-30 02:19:00,939 - Scraping log - scraper.py > get_service_info(): Line 316 - WARNING - EB_Zone: GetMap request is blocked for this layer
2025-11-30 02:19:13,500 - Scraping log - scraper.py > get_service_info(): Line 316 - WARNING - EP_Energierichtplan_Verbunde: GetMap request is blocked for this layer
2025-11-30 02:19:23,514 - Scraping log - scraper.py > get_service_info(): Line 316 - WARNING - EP_Energierichtplan_Oekologie: GetMap request is blocked for this layer
2025-11-30 02:19:39,905 - Scraping log - scraper.py > get_service_info(): Line 319 - ERROR - EP_Energierichtplan_Entwicklung: HTTPSConnectionPool(host='wms.geo.bs.ch', port=443): Read timed out. (read timeout=10)
2025-11-30 02:19:50,018 - Scraping log - scraper.py > get_service_info(): Line 316 - WARNING - EP_Energierichtplan_Grundwasser: GetMap request is blocked for this layer
2025-11-30 02:20:00,030 - Scraping log - scraper.py > get_service_info(): Line 316 - WARNING - EP_Energierichtplan_Eignungsgebiet: GetMap request is blocked for this layer
2025-11-30 02:20:10,035 - Scraping log - scraper.py > get_service_info(): Line 316 - WARNING - EP_Energierichtplan_Nachbargemeinde: GetMap request is blocked for this layer
2025-11-30 02:20:20,050 - Scraping log - scraper.py > get_service_info(): Line 316 - WARNING - EP_Energierichtplan_Machbarkeit: GetMap request is blocked for this layer
2025-11-30 02:20:30,167 - Scraping log - scraper.py > get_service_info(): Line 316 - WARNING - Recycling und Entsorgung: GetMap request is blocked for this layer
2025-11-30 02:20:42,923 - Scraping log - scraper.py > get_service_info(): Line 316 - WARNING - Verkauf: GetMap request is blocked for this layer
2025-11-30 02:20:55,013 - Scraping log - scraper.py > get_service_info(): Line 316 - WARNING - FE_Sektionen: GetMap request is blocked for this layer
2025-11-30 02:21:06,249 - Scraping log - scraper.py > get_service_info(): Line 316 - WARNING - FF_Hinweisflaechen: GetMap request is blocked for this layer
2025-11-30 02:21:16,347 - Scraping log - scraper.py > get_service_info(): Line 316 - WARNING - Betriebe: GetMap request is blocked for this layer
2025-11-30 02:21:26,550 - Scraping log - scraper.py > get_service_info(): Line 316 - WARNING - GE_Eisenbahnen_Eisenbahn: GetMap request is blocked for this layer
2025-11-30 02:21:36,564 - Scraping log - scraper.py > get_service_info(): Line 316 - WARNING - GE_Nationalstrassen_Nationalstrasse: GetMap request is blocked for this layer
2025-11-30 02:21:46,585 - Scraping log - scraper.py > get_service_info(): Line 316 - WARNING - GE_KantonaleStrassen_KantonaleStrasse: GetMap request is blocked for this layer
2025-11-30 02:21:56,609 - Scraping log - scraper.py > get_service_info(): Line 316 - WARNING - GE_Rhein_Rhein: GetMap request is blocked for this layer
2025-11-30 02:22:08,922 - Scraping log - scraper.py > get_service_info(): Line 316 - WARNING - GH_AllmendverwaltungGebuehrenzonen: GetMap request is blocked for this layer
2025-11-30 02:22:18,937 - Scraping log - scraper.py > get_service_info(): Line 316 - WARNING - GL_Toleranzzone: GetMap request is blocked for this layer
2025-11-30 02:22:28,958 - Scraping log - scraper.py > get_service_info(): Line 316 - WARNING - GL_InnenhoefeStoergrade: GetMap request is blocked for this layer
2025-11-30 02:22:39,066 - Scraping log - scraper.py > get_service_info(): Line 316 - WARNING - GL_AbschnittsStoergrade: GetMap request is blocked for this layer
2025-11-30 02:22:49,184 - Scraping log - scraper.py > get_service_info(): Line 316 - WARNING - GN_IsohypseMittelwasser: GetMap request is blocked for this layer
2025-11-30 02:22:59,199 - Scraping log - scraper.py > get_service_info(): Line 316 - WARNING - GN_IsohypseHoechsthochwasser: GetMap request is blocked for this layer
2025-11-30 02:23:09,213 - Scraping log - scraper.py > get_service_info(): Line 316 - WARNING - GN_GrundwasserleiterLockergestein: GetMap request is blocked for this layer
2025-11-30 02:23:19,323 - Scraping log - scraper.py > get_service_info(): Line 316 - WARNING - Untersuchungsperimeter: GetMap request is blocked for this layer
2025-11-30 02:23:29,465 - Scraping log - scraper.py > get_service_info(): Line 316 - WARNING - GO_GueteklassenOeV: GetMap request is blocked for this layer
2025-11-30 02:23:39,486 - Scraping log - scraper.py > get_service_info(): Line 316 - WARNING - GQ_Grundwasserqualitaet: GetMap request is blocked for this layer
2025-11-30 02:23:49,599 - Scraping log - scraper.py > get_service_info(): Line 316 - WARNING - GR_Grundwasserschutzzonen: GetMap request is blocked for this layer
2025-11-30 02:23:59,614 - Scraping log - scraper.py > get_service_info(): Line 316 - WARNING - GR_Gewaesserschutzbereiche: GetMap request is blocked for this layer
2025-11-30 02:24:10,659 - Scraping log - scraper.py > get_service_info(): Line 316 - WARNING - Ökomorphologisches Bezugssystem: GetMap request is blocked for this layer
2025-11-30 02:24:20,762 - Scraping log - scraper.py > get_service_info(): Line 316 - WARNING - GW_OekomorphologischesBezugssystem_OekomorphologischeKilometrierung_1000m: GetMap request is blocked for this layer
2025-11-30 02:24:30,869 - Scraping log - scraper.py > get_service_info(): Line 316 - WARNING - GW_OekomorphologischesBezugssystem_OekomorphologischeKilometrierung_100m: GetMap request is blocked for this layer
2025-11-30 02:24:42,097 - Scraping log - scraper.py > get_service_info(): Line 316 - WARNING - GW_OekomorphologischesBezugssystem_OekomorphologischeKilometrierung_StartEnd: GetMap request is blocked for this layer
2025-11-30 02:24:59,905 - Scraping log - scraper.py > get_service_info(): Line 319 - ERROR - Revitalisierung: HTTPSConnectionPool(host='wms.geo.bs.ch', port=443): Read timed out. (read timeout=10)
2025-11-30 02:25:11,519 - Scraping log - scraper.py > get_service_info(): Line 316 - WARNING - GZ_Eindolung: GetMap request is blocked for this layer
2025-11-30 02:25:21,550 - Scraping log - scraper.py > get_service_info(): Line 316 - WARNING - HB_Hochbauprojekt: GetMap request is blocked for this layer
2025-11-30 02:25:31,555 - Scraping log - scraper.py > get_service_info(): Line 316 - WARNING - HK_Haupthoehenlinien: GetMap request is blocked for this layer
2025-11-30 02:25:41,669 - Scraping log - scraper.py > get_service_info(): Line 316 - WARNING - HK_Nebenhoehenlinien: GetMap request is blocked for this layer
2025-11-30 02:25:54,751 - Scraping log - scraper.py > get_service_info(): Line 316 - WARNING - HM_DTM_Hillshade_2021_25cm: GetMap request is blocked for this layer
2025-11-30 02:26:06,463 - Scraping log - scraper.py > get_service_info(): Line 316 - WARNING - SF_Siegfriedkarte_1880: GetMap request is blocked for this layer
2025-11-30 02:26:18,355 - Scraping log - scraper.py > get_service_info(): Line 316 - WARNING - SF_Siegfriedkarte_1900: GetMap request is blocked for this layer
2025-11-30 02:26:28,472 - Scraping log - scraper.py > get_service_info(): Line 316 - WARNING - SF_Siegfriedkarte_1918: GetMap request is blocked for this layer
2025-11-30 02:26:38,486 - Scraping log - scraper.py > get_service_info(): Line 316 - WARNING - SF_Siegfriedkarte_1921: GetMap request is blocked for this layer
2025-11-30 02:26:48,803 - Scraping log - scraper.py > get_service_info(): Line 316 - WARNING - SF_Siegfriedkarte_1928: GetMap request is blocked for this layer
2025-11-30 02:27:03,547 - Scraping log - scraper.py > get_service_info(): Line 316 - WARNING - SF_Siegfriedkarte_1939: GetMap request is blocked for this layer
2025-11-30 02:27:14,043 - Scraping log - scraper.py > get_service_info(): Line 316 - WARNING - SF_Siegfriedkarte_1945: GetMap request is blocked for this layer
2025-11-30 02:27:24,057 - Scraping log - scraper.py > get_service_info(): Line 316 - WARNING - Basel: GetMap request is blocked for this layer
2025-11-30 02:27:34,109 - Scraping log - scraper.py > get_service_info(): Line 316 - WARNING - HP_Uebersichtsplan_Basel_1615: GetMap request is blocked for this layer
2025-11-30 02:27:44,123 - Scraping log - scraper.py > get_service_info(): Line 316 - WARNING - HP_Uebersichtsplan_Basel_1786: GetMap request is blocked for this layer
2025-11-30 02:27:54,245 - Scraping log - scraper.py > get_service_info(): Line 316 - WARNING - HP_Uebersichtsplan_Basel_1820: GetMap request is blocked for this layer
2025-11-30 02:28:04,266 - Scraping log - scraper.py > get_service_info(): Line 316 - WARNING - HP_Uebersichtsplan_Basel_1860: GetMap request is blocked for this layer
2025-11-30 02:28:14,363 - Scraping log - scraper.py > get_service_info(): Line 316 - WARNING - HP_Uebersichtsplan_Basel_1896: GetMap request is blocked for this layer
2025-11-30 02:28:24,500 - Scraping log - scraper.py > get_service_info(): Line 316 - WARNING - HP_Uebersichtsplan_Basel_1905: GetMap request is blocked for this layer
2025-11-30 02:28:34,515 - Scraping log - scraper.py > get_service_info(): Line 316 - WARNING - HP_Uebersichtsplan_Basel_1940: GetMap request is blocked for this layer
2025-11-30 02:28:44,833 - Scraping log - scraper.py > get_service_info(): Line 316 - WARNING - HP_Uebersichtsplan_Basel_1961: GetMap request is blocked for this layer
2025-11-30 02:28:54,848 - Scraping log - scraper.py > get_service_info(): Line 316 - WARNING - HP_Uebersichtsplan_Basel_digital_1961: GetMap request is blocked for this layer
2025-11-30 02:29:09,179 - Scraping log - scraper.py > get_service_info(): Line 319 - ERROR - HP_Situationsplan_Basel_1862: HTTPSConnectionPool(host='wms.geo.bs.ch', port=443): Read timed out. (read timeout=10)
2025-11-30 02:29:19,194 - Scraping log - scraper.py > get_service_info(): Line 316 - WARNING - Riehen und Bettingen: GetMap request is blocked for this layer
2025-11-30 02:29:31,719 - Scraping log - scraper.py > get_service_info(): Line 316 - WARNING - Bettingen: GetMap request is blocked for this layer
2025-11-30 02:29:44,024 - Scraping log - scraper.py > get_service_info(): Line 316 - WARNING - HP_Planungen_Zonenplan_1919: GetMap request is blocked for this layer
2025-11-30 02:30:02,481 - Scraping log - scraper.py > get_service_info(): Line 316 - WARNING - HP_Bebauungsplan_2016: GetMap request is blocked for this layer
2025-11-30 02:30:12,495 - Scraping log - scraper.py > get_service_info(): Line 316 - WARNING - HP_Berufstopografie_1615: GetMap request is blocked for this layer
2025-11-30 02:30:22,509 - Scraping log - scraper.py > get_service_info(): Line 316 - WARNING - HP_Berufstopografie_1860: GetMap request is blocked for this layer
2025-11-30 02:30:32,524 - Scraping log - scraper.py > get_service_info(): Line 316 - WARNING - HP_Stadtfunktionen_1961: GetMap request is blocked for this layer
2025-11-30 02:30:42,539 - Scraping log - scraper.py > get_service_info(): Line 316 - WARNING - HS_Hundeverbot: GetMap request is blocked for this layer
2025-11-30 02:30:53,042 - Scraping log - scraper.py > get_service_info(): Line 316 - WARNING - HS_GanzjaerigeLeinenpflicht: GetMap request is blocked for this layer
2025-11-30 02:31:03,269 - Scraping log - scraper.py > get_service_info(): Line 316 - WARNING - HS_SaisonaleLeinenpflicht: GetMap request is blocked for this layer
2025-11-30 02:31:13,365 - Scraping log - scraper.py > get_service_info(): Line 316 - WARNING - HS_FreilaufhundearealZaun: GetMap request is blocked for this layer
2025-11-30 02:31:23,559 - Scraping log - scraper.py > get_service_info(): Line 316 - WARNING - HS_Freilaufhundeareal: GetMap request is blocked for this layer
2025-11-30 02:31:33,657 - Scraping log - scraper.py > get_service_info(): Line 316 - WARNING - HW_Beratung: GetMap request is blocked for this layer
2025-11-30 02:31:43,887 - Scraping log - scraper.py > get_service_info(): Line 316 - WARNING - HW_WohnenStationaer: GetMap request is blocked for this layer
2025-11-30 02:31:54,385 - Scraping log - scraper.py > get_service_info(): Line 316 - WARNING - HW_WohnenTagesgestalltung: GetMap request is blocked for this layer
2025-11-30 02:32:04,399 - Scraping log - scraper.py > get_service_info(): Line 316 - WARNING - HW_Tagesgestalltung: GetMap request is blocked for this layer
2025-11-30 02:32:14,513 - Scraping log - scraper.py > get_service_info(): Line 316 - WARNING - HW_Arbeit: GetMap request is blocked for this layer
2025-11-30 02:32:24,651 - Scraping log - scraper.py > get_service_info(): Line 316 - WARNING - IG_InventarGartenanlagen: GetMap request is blocked for this layer
2025-11-30 02:32:34,665 - Scraping log - scraper.py > get_service_info(): Line 316 - WARNING - KA_AmtlicheVermessungKilometereinteilung: GetMap request is blocked for this layer
2025-11-30 02:32:52,213 - Scraping log - scraper.py > get_service_info(): Line 319 - ERROR - KJ_Kinderangebot: HTTPSConnectionPool(host='wms.geo.bs.ch', port=443): Read timed out. (read timeout=10)
2025-11-30 02:33:02,227 - Scraping log - scraper.py > get_service_info(): Line 316 - WARNING - KJ_Kinderjugendangebot: GetMap request is blocked for this layer
2025-11-30 02:33:15,922 - Scraping log - scraper.py > get_service_info(): Line 316 - WARNING - Klimaanalyse Tag (14 Uhr): GetMap request is blocked for this layer
2025-11-30 02:33:29,880 - Scraping log - scraper.py > get_service_info(): Line 316 - WARNING - Klimaanalyse 2030 Tag (14 Uhr): GetMap request is blocked for this layer
2025-11-30 02:33:41,925 - Scraping log - scraper.py > get_service_info(): Line 316 - WARNING - KU_KunstImOeffentlichenRaum_Bestehend: GetMap request is blocked for this layer
2025-11-30 02:33:52,037 - Scraping log - scraper.py > get_service_info(): Line 316 - WARNING - KU_KunstImOeffentlichenRaum_BestehendMitZusatzinfo: GetMap request is blocked for this layer
2025-11-30 02:34:02,052 - Scraping log - scraper.py > get_service_info(): Line 316 - WARNING - KU_KunstImOeffentlichenRaum_Zurueckgebaut: GetMap request is blocked for this layer
2025-11-30 02:34:12,067 - Scraping log - scraper.py > get_service_info(): Line 316 - WARNING - KU_KunstImOeffentlichenRaum_ZurueckgebautMitZusatzinfo: GetMap request is blocked for this layer
2025-11-30 02:34:22,082 - Scraping log - scraper.py > get_service_info(): Line 316 - WARNING - Kunst und Bau: GetMap request is blocked for this layer
2025-11-30 02:34:32,263 - Scraping log - scraper.py > get_service_info(): Line 316 - WARNING - Bahnlärm: GetMap request is blocked for this layer
2025-11-30 02:34:42,362 - Scraping log - scraper.py > get_service_info(): Line 316 - WARNING - Strassenlärm: GetMap request is blocked for this layer
2025-11-30 02:34:52,546 - Scraping log - scraper.py > get_service_info(): Line 316 - WARNING - Bildmittelpunkt: GetMap request is blocked for this layer
2025-11-30 02:35:02,774 - Scraping log - scraper.py > get_service_info(): Line 316 - WARNING - Footprint: GetMap request is blocked for this layer
2025-11-30 02:35:12,966 - Scraping log - scraper.py > get_service_info(): Line 316 - WARNING - S-Bahn: GetMap request is blocked for this layer
2025-11-30 02:35:24,486 - Scraping log - scraper.py > get_service_info(): Line 316 - WARNING - Bus: GetMap request is blocked for this layer
2025-11-30 02:35:35,970 - Scraping log - scraper.py > get_service_info(): Line 316 - WARNING - Schifffahrt: GetMap request is blocked for this layer
2025-11-30 02:35:50,915 - Scraping log - scraper.py > get_service_info(): Line 319 - ERROR - Zugang mit Elektro-Rollstühlen: HTTPSConnectionPool(host='wms.geo.bs.ch', port=443): Read timed out. (read timeout=10)
2025-11-30 02:36:01,110 - Scraping log - scraper.py > get_service_info(): Line 316 - WARNING - Lärmempfindlichkeitsstufenplan Basel: GetMap request is blocked for this layer
2025-11-30 02:36:11,252 - Scraping log - scraper.py > get_service_info(): Line 316 - WARNING - LP_LESP_Basel_LF: GetMap request is blocked for this layer
2025-11-30 02:36:21,266 - Scraping log - scraper.py > get_service_info(): Line 316 - WARNING - LP_LESP_Basel_LS_Rekurs: GetMap request is blocked for this layer
2025-11-30 02:36:35,585 - Scraping log - scraper.py > get_service_info(): Line 319 - ERROR - LP_LESP_Basel_LN: HTTPSConnectionPool(host='wms.geo.bs.ch', port=443): Read timed out. (read timeout=10)
2025-11-30 02:36:45,601 - Scraping log - scraper.py > get_service_info(): Line 316 - WARNING - Lärmempfindlichkeitsstufenplan Riehen: GetMap request is blocked for this layer
2025-11-30 02:36:58,432 - Scraping log - scraper.py > get_service_info(): Line 316 - WARNING - MF_Strahlungsperimeter: GetMap request is blocked for this layer
2025-11-30 02:37:10,748 - Scraping log - scraper.py > get_service_info(): Line 316 - WARNING - strassen_und_wege_stwe.durchgangsstrassen: GetMap request is blocked for this layer
2025-11-30 02:37:23,843 - Scraping log - scraper.py > get_service_info(): Line 316 - WARNING - strassen_und_wege_stwe.temporegime: GetMap request is blocked for this layer
2025-11-30 02:37:33,857 - Scraping log - scraper.py > get_service_info(): Line 316 - WARNING - strassen_und_wege_stwe.temporegime_innenstadt: GetMap request is blocked for this layer
2025-11-30 02:37:44,360 - Scraping log - scraper.py > get_service_info(): Line 316 - WARNING - MZ_Makrozoobenthos: GetMap request is blocked for this layer
2025-11-30 02:37:54,382 - Scraping log - scraper.py > get_service_info(): Line 316 - WARNING - Zonenplan Bettingen: GetMap request is blocked for this layer
2025-11-30 02:38:05,082 - Scraping log - scraper.py > get_service_info(): Line 316 - WARNING - NB_Nutzungsplanung_Orientierend_Naturobjekt: GetMap request is blocked for this layer
2025-11-30 02:38:15,993 - Scraping log - scraper.py > get_service_info(): Line 316 - WARNING - NB_Nutzungsplanung_Orientierend_Wald: GetMap request is blocked for this layer
2025-11-30 02:38:26,134 - Scraping log - scraper.py > get_service_info(): Line 316 - WARNING - NB_Nutzungsplanung_Rekurs_Punkt: GetMap request is blocked for this layer
2025-11-30 02:38:36,147 - Scraping log - scraper.py > get_service_info(): Line 316 - WARNING - NB_Nutzungsplanung_Rekurs_Linie: GetMap request is blocked for this layer
2025-11-30 02:38:48,629 - Scraping log - scraper.py > get_service_info(): Line 316 - WARNING - Zonenplan Basel: GetMap request is blocked for this layer
2025-11-30 02:38:58,914 - Scraping log - scraper.py > get_service_info(): Line 316 - WARNING - NP_Nutzungsplanung_Grundnutzung_Z2A: GetMap request is blocked for this layer
2025-11-30 02:39:10,091 - Scraping log - scraper.py > get_service_info(): Line 316 - WARNING - NP_Nutzungsplanung_Grundnutzung_Z3: GetMap request is blocked for this layer
2025-11-30 02:39:20,106 - Scraping log - scraper.py > get_service_info(): Line 316 - WARNING - NP_Nutzungsplanung_Grundnutzung_Z4: GetMap request is blocked for this layer
2025-11-30 02:39:31,194 - Scraping log - scraper.py > get_service_info(): Line 316 - WARNING - NP_Nutzungsplanung_Grundnutzung_Z5: GetMap request is blocked for this layer
2025-11-30 02:39:46,213 - Scraping log - scraper.py > get_service_info(): Line 316 - WARNING - NP_Nutzungsplanung_Grundnutzung_Z6: GetMap request is blocked for this layer
2025-11-30 02:39:57,503 - Scraping log - scraper.py > get_service_info(): Line 316 - WARNING - NP_Nutzungsplanung_Grundnutzung_GR: GetMap request is blocked for this layer
2025-11-30 02:40:07,617 - Scraping log - scraper.py > get_service_info(): Line 316 - WARNING - NP_Nutzungsplanung_Grundnutzung_GA: GetMap request is blocked for this layer
2025-11-30 02:40:18,802 - Scraping log - scraper.py > get_service_info(): Line 319 - ERROR - NP_Nutzungsplanung_Grundnutzung_SO: HTTPSConnectionPool(host='wms.geo.bs.ch', port=443): Read timed out. (read timeout=10)
2025-11-30 02:40:28,816 - Scraping log - scraper.py > get_service_info(): Line 316 - WARNING - NP_Nutzungsplanung_Grundnutzung_SU: GetMap request is blocked for this layer
2025-11-30 02:40:40,917 - Scraping log - scraper.py > get_service_info(): Line 316 - WARNING - NP_Nutzungsplanung_OrientierenderPlaninhalt_WL: GetMap request is blocked for this layer
2025-11-30 02:40:53,191 - Scraping log - scraper.py > get_service_info(): Line 316 - WARNING - NP_Nutzungsplanung_Linien_Landschaftsrichtplan: GetMap request is blocked for this layer
2025-11-30 02:41:05,353 - Scraping log - scraper.py > get_service_info(): Line 316 - WARNING - NP_Nutzungsplanung_Ueberlagernd_Naturschutzzone: GetMap request is blocked for this layer
2025-11-30 02:41:15,463 - Scraping log - scraper.py > get_service_info(): Line 316 - WARNING - NP_Nutzungsplanung_Ueberlagernd_Naturschonzone: GetMap request is blocked for this layer
2025-11-30 02:41:25,477 - Scraping log - scraper.py > get_service_info(): Line 316 - WARNING - NP_Nutzungsplanung_Ueberlagernd_Industrieerleichterung: GetMap request is blocked for this layer
2025-11-30 02:41:35,499 - Scraping log - scraper.py > get_service_info(): Line 316 - WARNING - NP_Nutzungsplanung_Linien_Siedlungsgrenze: GetMap request is blocked for this layer
2025-11-30 02:41:46,692 - Scraping log - scraper.py > get_service_info(): Line 316 - WARNING - NP_Nutzungsplanung_Ueberlagernd_Label: GetMap request is blocked for this layer
2025-11-30 02:41:56,836 - Scraping log - scraper.py > get_service_info(): Line 316 - WARNING - NP_Nutzungsplanung_Bebauungsplan_Bebauungsplan: GetMap request is blocked for this layer
2025-11-30 02:42:08,098 - Scraping log - scraper.py > get_service_info(): Line 316 - WARNING - NP_Nutzungsplanung_Rekurs_Linie: GetMap request is blocked for this layer
2025-11-30 02:42:18,103 - Scraping log - scraper.py > get_service_info(): Line 316 - WARNING - NP_Nutzungsplanung_Rekurs_Flaeche: GetMap request is blocked for this layer
2025-11-30 02:42:29,700 - Scraping log - scraper.py > get_service_info(): Line 316 - WARNING - RN_Nutzungsplanung_Grundnutzung_Z2A: GetMap request is blocked for this layer
2025-11-30 02:42:39,811 - Scraping log - scraper.py > get_service_info(): Line 316 - WARNING - RN_Nutzungsplanung_Grundnutzung_Z2: GetMap request is blocked for this layer
2025-11-30 02:42:51,228 - Scraping log - scraper.py > get_service_info(): Line 316 - WARNING - RN_Nutzungsplanung_Grundnutzung_Z3: GetMap request is blocked for this layer
2025-11-30 02:43:01,242 - Scraping log - scraper.py > get_service_info(): Line 316 - WARNING - RN_Nutzungsplanung_Grundnutzung_Z4: GetMap request is blocked for this layer
2025-11-30 02:43:11,258 - Scraping log - scraper.py > get_service_info(): Line 316 - WARNING - RN_Nutzungsplanung_Grundnutzung_AZ2: GetMap request is blocked for this layer
2025-11-30 02:43:21,267 - Scraping log - scraper.py > get_service_info(): Line 316 - WARNING - RN_Nutzungsplanung_Grundnutzung_AZ3: GetMap request is blocked for this layer
2025-11-30 02:43:31,379 - Scraping log - scraper.py > get_service_info(): Line 316 - WARNING - RN_Nutzungsplanung_Grundnutzung_GR: GetMap request is blocked for this layer
2025-11-30 02:43:41,488 - Scraping log - scraper.py > get_service_info(): Line 316 - WARNING - RN_Nutzungsplanung_Grundnutzung_GA: GetMap request is blocked for this layer
2025-11-30 02:43:58,916 - Scraping log - scraper.py > get_service_info(): Line 316 - WARNING - RN_Nutzungsplanung_Grundnutzung_SO: GetMap request is blocked for this layer
2025-11-30 02:44:08,930 - Scraping log - scraper.py > get_service_info(): Line 316 - WARNING - RN_Nutzungsplanung_Grundnutzung_SU: GetMap request is blocked for this layer
2025-11-30 02:44:19,037 - Scraping log - scraper.py > get_service_info(): Line 316 - WARNING - RN_Nutzungsplanung_Grundnutzung_NOI: GetMap request is blocked for this layer
2025-11-30 02:44:29,155 - Scraping log - scraper.py > get_service_info(): Line 316 - WARNING - RN_Nutzungsplanung_Grundnutzung_FZG: GetMap request is blocked for this layer
2025-11-30 02:44:42,373 - Scraping log - scraper.py > get_service_info(): Line 316 - WARNING - RN_Nutzungsplanung_OrientierenderPlaninhalt_TeileBundesinventare: GetMap request is blocked for this layer
2025-11-30 02:44:52,388 - Scraping log - scraper.py > get_service_info(): Line 316 - WARNING - RN_Nutzungsplanung_OrientierenderPlaninhalt_WL: GetMap request is blocked for this layer
2025-11-30 02:45:02,505 - Scraping log - scraper.py > get_service_info(): Line 316 - WARNING - RN_Nutzungsplanung_OrientierenderPlaninhalt_AB: GetMap request is blocked for this layer
2025-11-30 02:45:12,519 - Scraping log - scraper.py > get_service_info(): Line 316 - WARNING - RN_Nutzungsplanung_OrientierenderPlaninhalt_Label: GetMap request is blocked for this layer
2025-11-30 02:45:22,758 - Scraping log - scraper.py > get_service_info(): Line 316 - WARNING - RN_Nutzungsplanung_Ueberlagernd_Landschaftsschutzzone: GetMap request is blocked for this layer
2025-11-30 02:45:32,772 - Scraping log - scraper.py > get_service_info(): Line 316 - WARNING - RN_Nutzungsplanung_Ueberlagernd_Naturschutzzone: GetMap request is blocked for this layer
2025-11-30 02:45:42,787 - Scraping log - scraper.py > get_service_info(): Line 316 - WARNING - RN_Nutzungsplanung_Ueberlagernd_Z2R_ohneBZ: GetMap request is blocked for this layer
2025-11-30 02:45:52,809 - Scraping log - scraper.py > get_service_info(): Line 316 - WARNING - RN_Nutzungsplanung_Ueberlagernd_Wohn_Arbeitsmischgebiet: GetMap request is blocked for this layer
2025-11-30 02:46:02,824 - Scraping log - scraper.py > get_service_info(): Line 316 - WARNING - RN_Nutzungsplanung_Ueberlagernd_Baumbestand: GetMap request is blocked for this layer
2025-11-30 02:46:12,839 - Scraping log - scraper.py > get_service_info(): Line 316 - WARNING - RN_Nutzungsplanung_Bebauungsplan_Bebauungsplan: GetMap request is blocked for this layer
2025-11-30 02:46:22,853 - Scraping log - scraper.py > get_service_info(): Line 316 - WARNING - RN_Nutzungsplanung_Linien_Siedlungsgrenze: GetMap request is blocked for this layer
2025-11-30 02:46:32,868 - Scraping log - scraper.py > get_service_info(): Line 316 - WARNING - RN_Nutzungsplanung_Linien_Aussichtsschutz: GetMap request is blocked for this layer
2025-11-30 02:46:42,882 - Scraping log - scraper.py > get_service_info(): Line 316 - WARNING - RN_Nutzungsplanung_Ueberlagernd_Schutzzwecke_Label: GetMap request is blocked for this layer
2025-11-30 02:46:52,999 - Scraping log - scraper.py > get_service_info(): Line 316 - WARNING - RN_Nutzungsplanung_Ueberlagernd_Label: GetMap request is blocked for this layer
2025-11-30 02:47:05,818 - Scraping log - scraper.py > get_service_info(): Line 316 - WARNING - Bebauungspläne Bettingen: GetMap request is blocked for this layer
2025-11-30 02:47:16,027 - Scraping log - scraper.py > get_service_info(): Line 316 - WARNING - Bebauungspläne Basel: GetMap request is blocked for this layer
2025-11-30 02:47:26,225 - Scraping log - scraper.py > get_service_info(): Line 316 - WARNING - NP_Bebauungsplan_Bebauungsplan_fill: GetMap request is blocked for this layer
2025-11-30 02:47:36,239 - Scraping log - scraper.py > get_service_info(): Line 316 - WARNING - NP_Bebauungsplan_Bebauungsplan_outline: GetMap request is blocked for this layer
2025-11-30 02:47:46,456 - Scraping log - scraper.py > get_service_info(): Line 319 - ERROR - Bebauungspläne Riehen: HTTPSConnectionPool(host='wms.geo.bs.ch', port=443): Read timed out. (read timeout=10)
2025-11-30 02:47:56,687 - Scraping log - scraper.py > get_service_info(): Line 316 - WARNING - Gefahrenkarten: GetMap request is blocked for this layer
2025-11-30 02:48:08,875 - Scraping log - scraper.py > get_service_info(): Line 316 - WARNING - Erhebungsgebiete: GetMap request is blocked for this layer
2025-11-30 02:48:25,246 - Scraping log - scraper.py > get_service_info(): Line 316 - WARNING - NI_2025_TaxonobjekteGruppen_Tagfalter: GetMap request is blocked for this layer
2025-11-30 02:48:37,625 - Scraping log - scraper.py > get_service_info(): Line 316 - WARNING - NI_2025_TaxonobjekteGruppen_Libellen: GetMap request is blocked for this layer
2025-11-30 02:48:49,927 - Scraping log - scraper.py > get_service_info(): Line 316 - WARNING - NI_2025_TaxonobjekteGruppen_Fledermaeuse: GetMap request is blocked for this layer
2025-11-30 02:49:01,170 - Scraping log - scraper.py > get_service_info(): Line 316 - WARNING - NI_2025_TaxonobjekteGruppen_Amphibien: GetMap request is blocked for this layer
2025-11-30 02:49:11,286 - Scraping log - scraper.py > get_service_info(): Line 316 - WARNING - 2019: GetMap request is blocked for this layer
2025-11-30 02:49:21,482 - Scraping log - scraper.py > get_service_info(): Line 316 - WARNING - NK_2019_BeschriftungVerbreitung2019_AnzahlArten: GetMap request is blocked for this layer
2025-11-30 02:49:31,490 - Scraping log - scraper.py > get_service_info(): Line 316 - WARNING - NK_2019_BeschriftungVerbreitung2019_VorkommendeArten: GetMap request is blocked for this layer
2025-11-30 02:49:41,504 - Scraping log - scraper.py > get_service_info(): Line 316 - WARNING - NK_2019_Verbreitung_fill: GetMap request is blocked for this layer
2025-11-30 02:49:51,616 - Scraping log - scraper.py > get_service_info(): Line 316 - WARNING - NK_2019_Verbreitung_outline: GetMap request is blocked for this layer
2025-11-30 02:50:02,832 - Scraping log - scraper.py > get_service_info(): Line 316 - WARNING - NK_2019_Arten_AufrechtesTraubenkraut: GetMap request is blocked for this layer
2025-11-30 02:50:12,941 - Scraping log - scraper.py > get_service_info(): Line 316 - WARNING - NK_2019_Arten_Blauglockenbaum: GetMap request is blocked for this layer
2025-11-30 02:50:22,956 - Scraping log - scraper.py > get_service_info(): Line 316 - WARNING - NK_2019_Arten_DruesigesSpringkraut: GetMap request is blocked for this layer
2025-11-30 02:50:32,978 - Scraping log - scraper.py > get_service_info(): Line 316 - WARNING - NK_2019_Arten_EinjaehrigesBerufskraut: GetMap request is blocked for this layer
2025-11-30 02:50:42,992 - Scraping log - scraper.py > get_service_info(): Line 316 - WARNING - NK_2019_Arten_Essigbaum: GetMap request is blocked for this layer
2025-11-30 02:50:53,003 - Scraping log - scraper.py > get_service_info(): Line 316 - WARNING - NK_2019_Arten_Goetterbaum: GetMap request is blocked for this layer
2025-11-30 02:51:03,110 - Scraping log - scraper.py > get_service_info(): Line 316 - WARNING - NK_2019_Arten_JapanischerStaudenknoeterich: GetMap request is blocked for this layer
2025-11-30 02:51:13,216 - Scraping log - scraper.py > get_service_info(): Line 316 - WARNING - NK_2019_Arten_KanadischeGoldrute: GetMap request is blocked for this layer
2025-11-30 02:51:23,230 - Scraping log - scraper.py > get_service_info(): Line 316 - WARNING - NK_2019_Arten_KanadischesBerufskraut: GetMap request is blocked for this layer
2025-11-30 02:51:33,244 - Scraping log - scraper.py > get_service_info(): Line 316 - WARNING - NK_2019_Arten_Kirschlorbeer: GetMap request is blocked for this layer
2025-11-30 02:51:43,259 - Scraping log - scraper.py > get_service_info(): Line 316 - WARNING - NK_2019_Arten_OrientalischesZackenschoetchen: GetMap request is blocked for this layer
2025-11-30 02:51:53,274 - Scraping log - scraper.py > get_service_info(): Line 316 - WARNING - NK_2019_Arten_RiesenBaerenklau: GetMap request is blocked for this layer
2025-11-30 02:52:03,288 - Scraping log - scraper.py > get_service_info(): Line 316 - WARNING - NK_2019_Arten_Robinie: GetMap request is blocked for this layer
2025-11-30 02:52:15,603 - Scraping log - scraper.py > get_service_info(): Line 316 - WARNING - NK_2019_Arten_Sommerflieder: GetMap request is blocked for this layer
2025-11-30 02:52:25,709 - Scraping log - scraper.py > get_service_info(): Line 316 - WARNING - 2013: GetMap request is blocked for this layer
2025-11-30 02:52:35,774 - Scraping log - scraper.py > get_service_info(): Line 316 - WARNING - NK_2013_BeschriftungVerbreitung2013_AnzahlArten: GetMap request is blocked for this layer
2025-11-30 02:52:45,789 - Scraping log - scraper.py > get_service_info(): Line 316 - WARNING - NK_2013_BeschriftungVerbreitung2013_VorkommendeArten: GetMap request is blocked for this layer
2025-11-30 02:52:55,920 - Scraping log - scraper.py > get_service_info(): Line 319 - ERROR - NK_2013_Verbreitung_fill: HTTPSConnectionPool(host='wms.geo.bs.ch', port=443): Read timed out. (read timeout=10)
2025-11-30 02:53:05,935 - Scraping log - scraper.py > get_service_info(): Line 316 - WARNING - NK_2013_Verbreitung_outline: GetMap request is blocked for this layer
2025-11-30 02:53:18,258 - Scraping log - scraper.py > get_service_info(): Line 316 - WARNING - NK_2013_Arten_DruesigesSpringkraut: GetMap request is blocked for this layer
2025-11-30 02:53:30,881 - Scraping log - scraper.py > get_service_info(): Line 316 - WARNING - NK_2013_Arten_JapanischerStaudenknoeterich: GetMap request is blocked for this layer
2025-11-30 02:53:43,445 - Scraping log - scraper.py > get_service_info(): Line 316 - WARNING - NK_2013_Arten_SchmalblaettrigesGreiskraut: GetMap request is blocked for this layer
2025-11-30 02:53:53,571 - Scraping log - scraper.py > get_service_info(): Line 316 - WARNING - NK_2013_Arten_SeidigerHartrigel: GetMap request is blocked for this layer
2025-11-30 02:54:04,841 - Scraping log - scraper.py > get_service_info(): Line 316 - WARNING - NK_2013_Arten_SpaetbluehendeGoldrute: GetMap request is blocked for this layer
2025-11-30 02:54:18,232 - Scraping log - scraper.py > get_service_info(): Line 316 - WARNING - NK_2009_BeschriftungVerbreitung2009_AnzahlArten: GetMap request is blocked for this layer
2025-11-30 02:54:29,285 - Scraping log - scraper.py > get_service_info(): Line 316 - WARNING - NK_2009_Verbreitung_fill: GetMap request is blocked for this layer
2025-11-30 02:54:39,299 - Scraping log - scraper.py > get_service_info(): Line 316 - WARNING - NK_2009_Verbreitung_outline: GetMap request is blocked for this layer
2025-11-30 02:54:49,314 - Scraping log - scraper.py > get_service_info(): Line 316 - WARNING - NK_2009_Arten_ArmenischeGartenbrombeere: GetMap request is blocked for this layer
2025-11-30 02:54:59,328 - Scraping log - scraper.py > get_service_info(): Line 316 - WARNING - NK_2009_Arten_DruesigesSpringkraut: GetMap request is blocked for this layer
2025-11-30 02:55:14,749 - Scraping log - scraper.py > get_service_info(): Line 316 - WARNING - NK_2009_Arten_JapanischerStaudenknoeterich: GetMap request is blocked for this layer
2025-11-30 02:55:24,864 - Scraping log - scraper.py > get_service_info(): Line 316 - WARNING - NK_2009_Arten_KanadischeGoldrute: GetMap request is blocked for this layer
2025-11-30 02:55:34,879 - Scraping log - scraper.py > get_service_info(): Line 316 - WARNING - NK_2009_Arten_RiesenBaerenklau: GetMap request is blocked for this layer
2025-11-30 02:55:44,987 - Scraping log - scraper.py > get_service_info(): Line 316 - WARNING - NK_2009_Arten_SchmalblaettrigesGreiskraut: GetMap request is blocked for this layer
2025-11-30 02:55:55,008 - Scraping log - scraper.py > get_service_info(): Line 316 - WARNING - NK_2009_Arten_Sommerflieder: GetMap request is blocked for this layer
2025-11-30 02:56:05,023 - Scraping log - scraper.py > get_service_info(): Line 316 - WARNING - NK_2009_Arten_SpaetbluehendeGoldrute: GetMap request is blocked for this layer
2025-11-30 02:56:15,038 - Scraping log - scraper.py > get_service_info(): Line 316 - WARNING - 2006: GetMap request is blocked for this layer
2025-11-30 02:56:25,096 - Scraping log - scraper.py > get_service_info(): Line 316 - WARNING - NK_2006_BeschriftungVerbreitung2006_AnzahlArten: GetMap request is blocked for this layer
2025-11-30 02:56:35,210 - Scraping log - scraper.py > get_service_info(): Line 316 - WARNING - NK_2006_BeschriftungVerbreitung2006_VorkommendeArten: GetMap request is blocked for this layer
2025-11-30 02:56:45,215 - Scraping log - scraper.py > get_service_info(): Line 316 - WARNING - NK_2006_Verbreitung_fill: GetMap request is blocked for this layer
2025-11-30 02:56:55,230 - Scraping log - scraper.py > get_service_info(): Line 316 - WARNING - NK_2006_Verbreitung_outline: GetMap request is blocked for this layer
2025-11-30 02:57:05,245 - Scraping log - scraper.py > get_service_info(): Line 316 - WARNING - NK_2006_Arten_ArmenischeGartenbrombeere: GetMap request is blocked for this layer
2025-11-30 02:57:21,728 - Scraping log - scraper.py > get_service_info(): Line 319 - ERROR - NK_2006_Arten_DruesigesSpringkraut: HTTPSConnectionPool(host='wms.geo.bs.ch', port=443): Read timed out. (read timeout=10)
2025-11-30 02:57:31,738 - Scraping log - scraper.py > get_service_info(): Line 316 - WARNING - NK_2006_Arten_Goetterbaum: GetMap request is blocked for this layer
2025-11-30 02:57:44,181 - Scraping log - scraper.py > get_service_info(): Line 316 - WARNING - NK_2006_Arten_SchmalblaettrigesGreiskraut: GetMap request is blocked for this layer
2025-11-30 02:57:56,601 - Scraping log - scraper.py > get_service_info(): Line 316 - WARNING - NR_Gewaesser_Gewaesser: GetMap request is blocked for this layer
2025-11-30 02:58:16,524 - Scraping log - scraper.py > get_service_info(): Line 316 - WARNING - Hecken und Gehölze: GetMap request is blocked for this layer
2025-11-30 02:58:26,626 - Scraping log - scraper.py > get_service_info(): Line 316 - WARNING - Obstgärten: GetMap request is blocked for this layer
2025-11-30 02:58:36,734 - Scraping log - scraper.py > get_service_info(): Line 316 - WARNING - geologische und kulturhistorische Objekte: GetMap request is blocked for this layer
2025-11-30 02:58:46,935 - Scraping log - scraper.py > get_service_info(): Line 316 - WARNING - Grünanlagen und Friedhöfe: GetMap request is blocked for this layer
2025-11-30 02:58:57,147 - Scraping log - scraper.py > get_service_info(): Line 316 - WARNING - Freizeit- und Kleingärten: GetMap request is blocked for this layer
2025-11-30 02:59:07,249 - Scraping log - scraper.py > get_service_info(): Line 316 - WARNING - wertvolle Lebensräume: GetMap request is blocked for this layer
2025-11-30 02:59:18,599 - Scraping log - scraper.py > get_service_info(): Line 316 - WARNING - NT_Baulinien_Nationalstrassen: GetMap request is blocked for this layer
2025-11-30 02:59:29,885 - Scraping log - scraper.py > get_service_info(): Line 316 - WARNING - OF_OrthofotoAktuell: GetMap request is blocked for this layer
2025-11-30 02:59:41,661 - Scraping log - scraper.py > get_service_info(): Line 316 - WARNING - OF_Orthofoto1933: GetMap request is blocked for this layer
2025-11-30 02:59:51,773 - Scraping log - scraper.py > get_service_info(): Line 316 - WARNING - OF_Orthofoto1979August: GetMap request is blocked for this layer
2025-11-30 03:00:01,789 - Scraping log - scraper.py > get_service_info(): Line 316 - WARNING - OF_Orthofoto1985Juli: GetMap request is blocked for this layer
2025-11-30 03:00:12,149 - Scraping log - scraper.py > get_service_info(): Line 316 - WARNING - OF_Orthofoto1990Maerz: GetMap request is blocked for this layer
2025-11-30 03:00:22,394 - Scraping log - scraper.py > get_service_info(): Line 316 - WARNING - OF_Orthofoto1995Maerz: GetMap request is blocked for this layer
2025-11-30 03:00:32,508 - Scraping log - scraper.py > get_service_info(): Line 316 - WARNING - OF_Orthofoto1999Maerz: GetMap request is blocked for this layer
2025-11-30 03:00:42,522 - Scraping log - scraper.py > get_service_info(): Line 316 - WARNING - OF_Orthofoto2001Juli: GetMap request is blocked for this layer
2025-11-30 03:00:52,536 - Scraping log - scraper.py > get_service_info(): Line 316 - WARNING - OF_Orthofoto2002Maerz: GetMap request is blocked for this layer
2025-11-30 03:01:02,551 - Scraping log - scraper.py > get_service_info(): Line 316 - WARNING - OF_Orthofoto2005April: GetMap request is blocked for this layer
2025-11-30 03:01:21,041 - Scraping log - scraper.py > get_service_info(): Line 316 - WARNING - OF_Orthofoto2010April: GetMap request is blocked for this layer
2025-11-30 03:01:31,055 - Scraping log - scraper.py > get_service_info(): Line 316 - WARNING - OF_Orthofoto2012Maerz: GetMap request is blocked for this layer
2025-11-30 03:01:41,070 - Scraping log - scraper.py > get_service_info(): Line 316 - WARNING - OF_Orthofoto2012Juli: GetMap request is blocked for this layer
2025-11-30 03:01:51,472 - Scraping log - scraper.py > get_service_info(): Line 316 - WARNING - OF_Orthofoto2015April: GetMap request is blocked for this layer
2025-11-30 03:02:01,486 - Scraping log - scraper.py > get_service_info(): Line 316 - WARNING - OF_Orthofoto2017Maerz: GetMap request is blocked for this layer
2025-11-30 03:02:11,500 - Scraping log - scraper.py > get_service_info(): Line 316 - WARNING - OF_TrueOrthofoto2017Maerz: GetMap request is blocked for this layer
2025-11-30 03:02:21,515 - Scraping log - scraper.py > get_service_info(): Line 316 - WARNING - OF_TrueOrthofoto2020Maerz: GetMap request is blocked for this layer
2025-11-30 03:02:32,023 - Scraping log - scraper.py > get_service_info(): Line 316 - WARNING - OF_Orthofoto2020Maerz: GetMap request is blocked for this layer
2025-11-30 03:02:42,161 - Scraping log - scraper.py > get_service_info(): Line 319 - ERROR - OF_TrueOrthofoto2023Mai: HTTPSConnectionPool(host='wms.geo.bs.ch', port=443): Read timed out. (read timeout=10)
2025-11-30 03:02:52,184 - Scraping log - scraper.py > get_service_info(): Line 316 - WARNING - OF_Orthofoto2023Mai: GetMap request is blocked for this layer
2025-11-30 03:03:04,376 - Scraping log - scraper.py > get_service_info(): Line 316 - WARNING - OG_SelbstaendigesDauerndesBauUnterbaurecht: GetMap request is blocked for this layer
2025-11-30 03:03:17,286 - Scraping log - scraper.py > get_service_info(): Line 316 - WARNING - OW_SportBewegung: GetMap request is blocked for this layer
2025-11-30 03:03:29,686 - Scraping log - scraper.py > get_service_info(): Line 316 - WARNING - PA_Ladestation: GetMap request is blocked for this layer
2025-11-30 03:03:40,784 - Scraping log - scraper.py > get_service_info(): Line 316 - WARNING - PA_RBAbstellplatz: GetMap request is blocked for this layer
2025-11-30 03:03:51,961 - Scraping log - scraper.py > get_service_info(): Line 316 - WARNING - PA_Taxi: GetMap request is blocked for this layer
2025-11-30 03:04:03,312 - Scraping log - scraper.py > get_service_info(): Line 316 - WARNING - XP_Parkhausauslastung: GetMap request is blocked for this layer
2025-11-30 03:04:13,327 - Scraping log - scraper.py > get_service_info(): Line 316 - WARNING - PM_Schallpegelmessungen: GetMap request is blocked for this layer
2025-11-30 03:04:23,465 - Scraping log - scraper.py > get_service_info(): Line 319 - ERROR - PP_PolizeilichePraevention_GebietseinteilungPolizeilichePraevention_Kriminal: HTTPSConnectionPool(host='wms.geo.bs.ch', port=443): Read timed out. (read timeout=10)
2025-11-30 03:04:33,479 - Scraping log - scraper.py > get_service_info(): Line 316 - WARNING - PP_PolizeilichePraevention_GebietseinteilungPolizeilichePraevention_Jugend: GetMap request is blocked for this layer
2025-11-30 03:04:43,494 - Scraping log - scraper.py > get_service_info(): Line 316 - WARNING - PP_PolizeilichePraevention_GebietseinteilungPolizeilichePraevention_Verkehr: GetMap request is blocked for this layer
2025-11-30 03:04:53,509 - Scraping log - scraper.py > get_service_info(): Line 316 - WARNING - PW_PolitischerWahlkreis: GetMap request is blocked for this layer
2025-11-30 03:05:03,917 - Scraping log - scraper.py > get_service_info(): Line 316 - WARNING - PX_Planungszone_Bettingen: GetMap request is blocked for this layer
2025-11-30 03:05:14,020 - Scraping log - scraper.py > get_service_info(): Line 316 - WARNING - PY_Planungszone_Riehen: GetMap request is blocked for this layer
2025-11-30 03:05:24,218 - Scraping log - scraper.py > get_service_info(): Line 316 - WARNING - PZ_Planungszone_Basel: GetMap request is blocked for this layer
2025-11-30 03:05:34,321 - Scraping log - scraper.py > get_service_info(): Line 316 - WARNING - QT_Quartiertreffpunkte: GetMap request is blocked for this layer
2025-11-30 03:05:44,336 - Scraping log - scraper.py > get_service_info(): Line 316 - WARNING - RM_Geschwindigkeitsmonitoring: GetMap request is blocked for this layer
2025-11-30 03:05:54,739 - Scraping log - scraper.py > get_service_info(): Line 316 - WARNING - RP_Grundkarte: GetMap request is blocked for this layer
2025-11-30 03:06:04,754 - Scraping log - scraper.py > get_service_info(): Line 316 - WARNING - Siedlung: GetMap request is blocked for this layer
2025-11-30 03:06:15,894 - Scraping log - scraper.py > get_service_info(): Line 316 - WARNING - RP_Ausgangslage_Siedlung_Siedlungsgebiet_Abfrage: GetMap request is blocked for this layer
2025-11-30 03:06:26,128 - Scraping log - scraper.py > get_service_info(): Line 319 - ERROR - RP_Ausgangslage_Siedlung_Siedlungsgebiet_Flaeche: HTTPSConnectionPool(host='wms.geo.bs.ch', port=443): Read timed out. (read timeout=10)
2025-11-30 03:06:36,352 - Scraping log - scraper.py > get_service_info(): Line 316 - WARNING - RP_Ausgangslage_Siedlung_Landesgrenze_Abfrage: GetMap request is blocked for this layer
2025-11-30 03:07:07,813 - Scraping log - scraper.py > get_service_info(): Line 316 - WARNING - RP_Ausgangslage_Siedlung_FreizeitUndSportgebiet_Punkt: GetMap request is blocked for this layer
2025-11-30 03:07:17,834 - Scraping log - scraper.py > get_service_info(): Line 316 - WARNING - RP_Ausgangslage_Siedlung_Fahrendenplatz_Abfrage: GetMap request is blocked for this layer
2025-11-30 03:07:27,848 - Scraping log - scraper.py > get_service_info(): Line 316 - WARNING - RP_Ausgangslage_Siedlung_Fahrendenplatz_Punkt: GetMap request is blocked for this layer
2025-11-30 03:07:37,863 - Scraping log - scraper.py > get_service_info(): Line 316 - WARNING - RP_Siedlung_GebietUmBahnhof_Abfrage: GetMap request is blocked for this layer
2025-11-30 03:07:47,885 - Scraping log - scraper.py > get_service_info(): Line 316 - WARNING - RP_Siedlung_GebietUmBahnhof_Punkt: GetMap request is blocked for this layer
2025-11-30 03:07:58,028 - Scraping log - scraper.py > get_service_info(): Line 316 - WARNING - RP_Siedlung_GebietUmSBahnHaltestelle_Abfrage: GetMap request is blocked for this layer
2025-11-30 03:08:08,135 - Scraping log - scraper.py > get_service_info(): Line 316 - WARNING - RP_Siedlung_GebietUmSBahnHaltestelle_Punkt: GetMap request is blocked for this layer
2025-11-30 03:08:18,153 - Scraping log - scraper.py > get_service_info(): Line 316 - WARNING - RP_Siedlung_SchwerpunktArbeiten_Abfrage: GetMap request is blocked for this layer
2025-11-30 03:08:28,167 - Scraping log - scraper.py > get_service_info(): Line 316 - WARNING - RP_Siedlung_SchwerpunktArbeiten_Flaeche: GetMap request is blocked for this layer
2025-11-30 03:08:38,182 - Scraping log - scraper.py > get_service_info(): Line 316 - WARNING - RP_Siedlung_SchwerpunktArbeitenUndWohnen_Abfrage: GetMap request is blocked for this layer
2025-11-30 03:08:48,292 - Scraping log - scraper.py > get_service_info(): Line 316 - WARNING - RP_Siedlung_SchwerpunktArbeitenUndWohnen_Flaeche: GetMap request is blocked for this layer
2025-11-30 03:08:59,347 - Scraping log - scraper.py > get_service_info(): Line 316 - WARNING - RP_Siedlung_SchwerpunktWohnen_Flaeche: GetMap request is blocked for this layer
2025-11-30 03:09:09,731 - Scraping log - scraper.py > get_service_info(): Line 316 - WARNING - RP_Siedlung_SiedlungsgliedernderFreiraum_Abfrage: GetMap request is blocked for this layer
2025-11-30 03:09:21,135 - Scraping log - scraper.py > get_service_info(): Line 316 - WARNING - RP_Siedlung_FreizeitUndSportgebiet_Abfrage: GetMap request is blocked for this layer
2025-11-30 03:09:31,650 - Scraping log - scraper.py > get_service_info(): Line 316 - WARNING - RP_Siedlung_FreizeitUndSportgebiet_Punkt: GetMap request is blocked for this layer
2025-11-30 03:09:43,287 - Scraping log - scraper.py > get_service_info(): Line 316 - WARNING - RP_Siedlung_VorzugsgebietVerbesserungFreiraumversorgung_Flaeche: GetMap request is blocked for this layer
2025-11-30 03:09:58,977 - Scraping log - scraper.py > get_service_info(): Line 319 - ERROR - RP_Siedlung_Ortszentrum_Abfrage: HTTPSConnectionPool(host='wms.geo.bs.ch', port=443): Read timed out. (read timeout=10)
2025-11-30 03:10:08,987 - Scraping log - scraper.py > get_service_info(): Line 316 - WARNING - RP_Siedlung_Ortszentrum_Flaeche: GetMap request is blocked for this layer
2025-11-30 03:10:21,363 - Scraping log - scraper.py > get_service_info(): Line 316 - WARNING - RP_Siedlung_NutzungImOeffentlichenInteresse_Abfrage: GetMap request is blocked for this layer
2025-11-30 03:10:33,717 - Scraping log - scraper.py > get_service_info(): Line 316 - WARNING - RP_Siedlung_AufhebungSiedlungstrennwirkung_Linie: GetMap request is blocked for this layer
2025-11-30 03:10:45,910 - Scraping log - scraper.py > get_service_info(): Line 316 - WARNING - RP_Siedlung_Kaltluftfluss_Abfrage: GetMap request is blocked for this layer
2025-11-30 03:10:55,924 - Scraping log - scraper.py > get_service_info(): Line 316 - WARNING - RP_Siedlung_Kaltluftfluss_Punkt: GetMap request is blocked for this layer
2025-11-30 03:11:06,037 - Scraping log - scraper.py > get_service_info(): Line 316 - WARNING - RP_Siedlung_VerkehrsintensiveEinrichtung_Abfrage: GetMap request is blocked for this layer
2025-11-30 03:11:16,147 - Scraping log - scraper.py > get_service_info(): Line 316 - WARNING - RP_Siedlung_VerkehrsintensiveEinrichtung_Punkt: GetMap request is blocked for this layer
2025-11-30 03:11:26,166 - Scraping log - scraper.py > get_service_info(): Line 316 - WARNING - Mobilität: GetMap request is blocked for this layer
2025-11-30 03:11:37,676 - Scraping log - scraper.py > get_service_info(): Line 316 - WARNING - RP_Ausgangslage_Mobilitaet_HafenarealKantonal_Abfrage: GetMap request is blocked for this layer
2025-11-30 03:11:47,691 - Scraping log - scraper.py > get_service_info(): Line 316 - WARNING - RP_Ausgangslage_Mobilitaet_HafenarealKantonal_Flaeche: GetMap request is blocked for this layer
2025-11-30 03:11:57,705 - Scraping log - scraper.py > get_service_info(): Line 316 - WARNING - RP_Ausgangslage_Mobilitaet_StrassennetzAusserkantonal_Abfrage: GetMap request is blocked for this layer
2025-11-30 03:12:08,632 - Scraping log - scraper.py > get_service_info(): Line 316 - WARNING - RP_Ausgangslage_Mobilitaet_StrassennetzAusserkantonal_Linie: GetMap request is blocked for this layer
2025-11-30 03:12:19,122 - Scraping log - scraper.py > get_service_info(): Line 316 - WARNING - RP_Ausgangslage_Mobilitaet_SchieneNormalspurStrecke_Abfrage: GetMap request is blocked for this layer
2025-11-30 03:12:29,136 - Scraping log - scraper.py > get_service_info(): Line 316 - WARNING - RP_Ausgangslage_Mobilitaet_SchieneNormalspurStrecke_Linie: GetMap request is blocked for this layer
2025-11-30 03:12:39,157 - Scraping log - scraper.py > get_service_info(): Line 316 - WARNING - RP_Ausgangslage_Mobilitaet_SchieneSchmalspurStrecke_Abfrage: GetMap request is blocked for this layer
2025-11-30 03:12:49,291 - Scraping log - scraper.py > get_service_info(): Line 319 - ERROR - RP_Ausgangslage_Mobilitaet_SchieneSchmalspurStrecke_Linie: HTTPSConnectionPool(host='wms.geo.bs.ch', port=443): Read timed out. (read timeout=10)
2025-11-30 03:12:59,314 - Scraping log - scraper.py > get_service_info(): Line 316 - WARNING - RP_Ausgangslage_Mobilitaet_KantonsstrasseStrecke_Abfrage: GetMap request is blocked for this layer
2025-11-30 03:13:11,777 - Scraping log - scraper.py > get_service_info(): Line 316 - WARNING - RP_Ausgangslage_Mobilitaet_NationalstrasseStrecke_Linie: GetMap request is blocked for this layer
2025-11-30 03:13:23,980 - Scraping log - scraper.py > get_service_info(): Line 316 - WARNING - RP_Ausgangslage_Mobilitaet_NationalstrasseVollanschluss_Punkt: GetMap request is blocked for this layer
2025-11-30 03:13:40,980 - Scraping log - scraper.py > get_service_info(): Line 316 - WARNING - RP_Ausgangslage_Mobilitaet_Hafenbahnhof_Abfrage: GetMap request is blocked for this layer
2025-11-30 03:13:51,478 - Scraping log - scraper.py > get_service_info(): Line 316 - WARNING - RP_Ausgangslage_Mobilitaet_Hafenbahnhof_Punkt: GetMap request is blocked for this layer
2025-11-30 03:14:01,493 - Scraping log - scraper.py > get_service_info(): Line 316 - WARNING - RP_Ausgangslage_Mobilitaet_Hafenanlage_Abfrage: GetMap request is blocked for this layer
2025-11-30 03:14:11,509 - Scraping log - scraper.py > get_service_info(): Line 316 - WARNING - RP_Ausgangslage_Mobilitaet_Hafenanlage_Punkt: GetMap request is blocked for this layer
2025-11-30 03:14:21,523 - Scraping log - scraper.py > get_service_info(): Line 316 - WARNING - RP_Ausgangslage_Mobilitaet_EuroAirportBaselMulhouseFreiburg_Abfrage: GetMap request is blocked for this layer
2025-11-30 03:14:31,638 - Scraping log - scraper.py > get_service_info(): Line 316 - WARNING - RP_Ausgangslage_Mobilitaet_EuroAirportBaselMulhouseFreiburg_Punkt: GetMap request is blocked for this layer
2025-11-30 03:14:41,652 - Scraping log - scraper.py > get_service_info(): Line 316 - WARNING - RP_Mobilitaet_HinweisRheintunnel_Abfrage: GetMap request is blocked for this layer
2025-11-30 03:14:51,659 - Scraping log - scraper.py > get_service_info(): Line 316 - WARNING - RP_Mobilitaet_HinweisRheintunnel_Punkt: GetMap request is blocked for this layer
2025-11-30 03:15:01,675 - Scraping log - scraper.py > get_service_info(): Line 316 - WARNING - RP_Mobilitaet_SchieneNormalspurStrecke_Abfrage: GetMap request is blocked for this layer
2025-11-30 03:15:11,690 - Scraping log - scraper.py > get_service_info(): Line 316 - WARNING - RP_Mobilitaet_SchieneNormalspurStrecke_Linie: GetMap request is blocked for this layer
2025-11-30 03:15:21,704 - Scraping log - scraper.py > get_service_info(): Line 316 - WARNING - RP_Mobilitaet_SchieneNormalspurKorridor_Abfrage: GetMap request is blocked for this layer
2025-11-30 03:15:31,718 - Scraping log - scraper.py > get_service_info(): Line 316 - WARNING - RP_Mobilitaet_SchieneNormalspurKorridor_Linie: GetMap request is blocked for this layer
2025-11-30 03:15:41,825 - Scraping log - scraper.py > get_service_info(): Line 316 - WARNING - RP_Mobilitaet_SchieneNormalspurKapazitaetssteigerungUndEntflechtung_Abfrage: GetMap request is blocked for this layer
2025-11-30 03:15:51,931 - Scraping log - scraper.py > get_service_info(): Line 316 - WARNING - RP_Mobilitaet_SchieneNormalspurKapazitaetssteigerungUndEntflechtung_Linie: GetMap request is blocked for this layer
2025-11-30 03:16:01,947 - Scraping log - scraper.py > get_service_info(): Line 316 - WARNING - RP_Mobilitaet_BahnhofOderSBahnHaltestelle_Abfrage: GetMap request is blocked for this layer
2025-11-30 03:16:12,061 - Scraping log - scraper.py > get_service_info(): Line 316 - WARNING - RP_Mobilitaet_BahnhofOderSBahnHaltestelle_Punkt: GetMap request is blocked for this layer
2025-11-30 03:16:22,166 - Scraping log - scraper.py > get_service_info(): Line 316 - WARNING - RP_Mobilitaet_SchieneSchmalspurStrecke_Abfrage: GetMap request is blocked for this layer
2025-11-30 03:16:32,403 - Scraping log - scraper.py > get_service_info(): Line 319 - ERROR - RP_Mobilitaet_SchieneSchmalspurStrecke_Linie: HTTPSConnectionPool(host='wms.geo.bs.ch', port=443): Read timed out. (read timeout=10)
2025-11-30 03:16:49,314 - Scraping log - scraper.py > get_service_info(): Line 316 - WARNING - RP_Mobilitaet_NationalstrasseHalbanschluss_Abfrage: GetMap request is blocked for this layer
2025-11-30 03:17:01,680 - Scraping log - scraper.py > get_service_info(): Line 316 - WARNING - RP_Mobilitaet_KantonsstrasseKorridor_Linie: GetMap request is blocked for this layer
2025-11-30 03:17:13,899 - Scraping log - scraper.py > get_service_info(): Line 316 - WARNING - RP_Mobilitaet_KantonsstrasseVerbesserungsmassnahmen_Abfrage: GetMap request is blocked for this layer
2025-11-30 03:17:25,984 - Scraping log - scraper.py > get_service_info(): Line 316 - WARNING - RP_Mobilitaet_LangsamverkehrVeloFussgaenger_Linie: GetMap request is blocked for this layer
2025-11-30 03:17:35,999 - Scraping log - scraper.py > get_service_info(): Line 316 - WARNING - RP_Mobilitaet_LangsamverkehrFussgaenger_Abfrage: GetMap request is blocked for this layer
2025-11-30 03:17:46,014 - Scraping log - scraper.py > get_service_info(): Line 316 - WARNING - RP_Mobilitaet_LangsamverkehrFussgaenger_Linie: GetMap request is blocked for this layer
2025-11-30 03:17:56,036 - Scraping log - scraper.py > get_service_info(): Line 316 - WARNING - RP_Mobilitaet_LangsamverkehrVeloparkierungsanlage_Abfrage: GetMap request is blocked for this layer
2025-11-30 03:18:06,050 - Scraping log - scraper.py > get_service_info(): Line 316 - WARNING - RP_Mobilitaet_LangsamverkehrVeloparkierungsanlage_Punkt: GetMap request is blocked for this layer
2025-11-30 03:18:16,073 - Scraping log - scraper.py > get_service_info(): Line 316 - WARNING - RP_Mobilitaet_StandorteGueterlogistik_Abfrage: GetMap request is blocked for this layer
2025-11-30 03:18:26,087 - Scraping log - scraper.py > get_service_info(): Line 316 - WARNING - RP_Mobilitaet_StandorteGueterlogistik_Punkt: GetMap request is blocked for this layer
2025-11-30 03:18:36,101 - Scraping log - scraper.py > get_service_info(): Line 316 - WARNING - RP_Mobilitaet_Hafenbahnhof_Abfrage: GetMap request is blocked for this layer
2025-11-30 03:18:46,215 - Scraping log - scraper.py > get_service_info(): Line 316 - WARNING - RP_Mobilitaet_Hafenbahnhof_Punkt: GetMap request is blocked for this layer
2025-11-30 03:18:56,326 - Scraping log - scraper.py > get_service_info(): Line 316 - WARNING - RP_Mobilitaet_CarTerminal_Abfrage: GetMap request is blocked for this layer
2025-11-30 03:19:07,529 - Scraping log - scraper.py > get_service_info(): Line 316 - WARNING - RP_Mobilitaet_Hafenanlage_Point_Abfrage: GetMap request is blocked for this layer
2025-11-30 03:19:18,667 - Scraping log - scraper.py > get_service_info(): Line 316 - WARNING - Ver- und Entsorgung: GetMap request is blocked for this layer
2025-11-30 03:19:30,249 - Scraping log - scraper.py > get_service_info(): Line 316 - WARNING - RP_Ausgangslage_VerUndEntsorgung_Grundwasserschutzzone_Flaeche: GetMap request is blocked for this layer
2025-11-30 03:19:40,362 - Scraping log - scraper.py > get_service_info(): Line 316 - WARNING - RP_Ausgangslage_VerUndEntsorgung_Uebertragungsleitung_Abfrage: GetMap request is blocked for this layer
2025-11-30 03:19:51,728 - Scraping log - scraper.py > get_service_info(): Line 316 - WARNING - RP_Ausgangslage_VerUndEntsorgung_Wasserkraftwerk_Abfrage: GetMap request is blocked for this layer
2025-11-30 03:20:01,841 - Scraping log - scraper.py > get_service_info(): Line 316 - WARNING - RP_Ausgangslage_VerUndEntsorgung_Wasserkraftwerk_Punkt: GetMap request is blocked for this layer
2025-11-30 03:20:11,856 - Scraping log - scraper.py > get_service_info(): Line 316 - WARNING - RP_Ausgangslage_VerUndEntsorgung_Geothermieanlage_Abfrage: GetMap request is blocked for this layer
2025-11-30 03:20:21,962 - Scraping log - scraper.py > get_service_info(): Line 316 - WARNING - RP_Ausgangslage_VerUndEntsorgung_Geothermieanlage_Punkt: GetMap request is blocked for this layer
2025-11-30 03:20:32,083 - Scraping log - scraper.py > get_service_info(): Line 316 - WARNING - RP_Ausgangslage_VerUndEntsorgung_Abwasserreinigungsanlage_Abfrage: GetMap request is blocked for this layer
2025-11-30 03:20:42,190 - Scraping log - scraper.py > get_service_info(): Line 316 - WARNING - RP_Ausgangslage_VerUndEntsorgung_Abwasserreinigungsanlage_Punkt: GetMap request is blocked for this layer
2025-11-30 03:20:52,215 - Scraping log - scraper.py > get_service_info(): Line 316 - WARNING - RP_Ausgangslage_VerUndEntsorgung_Abfallverbrennungsanlage_Abfrage: GetMap request is blocked for this layer
2025-11-30 03:21:02,329 - Scraping log - scraper.py > get_service_info(): Line 316 - WARNING - RP_Ausgangslage_VerUndEntsorgung_Abfallverbrennungsanlage_Punkt: GetMap request is blocked for this layer
2025-11-30 03:21:12,344 - Scraping log - scraper.py > get_service_info(): Line 316 - WARNING - RP_VerUndEntsorgung_Geothermieanlage_Abfrage: GetMap request is blocked for this layer
2025-11-30 03:21:22,359 - Scraping log - scraper.py > get_service_info(): Line 316 - WARNING - RP_VerUndEntsorgung_Geothermieanlage_Punkt: GetMap request is blocked for this layer
2025-11-30 03:21:32,373 - Scraping log - scraper.py > get_service_info(): Line 316 - WARNING - Natur und Landschaft: GetMap request is blocked for this layer
2025-11-30 03:21:42,983 - Scraping log - scraper.py > get_service_info(): Line 316 - WARNING - RP_Ausgangslage_NaturUndLandschaft_Gewaesser_Abfrage: GetMap request is blocked for this layer
2025-11-30 03:21:52,997 - Scraping log - scraper.py > get_service_info(): Line 316 - WARNING - RP_Ausgangslage_NaturUndLandschaft_Gewaesser_Flaeche: GetMap request is blocked for this layer
2025-11-30 03:22:03,118 - Scraping log - scraper.py > get_service_info(): Line 316 - WARNING - RP_Ausgangslage_NaturUndLandschaft_WaldAusserkantonal_Abfrage: GetMap request is blocked for this layer
2025-11-30 03:22:13,133 - Scraping log - scraper.py > get_service_info(): Line 316 - WARNING - RP_Ausgangslage_NaturUndLandschaft_WaldAusserkantonal_Flaeche: GetMap request is blocked for this layer
2025-11-30 03:22:24,513 - Scraping log - scraper.py > get_service_info(): Line 319 - ERROR - RP_Ausgangslage_NaturUndLandschaft_WaldKantonal_Abfrage: HTTPSConnectionPool(host='wms.geo.bs.ch', port=443): Read timed out. (read timeout=10)
2025-11-30 03:22:34,528 - Scraping log - scraper.py > get_service_info(): Line 316 - WARNING - RP_Ausgangslage_NaturUndLandschaft_WaldKantonal_Flaeche: GetMap request is blocked for this layer
2025-11-30 03:22:53,179 - Scraping log - scraper.py > get_service_info(): Line 319 - ERROR - RP_Ausgangslage_NaturUndLandschaft_Naturwert_Abfrage: HTTPSConnectionPool(host='wms.geo.bs.ch', port=443): Read timed out. (read timeout=10)
2025-11-30 03:23:28,529 - Scraping log - scraper.py > get_service_info(): Line 316 - WARNING - SB_Satellitenbild_2022_swisstopo_30cm: GetMap request is blocked for this layer
2025-11-30 03:23:38,544 - Scraping log - scraper.py > get_service_info(): Line 316 - WARNING - SB_Satellitenbild_2025_swisstopo_30cm: GetMap request is blocked for this layer
2025-11-30 03:23:48,559 - Scraping log - scraper.py > get_service_info(): Line 316 - WARNING - SC_Tagesstruktur: GetMap request is blocked for this layer
2025-11-30 03:23:58,574 - Scraping log - scraper.py > get_service_info(): Line 316 - WARNING - SC_Schwimmhalle: GetMap request is blocked for this layer
2025-11-30 03:24:08,688 - Scraping log - scraper.py > get_service_info(): Line 316 - WARNING - SC_Turnhalle: GetMap request is blocked for this layer
2025-11-30 03:24:18,798 - Scraping log - scraper.py > get_service_info(): Line 316 - WARNING - SC_Sportplatz: GetMap request is blocked for this layer
2025-11-30 03:24:28,820 - Scraping log - scraper.py > get_service_info(): Line 316 - WARNING - SC_Kindergarten: GetMap request is blocked for this layer
2025-11-30 03:24:38,926 - Scraping log - scraper.py > get_service_info(): Line 316 - WARNING - SC_Primarschule: GetMap request is blocked for this layer
2025-11-30 03:24:48,940 - Scraping log - scraper.py > get_service_info(): Line 316 - WARNING - SC_Sekundarschule: GetMap request is blocked for this layer
2025-11-30 03:24:58,954 - Scraping log - scraper.py > get_service_info(): Line 316 - WARNING - SC_Gymnasium: GetMap request is blocked for this layer
2025-11-30 03:25:08,969 - Scraping log - scraper.py > get_service_info(): Line 316 - WARNING - SC_ZentrumBrueckenangebote: GetMap request is blocked for this layer
2025-11-30 03:25:19,006 - Scraping log - scraper.py > get_service_info(): Line 316 - WARNING - SC_Gewerbeschule: GetMap request is blocked for this layer
2025-11-30 03:25:29,020 - Scraping log - scraper.py > get_service_info(): Line 316 - WARNING - SC_Spezialangebot: GetMap request is blocked for this layer
2025-11-30 03:25:39,035 - Scraping log - scraper.py > get_service_info(): Line 316 - WARNING - Um 1860: GetMap request is blocked for this layer
2025-11-30 03:25:49,285 - Scraping log - scraper.py > get_service_info(): Line 316 - WARNING - SE_1860bis1875: GetMap request is blocked for this layer
2025-11-30 03:25:59,300 - Scraping log - scraper.py > get_service_info(): Line 316 - WARNING - SE_1875bis1925: GetMap request is blocked for this layer
2025-11-30 03:26:09,431 - Scraping log - scraper.py > get_service_info(): Line 319 - ERROR - SE_1925bis1950: HTTPSConnectionPool(host='wms.geo.bs.ch', port=443): Read timed out. (read timeout=10)
2025-11-30 03:26:27,043 - Scraping log - scraper.py > get_service_info(): Line 316 - WARNING - SL_Verkehrsberuhigung: GetMap request is blocked for this layer
2025-11-30 03:26:39,337 - Scraping log - scraper.py > get_service_info(): Line 316 - WARNING - SN_Strassennamen: GetMap request is blocked for this layer
2025-11-30 03:26:51,442 - Scraping log - scraper.py > get_service_info(): Line 316 - WARNING - SO_BezeichnungStandort_Primarschule: GetMap request is blocked for this layer
2025-11-30 03:27:03,575 - Scraping log - scraper.py > get_service_info(): Line 316 - WARNING - SO_Primarschule: GetMap request is blocked for this layer
2025-11-30 03:27:13,587 - Scraping log - scraper.py > get_service_info(): Line 316 - WARNING - 1946 - 1998: GetMap request is blocked for this layer
2025-11-30 03:27:24,107 - Scraping log - scraper.py > get_service_info(): Line 316 - WARNING - 2002 - 2010: GetMap request is blocked for this layer
2025-11-30 03:27:34,858 - Scraping log - scraper.py > get_service_info(): Line 316 - WARNING - 2011 - 2020: GetMap request is blocked for this layer
2025-11-30 03:27:46,230 - Scraping log - scraper.py > get_service_info(): Line 316 - WARNING - 2021 - 2024: GetMap request is blocked for this layer
2025-11-30 03:27:56,975 - Scraping log - scraper.py > get_service_info(): Line 316 - WARNING - SP_Stadtplan_2025_farbig: GetMap request is blocked for this layer
2025-11-30 03:28:07,089 - Scraping log - scraper.py > get_service_info(): Line 316 - WARNING - SP_Stadtplan_2025_grau: GetMap request is blocked for this layer
2025-11-30 03:28:17,106 - Scraping log - scraper.py > get_service_info(): Line 316 - WARNING - SP_Stadtplan_2025_sw: GetMap request is blocked for this layer
2025-11-30 03:28:27,120 - Scraping log - scraper.py > get_service_info(): Line 316 - WARNING - SQ_Stromversorgungsgebiete_Netzebene3: GetMap request is blocked for this layer
2025-11-30 03:28:38,372 - Scraping log - scraper.py > get_service_info(): Line 316 - WARNING - SQ_Stromversorgungsgebiete_Netzebene7: GetMap request is blocked for this layer
2025-11-30 03:28:49,595 - Scraping log - scraper.py > get_service_info(): Line 316 - WARNING - ST_StockwerkeigentumVerkaufspreise_QuadratmeterpreisNeubau: GetMap request is blocked for this layer
2025-11-30 03:29:01,005 - Scraping log - scraper.py > get_service_info(): Line 316 - WARNING - SW_Seniorenanteil: GetMap request is blocked for this layer
2025-11-30 03:29:11,019 - Scraping log - scraper.py > get_service_info(): Line 316 - WARNING - SW_Auslaenderanteil: GetMap request is blocked for this layer
2025-11-30 03:29:23,287 - Scraping log - scraper.py > get_service_info(): Line 316 - WARNING - SW_Arbeitsstaetten: GetMap request is blocked for this layer
2025-11-30 03:29:35,079 - Scraping log - scraper.py > get_service_info(): Line 319 - ERROR - SW_Vollzeitaequivalente: HTTPSConnectionPool(host='wms.geo.bs.ch', port=443): Read timed out. (read timeout=10)
2025-11-30 03:29:45,185 - Scraping log - scraper.py > get_service_info(): Line 316 - WARNING - SW_Sozialhilfe: GetMap request is blocked for this layer
2025-11-30 03:29:57,069 - Scraping log - scraper.py > get_service_info(): Line 319 - ERROR - SW_MedianDesReinvermoegens: HTTPSConnectionPool(host='wms.geo.bs.ch', port=443): Read timed out. (read timeout=10)
2025-11-30 03:30:07,176 - Scraping log - scraper.py > get_service_info(): Line 316 - WARNING - Solarpotenzial Photovoltaik: GetMap request is blocked for this layer
2025-11-30 03:30:20,267 - Scraping log - scraper.py > get_service_info(): Line 316 - WARNING - TF_InformativerPlaninhalt_Geplant_ohneAnschluss: GetMap request is blocked for this layer
2025-11-30 03:30:33,030 - Scraping log - scraper.py > get_service_info(): Line 316 - WARNING - TF_Wanderwegnetz_KantonBS_Zwischenergebnis_ohneAnschluss: GetMap request is blocked for this layer
2025-11-30 03:30:45,326 - Scraping log - scraper.py > get_service_info(): Line 316 - WARNING - TF_Wanderwegnetz_KantonBS_Festsetzung_mitAnschluss: GetMap request is blocked for this layer
2025-11-30 03:30:55,348 - Scraping log - scraper.py > get_service_info(): Line 316 - WARNING - TF_Wanderwegnetz_KantonBS_Bestand_ohneAnschluss: GetMap request is blocked for this layer
2025-11-30 03:31:05,362 - Scraping log - scraper.py > get_service_info(): Line 316 - WARNING - TF_Wanderwegnetz_KantonBS_Bestand_mitAnschluss: GetMap request is blocked for this layer
2025-11-30 03:31:15,367 - Scraping log - scraper.py > get_service_info(): Line 316 - WARNING - Fusswegnetz Stadt Basel: GetMap request is blocked for this layer
2025-11-30 03:31:25,568 - Scraping log - scraper.py > get_service_info(): Line 316 - WARNING - TF_Fusswegnetz_Basel_Vororientierung_ohneAnschluss: GetMap request is blocked for this layer
2025-11-30 03:31:35,691 - Scraping log - scraper.py > get_service_info(): Line 316 - WARNING - TF_Fusswegnetz_Basel_Vororientierung_mitAnschluss: GetMap request is blocked for this layer
2025-11-30 03:31:45,805 - Scraping log - scraper.py > get_service_info(): Line 316 - WARNING - TF_Fusswegnetz_Basel_Zwischenergebnis_ohneAnschluss: GetMap request is blocked for this layer
2025-11-30 03:31:55,820 - Scraping log - scraper.py > get_service_info(): Line 316 - WARNING - TF_Fusswegnetz_Basel_Zwischenergebnis_mitAnschluss: GetMap request is blocked for this layer
2025-11-30 03:32:06,161 - Scraping log - scraper.py > get_service_info(): Line 319 - ERROR - TF_Fusswegnetz_Basel_Festsetzung_ohneAnschluss: HTTPSConnectionPool(host='wms.geo.bs.ch', port=443): Read timed out. (read timeout=10)
2025-11-30 03:32:16,283 - Scraping log - scraper.py > get_service_info(): Line 316 - WARNING - TF_Fusswegnetz_Basel_Festsetzung_mitAnschluss: GetMap request is blocked for this layer
2025-11-30 03:32:27,406 - Scraping log - scraper.py > get_service_info(): Line 316 - WARNING - TF_Fusswegnetz_Basel_Bestand_mitAnschluss: GetMap request is blocked for this layer
2025-11-30 03:32:38,808 - Scraping log - scraper.py > get_service_info(): Line 316 - WARNING - TF_Fusswegnetz_KantonBS_Vororientierung_ohneAnschluss: GetMap request is blocked for this layer
2025-11-30 03:32:50,089 - Scraping log - scraper.py > get_service_info(): Line 316 - WARNING - TF_Fusswegnetz_KantonBS_Zwischenergebnis_ohneAnschluss: GetMap request is blocked for this layer
2025-11-30 03:33:00,103 - Scraping log - scraper.py > get_service_info(): Line 316 - WARNING - TF_Fusswegnetz_KantonBS_Zwischenergebnis_mitAnschluss: GetMap request is blocked for this layer
2025-11-30 03:33:10,109 - Scraping log - scraper.py > get_service_info(): Line 316 - WARNING - TF_Fusswegnetz_KantonBS_Festsetzung_ohneAnschluss: GetMap request is blocked for this layer
2025-11-30 03:33:20,124 - Scraping log - scraper.py > get_service_info(): Line 316 - WARNING - TF_Fusswegnetz_KantonBS_Festsetzung_mitAnschluss: GetMap request is blocked for this layer
2025-11-30 03:33:30,241 - Scraping log - scraper.py > get_service_info(): Line 316 - WARNING - TF_Fusswegnetz_KantonBS_Bestand_ohneAnschluss: GetMap request is blocked for this layer
2025-11-30 03:33:40,355 - Scraping log - scraper.py > get_service_info(): Line 316 - WARNING - TF_Fusswegnetz_KantonBS_Bestand_mitAnschluss: GetMap request is blocked for this layer
2025-11-30 03:33:52,986 - Scraping log - scraper.py > get_service_info(): Line 316 - WARNING - genehmigt: GetMap request is blocked for this layer
2025-11-30 03:34:03,325 - Scraping log - scraper.py > get_service_info(): Line 316 - WARNING - in Erarbeitung: GetMap request is blocked for this layer
2025-11-30 03:34:13,386 - Scraping log - scraper.py > get_service_info(): Line 316 - WARNING - kommunale Richtpläne: GetMap request is blocked for this layer
2025-11-30 03:34:23,493 - Scraping log - scraper.py > get_service_info(): Line 316 - WARNING - TR_Teilrichtplaene_KommunaleRichtplaene_Riehen_abfrage: GetMap request is blocked for this layer
2025-11-30 03:34:33,606 - Scraping log - scraper.py > get_service_info(): Line 316 - WARNING - TR_Teilrichtplaene_KommunaleRichtplaene_Riehen_anzeige: GetMap request is blocked for this layer
2025-11-30 03:34:44,083 - Scraping log - scraper.py > get_service_info(): Line 316 - WARNING - TR_Teilrichtplaene_KommunaleRichtplaene_Bettingen_abfrage: GetMap request is blocked for this layer
2025-11-30 03:34:54,195 - Scraping log - scraper.py > get_service_info(): Line 316 - WARNING - TR_Teilrichtplaene_KommunaleRichtplaene_Bettingen_anzeige: GetMap request is blocked for this layer
2025-11-30 03:35:04,320 - Scraping log - scraper.py > get_service_info(): Line 316 - WARNING - VB_Veloabstellplaetze_Velostation: GetMap request is blocked for this layer
2025-11-30 03:35:14,334 - Scraping log - scraper.py > get_service_info(): Line 316 - WARNING - VB_Veloabstellplaetze_BikeRide: GetMap request is blocked for this layer
2025-11-30 03:35:24,346 - Scraping log - scraper.py > get_service_info(): Line 316 - WARNING - VB_Veloabstellplaetze_Cargovelos: GetMap request is blocked for this layer
2025-11-30 03:35:34,370 - Scraping log - scraper.py > get_service_info(): Line 316 - WARNING - VB_Veloabstellplaetze_gedeckt: GetMap request is blocked for this layer
2025-11-30 03:35:44,489 - Scraping log - scraper.py > get_service_info(): Line 316 - WARNING - VB_Veloabstellplaetze_ungedeckt: GetMap request is blocked for this layer
2025-11-30 03:35:57,122 - Scraping log - scraper.py > get_service_info(): Line 316 - WARNING - VO_Velostadtplan_Steigung: GetMap request is blocked for this layer
2025-11-30 03:36:07,230 - Scraping log - scraper.py > get_service_info(): Line 316 - WARNING - VO_Velostadtplan_Velostrasse: GetMap request is blocked for this layer
2025-11-30 03:36:17,331 - Scraping log - scraper.py > get_service_info(): Line 316 - WARNING - VO_Velostadtplan_Eignung_gutBefahrbaresVelonetz: GetMap request is blocked for this layer
2025-11-30 03:36:27,445 - Scraping log - scraper.py > get_service_info(): Line 316 - WARNING - VO_Velostadtplan_Eignung_sonstigeFuerVelosGeeigneteStrassen: GetMap request is blocked for this layer
2025-11-30 03:36:44,227 - Scraping log - scraper.py > get_service_info(): Line 319 - ERROR - VO_Velostadtplan_Schiebestrecke: HTTPSConnectionPool(host='wms.geo.bs.ch', port=443): Read timed out. (read timeout=10)
2025-11-30 03:36:54,331 - Scraping log - scraper.py > get_service_info(): Line 316 - WARNING - VO_Velostadtplan_Fussgaengerzone: GetMap request is blocked for this layer
2025-11-30 03:37:06,680 - Scraping log - scraper.py > get_service_info(): Line 316 - WARNING - VP_Unbekannt: GetMap request is blocked for this layer
2025-11-30 03:37:18,876 - Scraping log - scraper.py > get_service_info(): Line 316 - WARNING - VR_KernzoneVerkehrskonzeptInnenstadt: GetMap request is blocked for this layer
2025-11-30 03:37:33,022 - Scraping log - scraper.py > get_service_info(): Line 316 - WARNING - VS_Vektorstadtplan_farbig_ohneSchrift: GetMap request is blocked for this layer
2025-11-30 03:37:43,528 - Scraping log - scraper.py > get_service_info(): Line 316 - WARNING - VS_Vektorstadtplan_grau: GetMap request is blocked for this layer
2025-11-30 03:37:53,636 - Scraping log - scraper.py > get_service_info(): Line 316 - WARNING - VS_Vektorstadtplan_grau_ohneSchrift: GetMap request is blocked for this layer
2025-11-30 03:38:03,641 - Scraping log - scraper.py > get_service_info(): Line 316 - WARNING - VS_Vektorstadtplan_sw: GetMap request is blocked for this layer
2025-11-30 03:38:13,659 - Scraping log - scraper.py > get_service_info(): Line 316 - WARNING - VS_Vektorstadtplan_sw_ohneSchrift: GetMap request is blocked for this layer
2025-11-30 03:38:24,692 - Scraping log - scraper.py > get_service_info(): Line 316 - WARNING - VU_UeberholunfallFahrstreifenwechsel: GetMap request is blocked for this layer
2025-11-30 03:38:35,758 - Scraping log - scraper.py > get_service_info(): Line 316 - WARNING - VU_Abbiegeunfall: GetMap request is blocked for this layer
2025-11-30 03:38:47,011 - Scraping log - scraper.py > get_service_info(): Line 316 - WARNING - VU_UeberquerenDerFahrbahn: GetMap request is blocked for this layer
2025-11-30 03:38:58,325 - Scraping log - scraper.py > get_service_info(): Line 316 - WARNING - VU_Parkierunfall: GetMap request is blocked for this layer
2025-11-30 03:39:08,339 - Scraping log - scraper.py > get_service_info(): Line 316 - WARNING - VU_Fussgaengerunfall: GetMap request is blocked for this layer
2025-11-30 03:39:18,449 - Scraping log - scraper.py > get_service_info(): Line 316 - WARNING - VU_Tierunfall: GetMap request is blocked for this layer
2025-11-30 03:39:28,463 - Scraping log - scraper.py > get_service_info(): Line 316 - WARNING - VU_Andere: GetMap request is blocked for this layer
2025-11-30 03:39:38,477 - Scraping log - scraper.py > get_service_info(): Line 316 - WARNING - MIV-Zählstellen: GetMap request is blocked for this layer
2025-11-30 03:39:48,826 - Scraping log - scraper.py > get_service_info(): Line 316 - WARNING - Velo-Zählstellen: GetMap request is blocked for this layer
2025-11-30 03:39:59,040 - Scraping log - scraper.py > get_service_info(): Line 316 - WARNING - Fussgänger-Zählstellen: GetMap request is blocked for this layer
2025-11-30 03:40:09,243 - Scraping log - scraper.py > get_service_info(): Line 316 - WARNING - WA_Wohnanteilplan_kA: GetMap request is blocked for this layer
2025-11-30 03:40:19,265 - Scraping log - scraper.py > get_service_info(): Line 316 - WARNING - WA_Wohnanteilplan_AG1: GetMap request is blocked for this layer
2025-11-30 03:40:29,769 - Scraping log - scraper.py > get_service_info(): Line 316 - WARNING - WA_Wohnanteilplan_AG2: GetMap request is blocked for this layer
2025-11-30 03:40:39,875 - Scraping log - scraper.py > get_service_info(): Line 316 - WARNING - WA_Wohnanteilplan_AG3: GetMap request is blocked for this layer
2025-11-30 03:40:49,897 - Scraping log - scraper.py > get_service_info(): Line 316 - WARNING - WA_Wohnanteilplan_AG4: GetMap request is blocked for this layer
2025-11-30 03:41:00,294 - Scraping log - scraper.py > get_service_info(): Line 316 - WARNING - WA_Wohnanteilplan_allesAG: GetMap request is blocked for this layer
2025-11-30 03:41:10,407 - Scraping log - scraper.py > get_service_info(): Line 316 - WARNING - WA_Wohnanteilplan_keineAussage: GetMap request is blocked for this layer
2025-11-30 03:41:20,422 - Scraping log - scraper.py > get_service_info(): Line 316 - WARNING - WA_Wohnanteilplan_Innenstadt: GetMap request is blocked for this layer
2025-11-30 03:41:30,947 - Scraping log - scraper.py > get_service_info(): Line 316 - WARNING - WA_Wohnanteilplan_Bebauungsplan: GetMap request is blocked for this layer
2025-11-30 03:41:43,381 - Scraping log - scraper.py > get_service_info(): Line 316 - WARNING - WE_Bezirk: GetMap request is blocked for this layer
2025-11-30 03:41:53,395 - Scraping log - scraper.py > get_service_info(): Line 316 - WARNING - WE_Block: GetMap request is blocked for this layer
2025-11-30 03:42:03,624 - Scraping log - scraper.py > get_service_info(): Line 319 - ERROR - WE_Blockseite: HTTPSConnectionPool(host='wms.geo.bs.ch', port=443): Read timed out. (read timeout=10)
2025-11-30 03:42:13,760 - Scraping log - scraper.py > get_service_info(): Line 316 - WARNING - WG_Waldgrenze: GetMap request is blocked for this layer
2025-11-30 03:42:25,984 - Scraping log - scraper.py > get_service_info(): Line 316 - WARNING - TV_InformativerPlaninhalt_BestandVerbindung_mitAnschluss: GetMap request is blocked for this layer
2025-11-30 03:42:39,091 - Scraping log - scraper.py > get_service_info(): Line 316 - WARNING - Bike und Ride Anlagen: GetMap request is blocked for this layer
2025-11-30 03:42:51,964 - Scraping log - scraper.py > get_service_info(): Line 316 - WARNING - AN_ArchaeologischeInformationsstellen: GetMap request is blocked for this layer
2025-11-30 03:43:03,346 - Scraping log - scraper.py > get_service_info(): Line 316 - WARNING - WW_Wanderwegnetz: GetMap request is blocked for this layer
2025-11-30 03:43:13,360 - Scraping log - scraper.py > get_service_info(): Line 316 - WARNING - Wandernahes Angebot: GetMap request is blocked for this layer
2025-11-30 03:43:25,025 - Scraping log - scraper.py > get_service_info(): Line 316 - WARNING - FS_FokusgebieteStadtklimakonzept: GetMap request is blocked for this layer
2025-11-30 03:43:35,039 - Scraping log - scraper.py > get_service_info(): Line 316 - WARNING - PB_Erschliessungsqualitaet: GetMap request is blocked for this layer
2025-11-30 03:43:46,171 - Scraping log - scraper.py > get_service_info(): Line 316 - WARNING - US_UnterBeobachtung: GetMap request is blocked for this layer
2025-11-30 03:43:56,185 - Scraping log - scraper.py > get_service_info(): Line 316 - WARNING - US_BestehendeMassnahmenplanung: GetMap request is blocked for this layer
2025-11-30 03:44:07,474 - Scraping log - scraper.py > get_service_info(): Line 316 - WARNING - US_Saniert: GetMap request is blocked for this layer
2025-11-30 03:44:17,489 - Scraping log - scraper.py > get_service_info(): Line 316 - WARNING - GX_Messstellen: GetMap request is blocked for this layer
2025-11-30 03:44:28,667 - Scraping log - scraper.py > get_service_info(): Line 316 - WARNING - GX_Wasserstand: GetMap request is blocked for this layer
2025-11-30 03:44:38,798 - Scraping log - scraper.py > get_service_info(): Line 319 - ERROR - Allmendverwaltung: HTTPSConnectionPool(host='wms.geo.bs.ch', port=443): Read timed out. (read timeout=10)
2025-11-30 03:44:50,315 - Scraping log - scraper.py > get_service_info(): Line 316 - WARNING - AH_AbfuhrzoneGemeindenRiehenBettingen: GetMap request is blocked for this layer
2025-11-30 03:45:02,652 - Scraping log - scraper.py > get_service_info(): Line 316 - WARNING - SY_SmileyGeschwindigkeitsanzeigen_inBetrieb: GetMap request is blocked for this layer
2025-11-30 03:45:15,056 - Scraping log - scraper.py > get_service_info(): Line 316 - WARNING - ZS_Sektor: GetMap request is blocked for this layer
2025-11-30 03:45:25,065 - Scraping log - scraper.py > get_service_info(): Line 316 - WARNING - NE_Naturersatzflaechen_Naturersatzflaeche: GetMap request is blocked for this layer
2025-11-30 03:45:35,079 - Scraping log - scraper.py > get_service_info(): Line 316 - WARNING - NE_Naturersatzflaechen_NaturersatzflaecheImAuftrag: GetMap request is blocked for this layer
2025-11-30 03:45:45,093 - Scraping log - scraper.py > get_service_info(): Line 316 - WARNING - WR_Waldreservate_Eichenfoerderung: GetMap request is blocked for this layer
2025-11-30 03:45:57,374 - Scraping log - scraper.py > get_service_info(): Line 316 - WARNING - WR_Waldreservate_Nutzungsverzicht: GetMap request is blocked for this layer
2025-11-30 03:46:07,395 - Scraping log - scraper.py > get_service_info(): Line 316 - WARNING - WR_Waldreservate_LichterWald: GetMap request is blocked for this layer
2025-11-30 03:46:17,897 - Scraping log - scraper.py > get_service_info(): Line 316 - WARNING - FW_IWBFernwaermeVersorgungsgebiet: GetMap request is blocked for this layer
2025-11-30 03:46:27,912 - Scraping log - scraper.py > get_service_info(): Line 316 - WARNING - WK_Anlage: GetMap request is blocked for this layer
2025-11-30 03:46:38,835 - Scraping log - scraper.py > get_service_info(): Line 316 - WARNING - WK_Anlageteil: GetMap request is blocked for this layer
2025-11-30 03:46:48,946 - Scraping log - scraper.py > get_service_info(): Line 316 - WARNING - Baulinien Basel-Stadt: GetMap request is blocked for this layer
2025-11-30 03:46:59,251 - Scraping log - scraper.py > get_service_info(): Line 316 - WARNING - Strassenlinien Basel-Stadt: GetMap request is blocked for this layer
2025-11-30 03:47:09,557 - Scraping log - scraper.py > get_service_info(): Line 316 - WARNING - BN_BSWL_Basel_Label: GetMap request is blocked for this layer
2025-11-30 03:47:19,666 - Scraping log - scraper.py > get_service_info(): Line 316 - WARNING - Baulinien Riehen: GetMap request is blocked for this layer
2025-11-30 03:47:29,970 - Scraping log - scraper.py > get_service_info(): Line 316 - WARNING - Strassenlinien Riehen: GetMap request is blocked for this layer
2025-11-30 03:47:40,371 - Scraping log - scraper.py > get_service_info(): Line 316 - WARNING - BM_BSWL_Riehen_Label: GetMap request is blocked for this layer
2025-11-30 03:47:50,489 - Scraping log - scraper.py > get_service_info(): Line 316 - WARNING - Baulinien Bettingen: GetMap request is blocked for this layer
2025-11-30 03:48:00,695 - Scraping log - scraper.py > get_service_info(): Line 316 - WARNING - Strassenlinien Bettingen: GetMap request is blocked for this layer
2025-11-30 03:48:11,090 - Scraping log - scraper.py > get_service_info(): Line 316 - WARNING - BO_BSWL_Bettingen_Label: GetMap request is blocked for this layer
2025-11-30 03:48:21,318 - Scraping log - scraper.py > get_service_info(): Line 319 - ERROR - SJ_Sharingzone: HTTPSConnectionPool(host='wms.geo.bs.ch', port=443): Read timed out. (read timeout=10)
2025-11-30 03:48:32,627 - Scraping log - scraper.py > get_service_info(): Line 316 - WARNING - VM_Parkverbotszone: GetMap request is blocked for this layer
2025-11-30 03:48:49,211 - Scraping log - scraper.py > get_service_info(): Line 319 - ERROR - VT_Gebietsverantwortliche: HTTPSConnectionPool(host='wms.geo.bs.ch', port=443): Read timed out. (read timeout=10)
2025-11-30 03:49:22,984 - Scraping log - scraper.py > get_service_info(): Line 316 - WARNING - VG_Mauersegler_verlassen: GetMap request is blocked for this layer
2025-11-30 03:49:33,006 - Scraping log - scraper.py > get_service_info(): Line 316 - WARNING - VG_Mauersegler_kuenstlich: GetMap request is blocked for this layer
2025-11-30 03:49:43,941 - Scraping log - scraper.py > get_service_info(): Line 316 - WARNING - VG_Mauersegler_vermutet: GetMap request is blocked for this layer
2025-11-30 03:49:53,947 - Scraping log - scraper.py > get_service_info(): Line 316 - WARNING - VG_Alpensegler_belegt: GetMap request is blocked for this layer
2025-11-30 03:50:03,974 - Scraping log - scraper.py > get_service_info(): Line 316 - WARNING - VG_Alpensegler_verlassen: GetMap request is blocked for this layer
2025-11-30 03:50:13,997 - Scraping log - scraper.py > get_service_info(): Line 316 - WARNING - VG_Alpensegler_kuenstlich: GetMap request is blocked for this layer
2025-11-30 03:50:24,011 - Scraping log - scraper.py > get_service_info(): Line 316 - WARNING - VG_Alpensegler_vermutet: GetMap request is blocked for this layer
2025-11-30 03:50:34,124 - Scraping log - scraper.py > get_service_info(): Line 316 - WARNING - VG_Rauchschwalbe_belegt: GetMap request is blocked for this layer
2025-11-30 03:50:44,130 - Scraping log - scraper.py > get_service_info(): Line 316 - WARNING - VG_Rauchschwalbe_verlassen: GetMap request is blocked for this layer
2025-11-30 03:50:55,841 - Scraping log - scraper.py > get_service_info(): Line 316 - WARNING - VG_Mehlschwalbe_belegt: GetMap request is blocked for this layer
2025-11-30 03:51:07,896 - Scraping log - scraper.py > get_service_info(): Line 316 - WARNING - VG_Mehlschwalbe_kuenstlich: GetMap request is blocked for this layer
2025-11-30 03:51:19,038 - Scraping log - scraper.py > get_service_info(): Line 316 - WARNING - GT_Gewaesserraum: GetMap request is blocked for this layer
2025-11-30 03:51:29,052 - Scraping log - scraper.py > get_service_info(): Line 316 - WARNING - GT_DichtesGebiet: GetMap request is blocked for this layer
2025-11-30 03:51:39,067 - Scraping log - scraper.py > get_service_info(): Line 316 - WARNING - GT_Eingedolt: GetMap request is blocked for this layer
2025-11-30 03:51:49,075 - Scraping log - scraper.py > get_service_info(): Line 316 - WARNING - GT_Rekurse: GetMap request is blocked for this layer
2025-11-30 03:52:05,442 - Scraping log - scraper.py > get_service_info(): Line 319 - ERROR - schuetzenswerte_ortsbilder_nach_isos_isos.einzelelement: HTTPSConnectionPool(host='wms.geo.bs.ch', port=443): Read timed out. (read timeout=10)
2025-11-30 03:52:15,601 - Scraping log - scraper.py > get_service_info(): Line 316 - WARNING - Baugruppe: GetMap request is blocked for this layer
2025-11-30 03:52:28,273 - Scraping log - scraper.py > get_service_info(): Line 316 - WARNING - Umgebungsrichtung: GetMap request is blocked for this layer
2025-11-30 03:52:38,385 - Scraping log - scraper.py > get_service_info(): Line 316 - WARNING - tagesfamilien_pro_bezirk_tafa.bezirk: GetMap request is blocked for this layer
2025-11-30 03:52:48,499 - Scraping log - scraper.py > get_service_info(): Line 316 - WARNING - weihnachtsmarktstandorte_xmas.stand: GetMap request is blocked for this layer
2025-11-30 03:52:58,513 - Scraping log - scraper.py > get_service_info(): Line 316 - WARNING - velofuehrungselemente_an_kreuzungen_vefe.aufstellflaeche_velo: GetMap request is blocked for this layer
2025-11-30 03:53:08,528 - Scraping log - scraper.py > get_service_info(): Line 316 - WARNING - velofuehrungselemente_an_kreuzungen_vefe.indirekter_linksabbieger: GetMap request is blocked for this layer
2025-11-30 03:53:18,544 - Scraping log - scraper.py > get_service_info(): Line 316 - WARNING - velofuehrungselemente_an_kreuzungen_vefe.rechtsabbiegen_bei_rot: GetMap request is blocked for this layer
2025-11-30 03:53:28,654 - Scraping log - scraper.py > get_service_info(): Line 316 - WARNING - velofuehrungselemente_an_kreuzungen_vefe.vorgezogene_haltelinie: GetMap request is blocked for this layer
2025-11-30 03:53:28,654 - Scraping log - scraper.py >         <module>(): Line 751 - INFO - Running default scraper on KT_BE > https://www.geoservice.apps.be.ch/geoservice3/services/a42geo/of_climatologymeteorologyatmosphere01_de_ms_wms/MapServer/WMSServer?&request=GetCapabilities&service=WMS (source 9/1467)
2025-11-30 03:53:44,047 - Scraping log - scraper.py > get_service_info(): Line 319 - ERROR - KLIMAPHK_GRFL60_VW_13829: HTTPSConnectionPool(host='www.geoservice.apps.be.ch', port=443): Read timed out. (read timeout=10)
2025-11-30 03:53:54,286 - Scraping log - scraper.py > get_service_info(): Line 319 - ERROR - KLIMAPHK_GRFL20_VW_15365: HTTPSConnectionPool(host='www.geoservice.apps.be.ch', port=443): Read timed out. (read timeout=10)
2025-11-30 03:54:04,530 - Scraping log - scraper.py > get_service_info(): Line 319 - ERROR - KLIMAPHK_VERK60_VW_16007: HTTPSConnectionPool(host='www.geoservice.apps.be.ch', port=443): Read timed out. (read timeout=10)
2025-11-30 03:54:14,763 - Scraping log - scraper.py > get_service_info(): Line 319 - ERROR - KLIMAPHK_VERK20_VW_15302: HTTPSConnectionPool(host='www.geoservice.apps.be.ch', port=443): Read timed out. (read timeout=10)
2025-11-30 03:54:48,468 - Scraping log - scraper.py > get_service_info(): Line 319 - ERROR - KLIMAPHK_GRFL60_VW_13880: HTTPSConnectionPool(host='www.geoservice.apps.be.ch', port=443): Read timed out. (read timeout=10)
2025-11-30 03:54:58,894 - Scraping log - scraper.py > get_service_info(): Line 319 - ERROR - KLIMAPHK_GRFL20_VW_13786: HTTPSConnectionPool(host='www.geoservice.apps.be.ch', port=443): Read timed out. (read timeout=10)
2025-11-30 03:55:09,127 - Scraping log - scraper.py > get_service_info(): Line 319 - ERROR - KLIMAPHK_VERK60_VW_15458: HTTPSConnectionPool(host='www.geoservice.apps.be.ch', port=443): Read timed out. (read timeout=10)
2025-11-30 03:55:19,462 - Scraping log - scraper.py > get_service_info(): Line 319 - ERROR - KLIMAPHK_VERK20_VW_15459: HTTPSConnectionPool(host='www.geoservice.apps.be.ch', port=443): Read timed out. (read timeout=10)
2025-11-30 03:55:48,992 - Scraping log - scraper.py >         <module>(): Line 751 - INFO - Running default scraper on KT_BE > https://www.geoservice.apps.be.ch/geoservice3/services/a42geo/of_climatologymeteorologyatmosphere01_de_ms_wfs/MapServer/WFSServer?&request=GetCapabilities&service=WFS (source 10/1467)
2025-11-30 03:55:52,391 - Scraping log - scraper.py >         <module>(): Line 751 - INFO - Running default scraper on KT_BE > https://www.geoservice.apps.be.ch/geoservice3/services/a42geo/of_climatologymeteorologyatmosphere02_de_ms_wms/MapServer/WMSServer?&request=GetCapabilities&service=WMS (source 11/1467)
2025-11-30 03:56:13,663 - Scraping log - scraper.py >         <module>(): Line 751 - INFO - Running default scraper on KT_BE > https://www.geoservice.apps.be.ch/geoservice3/services/a42geo/of_climatologymeteorologyatmosphere02_de_ms_wfs/MapServer/WFSServer?&request=GetCapabilities&service=WFS (source 12/1467)
2025-11-30 03:56:16,232 - Scraping log - scraper.py >         <module>(): Line 751 - INFO - Running default scraper on KT_BE > https://www.geoservice.apps.be.ch/geoservice3/services/a42geo/of_imagerybasemapsearthcover01_de_ms_wms/MapServer/WMSServer?&request=GetCapabilities&service=WMS (source 13/1467)
2025-11-30 03:56:21,677 - Scraping log - scraper.py >         <module>(): Line 751 - INFO - Running default scraper on KT_BE > https://www.geoservice.apps.be.ch/geoservice3/services/a42geo/of_imagerybasemapsearthcover01_de_ms_wfs/MapServer/WFSServer?&request=GetCapabilities&service=WFS (source 14/1467)
2025-11-30 03:56:24,030 - Scraping log - scraper.py >         <module>(): Line 751 - INFO - Running default scraper on KT_BE > https://www.geoservice.apps.be.ch/geoservice3/services/a42geo/of_society01_de_ms_wms/MapServer/WMSServer?&request=GetCapabilities&service=WMS (source 15/1467)
2025-11-30 03:56:39,785 - Scraping log - scraper.py >         <module>(): Line 751 - INFO - Running default scraper on KT_BE > https://www.geoservice.apps.be.ch/geoservice3/services/a42geo/of_society01_de_ms_wfs/MapServer/WFSServer?&request=GetCapabilities&service=WFS (source 16/1467)
2025-11-30 03:56:43,148 - Scraping log - scraper.py >         <module>(): Line 751 - INFO - Running default scraper on KT_BE > https://www.geoservice.apps.be.ch/geoservice3/services/a42geo/of_society02_de_ms_wms/MapServer/WMSServer?&request=GetCapabilities&service=WMS (source 17/1467)
2025-11-30 03:57:10,897 - Scraping log - scraper.py >         <module>(): Line 751 - INFO - Running default scraper on KT_BE > https://www.geoservice.apps.be.ch/geoservice3/services/a42geo/of_society02_de_ms_wfs/MapServer/WFSServer?&request=GetCapabilities&service=WFS (source 18/1467)
2025-11-30 03:57:14,690 - Scraping log - scraper.py >         <module>(): Line 751 - INFO - Running default scraper on KT_BE > https://www.geoservice.apps.be.ch/geoservice3/services/a42geo/of_society03_de_ms_wms/MapServer/WMSServer?&request=GetCapabilities&service=WMS (source 19/1467)
2025-11-30 03:57:20,859 - Scraping log - scraper.py >         <module>(): Line 751 - INFO - Running default scraper on KT_BE > https://www.geoservice.apps.be.ch/geoservice3/services/a42geo/of_society03_de_ms_wfs/MapServer/WFSServer?&request=GetCapabilities&service=WFS (source 20/1467)
2025-11-30 03:57:23,472 - Scraping log - scraper.py >         <module>(): Line 751 - INFO - Running default scraper on KT_BE > https://www.geoservice.apps.be.ch/geoservice3/services/a42geo/of_structure01_de_ms_wms/MapServer/WMSServer?&request=GetCapabilities&service=WMS (source 21/1467)
2025-11-30 03:57:39,521 - Scraping log - scraper.py > get_service_info(): Line 319 - ERROR - BAUINV_GRUPPEN_VW_13691: HTTPSConnectionPool(host='www.geoservice.apps.be.ch', port=443): Read timed out. (read timeout=10)
2025-11-30 03:57:40,134 - Scraping log - scraper.py >         <module>(): Line 751 - INFO - Running default scraper on KT_BE > https://www.geoservice.apps.be.ch/geoservice3/services/a42geo/of_structure01_de_ms_wfs/MapServer/WFSServer?&request=GetCapabilities&service=WFS (source 22/1467)
2025-11-30 03:57:42,790 - Scraping log - scraper.py >         <module>(): Line 751 - INFO - Running default scraper on KT_BE > https://www.geoservice.apps.be.ch/geoservice3/services/a42geo/of_geoscientificinformation01_de_ms_wms/MapServer/WMSServer?&request=GetCapabilities&service=WMS (source 23/1467)
2025-11-30 03:58:03,807 - Scraping log - scraper.py > get_service_info(): Line 319 - ERROR - NGKAT_PROZESSR_VW_24423: HTTPSConnectionPool(host='www.geoservice.apps.be.ch', port=443): Read timed out. (read timeout=10)
2025-11-30 03:58:05,696 - Scraping log - scraper.py >         <module>(): Line 751 - INFO - Running default scraper on KT_BE > https://www.geoservice.apps.be.ch/geoservice3/services/a42geo/of_geoscientificinformation01_de_ms_wfs/MapServer/WFSServer?&request=GetCapabilities&service=WFS (source 24/1467)
2025-11-30 03:58:09,031 - Scraping log - scraper.py >         <module>(): Line 751 - INFO - Running default scraper on KT_BE > https://www.geoservice.apps.be.ch/geoservice3/services/a42geo/of_geoscientificinformation02_de_ms_wms/MapServer/WMSServer?&request=GetCapabilities&service=WMS (source 25/1467)
2025-11-30 03:58:28,851 - Scraping log - scraper.py >         <module>(): Line 751 - INFO - Running default scraper on KT_BE > https://www.geoservice.apps.be.ch/geoservice3/services/a42geo/of_geoscientificinformation02_de_ms_wfs/MapServer/WFSServer?&request=GetCapabilities&service=WFS (source 26/1467)
2025-11-30 03:58:32,553 - Scraping log - scraper.py >         <module>(): Line 751 - INFO - Running default scraper on KT_BE > https://www.geoservice.apps.be.ch/geoservice3/services/a42geo/of_geoscientificinformation03_de_ms_wms/MapServer/WMSServer?&request=GetCapabilities&service=WMS (source 27/1467)
2025-11-30 03:59:06,384 - Scraping log - scraper.py >         <module>(): Line 751 - INFO - Running default scraper on KT_BE > https://www.geoservice.apps.be.ch/geoservice3/services/a42geo/of_geoscientificinformation03_de_ms_wfs/MapServer/WFSServer?&request=GetCapabilities&service=WFS (source 28/1467)
2025-11-30 03:59:09,869 - Scraping log - scraper.py >         <module>(): Line 751 - INFO - Running default scraper on KT_BE > https://www.geoservice.apps.be.ch/geoservice3/services/a42geo/of_health01_de_ms_wms/MapServer/WMSServer?&request=GetCapabilities&service=WMS (source 29/1467)
2025-11-30 03:59:24,652 - Scraping log - scraper.py >         <module>(): Line 751 - INFO - Running default scraper on KT_BE > https://www.geoservice.apps.be.ch/geoservice3/services/a42geo/of_health01_de_ms_wfs/MapServer/WFSServer?&request=GetCapabilities&service=WFS (source 30/1467)
2025-11-30 03:59:28,122 - Scraping log - scraper.py >         <module>(): Line 751 - INFO - Running default scraper on KT_BE > https://www.geoservice.apps.be.ch/geoservice3/services/a42geo/of_inlandwaters01_de_ms_wms/MapServer/WMSServer?&request=GetCapabilities&service=WMS (source 31/1467)
2025-11-30 04:00:10,910 - Scraping log - scraper.py >         <module>(): Line 751 - INFO - Running default scraper on KT_BE > https://www.geoservice.apps.be.ch/geoservice3/services/a42geo/of_inlandwaters01_de_ms_wfs/MapServer/WFSServer?&request=GetCapabilities&service=WFS (source 32/1467)
2025-11-30 04:00:15,379 - Scraping log - scraper.py >         <module>(): Line 751 - INFO - Running default scraper on KT_BE > https://www.geoservice.apps.be.ch/geoservice3/services/a42geo/of_inlandwaters02_de_ms_wms/MapServer/WMSServer?&request=GetCapabilities&service=WMS (source 33/1467)
2025-11-30 04:00:37,836 - Scraping log - scraper.py >         <module>(): Line 751 - INFO - Running default scraper on KT_BE > https://www.geoservice.apps.be.ch/geoservice3/services/a42geo/of_inlandwaters02_de_ms_wfs/MapServer/WFSServer?&request=GetCapabilities&service=WFS (source 34/1467)
2025-11-30 04:00:42,066 - Scraping log - scraper.py >         <module>(): Line 751 - INFO - Running default scraper on KT_BE > https://www.geoservice.apps.be.ch/geoservice3/services/a42geo/of_inlandwaters03_de_ms_wms/MapServer/WMSServer?&request=GetCapabilities&service=WMS (source 35/1467)
2025-11-30 04:01:08,052 - Scraping log - scraper.py >         <module>(): Line 751 - INFO - Running default scraper on KT_BE > https://www.geoservice.apps.be.ch/geoservice3/services/a42geo/of_inlandwaters03_de_ms_wfs/MapServer/WFSServer?&request=GetCapabilities&service=WFS (source 36/1467)
2025-11-30 04:01:12,333 - Scraping log - scraper.py >         <module>(): Line 751 - INFO - Running default scraper on KT_BE > https://www.geoservice.apps.be.ch/geoservice3/services/a42geo/of_elevation01_de_ms_wms/MapServer/WMSServer?&request=GetCapabilities&service=WMS (source 37/1467)
2025-11-30 04:01:34,042 - Scraping log - scraper.py >         <module>(): Line 751 - INFO - Running default scraper on KT_BE > https://www.geoservice.apps.be.ch/geoservice3/services/a42geo/of_elevation01_de_ms_wfs/MapServer/WFSServer?&request=GetCapabilities&service=WFS (source 38/1467)
2025-11-30 04:01:37,149 - Scraping log - scraper.py >         <module>(): Line 751 - INFO - Running default scraper on KT_BE > https://www.geoservice.apps.be.ch/geoservice3/services/a42geo/of_farming01_de_ms_wms/MapServer/WMSServer?&request=GetCapabilities&service=WMS (source 39/1467)
2025-11-30 04:01:53,743 - Scraping log - scraper.py >         <module>(): Line 751 - INFO - Running default scraper on KT_BE > https://www.geoservice.apps.be.ch/geoservice3/services/a42geo/of_farming01_de_ms_wfs/MapServer/WFSServer?&request=GetCapabilities&service=WFS (source 40/1467)
2025-11-30 04:01:57,389 - Scraping log - scraper.py >         <module>(): Line 751 - INFO - Running default scraper on KT_BE > https://www.geoservice.apps.be.ch/geoservice3/services/a42geo/of_farming02_de_ms_wms/MapServer/WMSServer?&request=GetCapabilities&service=WMS (source 41/1467)
2025-11-30 04:02:10,976 - Scraping log - scraper.py >         <module>(): Line 751 - INFO - Running default scraper on KT_BE > https://www.geoservice.apps.be.ch/geoservice3/services/a42geo/of_farming02_de_ms_wfs/MapServer/WFSServer?&request=GetCapabilities&service=WFS (source 42/1467)
2025-11-30 04:02:14,369 - Scraping log - scraper.py >         <module>(): Line 751 - INFO - Running default scraper on KT_BE > https://www.geoservice.apps.be.ch/geoservice3/services/a42geo/of_farming03_de_ms_wms/MapServer/WMSServer?&request=GetCapabilities&service=WMS (source 43/1467)
2025-11-30 04:02:29,785 - Scraping log - scraper.py >         <module>(): Line 751 - INFO - Running default scraper on KT_BE > https://www.geoservice.apps.be.ch/geoservice3/services/a42geo/of_farming03_de_ms_wfs/MapServer/WFSServer?&request=GetCapabilities&service=WFS (source 44/1467)
2025-11-30 04:02:33,480 - Scraping log - scraper.py >         <module>(): Line 751 - INFO - Running default scraper on KT_BE > https://www.geoservice.apps.be.ch/geoservice3/services/a42geo/of_location01_de_ms_wms/MapServer/WMSServer?&request=GetCapabilities&service=WMS (source 45/1467)
2025-11-30 04:02:42,964 - Scraping log - scraper.py >         <module>(): Line 751 - INFO - Running default scraper on KT_BE > https://www.geoservice.apps.be.ch/geoservice3/services/a42geo/of_location01_de_ms_wfs/MapServer/WFSServer?&request=GetCapabilities&service=WFS (source 46/1467)
2025-11-30 04:02:45,678 - Scraping log - scraper.py >         <module>(): Line 751 - INFO - Running default scraper on KT_BE > https://www.geoservice.apps.be.ch/geoservice3/services/a42geo/of_boundaries01_de_ms_wms/MapServer/WMSServer?&request=GetCapabilities&service=WMS (source 47/1467)
2025-11-30 04:03:11,777 - Scraping log - scraper.py >         <module>(): Line 751 - INFO - Running default scraper on KT_BE > https://www.geoservice.apps.be.ch/geoservice3/services/a42geo/of_boundaries01_de_ms_wfs/MapServer/WFSServer?&request=GetCapabilities&service=WFS (source 48/1467)
2025-11-30 04:03:15,248 - Scraping log - scraper.py >         <module>(): Line 751 - INFO - Running default scraper on KT_BE > https://www.geoservice.apps.be.ch/geoservice3/services/a42geo/of_boundaries02_de_ms_wms/MapServer/WMSServer?&request=GetCapabilities&service=WMS (source 49/1467)
2025-11-30 04:03:40,796 - Scraping log - scraper.py >         <module>(): Line 751 - INFO - Running default scraper on KT_BE > https://www.geoservice.apps.be.ch/geoservice3/services/a42geo/of_boundaries02_de_ms_wfs/MapServer/WFSServer?&request=GetCapabilities&service=WFS (source 50/1467)
2025-11-30 04:03:44,483 - Scraping log - scraper.py >         <module>(): Line 751 - INFO - Running default scraper on KT_BE > https://www.geoservice.apps.be.ch/geoservice3/services/a42geo/of_boundaries03_de_ms_wms/MapServer/WMSServer?&request=GetCapabilities&service=WMS (source 51/1467)
2025-11-30 04:04:14,387 - Scraping log - scraper.py >         <module>(): Line 751 - INFO - Running default scraper on KT_BE > https://www.geoservice.apps.be.ch/geoservice3/services/a42geo/of_boundaries03_de_ms_wfs/MapServer/WFSServer?&request=GetCapabilities&service=WFS (source 52/1467)
2025-11-30 04:04:19,618 - Scraping log - scraper.py >         <module>(): Line 751 - INFO - Running default scraper on KT_BE > https://www.geoservice.apps.be.ch/geoservice3/services/a42geo/of_boundaries04_de_ms_wms/MapServer/WMSServer?&request=GetCapabilities&service=WMS (source 53/1467)
2025-11-30 04:04:39,932 - Scraping log - scraper.py >         <module>(): Line 751 - INFO - Running default scraper on KT_BE > https://www.geoservice.apps.be.ch/geoservice3/services/a42geo/of_boundaries04_de_ms_wfs/MapServer/WFSServer?&request=GetCapabilities&service=WFS (source 54/1467)
2025-11-30 04:04:43,489 - Scraping log - scraper.py >         <module>(): Line 751 - INFO - Running default scraper on KT_BE > https://www.geoservice.apps.be.ch/geoservice3/services/a42geo/of_boundaries05_de_ms_wms/MapServer/WMSServer?&request=GetCapabilities&service=WMS (source 55/1467)
2025-11-30 04:05:07,855 - Scraping log - scraper.py >         <module>(): Line 751 - INFO - Running default scraper on KT_BE > https://www.geoservice.apps.be.ch/geoservice3/services/a42geo/of_boundaries05_de_ms_wfs/MapServer/WFSServer?&request=GetCapabilities&service=WFS (source 56/1467)
2025-11-30 04:05:11,991 - Scraping log - scraper.py >         <module>(): Line 751 - INFO - Running default scraper on KT_BE > https://www.geoservice.apps.be.ch/geoservice3/services/a42geo/of_boundaries06_de_ms_wms/MapServer/WMSServer?&request=GetCapabilities&service=WMS (source 57/1467)
2025-11-30 04:05:22,004 - Scraping log - scraper.py >         <module>(): Line 751 - INFO - Running default scraper on KT_BE > https://www.geoservice.apps.be.ch/geoservice3/services/a42geo/of_boundaries06_de_ms_wfs/MapServer/WFSServer?&request=GetCapabilities&service=WFS (source 58/1467)
2025-11-30 04:05:25,243 - Scraping log - scraper.py >         <module>(): Line 751 - INFO - Running default scraper on KT_BE > https://www.geoservice.apps.be.ch/geoservice3/services/a42geo/of_planningcadastre01_de_ms_wms/MapServer/WMSServer?&request=GetCapabilities&service=WMS (source 59/1467)
2025-11-30 04:06:18,641 - Scraping log - scraper.py >         <module>(): Line 751 - INFO - Running default scraper on KT_BE > https://www.geoservice.apps.be.ch/geoservice3/services/a42geo/of_planningcadastre01_de_ms_wfs/MapServer/WFSServer?&request=GetCapabilities&service=WFS (source 60/1467)
2025-11-30 04:06:24,314 - Scraping log - scraper.py >         <module>(): Line 751 - INFO - Running default scraper on KT_BE > https://www.geoservice.apps.be.ch/geoservice3/services/a42geo/of_planningcadastre02_de_ms_wms/MapServer/WMSServer?&request=GetCapabilities&service=WMS (source 61/1467)
2025-11-30 04:06:52,068 - Scraping log - scraper.py >         <module>(): Line 751 - INFO - Running default scraper on KT_BE > https://www.geoservice.apps.be.ch/geoservice3/services/a42geo/of_planningcadastre02_de_ms_wfs/MapServer/WFSServer?&request=GetCapabilities&service=WFS (source 62/1467)
2025-11-30 04:06:57,408 - Scraping log - scraper.py >         <module>(): Line 751 - INFO - Running default scraper on KT_BE > https://www.geoservice.apps.be.ch/geoservice3/services/a42geo/of_planningcadastre03_de_ms_wms/MapServer/WMSServer?&request=GetCapabilities&service=WMS (source 63/1467)
2025-11-30 04:07:21,620 - Scraping log - scraper.py >         <module>(): Line 751 - INFO - Running default scraper on KT_BE > https://www.geoservice.apps.be.ch/geoservice3/services/a42geo/of_planningcadastre03_de_ms_wfs/MapServer/WFSServer?&request=GetCapabilities&service=WFS (source 64/1467)
2025-11-30 04:07:27,259 - Scraping log - scraper.py >         <module>(): Line 751 - INFO - Running default scraper on KT_BE > https://www.geoservice.apps.be.ch/geoservice3/services/a42geo/of_planningcadastre04_de_ms_wms/MapServer/WMSServer?&request=GetCapabilities&service=WMS (source 65/1467)
2025-11-30 04:08:02,743 - Scraping log - scraper.py >         <module>(): Line 751 - INFO - Running default scraper on KT_BE > https://www.geoservice.apps.be.ch/geoservice3/services/a42geo/of_planningcadastre04_de_ms_wfs/MapServer/WFSServer?&request=GetCapabilities&service=WFS (source 66/1467)
2025-11-30 04:08:08,949 - Scraping log - scraper.py >         <module>(): Line 751 - INFO - Running default scraper on KT_BE > https://www.geoservice.apps.be.ch/geoservice3/services/a42geo/of_planningcadastre05_de_ms_wms/MapServer/WMSServer?&request=GetCapabilities&service=WMS (source 67/1467)
2025-11-30 04:08:20,388 - Scraping log - scraper.py > get_service_info(): Line 319 - ERROR - OEREBSTA_THEMEN_VW_36423: HTTPSConnectionPool(host='www.geoservice.apps.be.ch', port=443): Read timed out. (read timeout=10)
2025-11-30 04:08:44,766 - Scraping log - scraper.py >         <module>(): Line 751 - INFO - Running default scraper on KT_BE > https://www.geoservice.apps.be.ch/geoservice3/services/a42geo/of_planningcadastre05_de_ms_wfs/MapServer/WFSServer?&request=GetCapabilities&service=WFS (source 68/1467)
2025-11-30 04:08:49,816 - Scraping log - scraper.py >         <module>(): Line 751 - INFO - Running default scraper on KT_BE > https://www.geoservice.apps.be.ch/geoservice3/services/a42geo/of_planningcadastre06_de_ms_wms/MapServer/WMSServer?&request=GetCapabilities&service=WMS (source 69/1467)
2025-11-30 04:09:03,838 - Scraping log - scraper.py >         <module>(): Line 751 - INFO - Running default scraper on KT_BE > https://www.geoservice.apps.be.ch/geoservice3/services/a42geo/of_planningcadastre06_de_ms_wfs/MapServer/WFSServer?&request=GetCapabilities&service=WFS (source 70/1467)
2025-11-30 04:09:06,940 - Scraping log - scraper.py >         <module>(): Line 751 - INFO - Running default scraper on KT_BE > https://www.geoservice.apps.be.ch/geoservice3/services/a42geo/of_planningcadastre07_de_ms_wms/MapServer/WMSServer?&request=GetCapabilities&service=WMS (source 71/1467)
2025-11-30 04:09:25,505 - Scraping log - scraper.py >         <module>(): Line 751 - INFO - Running default scraper on KT_BE > https://www.geoservice.apps.be.ch/geoservice3/services/a42geo/of_planningcadastre07_de_ms_wfs/MapServer/WFSServer?&request=GetCapabilities&service=WFS (source 72/1467)
2025-11-30 04:09:29,762 - Scraping log - scraper.py >         <module>(): Line 751 - INFO - Running default scraper on KT_BE > https://www.geoservice.apps.be.ch/geoservice3/services/a42geo/of_environment01_de_ms_wms/MapServer/WMSServer?&request=GetCapabilities&service=WMS (source 73/1467)
2025-11-30 04:09:50,719 - Scraping log - scraper.py >         <module>(): Line 751 - INFO - Running default scraper on KT_BE > https://www.geoservice.apps.be.ch/geoservice3/services/a42geo/of_environment01_de_ms_wfs/MapServer/WFSServer?&request=GetCapabilities&service=WFS (source 74/1467)
2025-11-30 04:09:54,822 - Scraping log - scraper.py >         <module>(): Line 751 - INFO - Running default scraper on KT_BE > https://www.geoservice.apps.be.ch/geoservice3/services/a42geo/of_environment02_de_ms_wms/MapServer/WMSServer?&request=GetCapabilities&service=WMS (source 75/1467)
2025-11-30 04:10:03,783 - Scraping log - scraper.py >         <module>(): Line 751 - INFO - Running default scraper on KT_BE > https://www.geoservice.apps.be.ch/geoservice3/services/a42geo/of_environment02_de_ms_wfs/MapServer/WFSServer?&request=GetCapabilities&service=WFS (source 76/1467)
2025-11-30 04:10:06,933 - Scraping log - scraper.py >         <module>(): Line 751 - INFO - Running default scraper on KT_BE > https://www.geoservice.apps.be.ch/geoservice3/services/a42geo/of_environment03_de_ms_wms/MapServer/WMSServer?&request=GetCapabilities&service=WMS (source 77/1467)
2025-11-30 04:10:43,788 - Scraping log - scraper.py >         <module>(): Line 751 - INFO - Running default scraper on KT_BE > https://www.geoservice.apps.be.ch/geoservice3/services/a42geo/of_environment03_de_ms_wfs/MapServer/WFSServer?&request=GetCapabilities&service=WFS (source 78/1467)
2025-11-30 04:10:48,167 - Scraping log - scraper.py >         <module>(): Line 751 - INFO - Running default scraper on KT_BE > https://www.geoservice.apps.be.ch/geoservice3/services/a42geo/of_transportation01_de_ms_wms/MapServer/WMSServer?&request=GetCapabilities&service=WMS (source 79/1467)
2025-11-30 04:11:17,563 - Scraping log - scraper.py >         <module>(): Line 751 - INFO - Running default scraper on KT_BE > https://www.geoservice.apps.be.ch/geoservice3/services/a42geo/of_transportation01_de_ms_wfs/MapServer/WFSServer?&request=GetCapabilities&service=WFS (source 80/1467)
2025-11-30 04:11:23,328 - Scraping log - scraper.py >         <module>(): Line 751 - INFO - Running default scraper on KT_BE > https://www.geoservice.apps.be.ch/geoservice3/services/a42geo/of_transportation02_de_ms_wms/MapServer/WMSServer?&request=GetCapabilities&service=WMS (source 81/1467)
2025-11-30 04:11:46,637 - Scraping log - scraper.py >         <module>(): Line 751 - INFO - Running default scraper on KT_BE > https://www.geoservice.apps.be.ch/geoservice3/services/a42geo/of_transportation02_de_ms_wfs/MapServer/WFSServer?&request=GetCapabilities&service=WFS (source 82/1467)
2025-11-30 04:11:51,149 - Scraping log - scraper.py >         <module>(): Line 751 - INFO - Running default scraper on KT_BE > https://www.geoservice.apps.be.ch/geoservice3/services/a42geo/of_utilitiescommunication01_de_ms_wms/MapServer/WMSServer?&request=GetCapabilities&service=WMS (source 83/1467)
2025-11-30 04:12:06,230 - Scraping log - scraper.py >         <module>(): Line 751 - INFO - Running default scraper on KT_BE > https://www.geoservice.apps.be.ch/geoservice3/services/a42geo/of_utilitiescommunication01_de_ms_wfs/MapServer/WFSServer?&request=GetCapabilities&service=WFS (source 84/1467)
2025-11-30 04:12:09,799 - Scraping log - scraper.py >         <module>(): Line 751 - INFO - Running default scraper on KT_BE > https://www.geoservice.apps.be.ch/geoservice3/services/a42geo/of_biota01_de_ms_wms/MapServer/WMSServer?&request=GetCapabilities&service=WMS (source 85/1467)
2025-11-30 04:12:50,611 - Scraping log - scraper.py >         <module>(): Line 751 - INFO - Running default scraper on KT_BE > https://www.geoservice.apps.be.ch/geoservice3/services/a42geo/of_biota01_de_ms_wfs/MapServer/WFSServer?&request=GetCapabilities&service=WFS (source 86/1467)
2025-11-30 04:12:55,210 - Scraping log - scraper.py >         <module>(): Line 751 - INFO - Running default scraper on KT_BE > https://www.geoservice.apps.be.ch/geoservice3/services/a42geo/of_economy01_de_ms_wms/MapServer/WMSServer?&request=GetCapabilities&service=WMS (source 87/1467)
2025-11-30 04:13:18,105 - Scraping log - scraper.py >         <module>(): Line 751 - INFO - Running default scraper on KT_BE > https://www.geoservice.apps.be.ch/geoservice3/services/a42geo/of_economy01_de_ms_wfs/MapServer/WFSServer?&request=GetCapabilities&service=WFS (source 88/1467)
2025-11-30 04:13:21,639 - Scraping log - scraper.py >         <module>(): Line 751 - INFO - Running default scraper on KT_GL > https://wms.geo.gl.ch/?SERVICE=WMS&VERSION=1.3.0&REQUEST=GetCapabilities (source 89/1467)
2025-11-30 04:13:28,093 - Scraping log - scraper.py > get_service_info(): Line 319 - ERROR - wmspublic: 'NoneType' object has no attribute 'text'
2025-11-30 04:13:57,152 - Scraping log - scraper.py > get_service_info(): Line 319 - ERROR - grundbuchplan_bbflaechen-sw-gebaeude: HTTPSConnectionPool(host='map.geo.gl.ch', port=443): Read timed out. (read timeout=10)
2025-11-30 04:13:59,976 - Scraping log - scraper.py >         <module>(): Line 751 - INFO - Running default scraper on KT_GL > https://wfs.geo.gl.ch/?service=WFS&request=GetCapabilities (source 90/1467)
2025-11-30 04:14:25,227 - Scraping log - scraper.py >         <module>(): Line 751 - INFO - Running default scraper on KT_GR > https://wms.geo.gr.ch/admineinteilung?service=WMS&request=GetCapabilities (source 91/1467)
2025-11-30 04:15:04,172 - Scraping log - scraper.py >         <module>(): Line 751 - INFO - Running default scraper on KT_GR > https://wms.geo.gr.ch/regionen?service=WMS&request=GetCapabilities (source 92/1467)
2025-11-30 04:15:05,074 - Scraping log - scraper.py >      get_version(): Line 113 - WARNING - https://wms.geo.gr.ch/regionen?service=WMS&request=GetCapabilities: Version attribute not found
2025-11-30 04:15:05,089 - Scraping log - scraper.py > get_service_info(): Line 378 - ERROR - KT_GR > https://wms.geo.gr.ch/regionen?service=WMS&request=GetCapabilities: expected string or bytes-like object
2025-11-30 04:15:05,089 - Scraping log - scraper.py >         <module>(): Line 751 - INFO - Running default scraper on KT_GR > https://wms.geo.gr.ch/basisinfo?service=WMS&request=GetCapabilities (source 93/1467)
2025-11-30 04:15:06,924 - Scraping log - scraper.py > get_service_info(): Line 319 - ERROR - WMS_Basisinfo: msWMSLoadGetMapParams(): WMS server error. Invalid CRS given : CRS must be valid for all requested layers.
2025-11-30 04:15:07,754 - Scraping log - scraper.py > get_service_info(): Line 319 - ERROR - Fluesse_3: msWMSLoadGetMapParams(): WMS server error. Invalid CRS given : CRS must be valid for all requested layers.
2025-11-30 04:15:08,193 - Scraping log - scraper.py > get_service_info(): Line 319 - ERROR - Fluesse_2: msWMSLoadGetMapParams(): WMS server error. Invalid CRS given : CRS must be valid for all requested layers.
2025-11-30 04:15:08,635 - Scraping log - scraper.py > get_service_info(): Line 319 - ERROR - Fluesse_1: msWMSLoadGetMapParams(): WMS server error. Invalid CRS given : CRS must be valid for all requested layers.
2025-11-30 04:15:09,070 - Scraping log - scraper.py > get_service_info(): Line 319 - ERROR - Fluesse_alle: msWMSLoadGetMapParams(): WMS server error. Invalid CRS given : CRS must be valid for all requested layers.
2025-11-30 04:15:09,517 - Scraping log - scraper.py > get_service_info(): Line 319 - ERROR - Seen_3: msWMSLoadGetMapParams(): WMS server error. Invalid CRS given : CRS must be valid for all requested layers.
2025-11-30 04:15:09,957 - Scraping log - scraper.py > get_service_info(): Line 319 - ERROR - Seen_2: msWMSLoadGetMapParams(): WMS server error. Invalid CRS given : CRS must be valid for all requested layers.
2025-11-30 04:15:10,412 - Scraping log - scraper.py > get_service_info(): Line 319 - ERROR - Seen_1: msWMSLoadGetMapParams(): WMS server error. Invalid CRS given : CRS must be valid for all requested layers.
2025-11-30 04:15:10,868 - Scraping log - scraper.py > get_service_info(): Line 319 - ERROR - Seen_alle: msWMSLoadGetMapParams(): WMS server error. Invalid CRS given : CRS must be valid for all requested layers.
2025-11-30 04:15:11,307 - Scraping log - scraper.py > get_service_info(): Line 319 - ERROR - Ortschaften_3: msWMSLoadGetMapParams(): WMS server error. Invalid CRS given : CRS must be valid for all requested layers.
2025-11-30 04:15:11,747 - Scraping log - scraper.py > get_service_info(): Line 319 - ERROR - Ortschaften_2: msWMSLoadGetMapParams(): WMS server error. Invalid CRS given : CRS must be valid for all requested layers.
2025-11-30 04:15:12,181 - Scraping log - scraper.py > get_service_info(): Line 319 - ERROR - Ortschaften_1: msWMSLoadGetMapParams(): WMS server error. Invalid CRS given : CRS must be valid for all requested layers.
2025-11-30 04:15:12,620 - Scraping log - scraper.py > get_service_info(): Line 319 - ERROR - Ortschaften_alle: msWMSLoadGetMapParams(): WMS server error. Invalid CRS given : CRS must be valid for all requested layers.
2025-11-30 04:15:13,059 - Scraping log - scraper.py > get_service_info(): Line 319 - ERROR - Flurnamen: msWMSLoadGetMapParams(): WMS server error. Invalid CRS given : CRS must be valid for all requested layers.
2025-11-30 04:15:13,494 - Scraping log - scraper.py > get_service_info(): Line 319 - ERROR - Geografische_Namen: msWMSLoadGetMapParams(): WMS server error. Invalid CRS given : CRS must be valid for all requested layers.
2025-11-30 04:15:13,954 - Scraping log - scraper.py > get_service_info(): Line 319 - ERROR - Liegenschaften: msWMSLoadGetMapParams(): WMS server error. Invalid CRS given : CRS must be valid for all requested layers.
2025-11-30 04:15:14,393 - Scraping log - scraper.py > get_service_info(): Line 319 - ERROR - Grundstuecksnummer: msWMSLoadGetMapParams(): WMS server error. Invalid CRS given : CRS must be valid for all requested layers.
2025-11-30 04:15:14,393 - Scraping log - scraper.py >         <module>(): Line 751 - INFO - Running default scraper on KT_GR > https://wms.geo.gr.ch/basisplan?service=WMS&request=GetCapabilities (source 94/1467)
2025-11-30 04:15:18,720 - Scraping log - scraper.py >         <module>(): Line 751 - INFO - Running default scraper on KT_GR > https://wms.geo.gr.ch/bienenseuchen?service=WMS&request=GetCapabilities (source 95/1467)
2025-11-30 04:15:19,151 - Scraping log - scraper.py >         <module>(): Line 759 - WARNING - Scraping KT_GR > https://wms.geo.gr.ch/bienenseuchen?service=WMS&request=GetCapabilities aborted
2025-11-30 04:15:19,151 - Scraping log - scraper.py >         <module>(): Line 751 - INFO - Running default scraper on KT_GR > https://wms.geo.gr.ch/erdwaermenutzung?service=WMS&request=GetCapabilities (source 96/1467)
2025-11-30 04:15:22,410 - Scraping log - scraper.py >         <module>(): Line 751 - INFO - Running default scraper on KT_GR > https://wms.geo.gr.ch/fruchtfolgeflaechen?service=WMS&request=GetCapabilities (source 97/1467)
2025-11-30 04:15:25,519 - Scraping log - scraper.py >         <module>(): Line 751 - INFO - Running default scraper on KT_GR > https://wms.geo.gr.ch/gebaeudeinformation?service=WMS&request=GetCapabilities (source 98/1467)
2025-11-30 04:15:31,041 - Scraping log - scraper.py >         <module>(): Line 751 - INFO - Running default scraper on KT_GR > https://wms.geo.gr.ch/geologie?service=WMS&request=GetCapabilities (source 99/1467)
2025-11-30 04:16:21,161 - Scraping log - scraper.py >         <module>(): Line 751 - INFO - Running default scraper on KT_GR > https://wms.geo.gr.ch/geologische_karten?service=WMS&request=GetCapabilities (source 100/1467)
2025-11-30 04:16:30,438 - Scraping log - scraper.py >         <module>(): Line 751 - INFO - Running default scraper on KT_GR > https://wms.geo.gr.ch/hydrogeologische_karten?service=WMS&request=GetCapabilities (source 101/1467)
2025-11-30 04:16:42,332 - Scraping log - scraper.py >         <module>(): Line 751 - INFO - Running default scraper on KT_GR > https://wms.geo.gr.ch/jagdkarte?service=WMS&request=GetCapabilities (source 102/1467)
2025-11-30 04:16:50,175 - Scraping log - scraper.py >         <module>(): Line 751 - INFO - Running default scraper on KT_GR > https://wms.geo.gr.ch/kantonalesstrassennetz?service=WMS&request=GetCapabilities (source 103/1467)
2025-11-30 04:16:57,737 - Scraping log - scraper.py >         <module>(): Line 751 - INFO - Running default scraper on KT_GR > https://wms.geo.gr.ch/kstn_strassenentwaesserung?service=WMS&request=GetCapabilities (source 104/1467)
2025-11-30 04:17:11,676 - Scraping log - scraper.py >         <module>(): Line 751 - INFO - Running default scraper on KT_GR > https://wms.geo.gr.ch/lw_bewirtschaftung?service=WMS&request=GetCapabilities (source 105/1467)
2025-11-30 04:17:37,838 - Scraping log - scraper.py >         <module>(): Line 751 - INFO - Running default scraper on KT_GR > https://wms.geo.gr.ch/langsamverkehr?service=WMS&request=GetCapabilities (source 106/1467)
2025-11-30 04:17:58,628 - Scraping log - scraper.py >         <module>(): Line 751 - INFO - Running default scraper on KT_GR > https://wms.geo.gr.ch/verbauungen?service=WMS&request=GetCapabilities (source 107/1467)
2025-11-30 04:18:14,651 - Scraping log - scraper.py >         <module>(): Line 751 - INFO - Running default scraper on KT_GR > https://wms.geo.gr.ch/naturgefahrenkarte?service=WMS&request=GetCapabilities (source 108/1467)
2025-11-30 04:18:48,870 - Scraping log - scraper.py >         <module>(): Line 751 - INFO - Running default scraper on KT_GR > https://wms.geo.gr.ch/nutzungsplanung?service=WMS&request=GetCapabilities (source 109/1467)
2025-11-30 04:19:13,422 - Scraping log - scraper.py >         <module>(): Line 751 - INFO - Running default scraper on KT_GR > https://wms.geo.gr.ch/nutzungsplanung_kommunal?service=WMS&request=GetCapabilities (source 110/1467)
2025-11-30 04:19:49,223 - Scraping log - scraper.py >         <module>(): Line 751 - INFO - Running default scraper on KT_GR > https://wms.geo.gr.ch/nutzungsplanungsstand?service=WMS&request=GetCapabilities (source 111/1467)
2025-11-30 04:19:53,279 - Scraping log - scraper.py >         <module>(): Line 751 - INFO - Running default scraper on KT_GR > https://wms.geo.gr.ch/oberflaechengewaesser?service=WMS&request=GetCapabilities (source 112/1467)
2025-11-30 04:20:08,113 - Scraping log - scraper.py >         <module>(): Line 751 - INFO - Running default scraper on KT_GR > https://wms.geo.gr.ch/pflanzen_pilzschutzgebiete?service=WMS&request=GetCapabilities (source 113/1467)
2025-11-30 04:20:11,243 - Scraping log - scraper.py >         <module>(): Line 751 - INFO - Running default scraper on KT_GR > https://wms.geo.gr.ch/risikokataster?service=WMS&request=GetCapabilities (source 114/1467)
2025-11-30 04:20:20,017 - Scraping log - scraper.py >         <module>(): Line 751 - INFO - Running default scraper on KT_GR > https://wms.geo.gr.ch/strassenlaermkataster?service=WMS&request=GetCapabilities (source 115/1467)
2025-11-30 04:20:27,983 - Scraping log - scraper.py >         <module>(): Line 751 - INFO - Running default scraper on KT_GR > https://wms.geo.gr.ch/strassenlaermsanierungen?service=WMS&request=GetCapabilities (source 116/1467)
2025-11-30 04:20:35,694 - Scraping log - scraper.py >         <module>(): Line 751 - INFO - Running default scraper on KT_GR > https://wms.geo.gr.ch/tektonische_karten?service=WMS&request=GetCapabilities (source 117/1467)
2025-11-30 04:20:59,744 - Scraping log - scraper.py >         <module>(): Line 751 - INFO - Running default scraper on KT_GR > https://wms.geo.gr.ch/verkehrsmodell?service=WMS&request=GetCapabilities (source 118/1467)
2025-11-30 04:21:04,026 - Scraping log - scraper.py >         <module>(): Line 751 - INFO - Running default scraper on KT_GR > https://wms.geo.gr.ch/walderschliessung?service=WMS&request=GetCapabilities (source 119/1467)
2025-11-30 04:21:12,150 - Scraping log - scraper.py >         <module>(): Line 751 - INFO - Running default scraper on KT_GR > https://wms.geo.gr.ch/bauzonen_graubuenden?service=WMS&request=GetCapabilities (source 120/1467)
2025-11-30 04:21:14,763 - Scraping log - scraper.py >         <module>(): Line 751 - INFO - Running default scraper on KT_GR > https://wms.geo.gr.ch/belastetestandorte?service=WMS&request=GetCapabilities (source 121/1467)
2025-11-30 04:21:17,304 - Scraping log - scraper.py >         <module>(): Line 751 - INFO - Running default scraper on KT_GR > https://wms.geo.gr.ch/gewaesserschutz?service=WMS&request=GetCapabilities (source 122/1467)
2025-11-30 04:21:23,776 - Scraping log - scraper.py >         <module>(): Line 751 - INFO - Running default scraper on KT_GR > https://wms.geo.gr.ch/grundwasser?service=WMS&request=GetCapabilities (source 123/1467)
2025-11-30 04:21:31,927 - Scraping log - scraper.py >         <module>(): Line 751 - INFO - Running default scraper on KT_GR > https://wms.geo.gr.ch/historischekarten?service=WMS&request=GetCapabilities (source 124/1467)
2025-11-30 04:21:41,183 - Scraping log - scraper.py >         <module>(): Line 751 - INFO - Running default scraper on KT_GR > https://wms.geo.gr.ch/naturgefahren_erfassungsbereiche?service=WMS&request=GetCapabilities (source 125/1467)
2025-11-30 04:21:45,817 - Scraping log - scraper.py >         <module>(): Line 751 - INFO - Running default scraper on KT_GR > https://wms.geo.gr.ch/naturschutz?service=WMS&request=GetCapabilities (source 126/1467)
2025-11-30 04:21:56,772 - Scraping log - scraper.py >         <module>(): Line 751 - INFO - Running default scraper on KT_GR > https://wms.geo.gr.ch/rrip_bregaglia?service=WMS&request=GetCapabilities (source 127/1467)
2025-11-30 04:22:30,141 - Scraping log - scraper.py >         <module>(): Line 751 - INFO - Running default scraper on KT_GR > https://wms.geo.gr.ch/rrip_davos?service=WMS&request=GetCapabilities (source 128/1467)
2025-11-30 04:23:25,927 - Scraping log - scraper.py >         <module>(): Line 751 - INFO - Running default scraper on KT_GR > https://wms.geo.gr.ch/rrip_mesolcina?service=WMS&request=GetCapabilities (source 129/1467)
2025-11-30 04:23:44,917 - Scraping log - scraper.py >         <module>(): Line 751 - INFO - Running default scraper on KT_GR > https://wms.geo.gr.ch/rrip_mittelbuenden?service=WMS&request=GetCapabilities (source 130/1467)
2025-11-30 04:24:08,508 - Scraping log - scraper.py >         <module>(): Line 751 - INFO - Running default scraper on KT_GR > https://wms.geo.gr.ch/rrip_nordbuenden?service=WMS&request=GetCapabilities (source 131/1467)
2025-11-30 04:25:13,765 - Scraping log - scraper.py >         <module>(): Line 751 - INFO - Running default scraper on KT_GR > https://wms.geo.gr.ch/rrip_oberengadin?service=WMS&request=GetCapabilities (source 132/1467)
2025-11-30 04:26:23,898 - Scraping log - scraper.py >         <module>(): Line 751 - INFO - Running default scraper on KT_GR > https://wms.geo.gr.ch/rrip_praettigau?service=WMS&request=GetCapabilities (source 133/1467)
2025-11-30 04:26:47,575 - Scraping log - scraper.py >         <module>(): Line 751 - INFO - Running default scraper on KT_GR > https://wms.geo.gr.ch/rrip_unterengadin?service=WMS&request=GetCapabilities (source 134/1467)
2025-11-30 04:27:22,952 - Scraping log - scraper.py >         <module>(): Line 751 - INFO - Running default scraper on KT_GR > https://wms.geo.gr.ch/rrip_regioviamala?service=WMS&request=GetCapabilities (source 135/1467)
2025-11-30 04:27:42,299 - Scraping log - scraper.py >         <module>(): Line 751 - INFO - Running default scraper on KT_GR > https://wms.geo.gr.ch/regionen?service=WMS&request=GetCapabilities (source 136/1467)
2025-11-30 04:27:43,202 - Scraping log - scraper.py >      get_version(): Line 113 - WARNING - https://wms.geo.gr.ch/regionen?service=WMS&request=GetCapabilities: Version attribute not found
2025-11-30 04:27:43,203 - Scraping log - scraper.py > get_service_info(): Line 378 - ERROR - KT_GR > https://wms.geo.gr.ch/regionen?service=WMS&request=GetCapabilities: expected string or bytes-like object
2025-11-30 04:27:43,203 - Scraping log - scraper.py >         <module>(): Line 751 - INFO - Running default scraper on KT_GR > https://wms.geo.gr.ch/schutzwald?service=WMS&request=GetCapabilities (source 137/1467)
2025-11-30 04:27:47,688 - Scraping log - scraper.py >         <module>(): Line 751 - INFO - Running default scraper on KT_GR > https://wms.geo.gr.ch/seilbahnen?service=WMS&request=GetCapabilities (source 138/1467)
2025-11-30 04:27:51,660 - Scraping log - scraper.py >         <module>(): Line 751 - INFO - Running default scraper on KT_GR > https://wms.geo.gr.ch/amtlichevermessung_stand?service=WMS&request=GetCapabilities (source 139/1467)
2025-11-30 04:28:08,556 - Scraping log - scraper.py >         <module>(): Line 751 - INFO - Running default scraper on KT_GR > https://wms.geo.gr.ch/amtlichevermessung?service=WMS&request=GetCapabilities (source 140/1467)
2025-11-30 04:28:09,008 - Scraping log - scraper.py >         <module>(): Line 759 - WARNING - Scraping KT_GR > https://wms.geo.gr.ch/amtlichevermessung?service=WMS&request=GetCapabilities aborted
2025-11-30 04:28:09,008 - Scraping log - scraper.py >         <module>(): Line 751 - INFO - Running default scraper on KT_GR > https://wms.geo.gr.ch/waldentwicklungsplan?service=WMS&request=GetCapabilities (source 141/1467)
2025-11-30 04:28:22,262 - Scraping log - scraper.py >         <module>(): Line 751 - INFO - Running default scraper on KT_GR > https://wms.geo.gr.ch/wildruhezonen?service=WMS&request=GetCapabilities (source 142/1467)
2025-11-30 04:28:27,756 - Scraping log - scraper.py >         <module>(): Line 751 - INFO - Running default scraper on KT_GR > https://wms.geo.gr.ch/wildschutzgebiete?service=WMS&request=GetCapabilities (source 143/1467)
2025-11-30 04:28:36,327 - Scraping log - scraper.py >         <module>(): Line 751 - INFO - Running default scraper on KT_GR > https://wms.geo.gr.ch/richtplan?service=WMS&request=GetCapabilities (source 144/1467)
2025-11-30 04:29:20,067 - Scraping log - scraper.py >         <module>(): Line 751 - INFO - Running default scraper on KT_GR > https://wms.geo.gr.ch/uebersichtsplan?service=WMS&request=GetCapabilities (source 145/1467)
2025-11-30 04:29:20,495 - Scraping log - scraper.py >         <module>(): Line 759 - WARNING - Scraping KT_GR > https://wms.geo.gr.ch/uebersichtsplan?service=WMS&request=GetCapabilities aborted
2025-11-30 04:29:20,495 - Scraping log - scraper.py >         <module>(): Line 751 - INFO - Running default scraper on KT_GR > https://wfs.geo.gr.ch/regionen?service=WFS&request=GetCapabilities (source 146/1467)
2025-11-30 04:29:24,964 - Scraping log - scraper.py >         <module>(): Line 751 - INFO - Running default scraper on KT_GR > https://wfs.geo.gr.ch/amtlichevermessung?service=WFS&request=GetCapabilities (source 147/1467)
2025-11-30 04:29:25,401 - Scraping log - scraper.py >         <module>(): Line 759 - WARNING - Scraping KT_GR > https://wfs.geo.gr.ch/amtlichevermessung?service=WFS&request=GetCapabilities aborted
2025-11-30 04:29:25,401 - Scraping log - scraper.py >         <module>(): Line 751 - INFO - Running default scraper on KT_GR > https://wfs.geo.gr.ch/erdwaermenutzung?service=WFS&request=GetCapabilities (source 148/1467)
2025-11-30 04:29:27,779 - Scraping log - scraper.py >         <module>(): Line 751 - INFO - Running default scraper on KT_GR > https://wfs.geo.gr.ch/gewaesserschutz?service=WFS&request=GetCapabilities (source 149/1467)
2025-11-30 04:29:30,758 - Scraping log - scraper.py >         <module>(): Line 751 - INFO - Running default scraper on KT_GR > https://wfs.geo.gr.ch/grundwasser?service=WFS&request=GetCapabilities (source 150/1467)
2025-11-30 04:29:34,462 - Scraping log - scraper.py >         <module>(): Line 751 - INFO - Running default scraper on KT_GR > https://wfs.geo.gr.ch/jagdkarte?service=WFS&request=GetCapabilities (source 151/1467)
2025-11-30 04:29:36,960 - Scraping log - scraper.py >         <module>(): Line 751 - INFO - Running default scraper on KT_GR > https://wfs.geo.gr.ch/belastetestandorte?service=WFS&request=GetCapabilities (source 152/1467)
2025-11-30 04:29:39,261 - Scraping log - scraper.py >         <module>(): Line 751 - INFO - Running default scraper on KT_GR > https://wfs.geo.gr.ch/lw_bewirtschaftung?service=WFS&request=GetCapabilities (source 153/1467)
2025-11-30 04:29:44,596 - Scraping log - scraper.py >         <module>(): Line 751 - INFO - Running default scraper on KT_GR > https://wfs.geo.gr.ch/langsamverkehr?service=WFS&request=GetCapabilities (source 154/1467)
2025-11-30 04:29:50,575 - Scraping log - scraper.py >         <module>(): Line 751 - INFO - Running default scraper on KT_GR > https://wfs.geo.gr.ch/naturschutz?service=WFS&request=GetCapabilities (source 155/1467)
2025-11-30 04:29:56,003 - Scraping log - scraper.py >         <module>(): Line 751 - INFO - Running default scraper on KT_GR > https://wfs.geo.gr.ch/naturgefahren_erfassungsbereiche?service=WFS&request=GetCapabilities (source 156/1467)
2025-11-30 04:29:58,381 - Scraping log - scraper.py >         <module>(): Line 751 - INFO - Running default scraper on KT_GR > https://wfs.geo.gr.ch/waldentwicklungsplan?service=WFS&request=GetCapabilities (source 157/1467)
2025-11-30 04:30:08,077 - Scraping log - scraper.py >         <module>(): Line 751 - INFO - Running default scraper on KT_GR > https://wfs.geo.gr.ch/wildruhezonen?service=WFS&request=GetCapabilities (source 158/1467)
2025-11-30 04:30:10,780 - Scraping log - scraper.py >         <module>(): Line 751 - INFO - Running default scraper on KT_GR > https://wfs.geo.gr.ch/wildschutzgebiete?service=WFS&request=GetCapabilities (source 159/1467)
2025-11-30 04:30:13,945 - Scraping log - scraper.py >         <module>(): Line 751 - INFO - Running default scraper on KT_JU > https://geo.jura.ch/mapserv_proxy?ogcserver=Main_PNG&SERVICE=WFS&VERSION=1.1.1&REQUEST=GetCapabilities (source 160/1467)
2025-11-30 04:31:21,238 - Scraping log - scraper.py >         <module>(): Line 751 - INFO - Running default scraper on KT_JU > https://geo.jura.ch/tiles/1.0.0/WMTSCapabilities.xml (source 161/1467)
2025-11-30 04:31:26,650 - Scraping log - scraper.py >         <module>(): Line 751 - INFO - Running default scraper on KT_JU > https://geo.jura.ch/mapserv_proxy?ogcserver=Main_PNG&SERVICE=WMS&VERSION=1.3.0&REQUEST=GetCapabilities (source 162/1467)
2025-11-30 04:31:37,065 - Scraping log - scraper.py > get_service_info(): Line 316 - WARNING - Geoportail Jura: GetMap request is blocked for this layer
2025-11-30 04:32:26,013 - Scraping log - scraper.py > get_service_info(): Line 316 - WARNING - swisstopo_11_02_cn10: GetMap request is blocked for this layer
2025-11-30 04:32:30,112 - Scraping log - scraper.py > get_service_info(): Line 316 - WARNING - swisstopo_11_02_cn10_gris: GetMap request is blocked for this layer
2025-11-30 04:32:34,395 - Scraping log - scraper.py > get_service_info(): Line 316 - WARNING - sdt_17_01_points_interets_administration_interrogation: GetMap request is blocked for this layer
2025-11-30 04:32:35,086 - Scraping log - scraper.py > get_service_info(): Line 316 - WARNING - sdt_17_01_points_interets_administration_cantonal_cluster: GetMap request is blocked for this layer
2025-11-30 04:32:35,711 - Scraping log - scraper.py > get_service_info(): Line 316 - WARNING - sdt_17_01_points_interets_administration_communale_cluster: GetMap request is blocked for this layer
2025-11-30 04:32:36,336 - Scraping log - scraper.py > get_service_info(): Line 316 - WARNING - sdt_17_01_points_interets_administration_point: GetMap request is blocked for this layer
2025-11-30 04:32:36,975 - Scraping log - scraper.py > get_service_info(): Line 316 - WARNING - sdt_17_01_points_interets_ecoles_interrogation: GetMap request is blocked for this layer
2025-11-30 04:32:37,609 - Scraping log - scraper.py > get_service_info(): Line 316 - WARNING - sdt_17_01_points_interets_ecoles_primaire_cluster: GetMap request is blocked for this layer
2025-11-30 04:32:38,234 - Scraping log - scraper.py > get_service_info(): Line 316 - WARNING - sdt_17_01_points_interets_ecoles_secondaire_cluster: GetMap request is blocked for this layer
2025-11-30 04:32:38,867 - Scraping log - scraper.py > get_service_info(): Line 316 - WARNING - sdt_17_01_points_interets_autre_ecoles_cluster: GetMap request is blocked for this layer
2025-11-30 04:32:39,524 - Scraping log - scraper.py > get_service_info(): Line 316 - WARNING - sdt_17_01_points_interets_ecoles_point: GetMap request is blocked for this layer
2025-11-30 04:32:40,137 - Scraping log - scraper.py > get_service_info(): Line 316 - WARNING - ssa_19_04_centre_hospitalier_interrogation: GetMap request is blocked for this layer
2025-11-30 04:32:40,752 - Scraping log - scraper.py > get_service_info(): Line 316 - WARNING - ssa_19_04_centre_hospitalier_maison_naissance_cluster: GetMap request is blocked for this layer
2025-11-30 04:32:41,382 - Scraping log - scraper.py > get_service_info(): Line 316 - WARNING - ssa_19_04_centre_hospitalier_centre_rencontre_cluster: GetMap request is blocked for this layer
2025-11-30 04:32:41,994 - Scraping log - scraper.py > get_service_info(): Line 316 - WARNING - ssa_19_04_centre_hospitalier_appartements_proteges_cluster: GetMap request is blocked for this layer
2025-11-30 04:32:42,604 - Scraping log - scraper.py > get_service_info(): Line 316 - WARNING - ssa_19_04_centre_hospitalier_centre_medico_psychologique_cluster: GetMap request is blocked for this layer
2025-11-30 04:32:43,235 - Scraping log - scraper.py > get_service_info(): Line 316 - WARNING - ssa_19_04_centre_hospitalier_home_cluster: GetMap request is blocked for this layer
2025-11-30 04:32:43,976 - Scraping log - scraper.py > get_service_info(): Line 316 - WARNING - ssa_19_04_centre_hospitalier_hopital_cluster: GetMap request is blocked for this layer
2025-11-30 04:32:44,596 - Scraping log - scraper.py > get_service_info(): Line 316 - WARNING - ssa_19_04_centre_hospitalier_point: GetMap request is blocked for this layer
2025-11-30 04:32:45,245 - Scraping log - scraper.py > get_service_info(): Line 316 - WARNING - sdt_17_01_points_interets_service_urgence_interrogation: GetMap request is blocked for this layer
2025-11-30 04:32:46,066 - Scraping log - scraper.py > get_service_info(): Line 316 - WARNING - sdt_17_01_points_interets_service_urgence_police_cluster: GetMap request is blocked for this layer
2025-11-30 04:32:46,890 - Scraping log - scraper.py > get_service_info(): Line 316 - WARNING - sdt_17_01_points_interets_service_urgence_point: GetMap request is blocked for this layer
2025-11-30 04:32:47,506 - Scraping log - scraper.py > get_service_info(): Line 316 - WARNING - rea_19_03_defibrillateurs_interrogation: GetMap request is blocked for this layer
2025-11-30 04:32:48,120 - Scraping log - scraper.py > get_service_info(): Line 316 - WARNING - rea_19_03_defibrillateurs_cluster: GetMap request is blocked for this layer
2025-11-30 04:32:48,731 - Scraping log - scraper.py > get_service_info(): Line 316 - WARNING - sdt_17_01_points_interets_acces_handicap_stationnement_interrogation: GetMap request is blocked for this layer
2025-11-30 04:32:49,338 - Scraping log - scraper.py > get_service_info(): Line 316 - WARNING - sdt_17_01_points_interets_acces_handicap_stationnement_cluster: GetMap request is blocked for this layer
2025-11-30 04:32:49,977 - Scraping log - scraper.py > get_service_info(): Line 316 - WARNING - sdt_17_01_points_interets_acces_handicap_stationnement_point: GetMap request is blocked for this layer
2025-11-30 04:32:50,608 - Scraping log - scraper.py > get_service_info(): Line 316 - WARNING - sdt_17_01_points_interets_acces_handicap_wc_accessible_interrogation: GetMap request is blocked for this layer
2025-11-30 04:32:51,222 - Scraping log - scraper.py > get_service_info(): Line 316 - WARNING - sdt_17_01_points_interets_acces_handicap_wc_accessible_cluster: GetMap request is blocked for this layer
2025-11-30 04:32:51,853 - Scraping log - scraper.py > get_service_info(): Line 316 - WARNING - sdt_17_01_points_interets_acces_handicap_wc_accessible_point: GetMap request is blocked for this layer
2025-11-30 04:32:52,482 - Scraping log - scraper.py > get_service_info(): Line 316 - WARNING - sdt_17_01_points_interets_acces_handicap_wc_accessible_partiellement_interrogation: GetMap request is blocked for this layer
2025-11-30 04:32:53,082 - Scraping log - scraper.py > get_service_info(): Line 316 - WARNING - sdt_17_01_points_interets_acces_handicap_wc_accessible_partiellement_cluster: GetMap request is blocked for this layer
2025-11-30 04:32:53,700 - Scraping log - scraper.py > get_service_info(): Line 316 - WARNING - sdt_17_01_points_interets_acces_handicap_wc_accessible_partiellement_point: GetMap request is blocked for this layer
2025-11-30 04:32:54,320 - Scraping log - scraper.py > get_service_info(): Line 316 - WARNING - sdt_17_01_points_interets_acces_handicap_wc_non_accessible_interrogation: GetMap request is blocked for this layer
2025-11-30 04:32:54,945 - Scraping log - scraper.py > get_service_info(): Line 316 - WARNING - sdt_17_01_points_interets_acces_handicap_wc_non_accessible_cluster: GetMap request is blocked for this layer
2025-11-30 04:32:55,561 - Scraping log - scraper.py > get_service_info(): Line 316 - WARNING - sdt_17_01_points_interets_acces_handicap_wc_non_accessible_point: GetMap request is blocked for this layer
2025-11-30 04:32:56,171 - Scraping log - scraper.py > get_service_info(): Line 316 - WARNING - sdt_17_01_points_interets_acces_handicap_boucle_magnetique_interrogation: GetMap request is blocked for this layer
2025-11-30 04:32:56,798 - Scraping log - scraper.py > get_service_info(): Line 316 - WARNING - sdt_17_01_points_interets_acces_handicap_boucle_magnetique_cluster: GetMap request is blocked for this layer
2025-11-30 04:32:57,432 - Scraping log - scraper.py > get_service_info(): Line 316 - WARNING - sdt_17_01_points_interets_acces_handicap_boucle_magnetique_point: GetMap request is blocked for this layer
2025-11-30 04:32:58,382 - Scraping log - scraper.py > get_service_info(): Line 316 - WARNING - sdt_17_01_points_interets_acces_handicap_langues_signes_interrogation: GetMap request is blocked for this layer
2025-11-30 04:32:59,014 - Scraping log - scraper.py > get_service_info(): Line 316 - WARNING - sdt_17_01_points_interets_acces_handicap_langues_signes_cluster: GetMap request is blocked for this layer
2025-11-30 04:32:59,636 - Scraping log - scraper.py > get_service_info(): Line 316 - WARNING - sdt_17_01_points_interets_acces_handicap_langues_signes_point: GetMap request is blocked for this layer
2025-11-30 04:33:00,261 - Scraping log - scraper.py > get_service_info(): Line 316 - WARNING - sdt_17_01_points_interets_acces_handicap_accessible_interrogation: GetMap request is blocked for this layer
2025-11-30 04:33:00,897 - Scraping log - scraper.py > get_service_info(): Line 316 - WARNING - sdt_17_01_points_interets_acces_handicap_accessible_cluster: GetMap request is blocked for this layer
2025-11-30 04:33:01,511 - Scraping log - scraper.py > get_service_info(): Line 316 - WARNING - sdt_17_01_points_interets_acces_handicap_accessible_point: GetMap request is blocked for this layer
2025-11-30 04:33:02,124 - Scraping log - scraper.py > get_service_info(): Line 316 - WARNING - sdt_17_01_points_interets_acces_handicap_accessible_partiellement_interrogation: GetMap request is blocked for this layer
2025-11-30 04:33:02,736 - Scraping log - scraper.py > get_service_info(): Line 316 - WARNING - sdt_17_01_points_interets_acces_handicap_accessible_partiellement_cluster: GetMap request is blocked for this layer
2025-11-30 04:33:03,356 - Scraping log - scraper.py > get_service_info(): Line 316 - WARNING - sdt_17_01_points_interets_acces_handicap_accessible_partiellement_point: GetMap request is blocked for this layer
2025-11-30 04:33:04,000 - Scraping log - scraper.py > get_service_info(): Line 316 - WARNING - sdt_17_01_points_interets_acces_handicap_non_accessible_interrogation: GetMap request is blocked for this layer
2025-11-30 04:33:04,643 - Scraping log - scraper.py > get_service_info(): Line 316 - WARNING - sdt_17_01_points_interets_acces_handicap_non_accessible_cluster: GetMap request is blocked for this layer
2025-11-30 04:33:05,251 - Scraping log - scraper.py > get_service_info(): Line 316 - WARNING - sdt_17_01_points_interets_acces_handicap_non_accessible_point: GetMap request is blocked for this layer
2025-11-30 04:33:05,856 - Scraping log - scraper.py > get_service_info(): Line 316 - WARNING - sdt_10_11_mnt_2022_courbes_niveaux_100_4: GetMap request is blocked for this layer
2025-11-30 04:33:06,483 - Scraping log - scraper.py > get_service_info(): Line 316 - WARNING - sdt_10_11_mnt_2022_courbes_niveaux_100_3: GetMap request is blocked for this layer
2025-11-30 04:33:07,109 - Scraping log - scraper.py > get_service_info(): Line 316 - WARNING - sdt_10_11_mnt_2022_courbes_niveaux_100_2: GetMap request is blocked for this layer
2025-11-30 04:33:07,735 - Scraping log - scraper.py > get_service_info(): Line 316 - WARNING - sdt_10_11_mnt_2022_courbes_niveaux_100_1: GetMap request is blocked for this layer
2025-11-30 04:33:08,380 - Scraping log - scraper.py > get_service_info(): Line 316 - WARNING - sdt_10_11_mnt_2022_courbes_niveaux_100_0: GetMap request is blocked for this layer
2025-11-30 04:33:08,994 - Scraping log - scraper.py > get_service_info(): Line 316 - WARNING - sdt_10_11_mnt_2022_courbes_niveaux_10_3: GetMap request is blocked for this layer
2025-11-30 04:33:09,636 - Scraping log - scraper.py > get_service_info(): Line 316 - WARNING - sdt_10_11_mnt_2022_courbes_niveaux_10_2: GetMap request is blocked for this layer
2025-11-30 04:33:10,268 - Scraping log - scraper.py > get_service_info(): Line 316 - WARNING - sdt_10_11_mnt_2022_courbes_niveaux_10_1: GetMap request is blocked for this layer
2025-11-30 04:33:10,907 - Scraping log - scraper.py > get_service_info(): Line 316 - WARNING - sdt_10_11_mnt_2022_courbes_niveaux_10_0: GetMap request is blocked for this layer
2025-11-30 04:33:11,554 - Scraping log - scraper.py > get_service_info(): Line 316 - WARNING - sdt_10_11_mnt_2022_courbes_niveaux_5_2: GetMap request is blocked for this layer
2025-11-30 04:33:12,183 - Scraping log - scraper.py > get_service_info(): Line 316 - WARNING - sdt_10_11_mnt_2022_courbes_niveaux_5_1: GetMap request is blocked for this layer
2025-11-30 04:33:12,804 - Scraping log - scraper.py > get_service_info(): Line 316 - WARNING - sdt_10_11_mnt_2022_courbes_niveaux_5_0: GetMap request is blocked for this layer
2025-11-30 04:33:13,428 - Scraping log - scraper.py > get_service_info(): Line 316 - WARNING - sdt_10_11_mnt_2022_courbes_niveaux_1_1: GetMap request is blocked for this layer
2025-11-30 04:33:14,055 - Scraping log - scraper.py > get_service_info(): Line 316 - WARNING - sdt_10_11_mnt_2022_courbes_niveaux_1_0: GetMap request is blocked for this layer
2025-11-30 04:33:17,962 - Scraping log - scraper.py > get_service_info(): Line 316 - WARNING - rayonnement_solaire_050: GetMap request is blocked for this layer
2025-11-30 04:33:18,565 - Scraping log - scraper.py > get_service_info(): Line 316 - WARNING - rayonnement_solaire_cache: GetMap request is blocked for this layer
2025-11-30 04:33:19,179 - Scraping log - scraper.py > get_service_info(): Line 316 - WARNING - sdt_10_15_relief_terrain_mnt_ameliore_2022_025: GetMap request is blocked for this layer
2025-11-30 04:33:25,957 - Scraping log - scraper.py > get_service_info(): Line 316 - WARNING - sdt_10_15_relief_surface_mns_2022_025: GetMap request is blocked for this layer
2025-11-30 04:33:28,268 - Scraping log - scraper.py > get_service_info(): Line 316 - WARNING - sdt_10_15_relief_terrain_mnt_2022_025: GetMap request is blocked for this layer
2025-11-30 04:33:33,269 - Scraping log - scraper.py > get_service_info(): Line 316 - WARNING - sdt_02_01_zones_geometrie_normal_recours: GetMap request is blocked for this layer
2025-11-30 04:33:33,888 - Scraping log - scraper.py > get_service_info(): Line 316 - WARNING - sdt_02_01_zones_geometrie_simplifier_1_recours: GetMap request is blocked for this layer
2025-11-30 04:33:34,501 - Scraping log - scraper.py > get_service_info(): Line 316 - WARNING - sdt_02_01_zones_geometrie_simplifier_2_recours: GetMap request is blocked for this layer
2025-11-30 04:33:35,127 - Scraping log - scraper.py > get_service_info(): Line 316 - WARNING - sdt_02_01_zones_geometrie_normal: GetMap request is blocked for this layer
2025-11-30 04:33:35,741 - Scraping log - scraper.py > get_service_info(): Line 316 - WARNING - sdt_02_01_zones_geometrie_simplifier_1: GetMap request is blocked for this layer
2025-11-30 04:33:36,376 - Scraping log - scraper.py > get_service_info(): Line 316 - WARNING - sdt_02_01_zones_geometrie_simplifier_2: GetMap request is blocked for this layer
2025-11-30 04:33:36,991 - Scraping log - scraper.py > get_service_info(): Line 316 - WARNING - sdt_02_01_lien_rcc: GetMap request is blocked for this layer
2025-11-30 04:33:37,619 - Scraping log - scraper.py > get_service_info(): Line 316 - WARNING - sdt_02_01_plans_speciaux_surface_normal: GetMap request is blocked for this layer
2025-11-30 04:33:38,244 - Scraping log - scraper.py > get_service_info(): Line 316 - WARNING - sdt_02_01_plans_speciaux_surface_simplifier: GetMap request is blocked for this layer
2025-11-30 04:33:38,858 - Scraping log - scraper.py > get_service_info(): Line 316 - WARNING - sdt_06_05_perimetre_reserve_aux_eaux: GetMap request is blocked for this layer
2025-11-30 04:33:39,492 - Scraping log - scraper.py > get_service_info(): Line 316 - WARNING - sdt_06_05_perimetre_reserve_aux_eaux_simplifier: GetMap request is blocked for this layer
2025-11-30 04:33:40,127 - Scraping log - scraper.py > get_service_info(): Line 316 - WARNING - sdt_02_01_perimetres_particuliers_interrogation: GetMap request is blocked for this layer
2025-11-30 04:33:40,742 - Scraping log - scraper.py > get_service_info(): Line 316 - WARNING - sdt_02_01_perimetres_particuliers_interrogation_simplifier: GetMap request is blocked for this layer
2025-11-30 04:33:41,360 - Scraping log - scraper.py > get_service_info(): Line 316 - WARNING - sdt_02_01_perimetres_particuliers_pdn_label: GetMap request is blocked for this layer
2025-11-30 04:33:41,984 - Scraping log - scraper.py > get_service_info(): Line 316 - WARNING - sdt_02_01_perimetres_particuliers_pdn_1_01: GetMap request is blocked for this layer
2025-11-30 04:33:42,601 - Scraping log - scraper.py > get_service_info(): Line 316 - WARNING - sdt_02_01_perimetres_particuliers_pdn_2_01: GetMap request is blocked for this layer
2025-11-30 04:33:43,238 - Scraping log - scraper.py > get_service_info(): Line 316 - WARNING - sdt_02_01_perimetres_particuliers_ph: GetMap request is blocked for this layer
2025-11-30 04:33:43,887 - Scraping log - scraper.py > get_service_info(): Line 316 - WARNING - sdt_02_01_perimetres_particuliers_ph_simplifier: GetMap request is blocked for this layer
2025-11-30 04:33:44,520 - Scraping log - scraper.py > get_service_info(): Line 316 - WARNING - sdt_02_01_perimetres_particuliers_pnn: GetMap request is blocked for this layer
2025-11-30 04:33:45,136 - Scraping log - scraper.py > get_service_info(): Line 316 - WARNING - sdt_02_01_perimetres_particuliers_pnn_simplifier: GetMap request is blocked for this layer
2025-11-30 04:33:45,772 - Scraping log - scraper.py > get_service_info(): Line 316 - WARNING - sdt_02_01_perimetres_particuliers_pn: GetMap request is blocked for this layer
2025-11-30 04:33:46,411 - Scraping log - scraper.py > get_service_info(): Line 316 - WARNING - sdt_02_01_perimetres_particuliers_pn_simplifier: GetMap request is blocked for this layer
2025-11-30 04:33:47,020 - Scraping log - scraper.py > get_service_info(): Line 316 - WARNING - sdt_02_01_perimetres_particuliers_pp: GetMap request is blocked for this layer
2025-11-30 04:33:47,634 - Scraping log - scraper.py > get_service_info(): Line 316 - WARNING - sdt_02_01_perimetres_particuliers_pp_simplifier: GetMap request is blocked for this layer
2025-11-30 04:33:48,263 - Scraping log - scraper.py > get_service_info(): Line 316 - WARNING - sdt_02_01_perimetres_particuliers_pv: GetMap request is blocked for this layer
2025-11-30 04:33:48,888 - Scraping log - scraper.py > get_service_info(): Line 316 - WARNING - sdt_02_01_perimetres_particuliers_pv_simplifier: GetMap request is blocked for this layer
2025-11-30 04:33:49,567 - Scraping log - scraper.py > get_service_info(): Line 316 - WARNING - sdt_02_01_perimetres_particuliers_pa_label: GetMap request is blocked for this layer
2025-11-30 04:33:50,187 - Scraping log - scraper.py > get_service_info(): Line 316 - WARNING - sdt_02_01_perimetres_particuliers_pa_1: GetMap request is blocked for this layer
2025-11-30 04:33:50,826 - Scraping log - scraper.py > get_service_info(): Line 316 - WARNING - sdt_02_01_perimetres_particuliers_pa_2: GetMap request is blocked for this layer
2025-11-30 04:33:51,442 - Scraping log - scraper.py > get_service_info(): Line 316 - WARNING - sdt_02_01_patrimoine_bati_ligne_interrogation: GetMap request is blocked for this layer
2025-11-30 04:33:52,067 - Scraping log - scraper.py > get_service_info(): Line 316 - WARNING - sdt_02_01_patrimoine_bati_ligne_1: GetMap request is blocked for this layer
2025-11-30 04:33:52,705 - Scraping log - scraper.py > get_service_info(): Line 316 - WARNING - sdt_02_01_patrimoine_bati_point_interrogation: GetMap request is blocked for this layer
2025-11-30 04:33:53,318 - Scraping log - scraper.py > get_service_info(): Line 316 - WARNING - sdt_02_01_patrimoine_bati_point_1: GetMap request is blocked for this layer
2025-11-30 04:33:53,948 - Scraping log - scraper.py > get_service_info(): Line 316 - WARNING - sdt_02_01_patrimoine_naturel_ligne_interrogation: GetMap request is blocked for this layer
2025-11-30 04:33:54,563 - Scraping log - scraper.py > get_service_info(): Line 316 - WARNING - sdt_02_01_patrimoine_naturel_ligne_1: GetMap request is blocked for this layer
2025-11-30 04:33:55,171 - Scraping log - scraper.py > get_service_info(): Line 316 - WARNING - sdt_02_01_patrimoine_naturel_ligne_2: GetMap request is blocked for this layer
2025-11-30 04:33:55,796 - Scraping log - scraper.py > get_service_info(): Line 316 - WARNING - sdt_02_01_patrimoine_naturel_ligne_3: GetMap request is blocked for this layer
2025-11-30 04:33:56,432 - Scraping log - scraper.py > get_service_info(): Line 316 - WARNING - sdt_02_01_patrimoine_naturel_point_interrogation: GetMap request is blocked for this layer
2025-11-30 04:33:57,037 - Scraping log - scraper.py > get_service_info(): Line 316 - WARNING - sdt_02_01_patrimoine_naturel_point_1: GetMap request is blocked for this layer
2025-11-30 04:33:57,659 - Scraping log - scraper.py > get_service_info(): Line 316 - WARNING - sdt_02_01_patrimoine_naturel_point_2: GetMap request is blocked for this layer
2025-11-30 04:33:58,290 - Scraping log - scraper.py > get_service_info(): Line 316 - WARNING - sdt_02_01_patrimoine_naturel_surface_interrogation: GetMap request is blocked for this layer
2025-11-30 04:33:58,915 - Scraping log - scraper.py > get_service_info(): Line 316 - WARNING - sdt_02_01_patrimoine_naturel_surface: GetMap request is blocked for this layer
2025-11-30 04:33:59,554 - Scraping log - scraper.py > get_service_info(): Line 316 - WARNING - sdt_02_01_patrimoine_naturel_surface_doline_1: GetMap request is blocked for this layer
2025-11-30 04:34:00,157 - Scraping log - scraper.py > get_service_info(): Line 316 - WARNING - sdt_02_01_patrimoine_naturel_surface_doline_2: GetMap request is blocked for this layer
2025-11-30 04:34:00,771 - Scraping log - scraper.py > get_service_info(): Line 316 - WARNING - sdt_02_01_patrimoine_naturel_surface_doline_3: GetMap request is blocked for this layer
2025-11-30 04:34:01,396 - Scraping log - scraper.py > get_service_info(): Line 316 - WARNING - sdt_02_01_patrimoine_naturel_surface_doline_4: GetMap request is blocked for this layer
2025-11-30 04:34:02,014 - Scraping log - scraper.py > get_service_info(): Line 316 - WARNING - sdt_02_01_hors_legende_type_surface: GetMap request is blocked for this layer
2025-11-30 04:34:02,625 - Scraping log - scraper.py > get_service_info(): Line 316 - WARNING - sdt_02_01_hors_legende_type_ligne: GetMap request is blocked for this layer
2025-11-30 04:34:03,260 - Scraping log - scraper.py > get_service_info(): Line 316 - WARNING - sdt_02_01_hors_legende_type_point: GetMap request is blocked for this layer
2025-11-30 04:34:03,877 - Scraping log - scraper.py > get_service_info(): Line 316 - WARNING - sdt_02_01_infos_indicatives_foret: GetMap request is blocked for this layer
2025-11-30 04:34:04,498 - Scraping log - scraper.py > get_service_info(): Line 316 - WARNING - sdt_02_01_infos_indicatives_foret_simplifier: GetMap request is blocked for this layer
2025-11-30 04:34:05,161 - Scraping log - scraper.py > get_service_info(): Line 316 - WARNING - sdt_02_01_infos_indicatives_paturage_boise: GetMap request is blocked for this layer
2025-11-30 04:34:05,798 - Scraping log - scraper.py > get_service_info(): Line 316 - WARNING - sdt_02_01_infos_indicatives_paturage_boise_simplifier: GetMap request is blocked for this layer
2025-11-30 04:34:06,398 - Scraping log - scraper.py > get_service_info(): Line 316 - WARNING - sdt_02_01_infos_indicatives_infra_militaire: GetMap request is blocked for this layer
2025-11-30 04:34:07,003 - Scraping log - scraper.py > get_service_info(): Line 316 - WARNING - crdppf_r108_plan_zone_securite_aeroport_pal: GetMap request is blocked for this layer
2025-11-30 04:34:07,617 - Scraping log - scraper.py > get_service_info(): Line 316 - WARNING - sdt_02_01_infos_indicatives_perimetre_exploitation_ferroviaire: GetMap request is blocked for this layer
2025-11-30 04:34:08,252 - Scraping log - scraper.py > get_service_info(): Line 316 - WARNING - ofev_04_06_if_paysage_pal: GetMap request is blocked for this layer
2025-11-30 04:34:08,906 - Scraping log - scraper.py > get_service_info(): Line 316 - WARNING - sdt_02_01_infos_indicatives_perimetre_protection_eaux_interrogation: GetMap request is blocked for this layer
2025-11-30 04:34:09,533 - Scraping log - scraper.py > get_service_info(): Line 316 - WARNING - sdt_02_01_infos_indicatives_perimetre_protection_eaux_1: GetMap request is blocked for this layer
2025-11-30 04:34:10,160 - Scraping log - scraper.py > get_service_info(): Line 316 - WARNING - sdt_02_01_infos_indicatives_perimetre_protection_eaux_2: GetMap request is blocked for this layer
2025-11-30 04:34:10,777 - Scraping log - scraper.py > get_service_info(): Line 316 - WARNING - sdt_02_01_infos_indicatives_sites_archeo_paleonto_interrogation: GetMap request is blocked for this layer
2025-11-30 04:34:11,414 - Scraping log - scraper.py > get_service_info(): Line 316 - WARNING - sdt_02_01_infos_indicatives_sites_archeo_paleonto_1: GetMap request is blocked for this layer
2025-11-30 04:34:12,037 - Scraping log - scraper.py > get_service_info(): Line 316 - WARNING - sdt_02_01_infos_indicatives_sites_archeo_paleonto_2: GetMap request is blocked for this layer
2025-11-30 04:34:12,644 - Scraping log - scraper.py > get_service_info(): Line 316 - WARNING - sdt_02_01_infos_indicatives_reserves_naturelle_interrogation: GetMap request is blocked for this layer
2025-11-30 04:34:13,259 - Scraping log - scraper.py > get_service_info(): Line 316 - WARNING - sdt_02_01_infos_indicatives_reserves_naturelle_1: GetMap request is blocked for this layer
2025-11-30 04:34:13,891 - Scraping log - scraper.py > get_service_info(): Line 316 - WARNING - sdt_02_01_infos_indicatives_reserves_naturelle_2: GetMap request is blocked for this layer
2025-11-30 04:34:14,532 - Scraping log - scraper.py > get_service_info(): Line 316 - WARNING - sdt_02_01_infos_illustratives_point_de_vue: GetMap request is blocked for this layer
2025-11-30 04:34:15,172 - Scraping log - scraper.py > get_service_info(): Line 316 - WARNING - sdt_02_01_infos_illustratives_chemin_pietons: GetMap request is blocked for this layer
2025-11-30 04:34:15,813 - Scraping log - scraper.py > get_service_info(): Line 316 - WARNING - sdt_02_01_infos_illustratives_ligne_haute_tension: GetMap request is blocked for this layer
2025-11-30 04:34:16,432 - Scraping log - scraper.py > get_service_info(): Line 316 - WARNING - sdt_02_01_secteurs_dangers_naturels_interrogation: GetMap request is blocked for this layer
2025-11-30 04:34:17,077 - Scraping log - scraper.py > get_service_info(): Line 316 - WARNING - sdt_02_01_secteurs_dangers_naturels_interrogation_simplifier: GetMap request is blocked for this layer
2025-11-30 04:34:17,695 - Scraping log - scraper.py > get_service_info(): Line 316 - WARNING - sdt_02_01_secteurs_dangers_naturels_secteur_indication_danger: GetMap request is blocked for this layer
2025-11-30 04:34:18,339 - Scraping log - scraper.py > get_service_info(): Line 316 - WARNING - sdt_02_01_secteurs_dangers_naturels_secteur_indication_danger_simplifier: GetMap request is blocked for this layer
2025-11-30 04:34:18,979 - Scraping log - scraper.py > get_service_info(): Line 316 - WARNING - sdt_02_01_secteurs_dangers_naturels_niveau_danger_residuel: GetMap request is blocked for this layer
2025-11-30 04:34:19,592 - Scraping log - scraper.py > get_service_info(): Line 316 - WARNING - sdt_02_01_secteurs_dangers_naturels_niveau_danger_residuel_simplifier: GetMap request is blocked for this layer
2025-11-30 04:34:20,215 - Scraping log - scraper.py > get_service_info(): Line 316 - WARNING - sdt_02_01_secteurs_dangers_naturels_niveau_danger_faible: GetMap request is blocked for this layer
2025-11-30 04:34:20,878 - Scraping log - scraper.py > get_service_info(): Line 316 - WARNING - sdt_02_01_secteurs_dangers_naturels_niveau_danger_faible_simplifier: GetMap request is blocked for this layer
2025-11-30 04:34:21,509 - Scraping log - scraper.py > get_service_info(): Line 316 - WARNING - sdt_02_01_secteurs_dangers_naturels_niveau_danger_moyen: GetMap request is blocked for this layer
2025-11-30 04:34:22,140 - Scraping log - scraper.py > get_service_info(): Line 316 - WARNING - sdt_02_01_secteurs_dangers_naturels_niveau_danger_moyen_simplifier: GetMap request is blocked for this layer
2025-11-30 04:34:22,759 - Scraping log - scraper.py > get_service_info(): Line 316 - WARNING - sdt_02_01_secteurs_dangers_naturels_niveau_danger_eleve: GetMap request is blocked for this layer
2025-11-30 04:34:23,402 - Scraping log - scraper.py > get_service_info(): Line 316 - WARNING - sdt_02_01_secteurs_dangers_naturels_niveau_danger_eleve_simplifier: GetMap request is blocked for this layer
2025-11-30 04:34:24,036 - Scraping log - scraper.py > get_service_info(): Line 316 - WARNING - sdt_02_01_secteurs_dangers_naturels_danger_effondrement: GetMap request is blocked for this layer
2025-11-30 04:34:24,674 - Scraping log - scraper.py > get_service_info(): Line 316 - WARNING - sdt_02_01_secteurs_dangers_naturels_danger_effondrement_simplifier: GetMap request is blocked for this layer
2025-11-30 04:34:25,295 - Scraping log - scraper.py > get_service_info(): Line 316 - WARNING - sdt_02_01_secteurs_dangers_naturels_limite_echelle_1000: GetMap request is blocked for this layer
2025-11-30 04:34:25,939 - Scraping log - scraper.py > get_service_info(): Line 316 - WARNING - sdt_02_01_pal_plan_dangers_naturel_localites_approuvees: GetMap request is blocked for this layer
2025-11-30 04:34:26,560 - Scraping log - scraper.py > get_service_info(): Line 316 - WARNING - sdt_02_01_perimetres_particuliers_pdn_masque: GetMap request is blocked for this layer
2025-11-30 04:34:27,172 - Scraping log - scraper.py > get_service_info(): Line 316 - WARNING - sdt_02_01_perimetres_particuliers_pdn_interrogation: GetMap request is blocked for this layer
2025-11-30 04:34:27,806 - Scraping log - scraper.py > get_service_info(): Line 316 - WARNING - sdt_02_01_perimetres_particuliers_pdn_1_02: GetMap request is blocked for this layer
2025-11-30 04:34:28,435 - Scraping log - scraper.py > get_service_info(): Line 316 - WARNING - sdt_02_01_perimetres_particuliers_pdn_2_02: GetMap request is blocked for this layer
2025-11-30 04:34:29,052 - Scraping log - scraper.py > get_service_info(): Line 316 - WARNING - sdt_02_01_perimetres_particuliers_pdn_3: GetMap request is blocked for this layer
2025-11-30 04:34:29,681 - Scraping log - scraper.py > get_service_info(): Line 316 - WARNING - fond_plan_blanc_plan_cadastral: GetMap request is blocked for this layer
2025-11-30 04:34:30,293 - Scraping log - scraper.py > get_service_info(): Line 316 - WARNING - sdt_01_04_md_sit_bf_interrogation: GetMap request is blocked for this layer
2025-11-30 04:34:30,920 - Scraping log - scraper.py > get_service_info(): Line 316 - WARNING - sdt_01_04_md_sit_objets_divers_polygones_1: GetMap request is blocked for this layer
2025-11-30 04:34:31,524 - Scraping log - scraper.py > get_service_info(): Line 316 - WARNING - sdt_01_04_md_sit_cs_surface_nb: GetMap request is blocked for this layer
2025-11-30 04:34:32,144 - Scraping log - scraper.py > get_service_info(): Line 316 - WARNING - sdt_01_04_md_sit_cs_surface_proj: GetMap request is blocked for this layer
2025-11-30 04:34:32,754 - Scraping log - scraper.py > get_service_info(): Line 316 - WARNING - sdt_01_04_md_sit_adr_entree_batiment_01: GetMap request is blocked for this layer
2025-11-30 04:34:33,373 - Scraping log - scraper.py > get_service_info(): Line 316 - WARNING - sdt_01_04_md_sit_cs_numero_batiment_proj: GetMap request is blocked for this layer
2025-11-30 04:34:33,990 - Scraping log - scraper.py > get_service_info(): Line 316 - WARNING - sdt_01_04_md_sit_objets_divers_postext: GetMap request is blocked for this layer
2025-11-30 04:34:34,631 - Scraping log - scraper.py > get_service_info(): Line 316 - WARNING - sdt_01_04_md_sit_adr_entree_batiment_02: GetMap request is blocked for this layer
2025-11-30 04:34:35,258 - Scraping log - scraper.py > get_service_info(): Line 316 - WARNING - sdt_01_04_md_sit_objets_divers_lignes: GetMap request is blocked for this layer
2025-11-30 04:34:35,870 - Scraping log - scraper.py > get_service_info(): Line 316 - WARNING - sdt_01_04_md_sit_objets_divers_polygones: GetMap request is blocked for this layer
2025-11-30 04:34:36,506 - Scraping log - scraper.py > get_service_info(): Line 316 - WARNING - sdt_01_04_md_sit_bf_bien_fonds: GetMap request is blocked for this layer
2025-11-30 04:34:37,120 - Scraping log - scraper.py > get_service_info(): Line 316 - WARNING - sdt_01_04_md_sit_bf_bien_fonds_proj: GetMap request is blocked for this layer
2025-11-30 04:34:37,754 - Scraping log - scraper.py > get_service_info(): Line 316 - WARNING - sdt_01_04_md_sit_bf_ddp: GetMap request is blocked for this layer
2025-11-30 04:34:38,371 - Scraping log - scraper.py > get_service_info(): Line 316 - WARNING - sdt_01_04_md_sit_bf_ddp_proj: GetMap request is blocked for this layer
2025-11-30 04:34:39,009 - Scraping log - scraper.py > get_service_info(): Line 316 - WARNING - sdt_01_04_md_sit_bf_posimmeuble_ligne_auxiliaire: GetMap request is blocked for this layer
2025-11-30 04:34:39,647 - Scraping log - scraper.py > get_service_info(): Line 316 - WARNING - sdt_01_04_md_sit_bf_posimmeuble_proj_ligne_aux: GetMap request is blocked for this layer
2025-11-30 04:34:40,274 - Scraping log - scraper.py > get_service_info(): Line 316 - WARNING - sdt_01_04_md_sit_bf_posimmeuble_1: GetMap request is blocked for this layer
2025-11-30 04:34:40,888 - Scraping log - scraper.py > get_service_info(): Line 316 - WARNING - sdt_01_04_md_sit_bf_posimmeuble_2: GetMap request is blocked for this layer
2025-11-30 04:34:41,527 - Scraping log - scraper.py > get_service_info(): Line 316 - WARNING - sdt_01_04_md_sit_bf_posimmeuble_proj_1: GetMap request is blocked for this layer
2025-11-30 04:34:42,136 - Scraping log - scraper.py > get_service_info(): Line 316 - WARNING - sdt_01_04_md_sit_bf_posimmeuble_proj_2: GetMap request is blocked for this layer
2025-11-30 04:34:42,773 - Scraping log - scraper.py > get_service_info(): Line 316 - WARNING - sdt_01_04_md_sit_objets_divers_ponctuel: GetMap request is blocked for this layer
2025-11-30 04:34:43,411 - Scraping log - scraper.py > get_service_info(): Line 316 - WARNING - sdt_01_04_md_sit_bf_points_limites: GetMap request is blocked for this layer
2025-11-30 04:34:44,076 - Scraping log - scraper.py > get_service_info(): Line 316 - WARNING - sdt_01_04_md_sit_nomenclature_noms_posnom_1: GetMap request is blocked for this layer
2025-11-30 04:34:44,684 - Scraping log - scraper.py > get_service_info(): Line 316 - WARNING - sdt_01_04_md_sit_adr_troncon_rue_gr_sdt_01_04: GetMap request is blocked for this layer
2025-11-30 04:34:45,303 - Scraping log - scraper.py > get_service_info(): Line 316 - WARNING - sdt_01_04_md_sit_nomenclature_noms_posnom_2: GetMap request is blocked for this layer
2025-11-30 04:34:45,915 - Scraping log - scraper.py > get_service_info(): Line 316 - WARNING - sdt_01_04_md_sit_nomenclature_noms_posnom: GetMap request is blocked for this layer
2025-11-30 04:34:46,534 - Scraping log - scraper.py > get_service_info(): Line 316 - WARNING - sdt_01_04_md_sit_cs_surface_batiment_seul: GetMap request is blocked for this layer
2025-11-30 04:34:47,157 - Scraping log - scraper.py > get_service_info(): Line 316 - WARNING - sdt_01_04_md_sit_adr_entree_batiment_seul: GetMap request is blocked for this layer
2025-11-30 04:34:47,768 - Scraping log - scraper.py > get_service_info(): Line 316 - WARNING - sdt_01_04_md_sit_cs_surface_batiments_proj_seul: GetMap request is blocked for this layer
2025-11-30 04:34:48,393 - Scraping log - scraper.py > get_service_info(): Line 316 - WARNING - sdt_01_04_md_sit_cs_numero_batiment_proj_seul: GetMap request is blocked for this layer
2025-11-30 04:34:49,029 - Scraping log - scraper.py > get_service_info(): Line 316 - WARNING - sdt_01_04_md_sit_adr_troncon_rue_1: GetMap request is blocked for this layer
2025-11-30 04:34:49,664 - Scraping log - scraper.py > get_service_info(): Line 316 - WARNING - sdt_01_04_md_sit_adr_troncon_rue_2: GetMap request is blocked for this layer
2025-11-30 04:34:50,296 - Scraping log - scraper.py > get_service_info(): Line 316 - WARNING - sdt_01_04_md_sit_as_element_lineaire: GetMap request is blocked for this layer
2025-11-30 04:34:50,932 - Scraping log - scraper.py > get_service_info(): Line 316 - WARNING - sdt_01_04_md_sit_as_element_surfacique: GetMap request is blocked for this layer
2025-11-30 04:34:51,539 - Scraping log - scraper.py > get_service_info(): Line 316 - WARNING - sdt_01_04_md_sit_bf_interrogation_accrochage: GetMap request is blocked for this layer
2025-11-30 04:34:52,157 - Scraping log - scraper.py > get_service_info(): Line 316 - WARNING - sdt_01_04_md_sit_bf_bien_fonds_accrochage: GetMap request is blocked for this layer
2025-11-30 04:34:52,764 - Scraping log - scraper.py > get_service_info(): Line 316 - WARNING - sdt_01_04_md_sit_bf_bien_fonds_proj_accrochage: GetMap request is blocked for this layer
2025-11-30 04:34:53,388 - Scraping log - scraper.py > get_service_info(): Line 316 - WARNING - sdt_01_04_md_sit_bf_ddp_accrochage: GetMap request is blocked for this layer
2025-11-30 04:34:54,020 - Scraping log - scraper.py > get_service_info(): Line 316 - WARNING - sdt_01_04_md_sit_bf_ddp_proj_accrochage: GetMap request is blocked for this layer
2025-11-30 04:34:54,631 - Scraping log - scraper.py > get_service_info(): Line 316 - WARNING - sdt_01_04_md_sit_objets_divers_polygones_accrochage_1: GetMap request is blocked for this layer
2025-11-30 04:34:55,272 - Scraping log - scraper.py > get_service_info(): Line 316 - WARNING - sdt_01_04_md_sit_objets_divers_lignes_accrochage: GetMap request is blocked for this layer
2025-11-30 04:34:55,922 - Scraping log - scraper.py > get_service_info(): Line 316 - WARNING - sdt_01_04_md_sit_objets_divers_polygones_accrochage_2: GetMap request is blocked for this layer
2025-11-30 04:34:56,558 - Scraping log - scraper.py > get_service_info(): Line 316 - WARNING - cad_cond_21_08_disponibilite_electricite_interrogation: GetMap request is blocked for this layer
2025-11-30 04:34:57,194 - Scraping log - scraper.py > get_service_info(): Line 316 - WARNING - cad_cond_21_08_disponibilite_electricite_Swissgrid: GetMap request is blocked for this layer
2025-11-30 04:34:57,796 - Scraping log - scraper.py > get_service_info(): Line 316 - WARNING - cad_cond_21_08_disponibilite_electricite_Soulce: GetMap request is blocked for this layer
2025-11-30 04:34:58,426 - Scraping log - scraper.py > get_service_info(): Line 316 - WARNING - cad_cond_21_08_disponibilite_electricite_Delemont: GetMap request is blocked for this layer
2025-11-30 04:34:59,080 - Scraping log - scraper.py > get_service_info(): Line 316 - WARNING - cad_cond_21_08_disponibilite_electricite_La_Goule: GetMap request is blocked for this layer
2025-11-30 04:34:59,733 - Scraping log - scraper.py > get_service_info(): Line 316 - WARNING - cad_cond_21_08_disponibilite_electricite_Develier: GetMap request is blocked for this layer
2025-11-30 04:35:00,350 - Scraping log - scraper.py > get_service_info(): Line 316 - WARNING - cad_cond_21_08_disponibilite_electricite_Courchapoix: GetMap request is blocked for this layer
2025-11-30 04:35:00,973 - Scraping log - scraper.py > get_service_info(): Line 316 - WARNING - cad_cond_21_08_disponibilite_electricite_BKW: GetMap request is blocked for this layer
2025-11-30 04:35:01,602 - Scraping log - scraper.py > get_service_info(): Line 316 - WARNING - swisstopo_11_01_siegfried_1945_raster: GetMap request is blocked for this layer
2025-11-30 04:35:02,277 - Scraping log - scraper.py > get_service_info(): Line 316 - WARNING - swisstopo_11_01_siegfried_1945_pas_data: GetMap request is blocked for this layer
2025-11-30 04:35:10,416 - Scraping log - scraper.py > get_service_info(): Line 316 - WARNING - swisstopo_11_02_cn10_2019: GetMap request is blocked for this layer
2025-11-30 04:35:13,296 - Scraping log - scraper.py > get_service_info(): Line 316 - WARNING - swisstopo_11_02_cn10_2023: GetMap request is blocked for this layer
2025-11-30 04:35:17,298 - Scraping log - scraper.py > get_service_info(): Line 316 - WARNING - occ_01_16_perimetres_plans_cadastraux_1800_1829_fusion: GetMap request is blocked for this layer
2025-11-30 04:35:18,592 - Scraping log - scraper.py > get_service_info(): Line 316 - WARNING - occ_01_16_perimetres_plans_cadastraux_1830_1859_fusion: GetMap request is blocked for this layer
2025-11-30 04:35:19,850 - Scraping log - scraper.py > get_service_info(): Line 316 - WARNING - occ_01_16_perimetres_plans_cadastraux_1860_1879_fusion: GetMap request is blocked for this layer
2025-11-30 04:35:21,111 - Scraping log - scraper.py > get_service_info(): Line 316 - WARNING - occ_01_16_perimetres_plans_cadastraux_1880_1899_fusion: GetMap request is blocked for this layer
2025-11-30 04:35:22,449 - Scraping log - scraper.py > get_service_info(): Line 316 - WARNING - occ_01_16_perimetres_plans_cadastraux_1900_1939_fusion: GetMap request is blocked for this layer
2025-11-30 04:35:23,110 - Scraping log - scraper.py > get_service_info(): Line 316 - WARNING - sdt_01_04_h_fond_blanc: GetMap request is blocked for this layer
2025-11-30 04:35:23,755 - Scraping log - scraper.py > get_service_info(): Line 316 - WARNING - sdt_01_04_h_bf_bien_fonds: GetMap request is blocked for this layer
2025-11-30 04:35:24,494 - Scraping log - scraper.py > get_service_info(): Line 316 - WARNING - sdt_01_04_h_bf_ddp: GetMap request is blocked for this layer
2025-11-30 04:35:25,114 - Scraping log - scraper.py > get_service_info(): Line 316 - WARNING - sdt_01_04_h_cs_surface: GetMap request is blocked for this layer
2025-11-30 04:35:25,796 - Scraping log - scraper.py > get_service_info(): Line 316 - WARNING - sdt_01_04_h_objets_divers_polygones_1: GetMap request is blocked for this layer
2025-11-30 04:35:26,426 - Scraping log - scraper.py > get_service_info(): Line 316 - WARNING - sdt_01_04_h_objets_divers_lignes: GetMap request is blocked for this layer
2025-11-30 04:35:27,051 - Scraping log - scraper.py > get_service_info(): Line 316 - WARNING - sdt_01_04_h_objets_divers_polygones_2: GetMap request is blocked for this layer
2025-11-30 04:35:27,661 - Scraping log - scraper.py > get_service_info(): Line 316 - WARNING - sdt_01_04_h_objets_divers_ponctuel: GetMap request is blocked for this layer
2025-11-30 04:35:28,311 - Scraping log - scraper.py > get_service_info(): Line 316 - WARNING - sdt_01_04_h_cs_surface_batiment: GetMap request is blocked for this layer
2025-11-30 04:35:28,935 - Scraping log - scraper.py > get_service_info(): Line 316 - WARNING - sdt_01_04_h_bf_points_limites: GetMap request is blocked for this layer
2025-11-30 04:35:29,623 - Scraping log - scraper.py > get_service_info(): Line 316 - WARNING - env_08_04_carte_indicative_dangers_effondrement_normal: GetMap request is blocked for this layer
2025-11-30 04:35:30,235 - Scraping log - scraper.py > get_service_info(): Line 316 - WARNING - env_08_04_carte_indicative_dangers_effondrement_simplifier: GetMap request is blocked for this layer
2025-11-30 04:35:30,971 - Scraping log - scraper.py > get_service_info(): Line 316 - WARNING - env_08_04_carte_indicative_dangers_effondrement_masque: GetMap request is blocked for this layer
2025-11-30 04:35:31,591 - Scraping log - scraper.py > get_service_info(): Line 316 - WARNING - env_08_07_cd_synthese_danger_interrogation: GetMap request is blocked for this layer
2025-11-30 04:35:32,213 - Scraping log - scraper.py > get_service_info(): Line 316 - WARNING - env_08_07_cd_synthese_danger_interrogation_simplifier: GetMap request is blocked for this layer
2025-11-30 04:35:32,840 - Scraping log - scraper.py > get_service_info(): Line 316 - WARNING - env_08_07_cd_synthese_danger_secteur_indication_dangers: GetMap request is blocked for this layer
2025-11-30 04:35:33,604 - Scraping log - scraper.py > get_service_info(): Line 316 - WARNING - env_08_07_cd_synthese_danger_secteur_indication_dangers_simplifier: GetMap request is blocked for this layer
2025-11-30 04:35:34,212 - Scraping log - scraper.py > get_service_info(): Line 316 - WARNING - env_08_07_cd_synthese_danger_residuel: GetMap request is blocked for this layer
2025-11-30 04:35:34,831 - Scraping log - scraper.py > get_service_info(): Line 316 - WARNING - env_08_07_cd_synthese_danger_residuel_simplifier: GetMap request is blocked for this layer
2025-11-30 04:35:35,461 - Scraping log - scraper.py > get_service_info(): Line 316 - WARNING - env_08_07_cd_synthese_danger_faible: GetMap request is blocked for this layer
2025-11-30 04:35:36,095 - Scraping log - scraper.py > get_service_info(): Line 316 - WARNING - env_08_07_cd_synthese_danger_faible_simplifier: GetMap request is blocked for this layer
2025-11-30 04:35:36,698 - Scraping log - scraper.py > get_service_info(): Line 316 - WARNING - env_08_07_cd_synthese_danger_moyen: GetMap request is blocked for this layer
2025-11-30 04:35:37,339 - Scraping log - scraper.py > get_service_info(): Line 316 - WARNING - env_08_07_cd_synthese_danger_moyen_simplifier: GetMap request is blocked for this layer
2025-11-30 04:35:37,948 - Scraping log - scraper.py > get_service_info(): Line 316 - WARNING - Cenv_08_07_cd_synthese_danger_eleve: GetMap request is blocked for this layer
2025-11-30 04:35:38,571 - Scraping log - scraper.py > get_service_info(): Line 316 - WARNING - env_08_07_cd_synthese_danger_eleve_simplifier: GetMap request is blocked for this layer
2025-11-30 04:35:39,214 - Scraping log - scraper.py > get_service_info(): Line 316 - WARNING - env_08_07_cd_synthese_danger_masque: GetMap request is blocked for this layer
2025-11-30 04:35:39,844 - Scraping log - scraper.py > get_service_info(): Line 316 - WARNING - env_08_02_cd_f_danger_chp_interrogation: GetMap request is blocked for this layer
2025-11-30 04:35:40,466 - Scraping log - scraper.py > get_service_info(): Line 316 - WARNING - env_08_02_cd_f_danger_chp_interrogation_simplifier: GetMap request is blocked for this layer
2025-11-30 04:35:41,081 - Scraping log - scraper.py > get_service_info(): Line 316 - WARNING - env_08_02_cd_f_danger_chp_indicative: GetMap request is blocked for this layer
2025-11-30 04:35:41,688 - Scraping log - scraper.py > get_service_info(): Line 316 - WARNING - env_08_02_cd_f_danger_chp_indicative_simplifier: GetMap request is blocked for this layer
2025-11-30 04:35:42,354 - Scraping log - scraper.py > get_service_info(): Line 316 - WARNING - env_08_02_cd_f_danger_chp_residuel: GetMap request is blocked for this layer
2025-11-30 04:35:42,992 - Scraping log - scraper.py > get_service_info(): Line 316 - WARNING - env_08_02_cd_f_danger_chp_residuel_simplifier: GetMap request is blocked for this layer
2025-11-30 04:35:43,627 - Scraping log - scraper.py > get_service_info(): Line 316 - WARNING - env_08_02_cd_f_danger_chp_faible: GetMap request is blocked for this layer
2025-11-30 04:35:44,257 - Scraping log - scraper.py > get_service_info(): Line 316 - WARNING - env_08_02_cd_f_danger_chp_faible_simplifier: GetMap request is blocked for this layer
2025-11-30 04:35:44,871 - Scraping log - scraper.py > get_service_info(): Line 316 - WARNING - env_08_02_cd_f_danger_chp_moyen: GetMap request is blocked for this layer
2025-11-30 04:35:45,511 - Scraping log - scraper.py > get_service_info(): Line 316 - WARNING - env_08_02_cd_f_danger_chp_moyen_simplifier: GetMap request is blocked for this layer
2025-11-30 04:35:46,150 - Scraping log - scraper.py > get_service_info(): Line 316 - WARNING - env_08_02_cd_f_danger_chp_eleve: GetMap request is blocked for this layer
2025-11-30 04:35:46,778 - Scraping log - scraper.py > get_service_info(): Line 316 - WARNING - env_08_02_cd_f_danger_chp_eleve_simplifier: GetMap request is blocked for this layer
2025-11-30 04:35:47,391 - Scraping log - scraper.py > get_service_info(): Line 316 - WARNING - env_08_02_cd_f_danger_chp_masque: GetMap request is blocked for this layer
2025-11-30 04:35:48,009 - Scraping log - scraper.py > get_service_info(): Line 316 - WARNING - env_08_02_cd_f_danger_ero_interrogation: GetMap request is blocked for this layer
2025-11-30 04:35:48,650 - Scraping log - scraper.py > get_service_info(): Line 316 - WARNING - env_08_02_cd_f_danger_ero_interrogation_simplifier: GetMap request is blocked for this layer
2025-11-30 04:35:49,254 - Scraping log - scraper.py > get_service_info(): Line 316 - WARNING - env_08_02_cd_f_danger_ero_indicative: GetMap request is blocked for this layer
2025-11-30 04:35:49,895 - Scraping log - scraper.py > get_service_info(): Line 316 - WARNING - env_08_02_cd_f_danger_ero_indicative_simplifier: GetMap request is blocked for this layer
2025-11-30 04:35:50,541 - Scraping log - scraper.py > get_service_info(): Line 316 - WARNING - env_08_02_cd_f_danger_ero_residuel: GetMap request is blocked for this layer
2025-11-30 04:35:51,168 - Scraping log - scraper.py > get_service_info(): Line 316 - WARNING - env_08_02_cd_f_danger_ero_residuel_simplifier: GetMap request is blocked for this layer
2025-11-30 04:35:51,906 - Scraping log - scraper.py > get_service_info(): Line 316 - WARNING - env_08_02_cd_f_danger_ero_faible: GetMap request is blocked for this layer
2025-11-30 04:35:52,510 - Scraping log - scraper.py > get_service_info(): Line 316 - WARNING - env_08_02_cd_f_danger_ero_faible_simplifier: GetMap request is blocked for this layer
2025-11-30 04:35:53,139 - Scraping log - scraper.py > get_service_info(): Line 316 - WARNING - env_08_02_cd_f_danger_ero_moyen: GetMap request is blocked for this layer
2025-11-30 04:35:53,867 - Scraping log - scraper.py > get_service_info(): Line 316 - WARNING - env_08_02_cd_f_danger_ero_moyen_simplifier: GetMap request is blocked for this layer
2025-11-30 04:35:54,482 - Scraping log - scraper.py > get_service_info(): Line 316 - WARNING - env_08_02_cd_f_danger_ero_eleve: GetMap request is blocked for this layer
2025-11-30 04:35:55,113 - Scraping log - scraper.py > get_service_info(): Line 316 - WARNING - env_08_02_cd_f_danger_ero_eleve_simplifier: GetMap request is blocked for this layer
2025-11-30 04:35:55,720 - Scraping log - scraper.py > get_service_info(): Line 316 - WARNING - env_08_02_cd_f_danger_ero_masque: GetMap request is blocked for this layer
2025-11-30 04:35:56,378 - Scraping log - scraper.py > get_service_info(): Line 316 - WARNING - env_08_02_cd_f_danger_glp_interrogation: GetMap request is blocked for this layer
2025-11-30 04:35:56,998 - Scraping log - scraper.py > get_service_info(): Line 316 - WARNING - env_08_02_cd_f_danger_glp_interrogation_simplifier: GetMap request is blocked for this layer
2025-11-30 04:35:57,617 - Scraping log - scraper.py > get_service_info(): Line 316 - WARNING - env_08_02_cd_f_danger_glp_indicative: GetMap request is blocked for this layer
2025-11-30 04:35:58,234 - Scraping log - scraper.py > get_service_info(): Line 316 - WARNING - env_08_02_cd_f_danger_glp_indicative_simplifier: GetMap request is blocked for this layer
2025-11-30 04:35:58,872 - Scraping log - scraper.py > get_service_info(): Line 316 - WARNING - env_08_02_cd_f_danger_glp_residuel: GetMap request is blocked for this layer
2025-11-30 04:35:59,508 - Scraping log - scraper.py > get_service_info(): Line 316 - WARNING - env_08_02_cd_f_danger_glp_residuel_simplifier: GetMap request is blocked for this layer
2025-11-30 04:36:00,112 - Scraping log - scraper.py > get_service_info(): Line 316 - WARNING - env_08_02_cd_f_danger_glp_faible: GetMap request is blocked for this layer
2025-11-30 04:36:00,756 - Scraping log - scraper.py > get_service_info(): Line 316 - WARNING - env_08_02_cd_f_danger_glp_faible_simplifier: GetMap request is blocked for this layer
2025-11-30 04:36:01,399 - Scraping log - scraper.py > get_service_info(): Line 316 - WARNING - env_08_02_cd_f_danger_glp_moyen: GetMap request is blocked for this layer
2025-11-30 04:36:02,050 - Scraping log - scraper.py > get_service_info(): Line 316 - WARNING - env_08_02_cd_f_danger_glp_moyen_simplifier: GetMap request is blocked for this layer
2025-11-30 04:36:02,727 - Scraping log - scraper.py > get_service_info(): Line 316 - WARNING - env_08_02_cd_f_danger_glp_eleve: GetMap request is blocked for this layer
2025-11-30 04:36:03,384 - Scraping log - scraper.py > get_service_info(): Line 316 - WARNING - env_08_02_cd_f_danger_glp_eleve_simplifier: GetMap request is blocked for this layer
2025-11-30 04:36:04,007 - Scraping log - scraper.py > get_service_info(): Line 316 - WARNING - env_08_02_cd_f_danger_glp_masque: GetMap request is blocked for this layer
2025-11-30 04:36:04,624 - Scraping log - scraper.py > get_service_info(): Line 316 - WARNING - env_08_02_cd_f_danger_gls_interrogation: GetMap request is blocked for this layer
2025-11-30 04:36:05,280 - Scraping log - scraper.py > get_service_info(): Line 316 - WARNING - env_08_02_cd_f_danger_gls_interrogation_simplifier: GetMap request is blocked for this layer
2025-11-30 04:36:05,922 - Scraping log - scraper.py > get_service_info(): Line 316 - WARNING - Cenv_08_02_cd_f_danger_gls_indicative: GetMap request is blocked for this layer
2025-11-30 04:36:06,557 - Scraping log - scraper.py > get_service_info(): Line 316 - WARNING - Cenv_08_02_cd_f_danger_gls_indicative_simplifier: GetMap request is blocked for this layer
2025-11-30 04:36:07,188 - Scraping log - scraper.py > get_service_info(): Line 316 - WARNING - env_08_02_cd_f_danger_gls_residuel: GetMap request is blocked for this layer
2025-11-30 04:36:07,811 - Scraping log - scraper.py > get_service_info(): Line 316 - WARNING - env_08_02_cd_f_danger_gls_residuel_simplifier: GetMap request is blocked for this layer
2025-11-30 04:36:08,434 - Scraping log - scraper.py > get_service_info(): Line 316 - WARNING - env_08_02_cd_f_danger_gls_faible: GetMap request is blocked for this layer
2025-11-30 04:36:09,078 - Scraping log - scraper.py > get_service_info(): Line 316 - WARNING - env_08_02_cd_f_danger_gls_faible_simplifier: GetMap request is blocked for this layer
2025-11-30 04:36:09,704 - Scraping log - scraper.py > get_service_info(): Line 316 - WARNING - env_08_02_cd_f_danger_gls_moyen: GetMap request is blocked for this layer
2025-11-30 04:36:10,311 - Scraping log - scraper.py > get_service_info(): Line 316 - WARNING - env_08_02_cd_f_danger_gls_moyen_simplifier: GetMap request is blocked for this layer
2025-11-30 04:36:10,935 - Scraping log - scraper.py > get_service_info(): Line 316 - WARNING - env_08_02_cd_f_danger_gls_eleve: GetMap request is blocked for this layer
2025-11-30 04:36:11,551 - Scraping log - scraper.py > get_service_info(): Line 316 - WARNING - Cenv_08_02_cd_f_danger_gls_eleve_simplifier: GetMap request is blocked for this layer
2025-11-30 04:36:12,169 - Scraping log - scraper.py > get_service_info(): Line 316 - WARNING - env_08_02_cd_f_danger_gls_masque: GetMap request is blocked for this layer
2025-11-30 04:36:12,804 - Scraping log - scraper.py > get_service_info(): Line 316 - WARNING - env_08_02_cd_f_danger_ino_interrogation: GetMap request is blocked for this layer
2025-11-30 04:36:13,436 - Scraping log - scraper.py > get_service_info(): Line 316 - WARNING - env_08_02_cd_f_danger_ino_interrogation_simplifier: GetMap request is blocked for this layer
2025-11-30 04:36:14,080 - Scraping log - scraper.py > get_service_info(): Line 316 - WARNING - env_08_02_cd_f_danger_ino_indicative: GetMap request is blocked for this layer
2025-11-30 04:36:14,763 - Scraping log - scraper.py > get_service_info(): Line 316 - WARNING - env_08_02_cd_f_danger_ino_indicative_simplifier: GetMap request is blocked for this layer
2025-11-30 04:36:15,373 - Scraping log - scraper.py > get_service_info(): Line 316 - WARNING - env_08_02_cd_f_danger_ino_residuel: GetMap request is blocked for this layer
2025-11-30 04:36:16,006 - Scraping log - scraper.py > get_service_info(): Line 316 - WARNING - env_08_02_cd_f_danger_ino_residuel_simplifier: GetMap request is blocked for this layer
2025-11-30 04:36:16,616 - Scraping log - scraper.py > get_service_info(): Line 316 - WARNING - env_08_02_cd_f_danger_ino_faible: GetMap request is blocked for this layer
2025-11-30 04:36:17,244 - Scraping log - scraper.py > get_service_info(): Line 316 - WARNING - env_08_02_cd_f_danger_ino_faible_simplifier: GetMap request is blocked for this layer
2025-11-30 04:36:17,871 - Scraping log - scraper.py > get_service_info(): Line 316 - WARNING - env_08_02_cd_f_danger_ino_moyen: GetMap request is blocked for this layer
2025-11-30 04:36:18,497 - Scraping log - scraper.py > get_service_info(): Line 316 - WARNING - env_08_02_cd_f_danger_ino_moyen_simplifier: GetMap request is blocked for this layer
2025-11-30 04:36:19,152 - Scraping log - scraper.py > get_service_info(): Line 316 - WARNING - env_08_02_cd_f_danger_ino_eleve: GetMap request is blocked for this layer
2025-11-30 04:36:19,762 - Scraping log - scraper.py > get_service_info(): Line 316 - WARNING - env_08_02_cd_f_danger_ino_eleve_simplifier: GetMap request is blocked for this layer
2025-11-30 04:36:20,424 - Scraping log - scraper.py > get_service_info(): Line 316 - WARNING - env_08_02_cd_f_danger_ino_masque: GetMap request is blocked for this layer
2025-11-30 04:36:21,055 - Scraping log - scraper.py > get_service_info(): Line 316 - WARNING - ofev_08_08_carte_alea_ruissellement_normal: GetMap request is blocked for this layer
2025-11-30 04:36:21,700 - Scraping log - scraper.py > get_service_info(): Line 316 - WARNING - ofev_08_08_carte_alea_ruissellement_simplifier: GetMap request is blocked for this layer
2025-11-30 04:36:22,346 - Scraping log - scraper.py > get_service_info(): Line 316 - WARNING - ofev_08_08_carte_alea_ruissellement_masque: GetMap request is blocked for this layer
2025-11-30 04:36:22,965 - Scraping log - scraper.py > get_service_info(): Line 316 - WARNING - env_21_17_cad_ouvrages_routiers_protection_dn_poly: GetMap request is blocked for this layer
2025-11-30 04:36:23,638 - Scraping log - scraper.py > get_service_info(): Line 316 - WARNING - env_21_17_cad_ouvrages_routiers_protection_dn_ligne: GetMap request is blocked for this layer
2025-11-30 04:36:24,411 - Scraping log - scraper.py > get_service_info(): Line 316 - WARNING - env_21_17_cad_ouvrages_routiers_protection_dn_point: GetMap request is blocked for this layer
2025-11-30 04:36:25,013 - Scraping log - scraper.py > get_service_info(): Line 316 - WARNING - env_15_12_strategie_hydroelectrique_ju: GetMap request is blocked for this layer
2025-11-30 04:36:25,645 - Scraping log - scraper.py > get_service_info(): Line 316 - WARNING - env_15_12_points_en_exploitation: GetMap request is blocked for this layer
2025-11-30 04:36:26,268 - Scraping log - scraper.py > get_service_info(): Line 316 - WARNING - sdt_15_06_sites_eoliens_potentiels_interrogation: GetMap request is blocked for this layer
2025-11-30 04:36:26,903 - Scraping log - scraper.py > get_service_info(): Line 316 - WARNING - sdt_15_06_sites_eoliens_potentiels_coordination: GetMap request is blocked for this layer
2025-11-30 04:36:27,510 - Scraping log - scraper.py > get_service_info(): Line 316 - WARNING - sdt_15_06_sites_eoliens_potentiels_projet_modele: GetMap request is blocked for this layer
2025-11-30 04:36:28,130 - Scraping log - scraper.py > get_service_info(): Line 316 - WARNING - env_03_05_nature_forestiere_indicative_geom_normal: GetMap request is blocked for this layer
2025-11-30 04:36:28,786 - Scraping log - scraper.py > get_service_info(): Line 316 - WARNING - env_03_05_nature_forestiere_indicative_geom_simplifier: GetMap request is blocked for this layer
2025-11-30 04:36:29,510 - Scraping log - scraper.py > get_service_info(): Line 316 - WARNING - env_03_29_prediction_etat_sante_hetre_2022_1: GetMap request is blocked for this layer
2025-11-30 04:36:30,141 - Scraping log - scraper.py > get_service_info(): Line 316 - WARNING - env_03_29_prediction_etat_sante_hetre_2022_2: GetMap request is blocked for this layer
2025-11-30 04:36:30,764 - Scraping log - scraper.py > get_service_info(): Line 316 - WARNING - swisstopo_18_04_cartes_geologiques_metainfos: GetMap request is blocked for this layer
2025-11-30 04:36:38,427 - Scraping log - scraper.py > get_service_info(): Line 316 - WARNING - env_18_03_geothermie_limitation_forages_sondes_geothermiques_original: GetMap request is blocked for this layer
2025-11-30 04:36:39,141 - Scraping log - scraper.py > get_service_info(): Line 316 - WARNING - env_18_03_geothermie_limitation_forages_sondes_geothermiques_1: GetMap request is blocked for this layer
2025-11-30 04:36:39,779 - Scraping log - scraper.py > get_service_info(): Line 316 - WARNING - env_18_03_geothermie_limitation_forages_sondes_geothermiques_2: GetMap request is blocked for this layer
2025-11-30 04:36:40,389 - Scraping log - scraper.py > get_service_info(): Line 316 - WARNING - env_18_01_geotopes_geomorphologiques_polygone_interrogation: GetMap request is blocked for this layer
2025-11-30 04:36:41,013 - Scraping log - scraper.py > get_service_info(): Line 316 - WARNING - env_18_01_geotopes_geomorphologiques_polygone_combe_anticlinal_1: GetMap request is blocked for this layer
2025-11-30 04:36:41,642 - Scraping log - scraper.py > get_service_info(): Line 316 - WARNING - env_18_01_geotopes_geomorphologiques_polygone_combe_anticlinal_2: GetMap request is blocked for this layer
2025-11-30 04:36:42,260 - Scraping log - scraper.py > get_service_info(): Line 316 - WARNING - env_18_01_geotopes_geomorphologiques_polygone_polje: GetMap request is blocked for this layer
2025-11-30 04:36:42,874 - Scraping log - scraper.py > get_service_info(): Line 316 - WARNING - env_18_01_geotopes_geomorphologiques_polygone_alignement_doline: GetMap request is blocked for this layer
2025-11-30 04:36:43,504 - Scraping log - scraper.py > get_service_info(): Line 316 - WARNING - env_18_01_geotopes_geomorphologiques_polygone_glissement_terrain: GetMap request is blocked for this layer
2025-11-30 04:36:44,114 - Scraping log - scraper.py > get_service_info(): Line 316 - WARNING - env_18_01_geotopes_geomorphologiques_polygone_tourbiere: GetMap request is blocked for this layer
2025-11-30 04:36:44,755 - Scraping log - scraper.py > get_service_info(): Line 316 - WARNING - env_18_01_geotopes_geomorphologiques_polygone_vallee: GetMap request is blocked for this layer
2025-11-30 04:36:45,378 - Scraping log - scraper.py > get_service_info(): Line 316 - WARNING - env_18_01_geotopes_geomorphologiques_polygone_zone_alluviale: GetMap request is blocked for this layer
2025-11-30 04:36:45,998 - Scraping log - scraper.py > get_service_info(): Line 316 - WARNING - env_18_01_geotopes_geomorphologiques_polygone_zone_humide: GetMap request is blocked for this layer
2025-11-30 04:36:46,635 - Scraping log - scraper.py > get_service_info(): Line 316 - WARNING - env_18_01_geotopes_geomorphologiques_polygone_anticlinal_1: GetMap request is blocked for this layer
2025-11-30 04:36:47,253 - Scraping log - scraper.py > get_service_info(): Line 316 - WARNING - env_18_01_geotopes_geomorphologiques_polygone_anticlinal_2: GetMap request is blocked for this layer
2025-11-30 04:36:47,973 - Scraping log - scraper.py > get_service_info(): Line 316 - WARNING - env_18_01_geotopes_geomorphologiques_polygone_butte_temoin_1: GetMap request is blocked for this layer
2025-11-30 04:36:48,584 - Scraping log - scraper.py > get_service_info(): Line 316 - WARNING - env_18_01_geotopes_geomorphologiques_polygone_butte_temoin_2: GetMap request is blocked for this layer
2025-11-30 04:36:49,209 - Scraping log - scraper.py > get_service_info(): Line 316 - WARNING - env_18_01_geotopes_geomorphologiques_polygone_cluse_1: GetMap request is blocked for this layer
2025-11-30 04:36:49,845 - Scraping log - scraper.py > get_service_info(): Line 316 - WARNING - env_18_01_geotopes_geomorphologiques_polygone_cluse_2: GetMap request is blocked for this layer
2025-11-30 04:36:50,502 - Scraping log - scraper.py > get_service_info(): Line 316 - WARNING - env_18_01_geotopes_geomorphologiques_polygone_combe_lateral: GetMap request is blocked for this layer
2025-11-30 04:36:51,144 - Scraping log - scraper.py > get_service_info(): Line 316 - WARNING - env_18_01_geotopes_geomorphologiques_polygone_cone_dejection: GetMap request is blocked for this layer
2025-11-30 04:36:51,743 - Scraping log - scraper.py > get_service_info(): Line 316 - WARNING - env_18_01_geotopes_geomorphologiques_polygone_cret: GetMap request is blocked for this layer
2025-11-30 04:36:52,373 - Scraping log - scraper.py > get_service_info(): Line 316 - WARNING - env_18_01_geotopes_geomorphologiques_polygone_decoiffement_1: GetMap request is blocked for this layer
2025-11-30 04:36:53,036 - Scraping log - scraper.py > get_service_info(): Line 316 - WARNING - env_18_01_geotopes_geomorphologiques_polygone_decoiffement_2: GetMap request is blocked for this layer
2025-11-30 04:36:53,707 - Scraping log - scraper.py > get_service_info(): Line 316 - WARNING - env_18_01_geotopes_geomorphologiques_polygone_mont_derive: GetMap request is blocked for this layer
2025-11-30 04:36:54,329 - Scraping log - scraper.py > get_service_info(): Line 316 - WARNING - env_18_01_geotopes_geomorphologiques_polygone_ouvala_1: GetMap request is blocked for this layer
2025-11-30 04:36:54,952 - Scraping log - scraper.py > get_service_info(): Line 316 - WARNING - env_18_01_geotopes_geomorphologiques_polygone_ouvala_2: GetMap request is blocked for this layer
2025-11-30 04:36:55,587 - Scraping log - scraper.py > get_service_info(): Line 316 - WARNING - env_18_01_geotopes_geomorphologiques_polygone_synclinal_perche_1: GetMap request is blocked for this layer
2025-11-30 04:36:56,229 - Scraping log - scraper.py > get_service_info(): Line 316 - WARNING - env_18_01_geotopes_geomorphologiques_polygone_synclinal_perche_2: GetMap request is blocked for this layer
2025-11-30 04:36:56,851 - Scraping log - scraper.py > get_service_info(): Line 316 - WARNING - env_18_01_geotopes_geomorphologiques_polygone_vallee_seche_1: GetMap request is blocked for this layer
2025-11-30 04:36:57,478 - Scraping log - scraper.py > get_service_info(): Line 316 - WARNING - env_18_01_geotopes_geomorphologiques_polygone_vallee_seche_2: GetMap request is blocked for this layer
2025-11-30 04:36:58,091 - Scraping log - scraper.py > get_service_info(): Line 316 - WARNING - env_18_01_geotopes_geomorphologiques_polygone_versant_monoclinal_1: GetMap request is blocked for this layer
2025-11-30 04:36:58,723 - Scraping log - scraper.py > get_service_info(): Line 316 - WARNING - env_18_01_geotopes_geomorphologiques_polygone_versant_monoclinal_2: GetMap request is blocked for this layer
2025-11-30 04:36:59,353 - Scraping log - scraper.py > get_service_info(): Line 316 - WARNING - env_04_01_reserves_naturelles_zones_protection_paysagere_Interrogation: GetMap request is blocked for this layer
2025-11-30 04:36:59,976 - Scraping log - scraper.py > get_service_info(): Line 316 - WARNING - env_04_01_reserves_naturelles_en_vigeur: GetMap request is blocked for this layer
2025-11-30 04:37:00,594 - Scraping log - scraper.py > get_service_info(): Line 316 - WARNING - env_04_01_zone_protection_paysagere_en_vigeur: GetMap request is blocked for this layer
2025-11-30 04:37:01,220 - Scraping log - scraper.py > get_service_info(): Line 316 - WARNING - env_04_01_reserves_naturelles_modification_avec_effet_juridique: GetMap request is blocked for this layer
2025-11-30 04:37:01,828 - Scraping log - scraper.py > get_service_info(): Line 316 - WARNING - env_04_01_zones_protection_paysagere_modification_sans_effet_juridique: GetMap request is blocked for this layer
2025-11-30 04:37:02,449 - Scraping log - scraper.py > get_service_info(): Line 316 - WARNING - env_04_01_reserves_naturelles_modification_sans_effet_juridique: GetMap request is blocked for this layer
2025-11-30 04:37:03,116 - Scraping log - scraper.py > get_service_info(): Line 316 - WARNING - env_04_01_zones_protection_paysagere_modification_avec_effet_juridique: GetMap request is blocked for this layer
2025-11-30 04:37:03,730 - Scraping log - scraper.py > get_service_info(): Line 316 - WARNING - env_04_27_neophytes_point_ambroisie_interrogation: GetMap request is blocked for this layer
2025-11-30 04:37:04,380 - Scraping log - scraper.py > get_service_info(): Line 316 - WARNING - env_04_27_neophytes_ambroisie_point: GetMap request is blocked for this layer
2025-11-30 04:37:04,992 - Scraping log - scraper.py > get_service_info(): Line 316 - WARNING - env_04_27_neophytes_poly_ambroisie: GetMap request is blocked for this layer
2025-11-30 04:37:05,643 - Scraping log - scraper.py > get_service_info(): Line 316 - WARNING - env_04_27_neophytes_ailante_interrogation: GetMap request is blocked for this layer
2025-11-30 04:37:06,245 - Scraping log - scraper.py > get_service_info(): Line 316 - WARNING - env_04_27_neophytes_ailante_ailante_point: GetMap request is blocked for this layer
2025-11-30 04:37:06,862 - Scraping log - scraper.py > get_service_info(): Line 316 - WARNING - env_04_27_neophytes_ailante_poly: GetMap request is blocked for this layer
2025-11-30 04:37:07,496 - Scraping log - scraper.py > get_service_info(): Line 316 - WARNING - env_04_27_neophytes_berce_caucase_interrogation: GetMap request is blocked for this layer
2025-11-30 04:37:08,123 - Scraping log - scraper.py > get_service_info(): Line 316 - WARNING - env_04_27_neophytes_berce_caucase_point: GetMap request is blocked for this layer
2025-11-30 04:37:08,771 - Scraping log - scraper.py > get_service_info(): Line 316 - WARNING - env_04_27_neophytes_berce_caucase_poly: GetMap request is blocked for this layer
2025-11-30 04:37:09,423 - Scraping log - scraper.py > get_service_info(): Line 316 - WARNING - env_04_27_neophytes_impatiente_glanduleuse_interrogation: GetMap request is blocked for this layer
2025-11-30 04:37:10,080 - Scraping log - scraper.py > get_service_info(): Line 316 - WARNING - env_04_27_neophytes_impatiente_glanduleuse_point: GetMap request is blocked for this layer
2025-11-30 04:37:10,721 - Scraping log - scraper.py > get_service_info(): Line 316 - WARNING - env_04_27_neophytes_impatiente_glanduleuse_poly: GetMap request is blocked for this layer
2025-11-30 04:37:11,334 - Scraping log - scraper.py > get_service_info(): Line 316 - WARNING - env_04_27_neophyte_renouee_exotique_interrogation: GetMap request is blocked for this layer
2025-11-30 04:37:11,959 - Scraping log - scraper.py > get_service_info(): Line 316 - WARNING - env_04_27_neophyte_renouee_exotique_point: GetMap request is blocked for this layer
2025-11-30 04:37:12,562 - Scraping log - scraper.py > get_service_info(): Line 316 - WARNING - env_04_27_neophyte_renouee_exotique_poly: GetMap request is blocked for this layer
2025-11-30 04:37:13,177 - Scraping log - scraper.py > get_service_info(): Line 316 - WARNING - env_04_27_neophytes_solidage_canada_interrogation: GetMap request is blocked for this layer
2025-11-30 04:37:13,807 - Scraping log - scraper.py > get_service_info(): Line 316 - WARNING - env_04_27_neophytes_solidage_canada_point: GetMap request is blocked for this layer
2025-11-30 04:37:14,418 - Scraping log - scraper.py > get_service_info(): Line 316 - WARNING - env_04_27_neophytes_solidage_canada_poly: GetMap request is blocked for this layer
2025-11-30 04:37:15,066 - Scraping log - scraper.py > get_service_info(): Line 316 - WARNING - env_06_02_ecomorphologie_troncon_1: GetMap request is blocked for this layer
2025-11-30 04:37:15,689 - Scraping log - scraper.py > get_service_info(): Line 316 - WARNING - env_06_02_ecomorphologie_troncon_2: GetMap request is blocked for this layer
2025-11-30 04:37:16,303 - Scraping log - scraper.py > get_service_info(): Line 316 - WARNING - env_06_02_ecomorphologie_photos_interrogation: GetMap request is blocked for this layer
2025-11-30 04:37:16,936 - Scraping log - scraper.py > get_service_info(): Line 316 - WARNING - env_06_02_ecomorphologie_photos_points: GetMap request is blocked for this layer
2025-11-30 04:37:17,547 - Scraping log - scraper.py > get_service_info(): Line 316 - WARNING - sdt_04_21_inventaire_arbres_sur_tiges_interrogation: GetMap request is blocked for this layer
2025-11-30 04:37:18,185 - Scraping log - scraper.py > get_service_info(): Line 316 - WARNING - sdt_04_21_inventaire_arbres_sur_tiges_points: GetMap request is blocked for this layer
2025-11-30 04:37:18,815 - Scraping log - scraper.py > get_service_info(): Line 316 - WARNING - env_04_32_40ans_40_chenes_interrogation: GetMap request is blocked for this layer
2025-11-30 04:37:19,490 - Scraping log - scraper.py > get_service_info(): Line 316 - WARNING - env_04_32_40ans_40_chenes_point: GetMap request is blocked for this layer
2025-11-30 04:37:20,108 - Scraping log - scraper.py > get_service_info(): Line 316 - WARNING - sdt_10_14_thalweg_2022_normal: GetMap request is blocked for this layer
2025-11-30 04:37:20,551 - Scraping log - scraper.py > get_service_info(): Line 316 - WARNING - sdt_10_14_thalweg_2022_simplifier_1: GetMap request is blocked for this layer
2025-11-30 04:37:21,187 - Scraping log - scraper.py > get_service_info(): Line 316 - WARNING - sdt_10_14_thalweg_2022_simplifier_2: GetMap request is blocked for this layer
2025-11-30 04:37:21,817 - Scraping log - scraper.py > get_service_info(): Line 316 - WARNING - env_04_43_arbres_haies_bosquets_forets_1: GetMap request is blocked for this layer
2025-11-30 04:37:22,455 - Scraping log - scraper.py > get_service_info(): Line 316 - WARNING - env_04_43_arbres_haies_bosquets_forets_2: GetMap request is blocked for this layer
2025-11-30 04:37:23,078 - Scraping log - scraper.py > get_service_info(): Line 316 - WARNING - sdt_02_15_isos_poly: GetMap request is blocked for this layer
2025-11-30 04:37:23,695 - Scraping log - scraper.py > get_service_info(): Line 316 - WARNING - sdt_02_15_isos_masque_limite_echelle: GetMap request is blocked for this layer
2025-11-30 04:37:24,315 - Scraping log - scraper.py > get_service_info(): Line 316 - WARNING - occ_21_11_icomos_recensement_parcs_jardins_historiques_interrogation: GetMap request is blocked for this layer
2025-11-30 04:37:24,956 - Scraping log - scraper.py > get_service_info(): Line 316 - WARNING - occ_21_11_icomos_recensement_parcs_jardins_historiques_cluster: GetMap request is blocked for this layer
2025-11-30 04:37:25,595 - Scraping log - scraper.py > get_service_info(): Line 316 - WARNING - occ_02_14_rbc_interrogation: GetMap request is blocked for this layer
2025-11-30 04:37:26,236 - Scraping log - scraper.py > get_service_info(): Line 316 - WARNING - occ_02_14_rbc_cluster: GetMap request is blocked for this layer
2025-11-30 04:37:26,862 - Scraping log - scraper.py > get_service_info(): Line 316 - WARNING - occ_02_14_rbc_point: GetMap request is blocked for this layer
2025-11-30 04:37:27,471 - Scraping log - scraper.py > get_service_info(): Line 316 - WARNING - occ_02_27_petit_patrimoine_ligne: GetMap request is blocked for this layer
2025-11-30 04:37:28,093 - Scraping log - scraper.py > get_service_info(): Line 316 - WARNING - occ_02_27_petit_patrimoine_point: GetMap request is blocked for this layer
2025-11-30 04:37:40,880 - Scraping log - scraper.py > get_service_info(): Line 316 - WARNING - sdt_11_07_ortho_2018_01_23_st_ursanne_copyright: GetMap request is blocked for this layer
2025-11-30 04:38:02,085 - Scraping log - scraper.py > get_service_info(): Line 316 - WARNING - sdt_09_05_gares_1: GetMap request is blocked for this layer
2025-11-30 04:38:02,694 - Scraping log - scraper.py > get_service_info(): Line 316 - WARNING - sdt_09_05_gares_2: GetMap request is blocked for this layer
2025-11-30 04:38:03,304 - Scraping log - scraper.py > get_service_info(): Line 316 - WARNING - sdt_09_07_arrets_de_bus_interrogation: GetMap request is blocked for this layer
2025-11-30 04:38:03,960 - Scraping log - scraper.py > get_service_info(): Line 316 - WARNING - sdt_09_07_arrets_de_bus_1: GetMap request is blocked for this layer
2025-11-30 04:38:04,589 - Scraping log - scraper.py > get_service_info(): Line 316 - WARNING - sdt_09_07_arrets_de_bus_2: GetMap request is blocked for this layer
2025-11-30 04:38:05,198 - Scraping log - scraper.py > get_service_info(): Line 316 - WARNING - sdt_09_07_arrets_de_bus_interrogation_nocturne: GetMap request is blocked for this layer
2025-11-30 04:38:05,819 - Scraping log - scraper.py > get_service_info(): Line 316 - WARNING - sdt_09_07_arrets_de_bus_1_nocturne: GetMap request is blocked for this layer
2025-11-30 04:38:06,431 - Scraping log - scraper.py > get_service_info(): Line 316 - WARNING - sdt_09_07_arrets_de_bus_2_nocturne: GetMap request is blocked for this layer
2025-11-30 04:38:07,050 - Scraping log - scraper.py > get_service_info(): Line 316 - WARNING - sdt_09_13_aires_covoiturage_1: GetMap request is blocked for this layer
2025-11-30 04:38:07,667 - Scraping log - scraper.py > get_service_info(): Line 316 - WARNING - sdt_09_13_aires_covoiturage_2: GetMap request is blocked for this layer
2025-11-30 04:38:08,415 - Scraping log - scraper.py > get_service_info(): Line 316 - WARNING - sdt_09_24_aerodrome_1: GetMap request is blocked for this layer
2025-11-30 04:38:09,030 - Scraping log - scraper.py > get_service_info(): Line 316 - WARNING - sdt_09_24_aerodrome_2: GetMap request is blocked for this layer
2025-11-30 04:38:09,645 - Scraping log - scraper.py > get_service_info(): Line 316 - WARNING - sdt_09_03_itineraires_vtt_interrogation: GetMap request is blocked for this layer
2025-11-30 04:38:10,294 - Scraping log - scraper.py > get_service_info(): Line 316 - WARNING - sdt_09_03_itineraires_vtt_liaison: GetMap request is blocked for this layer
2025-11-30 04:38:10,935 - Scraping log - scraper.py > get_service_info(): Line 316 - WARNING - sdt_09_03_itineraires_vtt_facile: GetMap request is blocked for this layer
2025-11-30 04:38:11,553 - Scraping log - scraper.py > get_service_info(): Line 316 - WARNING - sdt_09_03_itineraires_vtt_moyen: GetMap request is blocked for this layer
2025-11-30 04:38:12,186 - Scraping log - scraper.py > get_service_info(): Line 316 - WARNING - sdt_09_03_itineraires_vtt_difficile: GetMap request is blocked for this layer
2025-11-30 04:38:12,795 - Scraping log - scraper.py > get_service_info(): Line 316 - WARNING - sdt_09_03_numero_itineraires_vtt: GetMap request is blocked for this layer
2025-11-30 04:38:13,429 - Scraping log - scraper.py > get_service_info(): Line 316 - WARNING - sdt_09_03_itineraires_vtt_sens: GetMap request is blocked for this layer
2025-11-30 04:38:14,053 - Scraping log - scraper.py > get_service_info(): Line 316 - WARNING - sdt_09_21_panneaux_information_vtt_1: GetMap request is blocked for this layer
2025-11-30 04:38:14,675 - Scraping log - scraper.py > get_service_info(): Line 316 - WARNING - sdt_09_21_panneaux_information_vtt_2: GetMap request is blocked for this layer
2025-11-30 04:38:15,308 - Scraping log - scraper.py > get_service_info(): Line 316 - WARNING - sdt_17_07_places_pique_nique_interrogation: GetMap request is blocked for this layer
2025-11-30 04:38:15,925 - Scraping log - scraper.py > get_service_info(): Line 316 - WARNING - sdt_17_07_places_pique_nique_cluster: GetMap request is blocked for this layer
2025-11-30 04:38:16,543 - Scraping log - scraper.py > get_service_info(): Line 316 - WARNING - sdt_17_06_cabanes_forestieres_interrogation: GetMap request is blocked for this layer
2025-11-30 04:38:17,185 - Scraping log - scraper.py > get_service_info(): Line 316 - WARNING - sdt_17_06_cabanes_forestieres_cluster: GetMap request is blocked for this layer
2025-11-30 04:38:17,796 - Scraping log - scraper.py > get_service_info(): Line 316 - WARNING - sdt_17_12_camping_interrogation: GetMap request is blocked for this layer
2025-11-30 04:38:18,438 - Scraping log - scraper.py > get_service_info(): Line 316 - WARNING - sdt_17_12_camping_cluster: GetMap request is blocked for this layer
2025-11-30 04:38:19,147 - Scraping log - scraper.py > get_service_info(): Line 316 - WARNING - sdt_17_13_cabanes_an_cas_interrogation: GetMap request is blocked for this layer
2025-11-30 04:38:19,771 - Scraping log - scraper.py > get_service_info(): Line 316 - WARNING - sdt_17_13_cabanes_an_cas_cluster: GetMap request is blocked for this layer
2025-11-30 04:38:20,399 - Scraping log - scraper.py > get_service_info(): Line 316 - WARNING - sdt_09_14_chemins_randonnee_pedestre_poteaux_balisage: GetMap request is blocked for this layer
2025-11-30 04:38:21,096 - Scraping log - scraper.py > get_service_info(): Line 316 - WARNING - sdt_09_14_chemins_randonnee_pedestre_temps_de_marche_texte: GetMap request is blocked for this layer
2025-11-30 04:38:21,734 - Scraping log - scraper.py > get_service_info(): Line 316 - WARNING - sdt_09_14_chemins_randonnee_pedestre_fleches: GetMap request is blocked for this layer
2025-11-30 04:38:22,355 - Scraping log - scraper.py > get_service_info(): Line 316 - WARNING - sdt_09_08_fermeture_provisoire_polygone: GetMap request is blocked for this layer
2025-11-30 04:38:22,983 - Scraping log - scraper.py > get_service_info(): Line 316 - WARNING - sdt_09_08_fermeture_provisoire_point: GetMap request is blocked for this layer
2025-11-30 04:38:23,646 - Scraping log - scraper.py > get_service_info(): Line 316 - WARNING - sdt_17_11_pistes_pour_cavaliers_itineraires: GetMap request is blocked for this layer
2025-11-30 04:38:24,262 - Scraping log - scraper.py > get_service_info(): Line 316 - WARNING - sdt_17_11_pistes_pour_cavaliers_numero_itineraire: GetMap request is blocked for this layer
2025-11-30 04:38:24,906 - Scraping log - scraper.py > get_service_info(): Line 316 - WARNING - env_03_13_arbres_remarquables_points_interrogation: GetMap request is blocked for this layer
2025-11-30 04:38:25,525 - Scraping log - scraper.py > get_service_info(): Line 316 - WARNING - env_03_13_arbres_remarquables_points_publier: GetMap request is blocked for this layer
2025-11-30 04:38:26,253 - Scraping log - scraper.py > get_service_info(): Line 316 - WARNING - env_03_13_arbres_remarquables_points_validation: GetMap request is blocked for this layer
2025-11-30 04:38:26,880 - Scraping log - scraper.py > get_service_info(): Line 316 - WARNING - sdt_17_11_pistes_equesteres_chemins_pedestres_hivernaux_reseaux: GetMap request is blocked for this layer
2025-11-30 04:38:27,514 - Scraping log - scraper.py > get_service_info(): Line 316 - WARNING - sdt_17_11_pistes_equesteres_chemins_pedestres_hivernaux_parc: GetMap request is blocked for this layer
2025-11-30 04:38:28,146 - Scraping log - scraper.py > get_service_info(): Line 316 - WARNING - sdt_17_11_parcours_vita_itineraires: GetMap request is blocked for this layer
2025-11-30 04:38:28,763 - Scraping log - scraper.py > get_service_info(): Line 316 - WARNING - sdt_17_11_parcours_vita_depart: GetMap request is blocked for this layer
2025-11-30 04:38:29,408 - Scraping log - scraper.py > get_service_info(): Line 316 - WARNING - osm_ombrage_1m: GetMap request is blocked for this layer
2025-11-30 04:38:30,704 - Scraping log - scraper.py > get_service_info(): Line 316 - WARNING - osm_perimetre_zone_batir: GetMap request is blocked for this layer
2025-11-30 04:38:31,357 - Scraping log - scraper.py > get_service_info(): Line 316 - WARNING - osm_roadsclose_1: GetMap request is blocked for this layer
2025-11-30 04:38:31,997 - Scraping log - scraper.py > get_service_info(): Line 316 - WARNING - osm_roadsclose_2: GetMap request is blocked for this layer
2025-11-30 04:38:32,617 - Scraping log - scraper.py > get_service_info(): Line 316 - WARNING - osm_roadsclose_3: GetMap request is blocked for this layer
2025-11-30 04:38:33,230 - Scraping log - scraper.py > get_service_info(): Line 316 - WARNING - osm_roadsclose_4: GetMap request is blocked for this layer
2025-11-30 04:38:33,870 - Scraping log - scraper.py > get_service_info(): Line 316 - WARNING - osm_railways_1: GetMap request is blocked for this layer
2025-11-30 04:38:34,504 - Scraping log - scraper.py > get_service_info(): Line 316 - WARNING - osm_railways_2: GetMap request is blocked for this layer
2025-11-30 04:38:35,129 - Scraping log - scraper.py > get_service_info(): Line 316 - WARNING - fond_plan_blanc_fond_plan_cadastral_complement: GetMap request is blocked for this layer
2025-11-30 04:38:37,658 - Scraping log - scraper.py > get_service_info(): Line 316 - WARNING - cadastre_cache_ombrage: GetMap request is blocked for this layer
2025-11-30 04:38:38,261 - Scraping log - scraper.py > get_service_info(): Line 316 - WARNING - cadastre_osm_perimetre_zone_batir: GetMap request is blocked for this layer
2025-11-30 04:38:38,896 - Scraping log - scraper.py > get_service_info(): Line 316 - WARNING - cadastre_osm_perimetre_zone_batir_moutier: GetMap request is blocked for this layer
2025-11-30 04:38:39,514 - Scraping log - scraper.py > get_service_info(): Line 316 - WARNING - cadastre_osm_forets: GetMap request is blocked for this layer
2025-11-30 04:38:40,142 - Scraping log - scraper.py > get_service_info(): Line 316 - WARNING - cadastre_osm_forets_moutier: GetMap request is blocked for this layer
2025-11-30 04:38:40,796 - Scraping log - scraper.py > get_service_info(): Line 316 - WARNING - cadastre_osm_lacs_ch: GetMap request is blocked for this layer
2025-11-30 04:38:41,411 - Scraping log - scraper.py > get_service_info(): Line 316 - WARNING - cadastre_osm_roadsclose_1: GetMap request is blocked for this layer
2025-11-30 04:38:42,079 - Scraping log - scraper.py > get_service_info(): Line 316 - WARNING - cadastre_osm_roadsclose_2: GetMap request is blocked for this layer
2025-11-30 04:38:42,718 - Scraping log - scraper.py > get_service_info(): Line 316 - WARNING - cadastre_osm_roadsclose_3: GetMap request is blocked for this layer
2025-11-30 04:38:43,365 - Scraping log - scraper.py > get_service_info(): Line 316 - WARNING - cadastre_osm_roadsclose_4: GetMap request is blocked for this layer
2025-11-30 04:38:44,004 - Scraping log - scraper.py > get_service_info(): Line 316 - WARNING - cadastre_osm_railways_1: GetMap request is blocked for this layer
2025-11-30 04:38:44,643 - Scraping log - scraper.py > get_service_info(): Line 316 - WARNING - cadastre_osm_railways_2: GetMap request is blocked for this layer
2025-11-30 04:38:45,273 - Scraping log - scraper.py > get_service_info(): Line 316 - WARNING - cadastre_osm_alsace_roadsclose_1: GetMap request is blocked for this layer
2025-11-30 04:38:45,880 - Scraping log - scraper.py > get_service_info(): Line 316 - WARNING - cadastre_osm_alsace_roadsclose_2: GetMap request is blocked for this layer
2025-11-30 04:38:46,500 - Scraping log - scraper.py > get_service_info(): Line 316 - WARNING - cadastre_osm_alsace_roadsclose_3: GetMap request is blocked for this layer
2025-11-30 04:38:47,143 - Scraping log - scraper.py > get_service_info(): Line 316 - WARNING - cadastre_osm_alsace_roadsclose_4: GetMap request is blocked for this layer
2025-11-30 04:38:47,757 - Scraping log - scraper.py > get_service_info(): Line 316 - WARNING - cadastre_osm_alsace_railways_1: GetMap request is blocked for this layer
2025-11-30 04:38:48,367 - Scraping log - scraper.py > get_service_info(): Line 316 - WARNING - cadastre_osm_alsace_railways_2: GetMap request is blocked for this layer
2025-11-30 04:38:49,013 - Scraping log - scraper.py > get_service_info(): Line 316 - WARNING - cadastre_osm_franche-comte_roadsclose_1: GetMap request is blocked for this layer
2025-11-30 04:38:49,635 - Scraping log - scraper.py > get_service_info(): Line 316 - WARNING - cadastre_osm_franche-comte_roadsclose_2: GetMap request is blocked for this layer
2025-11-30 04:38:50,275 - Scraping log - scraper.py > get_service_info(): Line 316 - WARNING - cadastre_osm_franche-comte_roadsclose_3: GetMap request is blocked for this layer
2025-11-30 04:38:50,881 - Scraping log - scraper.py > get_service_info(): Line 316 - WARNING - cadastre_osm_franche-comte_roadsclose_4: GetMap request is blocked for this layer
2025-11-30 04:38:51,536 - Scraping log - scraper.py > get_service_info(): Line 316 - WARNING - cadastre_osm_franche-comte_railways_1: GetMap request is blocked for this layer
2025-11-30 04:38:52,154 - Scraping log - scraper.py > get_service_info(): Line 316 - WARNING - cadastre_osm_franche-comte_railways_2: GetMap request is blocked for this layer
2025-11-30 04:38:52,798 - Scraping log - scraper.py > get_service_info(): Line 316 - WARNING - cadastre_osm_baden_wurttemberg_roadsclose_1: GetMap request is blocked for this layer
2025-11-30 04:38:53,430 - Scraping log - scraper.py > get_service_info(): Line 316 - WARNING - cadastre_osm_baden_wurttemberg_roadsclose_2: GetMap request is blocked for this layer
2025-11-30 04:38:54,055 - Scraping log - scraper.py > get_service_info(): Line 316 - WARNING - cadastre_osm_baden_wurttemberg_roadsclose_3: GetMap request is blocked for this layer
2025-11-30 04:38:54,675 - Scraping log - scraper.py > get_service_info(): Line 316 - WARNING - cadastre_osm_baden_wurttemberg_roadsclose_4: GetMap request is blocked for this layer
2025-11-30 04:38:55,316 - Scraping log - scraper.py > get_service_info(): Line 316 - WARNING - cadastre_osm_baden_wurttemberg_railways_1: GetMap request is blocked for this layer
2025-11-30 04:38:55,944 - Scraping log - scraper.py > get_service_info(): Line 316 - WARNING - cadastre_osm_baden_wurttemberg_railways_2: GetMap request is blocked for this layer
2025-11-30 04:38:56,576 - Scraping log - scraper.py > get_service_info(): Line 316 - WARNING - cadastre_osm_canton_ju: GetMap request is blocked for this layer
2025-11-30 04:38:57,260 - Scraping log - scraper.py > get_service_info(): Line 316 - WARNING - cadastre_osm_districts_ju: GetMap request is blocked for this layer
2025-11-30 04:38:57,887 - Scraping log - scraper.py > get_service_info(): Line 316 - WARNING - cadastre_osm_communes_ju_moutier: GetMap request is blocked for this layer
2025-11-30 04:38:58,509 - Scraping log - scraper.py > get_service_info(): Line 316 - WARNING - cadastre_osm_communes_ju: GetMap request is blocked for this layer
2025-11-30 04:38:59,147 - Scraping log - scraper.py > get_service_info(): Line 316 - WARNING - cadastre_osm_localites_ju: GetMap request is blocked for this layer
2025-11-30 04:38:59,784 - Scraping log - scraper.py > get_service_info(): Line 316 - WARNING - cadastre_osm_canton_ch: GetMap request is blocked for this layer
2025-11-30 04:39:00,399 - Scraping log - scraper.py > get_service_info(): Line 316 - WARNING - Noms_Cantons_Villes: GetMap request is blocked for this layer
2025-11-30 04:39:01,018 - Scraping log - scraper.py > get_service_info(): Line 316 - WARNING - crdppf_sdt_01_04_md_sit_cs_surface: GetMap request is blocked for this layer
2025-11-30 04:39:01,659 - Scraping log - scraper.py > get_service_info(): Line 316 - WARNING - crdppf_sdt_01_04_md_sit_cs_surface_batiment: GetMap request is blocked for this layer
2025-11-30 04:39:02,268 - Scraping log - scraper.py > get_service_info(): Line 316 - WARNING - crdppf_sdt_01_04_md_sit_cs_surface_batiments_proj: GetMap request is blocked for this layer
2025-11-30 04:39:02,897 - Scraping log - scraper.py > get_service_info(): Line 316 - WARNING - crdppf_sdt_01_04_md_sit_adr_entree_batiment: GetMap request is blocked for this layer
2025-11-30 04:39:03,496 - Scraping log - scraper.py > get_service_info(): Line 316 - WARNING - crdppf_sdt_01_04_md_sit_cs_numero_batiment_proj: GetMap request is blocked for this layer
2025-11-30 04:39:04,129 - Scraping log - scraper.py > get_service_info(): Line 316 - WARNING - crdppf_sdt_01_04_md_sit_objets_divers_postext: GetMap request is blocked for this layer
2025-11-30 04:39:04,749 - Scraping log - scraper.py > get_service_info(): Line 316 - WARNING - crdppf_sdt_01_04_md_sit_adr_entree_batiment_od: GetMap request is blocked for this layer
2025-11-30 04:39:05,376 - Scraping log - scraper.py > get_service_info(): Line 316 - WARNING - crdppf_sdt_01_04_md_sit_objets_divers_lignes: GetMap request is blocked for this layer
2025-11-30 04:39:06,010 - Scraping log - scraper.py > get_service_info(): Line 316 - WARNING - crdppf_sdt_01_04_md_sit_objets_divers_polygones: GetMap request is blocked for this layer
2025-11-30 04:39:06,644 - Scraping log - scraper.py > get_service_info(): Line 316 - WARNING - crdppf_real_estate_wms: GetMap request is blocked for this layer
2025-11-30 04:39:07,264 - Scraping log - scraper.py > get_service_info(): Line 316 - WARNING - crdppf_sdt_01_04_md_sit_bf_bien_fonds_proj: GetMap request is blocked for this layer
2025-11-30 04:39:07,897 - Scraping log - scraper.py > get_service_info(): Line 316 - WARNING - crdppf_real_estate_wms_ddp: GetMap request is blocked for this layer
2025-11-30 04:39:08,516 - Scraping log - scraper.py > get_service_info(): Line 316 - WARNING - crdppf_sdt_01_04_md_sit_bf_ddp_proj: GetMap request is blocked for this layer
2025-11-30 04:39:09,143 - Scraping log - scraper.py > get_service_info(): Line 316 - WARNING - crdppfsdt_01_04_md_sit_bf_posimmeuble_ligne_auxiliaire: GetMap request is blocked for this layer
2025-11-30 04:39:09,805 - Scraping log - scraper.py > get_service_info(): Line 316 - WARNING - crdppf_sdt_01_04_md_sit_bf_posimmeuble_proj_ligne_aux: GetMap request is blocked for this layer
2025-11-30 04:39:10,454 - Scraping log - scraper.py > get_service_info(): Line 316 - WARNING - crdppf_sdt_01_04_md_sit_bf_posimmeuble_1: GetMap request is blocked for this layer
2025-11-30 04:39:11,069 - Scraping log - scraper.py > get_service_info(): Line 316 - WARNING - crdppf_sdt_01_04_md_sit_bf_posimmeuble_2: GetMap request is blocked for this layer
2025-11-30 04:39:11,704 - Scraping log - scraper.py > get_service_info(): Line 316 - WARNING - crdppf_sdt_01_04_md_sit_bf_posimmeuble_3: GetMap request is blocked for this layer
2025-11-30 04:39:12,404 - Scraping log - scraper.py > get_service_info(): Line 316 - WARNING - crdppf_sdt_01_04_md_sit_bf_posimmeuble_proj_1: GetMap request is blocked for this layer
2025-11-30 04:39:13,030 - Scraping log - scraper.py > get_service_info(): Line 316 - WARNING - crdppf_sdt_01_04_md_sit_bf_posimmeuble_proj_2: GetMap request is blocked for this layer
2025-11-30 04:39:13,662 - Scraping log - scraper.py > get_service_info(): Line 316 - WARNING - crdppf_sdt_01_04_md_sit_bf_posimmeuble_proj_3: GetMap request is blocked for this layer
2025-11-30 04:39:14,305 - Scraping log - scraper.py > get_service_info(): Line 316 - WARNING - crdppf_sdt_01_04_md_sit_objets_divers_ponctuel: GetMap request is blocked for this layer
2025-11-30 04:39:14,943 - Scraping log - scraper.py > get_service_info(): Line 316 - WARNING - crdppf_sdt_01_04_md_sit_bf_points_limites: GetMap request is blocked for this layer
2025-11-30 04:39:15,563 - Scraping log - scraper.py > get_service_info(): Line 316 - WARNING - crdppf_sdt_01_04_md_sit_nomenclature_noms_posnom_nom_local: GetMap request is blocked for this layer
2025-11-30 04:39:16,168 - Scraping log - scraper.py > get_service_info(): Line 316 - WARNING - crdppf_sdt_01_04_md_sit_adr_troncon_rue: GetMap request is blocked for this layer
2025-11-30 04:39:16,793 - Scraping log - scraper.py > get_service_info(): Line 316 - WARNING - sdt_01_04_md_sit_nomenclature_noms_posnom_lieu_dit: GetMap request is blocked for this layer
2025-11-30 04:39:17,419 - Scraping log - scraper.py > get_service_info(): Line 316 - WARNING - crdppf_sdt_01_04_md_sit_nomenclature_noms_posnom_nom_de_lieu: GetMap request is blocked for this layer
2025-11-30 04:39:18,070 - Scraping log - scraper.py > get_service_info(): Line 316 - WARNING - crdppf_page_garde_sdt_01_04_md_sit_cs_surface_nb: GetMap request is blocked for this layer
2025-11-30 04:39:18,713 - Scraping log - scraper.py > get_service_info(): Line 316 - WARNING - crdppf_page_garde_sdt_01_04_md_sit_cs_surface_batiment: GetMap request is blocked for this layer
2025-11-30 04:39:19,358 - Scraping log - scraper.py > get_service_info(): Line 316 - WARNING - crdppf_page_garde_sdt_01_04_md_sit_cs_surface_batiments_proj: GetMap request is blocked for this layer
2025-11-30 04:39:19,978 - Scraping log - scraper.py > get_service_info(): Line 316 - WARNING - crdppf_page_garde_sdt_01_04_md_sit_adr_entree_batiment: GetMap request is blocked for this layer
2025-11-30 04:39:20,623 - Scraping log - scraper.py > get_service_info(): Line 316 - WARNING - crdppf_page_garde_sdt_01_04_md_sit_cs_numero_batiment_proj: GetMap request is blocked for this layer
2025-11-30 04:39:21,236 - Scraping log - scraper.py > get_service_info(): Line 316 - WARNING - crdppf_page_garde_sdt_01_04_md_sit_objets_divers_postext: GetMap request is blocked for this layer
2025-11-30 04:39:21,846 - Scraping log - scraper.py > get_service_info(): Line 316 - WARNING - crdppf_page_garde_sdt_01_04_md_sit_adr_entree_batiment_od: GetMap request is blocked for this layer
2025-11-30 04:39:22,464 - Scraping log - scraper.py > get_service_info(): Line 316 - WARNING - crdppf_page_garde_sdt_01_04_md_sit_objets_divers_lignes: GetMap request is blocked for this layer
2025-11-30 04:39:23,086 - Scraping log - scraper.py > get_service_info(): Line 316 - WARNING - crdppf_page_garde_sdt_01_04_md_sit_objets_divers_polygones: GetMap request is blocked for this layer
2025-11-30 04:39:23,697 - Scraping log - scraper.py > get_service_info(): Line 316 - WARNING - crdppf_page_garde_real_estate_wms: GetMap request is blocked for this layer
2025-11-30 04:39:24,338 - Scraping log - scraper.py > get_service_info(): Line 316 - WARNING - crdppf_page_garde_sdt_01_04_md_sit_bf_bien_fonds_proj: GetMap request is blocked for this layer
2025-11-30 04:39:24,968 - Scraping log - scraper.py > get_service_info(): Line 316 - WARNING - rdppf_page_garde_real_estate_wms_ddp: GetMap request is blocked for this layer
2025-11-30 04:39:25,596 - Scraping log - scraper.py > get_service_info(): Line 316 - WARNING - crdppf_page_garde_sdt_01_04_md_sit_bf_ddp_proj: GetMap request is blocked for this layer
2025-11-30 04:39:26,238 - Scraping log - scraper.py > get_service_info(): Line 316 - WARNING - crdppf_page_garde_sdt_01_04_md_sit_bf_posimmeuble_ligne_auxiliaire: GetMap request is blocked for this layer
2025-11-30 04:39:26,884 - Scraping log - scraper.py > get_service_info(): Line 316 - WARNING - crdppf_page_garde_sdt_01_04_md_sit_bf_posimmeuble_proj_ligne_aux: GetMap request is blocked for this layer
2025-11-30 04:39:27,506 - Scraping log - scraper.py > get_service_info(): Line 316 - WARNING - crdppf_page_garde_sdt_01_04_md_sit_bf_posimmeuble_1: GetMap request is blocked for this layer
2025-11-30 04:39:28,118 - Scraping log - scraper.py > get_service_info(): Line 316 - WARNING - crdppf_page_garde_sdt_01_04_md_sit_bf_posimmeuble_2: GetMap request is blocked for this layer
2025-11-30 04:39:28,768 - Scraping log - scraper.py > get_service_info(): Line 316 - WARNING - crdppf_page_garde_sdt_01_04_md_sit_bf_posimmeuble_3: GetMap request is blocked for this layer
2025-11-30 04:39:29,430 - Scraping log - scraper.py > get_service_info(): Line 316 - WARNING - crdppf_page_garde_sdt_01_04_md_sit_bf_posimmeuble_proj_1: GetMap request is blocked for this layer
2025-11-30 04:39:30,065 - Scraping log - scraper.py > get_service_info(): Line 316 - WARNING - crdppf_page_garde_sdt_01_04_md_sit_bf_posimmeuble_proj_2: GetMap request is blocked for this layer
2025-11-30 04:39:30,716 - Scraping log - scraper.py > get_service_info(): Line 316 - WARNING - crdppf_page_garde_sdt_01_04_md_sit_bf_posimmeuble_proj_3: GetMap request is blocked for this layer
2025-11-30 04:39:31,358 - Scraping log - scraper.py > get_service_info(): Line 316 - WARNING - crdppf_csdt_01_04_md_sit_objets_divers_ponctuel: GetMap request is blocked for this layer
2025-11-30 04:39:32,012 - Scraping log - scraper.py > get_service_info(): Line 316 - WARNING - crdppf_page_garde_sdt_01_04_md_sit_bf_points_limites: GetMap request is blocked for this layer
2025-11-30 04:39:32,632 - Scraping log - scraper.py > get_service_info(): Line 316 - WARNING - crdppf_page_garde_sdt_01_04_md_sit_nomenclature_noms_posnom_nom_local: GetMap request is blocked for this layer
2025-11-30 04:39:33,272 - Scraping log - scraper.py > get_service_info(): Line 316 - WARNING - crdppf_page_garde_sdt_01_04_md_sit_adr_troncon_rue: GetMap request is blocked for this layer
2025-11-30 04:39:33,903 - Scraping log - scraper.py > get_service_info(): Line 316 - WARNING - crdppf_page_garde_sdt_01_04_md_sit_nomenclature_noms_posnom_lieu_dit: GetMap request is blocked for this layer
2025-11-30 04:39:34,522 - Scraping log - scraper.py > get_service_info(): Line 316 - WARNING - crdppf_page_garde_sdt_01_04_md_sit_nomenclature_noms_posnom_nom_de_lieu: GetMap request is blocked for this layer
2025-11-30 04:39:35,167 - Scraping log - scraper.py > get_service_info(): Line 316 - WARNING - Commune_POI_administration_cantonale_interrogation: GetMap request is blocked for this layer
2025-11-30 04:39:35,795 - Scraping log - scraper.py > get_service_info(): Line 316 - WARNING - Commune_POI_administration_cantonale_cluster: GetMap request is blocked for this layer
2025-11-30 04:39:36,416 - Scraping log - scraper.py > get_service_info(): Line 316 - WARNING - Commune_POI_administration_cantonale_point: GetMap request is blocked for this layer
2025-11-30 04:39:37,149 - Scraping log - scraper.py > get_service_info(): Line 316 - WARNING - Commune_POI_administration_communale_interrogation: GetMap request is blocked for this layer
2025-11-30 04:39:37,789 - Scraping log - scraper.py > get_service_info(): Line 316 - WARNING - Commune_POI_administration_communale_cluster: GetMap request is blocked for this layer
2025-11-30 04:39:38,418 - Scraping log - scraper.py > get_service_info(): Line 316 - WARNING - Commune_POI_administration_communale_point: GetMap request is blocked for this layer
2025-11-30 04:39:39,041 - Scraping log - scraper.py > get_service_info(): Line 316 - WARNING - Commune_POI_autres_services_interrogation: GetMap request is blocked for this layer
2025-11-30 04:39:39,675 - Scraping log - scraper.py > get_service_info(): Line 316 - WARNING - Commune_POI_autres_services_cluster: GetMap request is blocked for this layer
2025-11-30 04:39:40,297 - Scraping log - scraper.py > get_service_info(): Line 316 - WARNING - Commune_POI_autres_services_point: GetMap request is blocked for this layer
2025-11-30 04:39:40,929 - Scraping log - scraper.py > get_service_info(): Line 316 - WARNING - Commune_POI_bureau_vote_interrogation: GetMap request is blocked for this layer
2025-11-30 04:39:41,529 - Scraping log - scraper.py > get_service_info(): Line 316 - WARNING - Commune_POI_bureau_vote_cluster: GetMap request is blocked for this layer
2025-11-30 04:39:42,152 - Scraping log - scraper.py > get_service_info(): Line 316 - WARNING - Commune_POI_bureau_vote_point: GetMap request is blocked for this layer
2025-11-30 04:39:42,777 - Scraping log - scraper.py > get_service_info(): Line 316 - WARNING - Commune_POI_ecoles_interrogation: GetMap request is blocked for this layer
2025-11-30 04:39:43,426 - Scraping log - scraper.py > get_service_info(): Line 316 - WARNING - Commune_POI_ecoles_cluster: GetMap request is blocked for this layer
2025-11-30 04:39:44,065 - Scraping log - scraper.py > get_service_info(): Line 316 - WARNING - Commune_POI_ecoles_point: GetMap request is blocked for this layer
2025-11-30 04:39:44,699 - Scraping log - scraper.py > get_service_info(): Line 316 - WARNING - Commune_POI_enfance_interrogation: GetMap request is blocked for this layer
2025-11-30 04:39:45,324 - Scraping log - scraper.py > get_service_info(): Line 316 - WARNING - Commune_POI_enfance_cluster: GetMap request is blocked for this layer
2025-11-30 04:39:45,964 - Scraping log - scraper.py > get_service_info(): Line 316 - WARNING - Commune_POI_enfance_point: GetMap request is blocked for this layer
2025-11-30 04:39:47,582 - Scraping log - scraper.py > get_service_info(): Line 316 - WARNING - Commune_POI_installations_sportives_interrogation: GetMap request is blocked for this layer
2025-11-30 04:39:49,186 - Scraping log - scraper.py > get_service_info(): Line 316 - WARNING - Commune_POI_installations_sportives_cluster: GetMap request is blocked for this layer
2025-11-30 04:39:49,800 - Scraping log - scraper.py > get_service_info(): Line 316 - WARNING - Commune_POI_installations_sportives_point: GetMap request is blocked for this layer
2025-11-30 04:39:50,431 - Scraping log - scraper.py > get_service_info(): Line 316 - WARNING - Commune_POI_salles_sites_loisirs_interrogation: GetMap request is blocked for this layer
2025-11-30 04:39:51,088 - Scraping log - scraper.py > get_service_info(): Line 316 - WARNING - Commune_POI_salles_sites_loisirs_cluster: GetMap request is blocked for this layer
2025-11-30 04:39:52,709 - Scraping log - scraper.py > get_service_info(): Line 316 - WARNING - Commune_POI_salles_sites_loisirs_point: GetMap request is blocked for this layer
2025-11-30 04:39:54,352 - Scraping log - scraper.py > get_service_info(): Line 316 - WARNING - Commune_POI_sante_interrogation: GetMap request is blocked for this layer
2025-11-30 04:39:54,981 - Scraping log - scraper.py > get_service_info(): Line 316 - WARNING - Commune_POI_sante_cluster: GetMap request is blocked for this layer
2025-11-30 04:39:55,591 - Scraping log - scraper.py > get_service_info(): Line 316 - WARNING - Commune_POI_sante_point: GetMap request is blocked for this layer
2025-11-30 04:39:56,227 - Scraping log - scraper.py > get_service_info(): Line 316 - WARNING - Commune_POI_wc_publics_interrogation: GetMap request is blocked for this layer
2025-11-30 04:39:58,174 - Scraping log - scraper.py > get_service_info(): Line 316 - WARNING - Commune_POI_wc_publics_cluster: GetMap request is blocked for this layer
2025-11-30 04:39:58,781 - Scraping log - scraper.py > get_service_info(): Line 316 - WARNING - Commune_POI_wc_publics_point: GetMap request is blocked for this layer
2025-11-30 04:39:59,426 - Scraping log - scraper.py > get_service_info(): Line 316 - WARNING - Commune_Places_de_jeuxs_interrogation: GetMap request is blocked for this layer
2025-11-30 04:40:00,200 - Scraping log - scraper.py > get_service_info(): Line 316 - WARNING - Commune_Places_de_jeux_cluster: GetMap request is blocked for this layer
2025-11-30 04:40:00,926 - Scraping log - scraper.py > get_service_info(): Line 316 - WARNING - Commune_Places_de_jeux_point: GetMap request is blocked for this layer
2025-11-30 04:40:01,751 - Scraping log - scraper.py > get_service_info(): Line 316 - WARNING - Commune_Hotel_interrogation: GetMap request is blocked for this layer
2025-11-30 04:40:02,537 - Scraping log - scraper.py > get_service_info(): Line 316 - WARNING - Commune_Hotels_cluster: GetMap request is blocked for this layer
2025-11-30 04:40:03,157 - Scraping log - scraper.py > get_service_info(): Line 316 - WARNING - Commune_Hotel_point: GetMap request is blocked for this layer
2025-11-30 04:40:03,819 - Scraping log - scraper.py > get_service_info(): Line 316 - WARNING - Commune_Restaurant_interrogation: GetMap request is blocked for this layer
2025-11-30 04:40:04,493 - Scraping log - scraper.py > get_service_info(): Line 316 - WARNING - Commune_Restaurant_cluster: GetMap request is blocked for this layer
2025-11-30 04:40:05,323 - Scraping log - scraper.py > get_service_info(): Line 316 - WARNING - Commune_Restaurant_point: GetMap request is blocked for this layer
2025-11-30 04:40:05,997 - Scraping log - scraper.py > get_service_info(): Line 316 - WARNING - Commune_Poubelles_interrogation: GetMap request is blocked for this layer
2025-11-30 04:40:06,634 - Scraping log - scraper.py > get_service_info(): Line 316 - WARNING - Commune_Poubelles_couvercle_cluster: GetMap request is blocked for this layer
2025-11-30 04:40:07,271 - Scraping log - scraper.py > get_service_info(): Line 316 - WARNING - Commune_Poubelles_sans_couvercle_cluster: GetMap request is blocked for this layer
2025-11-30 04:40:07,902 - Scraping log - scraper.py > get_service_info(): Line 316 - WARNING - Commune_Distributeurs_sachets_canins_interrogation: GetMap request is blocked for this layer
2025-11-30 04:40:08,536 - Scraping log - scraper.py > get_service_info(): Line 316 - WARNING - Commune_Distributeurs_sachets_canins_cluster: GetMap request is blocked for this layer
2025-11-30 04:40:09,151 - Scraping log - scraper.py > get_service_info(): Line 316 - WARNING - Commune_Bancs_publics_interrogation: GetMap request is blocked for this layer
2025-11-30 04:40:09,860 - Scraping log - scraper.py > get_service_info(): Line 316 - WARNING - Commune_Bancs_publics_cluster: GetMap request is blocked for this layer
2025-11-30 04:40:10,508 - Scraping log - scraper.py > get_service_info(): Line 316 - WARNING - Commune_Parcs_a_Velo_interrogation: GetMap request is blocked for this layer
2025-11-30 04:40:11,188 - Scraping log - scraper.py > get_service_info(): Line 316 - WARNING - Commune_Parcs_a_Velo_cluster: GetMap request is blocked for this layer
2025-11-30 04:40:11,812 - Scraping log - scraper.py > get_service_info(): Line 316 - WARNING - Commune_Parcs_a_Velo_point: GetMap request is blocked for this layer
2025-11-30 04:40:12,446 - Scraping log - scraper.py > get_service_info(): Line 316 - WARNING - Commune_Enseignes_Vieille_ville_interrogation: GetMap request is blocked for this layer
2025-11-30 04:40:13,053 - Scraping log - scraper.py > get_service_info(): Line 316 - WARNING - Commune_Enseignes_Vieille_ville_cluster: GetMap request is blocked for this layer
2025-11-30 04:40:13,706 - Scraping log - scraper.py > get_service_info(): Line 316 - WARNING - Commune_Enseignes_Vieille_ville_point: GetMap request is blocked for this layer
2025-11-30 04:40:14,340 - Scraping log - scraper.py > get_service_info(): Line 316 - WARNING - commune_cimetiere_agrandissement: GetMap request is blocked for this layer
2025-11-30 04:40:15,024 - Scraping log - scraper.py > get_service_info(): Line 316 - WARNING - commune_cimetiere_agrandissement_text: GetMap request is blocked for this layer
2025-11-30 04:40:15,624 - Scraping log - scraper.py > get_service_info(): Line 316 - WARNING - commune_cimetiere_agrandissement_fleche: GetMap request is blocked for this layer
2025-11-30 04:40:16,249 - Scraping log - scraper.py > get_service_info(): Line 316 - WARNING - commune_cimetiere_tombes: GetMap request is blocked for this layer
2025-11-30 04:40:16,894 - Scraping log - scraper.py > get_service_info(): Line 316 - WARNING - Commune_POI_handicap_WC_Accessible_interrogation: GetMap request is blocked for this layer
2025-11-30 04:40:17,519 - Scraping log - scraper.py > get_service_info(): Line 316 - WARNING - Commune_POI_handicap_WC_Accessible_cluster: GetMap request is blocked for this layer
2025-11-30 04:40:18,149 - Scraping log - scraper.py > get_service_info(): Line 316 - WARNING - Commune_POI_handicap_WC_Accessible_point: GetMap request is blocked for this layer
2025-11-30 04:40:18,758 - Scraping log - scraper.py > get_service_info(): Line 316 - WARNING - Commune_POI_handicap_WC_Accessible_partiellement_interrogation: GetMap request is blocked for this layer
2025-11-30 04:40:19,424 - Scraping log - scraper.py > get_service_info(): Line 316 - WARNING - Commune_POI_handicap_WC_Accessible_partiellement_cluster: GetMap request is blocked for this layer
2025-11-30 04:40:20,067 - Scraping log - scraper.py > get_service_info(): Line 316 - WARNING - Commune_POI_handicap_WC_Accessible_partiellement_point: GetMap request is blocked for this layer
2025-11-30 04:40:20,687 - Scraping log - scraper.py > get_service_info(): Line 316 - WARNING - Commune_POI_handicap_WC_non_Accessible_interrogation: GetMap request is blocked for this layer
2025-11-30 04:40:21,346 - Scraping log - scraper.py > get_service_info(): Line 316 - WARNING - Commune_POI_handicap_WC_non_Accessible_cluster: GetMap request is blocked for this layer
2025-11-30 04:40:22,136 - Scraping log - scraper.py > get_service_info(): Line 316 - WARNING - Commune_POI_handicap_WC_non_Accessible_point: GetMap request is blocked for this layer
2025-11-30 04:40:22,744 - Scraping log - scraper.py > get_service_info(): Line 316 - WARNING - Commune_POI_handicap_Stationnement_interrogation: GetMap request is blocked for this layer
2025-11-30 04:40:23,380 - Scraping log - scraper.py > get_service_info(): Line 316 - WARNING - Commune_POI_handicap_Stationnement_cluster: GetMap request is blocked for this layer
2025-11-30 04:40:24,016 - Scraping log - scraper.py > get_service_info(): Line 316 - WARNING - Commune_POI_handicap_Stationnement_point: GetMap request is blocked for this layer
2025-11-30 04:40:24,656 - Scraping log - scraper.py > get_service_info(): Line 316 - WARNING - Commune_POI_handicap_batiment_Accessible_interrogation: GetMap request is blocked for this layer
2025-11-30 04:40:25,263 - Scraping log - scraper.py > get_service_info(): Line 316 - WARNING - Commune_POI_handicap_batiment_Accessible_cluster: GetMap request is blocked for this layer
2025-11-30 04:40:25,980 - Scraping log - scraper.py > get_service_info(): Line 316 - WARNING - Commune_POI_handicap_batiment_Accessible_point: GetMap request is blocked for this layer
2025-11-30 04:40:26,618 - Scraping log - scraper.py > get_service_info(): Line 316 - WARNING - Commune_POI_handicap_batiment_Accessible_partiellement_interrogation: GetMap request is blocked for this layer
2025-11-30 04:40:27,243 - Scraping log - scraper.py > get_service_info(): Line 316 - WARNING - Commune_POI_handicap_batiment_Accessible_partiellement_cluster: GetMap request is blocked for this layer
2025-11-30 04:40:27,888 - Scraping log - scraper.py > get_service_info(): Line 316 - WARNING - Commune_POI_handicap_batiment_Accessible_partiellement_point: GetMap request is blocked for this layer
2025-11-30 04:40:28,495 - Scraping log - scraper.py > get_service_info(): Line 316 - WARNING - Commune_POI_handicap_batiment_non_Accessible_interrogation: GetMap request is blocked for this layer
2025-11-30 04:40:29,105 - Scraping log - scraper.py > get_service_info(): Line 316 - WARNING - Commune_POI_handicap_batiment_non_Accessible_cluster: GetMap request is blocked for this layer
2025-11-30 04:40:29,860 - Scraping log - scraper.py > get_service_info(): Line 316 - WARNING - Commune_POI_handicap_batiment_non_Accessible_point: GetMap request is blocked for this layer
2025-11-30 04:40:30,653 - Scraping log - scraper.py > get_service_info(): Line 316 - WARNING - Commune_POI_handicap_Boucle_magnetique_interrogation: GetMap request is blocked for this layer
2025-11-30 04:40:31,266 - Scraping log - scraper.py > get_service_info(): Line 316 - WARNING - Commune_POI_handicap_Boucle_magnetique_cluster: GetMap request is blocked for this layer
2025-11-30 04:40:32,002 - Scraping log - scraper.py > get_service_info(): Line 316 - WARNING - Commune_POI_handicap_Boucle_magnetique_point: GetMap request is blocked for this layer
2025-11-30 04:40:32,626 - Scraping log - scraper.py > get_service_info(): Line 316 - WARNING - Commune_POI_handicap_Langues_signes_interrogation: GetMap request is blocked for this layer
2025-11-30 04:40:33,271 - Scraping log - scraper.py > get_service_info(): Line 316 - WARNING - Commune_POI_handicap_Langues_signes_cluster: GetMap request is blocked for this layer
2025-11-30 04:40:33,920 - Scraping log - scraper.py > get_service_info(): Line 316 - WARNING - Commune_POI_handicap_Langues_signes_point: GetMap request is blocked for this layer
2025-11-30 04:40:34,547 - Scraping log - scraper.py > get_service_info(): Line 316 - WARNING - oereb_r14_ch_ju_nature_reserves_landscape_protection_areas_interrogation: GetMap request is blocked for this layer
2025-11-30 04:40:35,174 - Scraping log - scraper.py > get_service_info(): Line 316 - WARNING - oereb_r14_ch_ju_nature_reserves_landscape_protection_areas_prot_paysagere: GetMap request is blocked for this layer
2025-11-30 04:40:35,789 - Scraping log - scraper.py > get_service_info(): Line 316 - WARNING - oereb_r14_ch_ju_nature_reserves_landscape_protection_areas_reserv_naturel: GetMap request is blocked for this layer
2025-11-30 04:40:36,429 - Scraping log - scraper.py > get_service_info(): Line 316 - WARNING - oereb_r14_ch_ju_nature_reserves_landscape_protection_areas_proj_interrogation: GetMap request is blocked for this layer
2025-11-30 04:40:37,078 - Scraping log - scraper.py > get_service_info(): Line 316 - WARNING - oereb_r14_ch_ju_nature_reserves_landscape_protection_areas_prot_paysagere_sans_effet: GetMap request is blocked for this layer
2025-11-30 04:40:37,776 - Scraping log - scraper.py > get_service_info(): Line 316 - WARNING - oereb_r14_ch_ju_nature_reserves_landscape_protection_areas_proj_prot_paysagere_avec_effet: GetMap request is blocked for this layer
2025-11-30 04:40:38,501 - Scraping log - scraper.py > get_service_info(): Line 316 - WARNING - oereb_r14_ch_ju_nature_reserves_landscape_protection_areas_proj_reserv_naturel_sans_effet: GetMap request is blocked for this layer
2025-11-30 04:40:39,115 - Scraping log - scraper.py > get_service_info(): Line 316 - WARNING - oereb_r14_ch_ju_nature_reserves_landscape_protection_areas_proj_reserv_naturel_avec_effet: GetMap request is blocked for this layer
2025-11-30 04:40:39,744 - Scraping log - scraper.py > get_service_info(): Line 316 - WARNING - oereb_r15_ch_ju_natural_monuments_point: GetMap request is blocked for this layer
2025-11-30 04:40:40,368 - Scraping log - scraper.py > get_service_info(): Line 316 - WARNING - oereb_r15_ch_ju_natural_monuments_poly: GetMap request is blocked for this layer
2025-11-30 04:40:41,008 - Scraping log - scraper.py > get_service_info(): Line 316 - WARNING - oereb_r73_land_use_plans_perimetres_superpose_polygon: GetMap request is blocked for this layer
2025-11-30 04:40:41,640 - Scraping log - scraper.py > get_service_info(): Line 316 - WARNING - oereb_r73_land_use_plans_perimetres_superpose_ligne: GetMap request is blocked for this layer
2025-11-30 04:40:42,257 - Scraping log - scraper.py > get_service_info(): Line 316 - WARNING - oereb_r73_land_use_plans_zones_superpose_2: GetMap request is blocked for this layer
2025-11-30 04:40:42,901 - Scraping log - scraper.py > get_service_info(): Line 316 - WARNING - oereb_r73_land_use_plans_zones_superpose_1: GetMap request is blocked for this layer
2025-11-30 04:40:43,527 - Scraping log - scraper.py > get_service_info(): Line 316 - WARNING - oereb_r117_contaminated_military_sites_area_wms: GetMap request is blocked for this layer
2025-11-30 04:40:44,139 - Scraping log - scraper.py > get_service_info(): Line 316 - WARNING - oereb_r117_contaminated_military_sites_point_wms: GetMap request is blocked for this layer
2025-11-30 04:40:44,764 - Scraping log - scraper.py > get_service_info(): Line 316 - WARNING - oereb_r118_contaminated_civil_aviation_sites_area_wms: GetMap request is blocked for this layer
2025-11-30 04:40:45,387 - Scraping log - scraper.py > get_service_info(): Line 316 - WARNING - oereb_r118_contaminated_civil_aviation_sites_point_wms: GetMap request is blocked for this layer
2025-11-30 04:40:46,026 - Scraping log - scraper.py > get_service_info(): Line 316 - WARNING - Moutier_batiments_cantonaux_bernois_interrogation: GetMap request is blocked for this layer
2025-11-30 04:40:46,658 - Scraping log - scraper.py > get_service_info(): Line 316 - WARNING - POI_Administration_communale_cluster: GetMap request is blocked for this layer
2025-11-30 04:40:46,658 - Scraping log - scraper.py >         <module>(): Line 751 - INFO - Running default scraper on KT_SG > https://services.geo.sg.ch/wss/service/SG00002_WMS/guest?REQUEST=GetCapabilities (source 163/1467)
2025-11-30 04:41:35,872 - Scraping log - scraper.py >         <module>(): Line 751 - INFO - Running default scraper on KT_SG > https://services.geo.sg.ch/wss/service/SG00002_WMTS/guest?REQUEST=GetCapabilities (source 164/1467)
2025-11-30 04:41:37,052 - Scraping log - scraper.py >         <module>(): Line 751 - INFO - Running default scraper on KT_SG > https://services.geo.sg.ch/wss/service/SG00135_WMS/guest?REQUEST=GetCapabilities (source 165/1467)
2025-11-30 04:41:40,355 - Scraping log - scraper.py >         <module>(): Line 751 - INFO - Running default scraper on KT_SG > https://services.geo.sg.ch/wss/service/SG00135_WMTS/guest?REQUEST=GetCapabilities (source 166/1467)
2025-11-30 04:41:41,557 - Scraping log - scraper.py >         <module>(): Line 751 - INFO - Running default scraper on KT_SG > https://services.geo.sg.ch/wss/service/SG00155_WMS/guest?REQUEST=GetCapabilities (source 167/1467)
2025-11-30 04:41:45,199 - Scraping log - scraper.py >         <module>(): Line 751 - INFO - Running default scraper on KT_SG > https://services.geo.sg.ch/wss/service/SG00155_WMTS/guest?REQUEST=GetCapabilities (source 168/1467)
2025-11-30 04:41:46,376 - Scraping log - scraper.py >         <module>(): Line 751 - INFO - Running default scraper on KT_SG > https://services.geo.sg.ch/wss/service/SG00046_WMS/guest?REQUEST=GetCapabilities (source 169/1467)
2025-11-30 04:41:49,991 - Scraping log - scraper.py >         <module>(): Line 751 - INFO - Running default scraper on KT_SG > https://services.geo.sg.ch/wss/service/SG00046_WMTS/guest?REQUEST=GetCapabilities (source 170/1467)
2025-11-30 04:41:51,163 - Scraping log - scraper.py >         <module>(): Line 751 - INFO - Running default scraper on KT_SG > https://services.geo.sg.ch/wss/service/SG00047_WMS/guest?REQUEST=GetCapabilities (source 171/1467)
2025-11-30 04:41:54,259 - Scraping log - scraper.py >         <module>(): Line 751 - INFO - Running default scraper on KT_SG > https://services.geo.sg.ch/wss/service/SG00047_WMTS/guest?REQUEST=GetCapabilities (source 172/1467)
2025-11-30 04:41:55,417 - Scraping log - scraper.py >         <module>(): Line 751 - INFO - Running default scraper on KT_SG > https://services.geo.sg.ch/wss/service/SG00015_WMS/guest?REQUEST=GetCapabilities (source 173/1467)
2025-11-30 04:41:59,079 - Scraping log - scraper.py >         <module>(): Line 751 - INFO - Running default scraper on KT_SG > https://services.geo.sg.ch/wss/service/SG00015_WMTS/guest?REQUEST=GetCapabilities (source 174/1467)
2025-11-30 04:42:00,447 - Scraping log - scraper.py >         <module>(): Line 751 - INFO - Running default scraper on KT_SG > https://services.geo.sg.ch/wss/service/SG00014_WMS/guest?REQUEST=GetCapabilities (source 175/1467)
2025-11-30 04:42:04,134 - Scraping log - scraper.py >         <module>(): Line 751 - INFO - Running default scraper on KT_SG > https://services.geo.sg.ch/wss/service/SG00014_WMTS/guest?REQUEST=GetCapabilities (source 176/1467)
2025-11-30 04:42:05,327 - Scraping log - scraper.py >         <module>(): Line 751 - INFO - Running default scraper on KT_SG > https://services.geo.sg.ch/wss/service/SG00072_WMS/guest?REQUEST=GetCapabilities (source 177/1467)
2025-11-30 04:42:07,817 - Scraping log - scraper.py >         <module>(): Line 751 - INFO - Running default scraper on KT_SG > https://services.geo.sg.ch/wss/service/SG00072_WMTS/guest?REQUEST=GetCapabilities (source 178/1467)
2025-11-30 04:42:08,981 - Scraping log - scraper.py >         <module>(): Line 751 - INFO - Running default scraper on KT_SG > https://services.geo.sg.ch/wss/service/SG00055_WMS/guest?REQUEST=GetCapabilities (source 179/1467)
2025-11-30 04:42:11,637 - Scraping log - scraper.py >         <module>(): Line 751 - INFO - Running default scraper on KT_SG > https://services.geo.sg.ch/wss/service/SG00055_WMTS/guest?REQUEST=GetCapabilities (source 180/1467)
2025-11-30 04:42:12,810 - Scraping log - scraper.py >         <module>(): Line 751 - INFO - Running default scraper on KT_SG > https://services.geo.sg.ch/wss/service/SG00066_WMS/guest?REQUEST=GetCapabilities (source 181/1467)
2025-11-30 04:42:15,324 - Scraping log - scraper.py >         <module>(): Line 751 - INFO - Running default scraper on KT_SG > https://services.geo.sg.ch/wss/service/SG00066_WMTS/guest?REQUEST=GetCapabilities (source 182/1467)
2025-11-30 04:42:16,504 - Scraping log - scraper.py >         <module>(): Line 751 - INFO - Running default scraper on KT_SG > https://services.geo.sg.ch/wss/service/SG00073_WMS/guest?REQUEST=GetCapabilities (source 183/1467)
2025-11-30 04:42:19,095 - Scraping log - scraper.py >         <module>(): Line 751 - INFO - Running default scraper on KT_SG > https://services.geo.sg.ch/wss/service/SG00073_WMTS/guest?REQUEST=GetCapabilities (source 184/1467)
2025-11-30 04:42:20,434 - Scraping log - scraper.py >         <module>(): Line 751 - INFO - Running default scraper on KT_SG > https://services.geo.sg.ch/wss/service/SG00031_WMS/guest?REQUEST=GetCapabilities (source 185/1467)
2025-11-30 04:42:22,993 - Scraping log - scraper.py >         <module>(): Line 751 - INFO - Running default scraper on KT_SG > https://services.geo.sg.ch/wss/service/SG00031_WMTS/guest?REQUEST=GetCapabilities (source 186/1467)
2025-11-30 04:42:24,186 - Scraping log - scraper.py >         <module>(): Line 751 - INFO - Running default scraper on KT_SG > https://services.geo.sg.ch/wss/service/SG00028_WFS/guest?REQUEST=GetCapabilities (source 187/1467)
2025-11-30 04:42:27,039 - Scraping log - scraper.py >         <module>(): Line 751 - INFO - Running default scraper on KT_SG > https://services.geo.sg.ch/wss/service/SG00028_WMS/guest?REQUEST=GetCapabilities (source 188/1467)
2025-11-30 04:42:33,947 - Scraping log - scraper.py >         <module>(): Line 751 - INFO - Running default scraper on KT_SG > https://services.geo.sg.ch/wss/service/SG00057_WMS/guest?REQUEST=GetCapabilities (source 189/1467)
2025-11-30 04:42:43,217 - Scraping log - scraper.py >         <module>(): Line 751 - INFO - Running default scraper on KT_SG > https://services.geo.sg.ch/wss/service/SG00017_WFS/guest?REQUEST=GetCapabilities (source 190/1467)
2025-11-30 04:42:45,365 - Scraping log - scraper.py >         <module>(): Line 751 - INFO - Running default scraper on KT_SG > https://services.geo.sg.ch/wss/service/SG00017_WMS/guest?REQUEST=GetCapabilities (source 191/1467)
2025-11-30 04:42:47,827 - Scraping log - scraper.py >         <module>(): Line 751 - INFO - Running default scraper on KT_SG > https://services.geo.sg.ch/wss/service/SG00095_WFS/guest?REQUEST=GetCapabilities (source 192/1467)
2025-11-30 04:42:52,325 - Scraping log - scraper.py >         <module>(): Line 751 - INFO - Running default scraper on KT_SG > https://services.geo.sg.ch/wss/service/SG00095_WMS/guest?REQUEST=GetCapabilities (source 193/1467)
2025-11-30 04:43:07,947 - Scraping log - scraper.py >         <module>(): Line 751 - INFO - Running default scraper on KT_SG > https://services.geo.sg.ch/wss/service/SG00058_WFS/guest?REQUEST=GetCapabilities (source 194/1467)
2025-11-30 04:43:10,531 - Scraping log - scraper.py >         <module>(): Line 751 - INFO - Running default scraper on KT_SG > https://services.geo.sg.ch/wss/service/SG00058_WMS/guest?REQUEST=GetCapabilities (source 195/1467)
2025-11-30 04:43:15,570 - Scraping log - scraper.py >         <module>(): Line 751 - INFO - Running default scraper on KT_SG > https://services.geo.sg.ch/wss/service/SG00129_WFS/guest?REQUEST=GetCapabilities (source 196/1467)
2025-11-30 04:43:17,739 - Scraping log - scraper.py >         <module>(): Line 751 - INFO - Running default scraper on KT_SG > https://services.geo.sg.ch/wss/service/SG00129_WMS/guest?REQUEST=GetCapabilities (source 197/1467)
2025-11-30 04:43:20,265 - Scraping log - scraper.py >         <module>(): Line 751 - INFO - Running default scraper on KT_SG > https://services.geo.sg.ch/wss/service/SG00104_WFS/guest?REQUEST=GetCapabilities (source 198/1467)
2025-11-30 04:43:23,101 - Scraping log - scraper.py >         <module>(): Line 751 - INFO - Running default scraper on KT_SG > https://services.geo.sg.ch/wss/service/SG00104_WMS/guest?REQUEST=GetCapabilities (source 199/1467)
2025-11-30 04:43:28,651 - Scraping log - scraper.py >         <module>(): Line 751 - INFO - Running default scraper on KT_SG > https://services.geo.sg.ch/wss/service/SG00105_WFS/guest?REQUEST=GetCapabilities (source 200/1467)
2025-11-30 04:43:31,262 - Scraping log - scraper.py >         <module>(): Line 751 - INFO - Running default scraper on KT_SG > https://services.geo.sg.ch/wss/service/SG00105_WMS/guest?REQUEST=GetCapabilities (source 201/1467)
2025-11-30 04:43:35,717 - Scraping log - scraper.py >         <module>(): Line 751 - INFO - Running default scraper on KT_SG > https://services.geo.sg.ch/wss/service/SG00097_WFS/guest?REQUEST=GetCapabilities (source 202/1467)
2025-11-30 04:43:38,374 - Scraping log - scraper.py >         <module>(): Line 751 - INFO - Running default scraper on KT_SG > https://services.geo.sg.ch/wss/service/SG00097_WMS/guest?REQUEST=GetCapabilities (source 203/1467)
2025-11-30 04:43:44,094 - Scraping log - scraper.py >         <module>(): Line 751 - INFO - Running default scraper on KT_SG > https://services.geo.sg.ch/wss/service/SG00089_WFS/guest?REQUEST=GetCapabilities (source 204/1467)
2025-11-30 04:43:46,488 - Scraping log - scraper.py >         <module>(): Line 751 - INFO - Running default scraper on KT_SG > https://services.geo.sg.ch/wss/service/SG00089_WMS/guest?REQUEST=GetCapabilities (source 205/1467)
2025-11-30 04:43:51,137 - Scraping log - scraper.py >         <module>(): Line 751 - INFO - Running default scraper on KT_SG > https://services.geo.sg.ch/wss/service/SG00008_WMS/guest?REQUEST=GetCapabilities (source 206/1467)
2025-11-30 04:43:51,484 - Scraping log - scraper.py >         <module>(): Line 759 - WARNING - Scraping KT_SG > https://services.geo.sg.ch/wss/service/SG00008_WMS/guest?REQUEST=GetCapabilities aborted
2025-11-30 04:43:51,484 - Scraping log - scraper.py >         <module>(): Line 751 - INFO - Running default scraper on KT_SG > https://services.geo.sg.ch/wss/service/SG00032_WFS/guest?REQUEST=GetCapabilities (source 207/1467)
2025-11-30 04:43:54,193 - Scraping log - scraper.py >         <module>(): Line 751 - INFO - Running default scraper on KT_SG > https://services.geo.sg.ch/wss/service/SG00032_WMS/guest?REQUEST=GetCapabilities (source 208/1467)
2025-11-30 04:44:01,411 - Scraping log - scraper.py >         <module>(): Line 751 - INFO - Running default scraper on KT_SG > https://services.geo.sg.ch/wss/service/SG00033_WMS/guest?REQUEST=GetCapabilities (source 209/1467)
2025-11-30 04:44:23,148 - Scraping log - scraper.py >         <module>(): Line 751 - INFO - Running default scraper on KT_SG > https://services.geo.sg.ch/wss/service/SG00061_WMS/guest?REQUEST=GetCapabilities (source 210/1467)
2025-11-30 04:44:27,079 - Scraping log - scraper.py >         <module>(): Line 751 - INFO - Running default scraper on KT_SG > https://services.geo.sg.ch/wss/service/SG00022_WMS/guest?REQUEST=GetCapabilities (source 211/1467)
2025-11-30 04:44:31,396 - Scraping log - scraper.py >         <module>(): Line 751 - INFO - Running default scraper on KT_SG > https://services.geo.sg.ch/wss/service/SG00036_WMS/guest?REQUEST=GetCapabilities (source 212/1467)
2025-11-30 04:44:35,354 - Scraping log - scraper.py >         <module>(): Line 751 - INFO - Running default scraper on KT_SG > https://services.geo.sg.ch/wss/service/SG00042_WFS/guest?REQUEST=GetCapabilities (source 213/1467)
2025-11-30 04:44:38,580 - Scraping log - scraper.py >         <module>(): Line 751 - INFO - Running default scraper on KT_SG > https://services.geo.sg.ch/wss/service/SG00042_WMS/guest?REQUEST=GetCapabilities (source 214/1467)
2025-11-30 04:44:47,893 - Scraping log - scraper.py >         <module>(): Line 751 - INFO - Running default scraper on KT_SG > https://services.geo.sg.ch/wss/service/SG00053_WFS/guest?REQUEST=GetCapabilities (source 215/1467)
2025-11-30 04:44:50,252 - Scraping log - scraper.py >         <module>(): Line 751 - INFO - Running default scraper on KT_SG > https://services.geo.sg.ch/wss/service/SG00053_WMS/guest?REQUEST=GetCapabilities (source 216/1467)
2025-11-30 04:44:54,513 - Scraping log - scraper.py >         <module>(): Line 751 - INFO - Running default scraper on KT_SG > https://services.geo.sg.ch/wss/service/SG00068_WMS/guest?REQUEST=GetCapabilities (source 217/1467)
2025-11-30 04:44:59,726 - Scraping log - scraper.py >         <module>(): Line 751 - INFO - Running default scraper on KT_SG > https://services.geo.sg.ch/wss/service/SG00080_WMS/guest?REQUEST=GetCapabilities (source 218/1467)
2025-11-30 04:45:07,756 - Scraping log - scraper.py >         <module>(): Line 751 - INFO - Running default scraper on KT_SG > https://services.geo.sg.ch/wss/service/SG00026_WMS/guest?REQUEST=GetCapabilities (source 219/1467)
2025-11-30 04:45:12,109 - Scraping log - scraper.py >         <module>(): Line 751 - INFO - Running default scraper on KT_SG > https://services.geo.sg.ch/wss/service/SG00093_WMS/guest?REQUEST=GetCapabilities (source 220/1467)
2025-11-30 04:45:16,133 - Scraping log - scraper.py >         <module>(): Line 751 - INFO - Running default scraper on KT_SG > https://services.geo.sg.ch/wss/service/SG00101_WMS/guest?REQUEST=GetCapabilities (source 221/1467)
2025-11-30 04:45:20,029 - Scraping log - scraper.py >         <module>(): Line 751 - INFO - Running default scraper on KT_SG > https://services.geo.sg.ch/wss/service/SG00010_WMS/guest?REQUEST=GetCapabilities (source 222/1467)
2025-11-30 04:45:24,250 - Scraping log - scraper.py >         <module>(): Line 751 - INFO - Running default scraper on KT_SG > https://services.geo.sg.ch/wss/service/SG00011_WMS/guest?REQUEST=GetCapabilities (source 223/1467)
2025-11-30 04:45:27,696 - Scraping log - scraper.py >         <module>(): Line 751 - INFO - Running default scraper on KT_SG > https://services.geo.sg.ch/wss/service/SG00075_WMS/guest?REQUEST=GetCapabilities (source 224/1467)
2025-11-30 04:45:32,409 - Scraping log - scraper.py >         <module>(): Line 751 - INFO - Running default scraper on KT_SG > https://services.geo.sg.ch/wss/service/SG00076_WMS/guest?REQUEST=GetCapabilities (source 225/1467)
2025-11-30 04:45:37,658 - Scraping log - scraper.py >         <module>(): Line 751 - INFO - Running default scraper on KT_SG > https://services.geo.sg.ch/wss/service/SG00069_WMS/guest?REQUEST=GetCapabilities (source 226/1467)
2025-11-30 04:45:42,883 - Scraping log - scraper.py >         <module>(): Line 751 - INFO - Running default scraper on KT_SG > https://services.geo.sg.ch/wss/service/SG00077_WMS/guest?REQUEST=GetCapabilities (source 227/1467)
2025-11-30 04:45:46,223 - Scraping log - scraper.py >         <module>(): Line 751 - INFO - Running default scraper on KT_SG > https://services.geo.sg.ch/wss/service/SG00088_WMS/guest?REQUEST=GetCapabilities (source 228/1467)
2025-11-30 04:45:49,989 - Scraping log - scraper.py >         <module>(): Line 751 - INFO - Running default scraper on KT_SG > https://services.geo.sg.ch/wss/service/SG00021_WFS/guest?REQUEST=GetCapabilities (source 229/1467)
2025-11-30 04:45:52,486 - Scraping log - scraper.py >         <module>(): Line 751 - INFO - Running default scraper on KT_SG > https://services.geo.sg.ch/wss/service/SG00021_WMS/guest?REQUEST=GetCapabilities (source 230/1467)
2025-11-30 04:45:56,050 - Scraping log - scraper.py >         <module>(): Line 751 - INFO - Running default scraper on KT_SG > https://services.geo.sg.ch/wss/service/SG00020_WFS/guest?REQUEST=GetCapabilities (source 231/1467)
2025-11-30 04:45:58,761 - Scraping log - scraper.py >         <module>(): Line 751 - INFO - Running default scraper on KT_SG > https://services.geo.sg.ch/wss/service/SG00020_WMS/guest?REQUEST=GetCapabilities (source 232/1467)
2025-11-30 04:46:01,423 - Scraping log - scraper.py >         <module>(): Line 751 - INFO - Running default scraper on KT_SG > https://services.geo.sg.ch/wss/service/SG00037_WMS/guest?REQUEST=GetCapabilities (source 233/1467)
2025-11-30 04:46:05,594 - Scraping log - scraper.py >         <module>(): Line 751 - INFO - Running default scraper on KT_SG > https://services.geo.sg.ch/wss/service/SG00038_WMS/guest?REQUEST=GetCapabilities (source 234/1467)
2025-11-30 04:46:05,937 - Scraping log - scraper.py >         <module>(): Line 759 - WARNING - Scraping KT_SG > https://services.geo.sg.ch/wss/service/SG00038_WMS/guest?REQUEST=GetCapabilities aborted
2025-11-30 04:46:05,937 - Scraping log - scraper.py >         <module>(): Line 751 - INFO - Running default scraper on KT_SG > https://services.geo.sg.ch/wss/service/SG00160_WMS/guest?REQUEST=GetCapabilities (source 235/1467)
2025-11-30 04:46:09,711 - Scraping log - scraper.py >         <module>(): Line 751 - INFO - Running default scraper on KT_SG > https://services.geo.sg.ch/wss/service/SG00087_WFS/guest?REQUEST=GetCapabilities (source 236/1467)
2025-11-30 04:46:12,741 - Scraping log - scraper.py >         <module>(): Line 751 - INFO - Running default scraper on KT_SG > https://services.geo.sg.ch/wss/service/SG00087_WMS/guest?REQUEST=GetCapabilities (source 237/1467)
2025-11-30 04:46:17,870 - Scraping log - scraper.py >         <module>(): Line 751 - INFO - Running default scraper on KT_SG > https://services.geo.sg.ch/wss/service/SG00039_WFS/guest?REQUEST=GetCapabilities (source 238/1467)
2025-11-30 04:46:20,443 - Scraping log - scraper.py >         <module>(): Line 751 - INFO - Running default scraper on KT_SG > https://services.geo.sg.ch/wss/service/SG00039_WMS/guest?REQUEST=GetCapabilities (source 239/1467)
2025-11-30 04:46:25,808 - Scraping log - scraper.py >         <module>(): Line 751 - INFO - Running default scraper on KT_SG > https://services.geo.sg.ch/wss/service/SG00013_WFS/guest?REQUEST=GetCapabilities (source 240/1467)
2025-11-30 04:46:29,156 - Scraping log - scraper.py >         <module>(): Line 751 - INFO - Running default scraper on KT_SG > https://services.geo.sg.ch/wss/service/SG00013_WMS/guest?REQUEST=GetCapabilities (source 241/1467)
2025-11-30 04:46:38,048 - Scraping log - scraper.py >         <module>(): Line 751 - INFO - Running default scraper on KT_SG > https://services.geo.sg.ch/wss/service/SG00041_WMS/guest?REQUEST=GetCapabilities (source 242/1467)
2025-11-30 04:46:49,168 - Scraping log - scraper.py >         <module>(): Line 751 - INFO - Running default scraper on KT_SG > https://services.geo.sg.ch/wss/service/SG00081_WMS/guest?REQUEST=GetCapabilities (source 243/1467)
2025-11-30 04:47:01,531 - Scraping log - scraper.py >         <module>(): Line 751 - INFO - Running default scraper on KT_SG > https://services.geo.sg.ch/wss/service/SG00078_WMS/guest?REQUEST=GetCapabilities (source 244/1467)
2025-11-30 04:47:08,445 - Scraping log - scraper.py >         <module>(): Line 751 - INFO - Running default scraper on KT_SG > https://services.geo.sg.ch/wss/service/SG00085_WMS/guest?REQUEST=GetCapabilities (source 245/1467)
2025-11-30 04:47:16,470 - Scraping log - scraper.py >         <module>(): Line 751 - INFO - Running default scraper on KT_SG > https://services.geo.sg.ch/wss/service/SG00102_WMS/guest?REQUEST=GetCapabilities (source 246/1467)
2025-11-30 04:47:33,872 - Scraping log - scraper.py >         <module>(): Line 751 - INFO - Running default scraper on KT_SG > https://services.geo.sg.ch/wss/service/SG00064_WMS/guest?REQUEST=GetCapabilities (source 247/1467)
2025-11-30 04:47:39,371 - Scraping log - scraper.py >         <module>(): Line 751 - INFO - Running default scraper on KT_SG > https://services.geo.sg.ch/wss/service/SG00103_WMS/guest?REQUEST=GetCapabilities (source 248/1467)
2025-11-30 04:47:53,090 - Scraping log - scraper.py >         <module>(): Line 751 - INFO - Running default scraper on KT_SG > https://services.geo.sg.ch/wss/service/SG00062_WMS/guest?REQUEST=GetCapabilities (source 249/1467)
2025-11-30 04:47:55,917 - Scraping log - scraper.py >         <module>(): Line 751 - INFO - Running default scraper on KT_SG > https://services.geo.sg.ch/wss/service/SG00062_WMTS/guest?REQUEST=GetCapabilities (source 250/1467)
2025-11-30 04:47:57,134 - Scraping log - scraper.py >         <module>(): Line 751 - INFO - Running default scraper on KT_SG > https://services.geo.sg.ch/wss/service/SG00158_WMS/guest?REQUEST=GetCapabilities (source 251/1467)
2025-11-30 04:48:03,736 - Scraping log - scraper.py >         <module>(): Line 751 - INFO - Running default scraper on KT_SG > https://services.geo.sg.ch/wss/service/SG00164_WFS/guest?REQUEST=GetCapabilities (source 252/1467)
2025-11-30 04:48:07,236 - Scraping log - scraper.py >         <module>(): Line 751 - INFO - Running default scraper on KT_SG > https://services.geo.sg.ch/wss/service/SG00164_WMS/guest?REQUEST=GetCapabilities (source 253/1467)
2025-11-30 04:48:13,791 - Scraping log - scraper.py >         <module>(): Line 751 - INFO - Running default scraper on KT_SG > https://services.geo.sg.ch/wss/service/SG00124_WMS/guest?REQUEST=GetCapabilities (source 254/1467)
2025-11-30 04:48:18,436 - Scraping log - scraper.py >         <module>(): Line 751 - INFO - Running default scraper on KT_SG > https://services.geo.sg.ch/wss/service/SG00012_WMS/guest?REQUEST=GetCapabilities (source 255/1467)
2025-11-30 04:48:22,705 - Scraping log - scraper.py >         <module>(): Line 751 - INFO - Running default scraper on KT_SG > https://services.geo.sg.ch/wss/service/SG00018_WMS/guest?REQUEST=GetCapabilities (source 256/1467)
2025-11-30 04:48:26,203 - Scraping log - scraper.py >         <module>(): Line 751 - INFO - Running default scraper on KT_SG > https://services.geo.sg.ch/wss/service/SG00051_WMS/guest?REQUEST=GetCapabilities (source 257/1467)
2025-11-30 04:48:29,696 - Scraping log - scraper.py >         <module>(): Line 751 - INFO - Running default scraper on KT_SG > https://services.geo.sg.ch/wss/service/SG00019_WMS/guest?REQUEST=GetCapabilities (source 258/1467)
2025-11-30 04:48:30,042 - Scraping log - scraper.py >         <module>(): Line 759 - WARNING - Scraping KT_SG > https://services.geo.sg.ch/wss/service/SG00019_WMS/guest?REQUEST=GetCapabilities aborted
2025-11-30 04:48:30,042 - Scraping log - scraper.py >         <module>(): Line 751 - INFO - Running default scraper on KT_SG > https://services.geo.sg.ch/wss/service/SG00052_WMS/guest?REQUEST=GetCapabilities (source 259/1467)
2025-11-30 04:48:33,632 - Scraping log - scraper.py >         <module>(): Line 751 - INFO - Running default scraper on KT_SG > https://services.geo.sg.ch/wss/service/SG00023_WMS/guest?REQUEST=GetCapabilities (source 260/1467)
2025-11-30 04:48:37,693 - Scraping log - scraper.py >         <module>(): Line 751 - INFO - Running default scraper on KT_SG > https://services.geo.sg.ch/wss/service/SG00024_WMS/guest?REQUEST=GetCapabilities (source 261/1467)
2025-11-30 04:48:41,171 - Scraping log - scraper.py >         <module>(): Line 751 - INFO - Running default scraper on KT_SG > https://services.geo.sg.ch/wss/service/SG00084_WMS/guest?REQUEST=GetCapabilities (source 262/1467)
2025-11-30 04:48:44,921 - Scraping log - scraper.py >         <module>(): Line 751 - INFO - Running default scraper on KT_SG > https://services.geo.sg.ch/wss/service/SG00082_WMS/guest?REQUEST=GetCapabilities (source 263/1467)
2025-11-30 04:48:48,480 - Scraping log - scraper.py >         <module>(): Line 751 - INFO - Running default scraper on KT_SG > https://services.geo.sg.ch/wss/service/SG00065_WMS/guest?REQUEST=GetCapabilities (source 264/1467)
2025-11-30 04:48:51,954 - Scraping log - scraper.py >         <module>(): Line 751 - INFO - Running default scraper on KT_SG > https://services.geo.sg.ch/wss/service/SG00025_WMS/guest?REQUEST=GetCapabilities (source 265/1467)
2025-11-30 04:48:58,314 - Scraping log - scraper.py >         <module>(): Line 751 - INFO - Running default scraper on KT_SG > https://services.geo.sg.ch/wss/service/SG00034_WFS/guest?REQUEST=GetCapabilities (source 266/1467)
2025-11-30 04:49:01,001 - Scraping log - scraper.py >         <module>(): Line 751 - INFO - Running default scraper on KT_SG > https://services.geo.sg.ch/wss/service/SG00034_WMS/guest?REQUEST=GetCapabilities (source 267/1467)
2025-11-30 04:49:06,920 - Scraping log - scraper.py >         <module>(): Line 751 - INFO - Running default scraper on KT_SG > https://services.geo.sg.ch/wss/service/SG00035_WFS/guest?REQUEST=GetCapabilities (source 268/1467)
2025-11-30 04:49:09,295 - Scraping log - scraper.py >         <module>(): Line 751 - INFO - Running default scraper on KT_SG > https://services.geo.sg.ch/wss/service/SG00035_WMS/guest?REQUEST=GetCapabilities (source 269/1467)
2025-11-30 04:49:13,350 - Scraping log - scraper.py >         <module>(): Line 751 - INFO - Running default scraper on KT_SG > https://services.geo.sg.ch/wss/service/SG00172_WMS/guest?REQUEST=GetCapabilities (source 270/1467)
2025-11-30 04:49:16,792 - Scraping log - scraper.py >         <module>(): Line 751 - INFO - Running default scraper on KT_SG > https://services.geo.sg.ch/wss/service/SG00159_WMS/guest?REQUEST=GetCapabilities (source 271/1467)
2025-11-30 04:49:20,689 - Scraping log - scraper.py >         <module>(): Line 751 - INFO - Running default scraper on KT_SG > https://services.geo.sg.ch/wss/service/SG00170_WMS/guest?REQUEST=GetCapabilities (source 272/1467)
2025-11-30 04:49:24,315 - Scraping log - scraper.py >         <module>(): Line 751 - INFO - Running default scraper on KT_SG > https://services.geo.sg.ch/wss/service/SG00016_WMS/guest?REQUEST=GetCapabilities (source 273/1467)
2025-11-30 04:49:27,766 - Scraping log - scraper.py >         <module>(): Line 751 - INFO - Running default scraper on KT_SG > https://services.geo.sg.ch/wss/service/SG00100_WMS/guest?REQUEST=GetCapabilities (source 274/1467)
2025-11-30 04:49:33,868 - Scraping log - scraper.py >         <module>(): Line 751 - INFO - Running default scraper on KT_SG > https://services.geo.sg.ch/wss/service/SG00083_WMS/guest?REQUEST=GetCapabilities (source 275/1467)
2025-11-30 04:49:37,993 - Scraping log - scraper.py >         <module>(): Line 751 - INFO - Running default scraper on KT_SG > https://services.geo.sg.ch/wss/service/SG00096_WMS/guest?REQUEST=GetCapabilities (source 276/1467)
2025-11-30 04:49:42,062 - Scraping log - scraper.py >         <module>(): Line 751 - INFO - Running default scraper on KT_SG > https://services.geo.sg.ch/wss/service/SG00027_WFS/guest?REQUEST=GetCapabilities (source 277/1467)
2025-11-30 04:49:44,520 - Scraping log - scraper.py >         <module>(): Line 751 - INFO - Running default scraper on KT_SG > https://services.geo.sg.ch/wss/service/SG00027_WMS/guest?REQUEST=GetCapabilities (source 278/1467)
2025-11-30 04:49:47,930 - Scraping log - scraper.py >         <module>(): Line 751 - INFO - Running default scraper on KT_SH > https://wms.geo.sh.ch/wms?SERVICE=WMS&REQUEST=GetCapabilities (source 279/1467)
2025-11-30 04:50:01,932 - Scraping log - scraper.py > get_service_info(): Line 319 - ERROR - wms: HTTPSConnectionPool(host='wms.geo.sh.ch', port=443): Read timed out. (read timeout=10)
2025-11-30 04:50:33,663 - Scraping log - scraper.py >         <module>(): Line 751 - INFO - Running default scraper on KT_SH > https://wms.geo.sh.ch/raster?SERVICE=WMS&REQUEST=GetCapabilities (source 280/1467)
2025-11-30 04:50:47,314 - Scraping log - scraper.py >         <module>(): Line 751 - INFO - Running default scraper on KT_SH > https://wfs.geo.sh.ch/wfs?SERVICE=WFS&REQUEST=GetCapabilities (source 281/1467)
2025-11-30 04:50:49,390 - Scraping log - scraper.py >         <module>(): Line 751 - INFO - Running default scraper on KT_SO > https://geo.so.ch/api/wfs?SERVICE=WFS&REQUEST=GetCapabilities (source 282/1467)
2025-11-30 04:51:11,463 - Scraping log - scraper.py >write_service_info(): Line 445 - ERROR - KT_SO, ch.so.afu.erdwaerme.sonde: cannot convert float infinity to integer
2025-11-30 04:51:16,784 - Scraping log - scraper.py >         <module>(): Line 751 - INFO - Running default scraper on KT_SO > https://geo.so.ch/api/wms?SERVICE=WMS&REQUEST=GetCapabilities (source 283/1467)
2025-11-30 04:51:28,919 - Scraping log - scraper.py > get_service_info(): Line 319 - ERROR - somap: 'NoneType' object has no attribute 'text'
2025-11-30 04:51:30,760 - Scraping log - scraper.py >write_service_info(): Line 445 - ERROR - KT_SO, ch.so.afu.erdwaerme.sonde: cannot convert float infinity to integer
2025-11-30 04:51:36,863 - Scraping log - scraper.py >write_service_info(): Line 445 - ERROR - KT_SO, ch.so.afu.wasserbewirtschaftung: cannot convert float infinity to integer
2025-11-30 04:54:21,035 - Scraping log - scraper.py > get_service_info(): Line 319 - ERROR - ch.so.afu.fliessgewaesser_revitalisierung.fischwanderhindernisse: HTTPSConnectionPool(host='geo.so.ch', port=443): Read timed out. (read timeout=10)
2025-11-30 04:54:32,819 - Scraping log - scraper.py > get_service_info(): Line 319 - ERROR - ch.so.afu.gefahrenhinweiskarte_stfv.betriebe: HTTPSConnectionPool(host='geo.so.ch', port=443): Read timed out. (read timeout=10)
2025-11-30 04:58:03,320 - Scraping log - scraper.py > get_service_info(): Line 319 - ERROR - ch.so.arp.richtplan.bestehend: HTTPSConnectionPool(host='geo.so.ch', port=443): Read timed out. (read timeout=10)
2025-11-30 04:59:05,058 - Scraping log - scraper.py >         <module>(): Line 751 - INFO - Running default scraper on KT_SO > https://geo.so.ch/api/wmts/1.0.0/WMTSCapabilities.xml (source 284/1467)
2025-11-30 04:59:06,687 - Scraping log - scraper.py >         <module>(): Line 751 - INFO - Running default scraper on KT_SO > https://geo.so.ch/wms/oereb?SERVICE=WMS&REQUEST=GetCapabilities (source 285/1467)
2025-11-30 04:59:18,275 - Scraping log - scraper.py > get_service_info(): Line 319 - ERROR - ch.so.agi.oereb: HTTPSConnectionPool(host='geo.so.ch', port=443): Read timed out. (read timeout=10)
2025-11-30 04:59:26,493 - Scraping log - scraper.py >         <module>(): Line 751 - INFO - Running default scraper on KT_SZ > https://map.geo.sz.ch/mapserv_proxy?SERVICE=WMS&REQUEST=GetCapabilities&lang=de (source 286/1467)
2025-11-30 04:59:46,215 - Scraping log - scraper.py > get_service_info(): Line 319 - ERROR - Schwyz: HTTPSConnectionPool(host='map.geo.sz.ch', port=443): Read timed out. (read timeout=10)
2025-11-30 05:02:02,787 - Scraping log - scraper.py > get_service_info(): Line 319 - ERROR - ch.sz.a018a.amtliche_vermessung.ortsplan.farbig: HTTPSConnectionPool(host='map.geo.sz.ch', port=443): Read timed out. (read timeout=10)
2025-11-30 05:02:14,101 - Scraping log - scraper.py > get_service_info(): Line 319 - ERROR - ch.sz.a018a.amtliche_vermessung.ortsplan.schwarz-weiss: HTTPSConnectionPool(host='map.geo.sz.ch', port=443): Read timed out. (read timeout=10)
2025-11-30 05:02:25,871 - Scraping log - scraper.py > get_service_info(): Line 319 - ERROR - ch.sz.a018.amtliche_vermessung.bodenbedeckung.flaeche.farbig: HTTPSConnectionPool(host='map.geo.sz.ch', port=443): Read timed out. (read timeout=10)
2025-11-30 05:02:35,937 - Scraping log - scraper.py > get_service_info(): Line 319 - ERROR - ch.sz.a018.amtliche_vermessung.bodenbedeckung.flaeche.grau: HTTPSConnectionPool(host='map.geo.sz.ch', port=443): Read timed out. (read timeout=10)
2025-11-30 05:09:15,259 - Scraping log - scraper.py > get_service_info(): Line 316 - WARNING - ch.sz.a243a.gewaessernetz.technisch.mwert.karto: GetMap request is blocked for this layer
2025-11-30 05:09:21,631 - Scraping log - scraper.py >         <module>(): Line 751 - INFO - Running default scraper on KT_SZ > https://geoshop.lisag.ch/WMSSZ?SERVICE=WMS&REQUEST=GetCapabilities (source 287/1467)
2025-11-30 05:09:27,653 - Scraping log - scraper.py >         <module>(): Line 751 - INFO - Running default scraper on KT_SZ > https://map.geo.sz.ch/tiles/1.0.0/WMTSCapabilities.xml (source 288/1467)
2025-11-30 05:09:29,847 - Scraping log - scraper.py >         <module>(): Line 751 - INFO - Running default scraper on KT_SZ > https://map.geo.sz.ch/mapserv_proxy?SERVICE=WFS&REQUEST=GetCapabilities&lang=de (source 289/1467)
2025-11-30 05:11:38,191 - Scraping log - scraper.py >         <module>(): Line 751 - INFO - Running default scraper on KT_TG > https://ows.geo.tg.ch/geofy_access_proxy/notfalltreffpunkte?service=WMS&version=1.3.0&request=GetCapabilities (source 290/1467)
2025-11-30 05:11:40,890 - Scraping log - scraper.py >         <module>(): Line 751 - INFO - Running default scraper on KT_TG > https://ows.geo.tg.ch/geofy_access_proxy/rebbau?service=WMS&version=1.3.0&request=GetCapabilities (source 291/1467)
2025-11-30 05:11:43,282 - Scraping log - scraper.py >         <module>(): Line 751 - INFO - Running default scraper on KT_TG > https://ows.geo.tg.ch/geofy_access_proxy/strassenverkehrszaehlung?service=WMS&version=1.3.0&request=GetCapabilities (source 292/1467)
2025-11-30 05:11:47,653 - Scraping log - scraper.py >         <module>(): Line 751 - INFO - Running default scraper on KT_TG > https://ows.geo.tg.ch/geofy_access_proxy/av_wms?Service=WMS&Version=1.3.0&Request=GetCapabilities (source 293/1467)
2025-11-30 05:11:54,198 - Scraping log - scraper.py >         <module>(): Line 751 - INFO - Running default scraper on KT_TG > https://ows.geo.tg.ch/geofy_access_proxy/vernetzungskorridore?service=WMS&version=1.3.0&request=GetCapabilities (source 294/1467)
2025-11-30 05:11:56,704 - Scraping log - scraper.py >         <module>(): Line 751 - INFO - Running default scraper on KT_TG > https://ows.geo.tg.ch/geofy_access_proxy/laermemissionskataster?service=WMS&version=1.3.0&request=GetCapabilities (source 295/1467)
2025-11-30 05:12:03,333 - Scraping log - scraper.py >         <module>(): Line 751 - INFO - Running default scraper on KT_TG > https://ows.geo.tg.ch/geofy_access_proxy/skate?service=WMS&version=1.3.0&request=GetCapabilities (source 296/1467)
2025-11-30 05:12:05,691 - Scraping log - scraper.py >         <module>(): Line 751 - INFO - Running default scraper on KT_TG > https://ows.geo.tg.ch/geofy_access_proxy/deutschkurse?service=WMS&version=1.3.0&request=GetCapabilities (source 297/1467)
2025-11-30 05:12:07,434 - Scraping log - scraper.py >         <module>(): Line 751 - INFO - Running default scraper on KT_TG > https://ows.geo.tg.ch/geofy_access_proxy/landwirtschaft_kulturflaechen?service=WMS&version=1.3.0&request=GetCapabilities (source 298/1467)
2025-11-30 05:12:19,148 - Scraping log - scraper.py > get_service_info(): Line 319 - ERROR - Landwirtschaft_Kulturflaechen: HTTPSConnectionPool(host='ows.geo.tg.ch', port=443): Read timed out. (read timeout=10)
2025-11-30 05:12:35,907 - Scraping log - scraper.py >         <module>(): Line 751 - INFO - Running default scraper on KT_TG > https://ows.geo.tg.ch/geofy_access_proxy/landwirtschaft_kulturflaechen?service=WMS&version=1.3.0&request=GetCapabilities (source 299/1467)
2025-11-30 05:12:47,673 - Scraping log - scraper.py > get_service_info(): Line 319 - ERROR - Landwirtschaft_Kulturflaechen: HTTPSConnectionPool(host='ows.geo.tg.ch', port=443): Read timed out. (read timeout=10)
2025-11-30 05:13:04,506 - Scraping log - scraper.py >         <module>(): Line 751 - INFO - Running default scraper on KT_TG > https://ows.geo.tg.ch/geofy_access_proxy/bts_ols?service=WMS&version=1.3.0&request=GetCapabilities (source 300/1467)
2025-11-30 05:13:07,346 - Scraping log - scraper.py >         <module>(): Line 751 - INFO - Running default scraper on KT_TG > https://ows.geo.tg.ch/geofy_access_proxy/waldreservate?service=WMS&version=1.3.0&request=GetCapabilities (source 301/1467)
2025-11-30 05:13:08,019 - Scraping log - scraper.py >         <module>(): Line 759 - WARNING - Scraping KT_TG > https://ows.geo.tg.ch/geofy_access_proxy/waldreservate?service=WMS&version=1.3.0&request=GetCapabilities aborted
2025-11-30 05:13:08,020 - Scraping log - scraper.py >         <module>(): Line 751 - INFO - Running default scraper on KT_TG > https://ows.geo.tg.ch/geofy_access_proxy/waldreservate?service=WMS&version=1.3.0&request=GetCapabilities (source 302/1467)
2025-11-30 05:13:08,718 - Scraping log - scraper.py >         <module>(): Line 759 - WARNING - Scraping KT_TG > https://ows.geo.tg.ch/geofy_access_proxy/waldreservate?service=WMS&version=1.3.0&request=GetCapabilities aborted
2025-11-30 05:13:08,718 - Scraping log - scraper.py >         <module>(): Line 751 - INFO - Running default scraper on KT_TG > https://ows.geo.tg.ch/geofy_access_proxy/waldentwicklungsplan?service=WMS&version=1.3.0&request=GetCapabilities (source 303/1467)
2025-11-30 05:13:11,584 - Scraping log - scraper.py >         <module>(): Line 751 - INFO - Running default scraper on KT_TG > https://ows.geo.tg.ch/geofy_access_proxy/schutzwald?service=WMS&version=1.3.0&request=GetCapabilities (source 304/1467)
2025-11-30 05:13:13,332 - Scraping log - scraper.py >         <module>(): Line 751 - INFO - Running default scraper on KT_TG > https://ows.geo.tg.ch/geofy_access_proxy/oereb_amphibienlaichgebiete?service=WMS&version=1.3.0&request=GetCapabilities (source 305/1467)
2025-11-30 05:13:16,001 - Scraping log - scraper.py >         <module>(): Line 751 - INFO - Running default scraper on KT_TG > https://ows.geo.tg.ch/geofy_access_proxy/oereb_flachmoore?service=WMS&version=1.3.0&request=GetCapabilities (source 306/1467)
2025-11-30 05:13:18,647 - Scraping log - scraper.py >         <module>(): Line 751 - INFO - Running default scraper on KT_TG > https://ows.geo.tg.ch/geofy_access_proxy/oereb_hoch_uebergangsmoore?service=WMS&version=1.3.0&request=GetCapabilities (source 307/1467)
2025-11-30 05:13:20,258 - Scraping log - scraper.py >         <module>(): Line 751 - INFO - Running default scraper on KT_TG > https://ows.geo.tg.ch/geofy_access_proxy/hkb?Service=WMS&Version=1.3.0&Request=GetCapabilities (source 308/1467)
2025-11-30 05:13:22,694 - Scraping log - scraper.py >         <module>(): Line 751 - INFO - Running default scraper on KT_TG > https://ows.geo.tg.ch/geofy_access_proxy/friedensrichteraemter?Service=WMS&Version=1.3.0&Request=GetCapabilities (source 309/1467)
2025-11-30 05:13:24,780 - Scraping log - scraper.py >         <module>(): Line 751 - INFO - Running default scraper on KT_TG > https://ows.geo.tg.ch/geofy_access_proxy/betreibungsaemter?service=WMS&version=1.3.0&request=GetCapabilities (source 310/1467)
2025-11-30 05:13:26,879 - Scraping log - scraper.py >         <module>(): Line 751 - INFO - Running default scraper on KT_TG > https://ows.geo.tg.ch/geofy_access_proxy/stromversorgung_netzgebiete?service=WMS&version=1.3.0&request=GetCapabilities (source 311/1467)
2025-11-30 05:13:28,776 - Scraping log - scraper.py >         <module>(): Line 751 - INFO - Running default scraper on KT_TG > https://ows.geo.tg.ch/geofy_access_proxy/kantonsstrassen?service=WMS&version=1.3.0&request=GetCapabilities (source 312/1467)
2025-11-30 05:13:35,809 - Scraping log - scraper.py >         <module>(): Line 751 - INFO - Running default scraper on KT_TG > https://ows.geo.tg.ch/geofy_access_proxy/landwirtschaft_kulturflaechen?service=WMS&version=1.3.0&request=GetCapabilities (source 313/1467)
2025-11-30 05:13:47,379 - Scraping log - scraper.py > get_service_info(): Line 319 - ERROR - Landwirtschaft_Kulturflaechen: HTTPSConnectionPool(host='ows.geo.tg.ch', port=443): Read timed out. (read timeout=10)
2025-11-30 05:14:04,200 - Scraping log - scraper.py >         <module>(): Line 751 - INFO - Running default scraper on KT_TG > https://ows.geo.tg.ch/geofy_access_proxy/forstliche_bestandeskarte?service=WMS&version=1.3.0&request=GetCapabilities (source 314/1467)
2025-11-30 05:14:06,358 - Scraping log - scraper.py >         <module>(): Line 751 - INFO - Running default scraper on KT_TG > https://ows.geo.tg.ch/geofy_access_proxy/forstreviere?service=WMS&version=1.3.0&request=GetCapabilities (source 315/1467)
2025-11-30 05:14:08,802 - Scraping log - scraper.py >         <module>(): Line 751 - INFO - Running default scraper on KT_TG > https://ows.geo.tg.ch/geofy_access_proxy/basisplanf?Service=WMS&Version=1.3.0&Request=GetCapabilities (source 316/1467)
2025-11-30 05:14:18,300 - Scraping log - scraper.py >         <module>(): Line 751 - INFO - Running default scraper on KT_TG > https://ows.geo.tg.ch/geofy_access_proxy/badegewaesserqualitaet?service=WMS&version=1.3.0&request=GetCapabilities (source 317/1467)
2025-11-30 05:14:19,918 - Scraping log - scraper.py >         <module>(): Line 751 - INFO - Running default scraper on KT_TG > https://ows.geo.tg.ch/geofy_access_proxy/landwirtschaft_kulturflaechen?service=WMS&version=1.3.0&request=GetCapabilities (source 318/1467)
2025-11-30 05:14:31,515 - Scraping log - scraper.py > get_service_info(): Line 319 - ERROR - Landwirtschaft_Kulturflaechen: HTTPSConnectionPool(host='ows.geo.tg.ch', port=443): Read timed out. (read timeout=10)
2025-11-30 05:14:48,326 - Scraping log - scraper.py >         <module>(): Line 751 - INFO - Running default scraper on KT_TG > https://ows.geo.tg.ch/geofy_access_proxy/biber?service=WMS&version=1.3.0&request=GetCapabilities (source 319/1467)
2025-11-30 05:14:50,080 - Scraping log - scraper.py >         <module>(): Line 751 - INFO - Running default scraper on KT_TG > https://ows.geo.tg.ch/geofy_access_proxy/waldstandortkarte?service=WMS&version=1.3.0&request=GetCapabilities (source 320/1467)
2025-11-30 05:14:52,238 - Scraping log - scraper.py >         <module>(): Line 751 - INFO - Running default scraper on KT_TG > https://ows.geo.tg.ch/geofy_access_proxy/forstreviere?service=WMS&version=1.3.0&request=GetCapabilities (source 321/1467)
2025-11-30 05:14:54,714 - Scraping log - scraper.py >         <module>(): Line 751 - INFO - Running default scraper on KT_TG > https://ows.geo.tg.ch/geofy_access_proxy/jagdreviere?service=WMS&version=1.3.0&request=GetCapabilities (source 322/1467)
2025-11-30 05:14:56,776 - Scraping log - scraper.py >         <module>(): Line 751 - INFO - Running default scraper on KT_TG > https://ows.geo.tg.ch/geofy_access_proxy/bodenuebersichtskarte?Service=WMS&Version=1.3.0&Request=GetCapabilities (source 323/1467)
2025-11-30 05:15:02,663 - Scraping log - scraper.py >         <module>(): Line 751 - INFO - Running default scraper on KT_TG > https://ows.geo.tg.ch/geofy_access_proxy/gewaesserschutzkarte?Service=WMS&Version=1.3.0&Request=GetCapabilities (source 324/1467)
2025-11-30 05:15:06,807 - Scraping log - scraper.py >         <module>(): Line 751 - INFO - Running default scraper on KT_TG > https://ows-raster.geo.tg.ch/geofy_access_proxy/luftschadstoffbelastung?Service=WMS&Version=1.3.0&Request=GetCapabilities (source 325/1467)
2025-11-30 05:15:10,903 - Scraping log - scraper.py >         <module>(): Line 751 - INFO - Running default scraper on KT_TG > https://ows.geo.tg.ch/geofy_access_proxy/hintergrundplan?Service=WMS&Version=1.3.0&Request=GetCapabilities (source 326/1467)
2025-11-30 05:15:11,582 - Scraping log - scraper.py >         <module>(): Line 759 - WARNING - Scraping KT_TG > https://ows.geo.tg.ch/geofy_access_proxy/hintergrundplan?Service=WMS&Version=1.3.0&Request=GetCapabilities aborted
2025-11-30 05:15:11,582 - Scraping log - scraper.py >         <module>(): Line 751 - INFO - Running default scraper on KT_TG > https://ows.geo.tg.ch/geofy_access_proxy/fruchtfolgeflaechen_sachplan?service=WMS&version=1.3.0&request=GetCapabilities (source 327/1467)
2025-11-30 05:15:13,198 - Scraping log - scraper.py >         <module>(): Line 751 - INFO - Running default scraper on KT_TG > https://ows.geo.tg.ch/geofy_access_proxy/hydrologische_messnetze?Service=WMS&Version=1.3.0&Request=GetCapabilities (source 328/1467)
2025-11-30 05:15:15,102 - Scraping log - scraper.py >         <module>(): Line 751 - INFO - Running default scraper on KT_TG > https://ows.geo.tg.ch/geofy_access_proxy/kgs_inventar_b_archaeologie?service=WMS&version=1.3.0&request=GetCapabilities (source 329/1467)
2025-11-30 05:15:16,613 - Scraping log - scraper.py >         <module>(): Line 751 - INFO - Running default scraper on KT_TG > https://ows-raster.geo.tg.ch/geofy_access_proxy/luftschadstoffemissionen?Service=WMS&Version=1.3.0&Request=GetCapabilities (source 330/1467)
2025-11-30 05:15:20,053 - Scraping log - scraper.py >         <module>(): Line 751 - INFO - Running default scraper on KT_TG > https://ows.geo.tg.ch/geofy_access_proxy/landwirtschaft_kulturflaechen?service=WMS&version=1.3.0&request=GetCapabilities (source 331/1467)
2025-11-30 05:15:31,637 - Scraping log - scraper.py > get_service_info(): Line 319 - ERROR - Landwirtschaft_Kulturflaechen: HTTPSConnectionPool(host='ows.geo.tg.ch', port=443): Read timed out. (read timeout=10)
2025-11-30 05:15:48,501 - Scraping log - scraper.py >         <module>(): Line 751 - INFO - Running default scraper on KT_TG > https://ows.geo.tg.ch/geofy_access_proxy/kantonsstrassen?service=WMS&version=1.3.0&request=GetCapabilities (source 332/1467)
2025-11-30 05:15:55,770 - Scraping log - scraper.py >         <module>(): Line 751 - INFO - Running default scraper on KT_TG > https://ows.geo.tg.ch/geofy_access_proxy/wanderwege?service=WMS&version=1.3.0&request=GetCapabilities (source 333/1467)
2025-11-30 05:16:00,475 - Scraping log - scraper.py >         <module>(): Line 751 - INFO - Running default scraper on KT_TG > https://ows.geo.tg.ch/geofy_access_proxy/kunstbauten?service=WMS&version=1.3.0&request=GetCapabilities (source 334/1467)
2025-11-30 05:16:02,298 - Scraping log - scraper.py >         <module>(): Line 751 - INFO - Running default scraper on KT_TG > https://ows.geo.tg.ch/geofy_access_proxy/gewaesserschutzkarte?Service=WMS&Version=1.3.0&Request=GetCapabilities (source 335/1467)
2025-11-30 05:16:06,430 - Scraping log - scraper.py >         <module>(): Line 751 - INFO - Running default scraper on KT_TG > https://ows.geo.tg.ch/geofy_access_proxy/neophyten?Service=WMS&Version=1.3.0&Request=GetCapabilities (source 336/1467)
2025-11-30 05:16:08,185 - Scraping log - scraper.py >         <module>(): Line 751 - INFO - Running default scraper on KT_TG > https://ows.geo.tg.ch/geofy_access_proxy/siedlungsverzeichnis?service=WMS&version=1.3.0&request=GetCapabilities (source 337/1467)
2025-11-30 05:16:10,331 - Scraping log - scraper.py >         <module>(): Line 751 - INFO - Running default scraper on KT_TG > https://ows.geo.tg.ch/geofy_access_proxy/revitalisierung_gewaesser?Service=WMS&Version=1.3.0&Request=GetCapabilities (source 338/1467)
2025-11-30 05:16:11,007 - Scraping log - scraper.py >         <module>(): Line 759 - WARNING - Scraping KT_TG > https://ows.geo.tg.ch/geofy_access_proxy/revitalisierung_gewaesser?Service=WMS&Version=1.3.0&Request=GetCapabilities aborted
2025-11-30 05:16:11,007 - Scraping log - scraper.py >         <module>(): Line 751 - INFO - Running default scraper on KT_TG > https://ows.geo.tg.ch/geofy_access_proxy/gefahrenhinweiskarte?Service=WMS&Version=1.3.0&Request=GetCapabilities (source 339/1467)
2025-11-30 05:16:18,702 - Scraping log - scraper.py >         <module>(): Line 751 - INFO - Running default scraper on KT_TG > https://ows.geo.tg.ch/geofy_access_proxy/landwirtschaft_kulturflaechen?service=WMS&version=1.3.0&request=GetCapabilities (source 340/1467)
2025-11-30 05:16:30,275 - Scraping log - scraper.py > get_service_info(): Line 319 - ERROR - Landwirtschaft_Kulturflaechen: HTTPSConnectionPool(host='ows.geo.tg.ch', port=443): Read timed out. (read timeout=10)
2025-11-30 05:16:47,576 - Scraping log - scraper.py >         <module>(): Line 751 - INFO - Running default scraper on KT_TG > https://ows.geo.tg.ch/geofy_access_proxy/fischereiverbote?service=WMS&version=1.3.0&request=GetCapabilities (source 341/1467)
2025-11-30 05:16:50,093 - Scraping log - scraper.py >         <module>(): Line 751 - INFO - Running default scraper on KT_TG > https://ows.geo.tg.ch/geofy_access_proxy/regionalplanung?service=WMS&version=1.3.0&request=GetCapabilities (source 342/1467)
2025-11-30 05:16:51,923 - Scraping log - scraper.py >         <module>(): Line 751 - INFO - Running default scraper on KT_TG > https://ows.geo.tg.ch/geofy_access_proxy/gewaesserschutzkarte?Service=WMS&Version=1.3.0&Request=GetCapabilities (source 343/1467)
2025-11-30 05:16:56,244 - Scraping log - scraper.py >         <module>(): Line 751 - INFO - Running default scraper on KT_TG > https://ows.geo.tg.ch/geofy_access_proxy/korrektionen_fluesse?Service=WMS&Version=1.3.0&Request=GetCapabilities (source 344/1467)
2025-11-30 05:16:58,021 - Scraping log - scraper.py >         <module>(): Line 751 - INFO - Running default scraper on KT_TG > https://ows.geo.tg.ch/geofy_access_proxy/korrektionen_baeche?Service=WMS&Version=1.3.0&Request=GetCapabilities (source 345/1467)
2025-11-30 05:16:59,676 - Scraping log - scraper.py >         <module>(): Line 751 - INFO - Running default scraper on KT_TG > https://ows.geo.tg.ch/geofy_access_proxy/hoehendaten?service=WMS&version=1.3.0&request=GetCapabilities (source 346/1467)
2025-11-30 05:17:01,574 - Scraping log - scraper.py >         <module>(): Line 751 - INFO - Running default scraper on KT_TG > https://ows.geo.tg.ch/geofy_access_proxy/hoehendaten?service=WMS&version=1.3.0&request=GetCapabilities (source 347/1467)
2025-11-30 05:17:03,550 - Scraping log - scraper.py >         <module>(): Line 751 - INFO - Running default scraper on KT_TG > https://ows.geo.tg.ch/geofy_access_proxy/oereb_statische_waldgrenzen?service=WMS&version=1.3.0&request=GetCapabilities (source 348/1467)
2025-11-30 05:17:05,375 - Scraping log - scraper.py >         <module>(): Line 751 - INFO - Running default scraper on KT_TG > https://ows.geo.tg.ch/geofy_access_proxy/mountainbike?service=WMS&version=1.3.0&request=GetCapabilities (source 349/1467)
2025-11-30 05:17:07,252 - Scraping log - scraper.py >         <module>(): Line 751 - INFO - Running default scraper on KT_TG > https://ows.geo.tg.ch/geofy_access_proxy/erdwaerme?Service=WMS&Version=1.3.0&Request=GetCapabilities (source 350/1467)
2025-11-30 05:17:09,613 - Scraping log - scraper.py >         <module>(): Line 751 - INFO - Running default scraper on KT_TG > https://ows.geo.tg.ch/geofy_access_proxy/oekomorphologie?Service=WMS&Version=1.3.0&Request=GetCapabilities (source 351/1467)
2025-11-30 05:17:13,795 - Scraping log - scraper.py >         <module>(): Line 751 - INFO - Running default scraper on KT_TG > https://ows.geo.tg.ch/geofy_access_proxy/kbs?Service=WMS&Version=1.3.0&Request=GetCapabilities (source 352/1467)
2025-11-30 05:17:16,217 - Scraping log - scraper.py >         <module>(): Line 751 - INFO - Running default scraper on KT_TG > https://ows.geo.tg.ch/geofy_access_proxy/fischereiaufsichtskreise?service=WMS&version=1.3.0&request=GetCapabilities (source 353/1467)
2025-11-30 05:17:17,840 - Scraping log - scraper.py >         <module>(): Line 751 - INFO - Running default scraper on KT_TG > https://ows.geo.tg.ch/geofy_access_proxy/gewaesserschutzkarte?Service=WMS&Version=1.3.0&Request=GetCapabilities (source 354/1467)
2025-11-30 05:17:22,192 - Scraping log - scraper.py >         <module>(): Line 751 - INFO - Running default scraper on KT_TG > https://ows-raster.geo.tg.ch/geofy_access_proxy/biomasse?Service=WMS&Version=1.3.0&Request=GetCapabilities (source 355/1467)
2025-11-30 05:17:25,477 - Scraping log - scraper.py >         <module>(): Line 751 - INFO - Running default scraper on KT_TG > https://ows.geo.tg.ch/geofy_access_proxy/ausnahmetransportrouten?service=WMS&version=1.3.0&request=GetCapabilities (source 356/1467)
2025-11-30 05:17:32,483 - Scraping log - scraper.py >         <module>(): Line 751 - INFO - Running default scraper on KT_TG > https://ows.geo.tg.ch/geofy_access_proxy/jagdreviere?service=WMS&version=1.3.0&request=GetCapabilities (source 357/1467)
2025-11-30 05:17:34,517 - Scraping log - scraper.py >         <module>(): Line 751 - INFO - Running default scraper on KT_TG > https://ows.geo.tg.ch/geofy_access_proxy/kapopostenkarte?service=WMS&version=1.3.0&request=GetCapabilities (source 358/1467)
2025-11-30 05:17:36,303 - Scraping log - scraper.py >         <module>(): Line 751 - INFO - Running default scraper on KT_TG > https://ows.geo.tg.ch/geofy_access_proxy/jagdreviere?service=WMS&version=1.3.0&request=GetCapabilities (source 359/1467)
2025-11-30 05:17:38,327 - Scraping log - scraper.py >         <module>(): Line 751 - INFO - Running default scraper on KT_TG > https://ows.geo.tg.ch/geofy_access_proxy/fischereiverbote?service=WMS&version=1.3.0&request=GetCapabilities (source 360/1467)
2025-11-30 05:17:40,667 - Scraping log - scraper.py >         <module>(): Line 751 - INFO - Running default scraper on KT_TG > https://ows.geo.tg.ch/geofy_access_proxy/richtplankt200k?service=WMS&version=1.3.0&request=GetCapabilities (source 361/1467)
2025-11-30 05:18:18,767 - Scraping log - scraper.py >         <module>(): Line 751 - INFO - Running default scraper on KT_TG > https://ows.geo.tg.ch/geofy_access_proxy/oekomorphologie?Service=WMS&Version=1.3.0&Request=GetCapabilities (source 362/1467)
2025-11-30 05:18:22,738 - Scraping log - scraper.py >         <module>(): Line 751 - INFO - Running default scraper on KT_TG > https://ows.geo.tg.ch/geofy_access_proxy/gewaesserschutzkarte?Service=WMS&Version=1.3.0&Request=GetCapabilities (source 363/1467)
2025-11-30 05:18:26,864 - Scraping log - scraper.py >         <module>(): Line 751 - INFO - Running default scraper on KT_TG > https://ows.geo.tg.ch/geofy_access_proxy/grundwasserkarte?Service=WMS&Version=1.3.0&Request=GetCapabilities (source 364/1467)
2025-11-30 05:18:30,303 - Scraping log - scraper.py >         <module>(): Line 751 - INFO - Running default scraper on KT_TG > https://ows.geo.tg.ch/geofy_access_proxy/zivilschutzregionen?service=WMS&version=1.3.0&request=GetCapabilities (source 365/1467)
2025-11-30 05:18:31,939 - Scraping log - scraper.py >         <module>(): Line 751 - INFO - Running default scraper on KT_TG > https://ows.geo.tg.ch/geofy_access_proxy/schulgemeinden?service=WMS&version=1.3.0&request=GetCapabilities (source 366/1467)
2025-11-30 05:18:33,912 - Scraping log - scraper.py >         <module>(): Line 751 - INFO - Running default scraper on KT_TG > https://ows.geo.tg.ch/geofy_access_proxy/ng_fliesstiefenkarte_wasser_hq30?Service=WMS&Version=1.3.0&Request=GetCapabilities (source 367/1467)
2025-11-30 05:18:36,108 - Scraping log - scraper.py >         <module>(): Line 751 - INFO - Running default scraper on KT_TG > https://ows.geo.tg.ch/geofy_access_proxy/gewaesserkataster_gewaesser?Service=WMS&Version=1.3.0&Request=GetCapabilities (source 368/1467)
2025-11-30 05:18:41,697 - Scraping log - scraper.py >         <module>(): Line 751 - INFO - Running default scraper on KT_TG > https://ows-raster.geo.tg.ch/geofy_access_proxy/orthofoto2017?Service=WMS&Version=1.3.0&Request=GetCapabilities (source 369/1467)
2025-11-30 05:18:43,741 - Scraping log - scraper.py >         <module>(): Line 751 - INFO - Running default scraper on KT_TG > https://ows.geo.tg.ch/geofy_access_proxy/sirenenstandorte?service=WMS&version=1.3.0&request=GetCapabilities (source 370/1467)
2025-11-30 05:18:45,487 - Scraping log - scraper.py >         <module>(): Line 751 - INFO - Running default scraper on KT_TG > https://ows.geo.tg.ch/geofy_access_proxy/schutzraeume?service=WMS&version=1.3.0&request=GetCapabilities (source 371/1467)
2025-11-30 05:18:47,391 - Scraping log - scraper.py >         <module>(): Line 751 - INFO - Running default scraper on KT_TG > https://ows.geo.tg.ch/geofy_access_proxy/notfalltreffpunkte?Service=WFS&Version=2.0.0&Request=GetCapabilities (source 372/1467)
2025-11-30 05:18:49,217 - Scraping log - scraper.py >         <module>(): Line 751 - INFO - Running default scraper on KT_TG > https://ows.geo.tg.ch/geofy_access_proxy/rebbau?service=WFS&version=2.0.0&request=GetCapabilities (source 373/1467)
2025-11-30 05:18:51,492 - Scraping log - scraper.py >         <module>(): Line 751 - INFO - Running default scraper on KT_TG > https://ows.geo.tg.ch/geofy_access_proxy/strassenverkehrszaehlung?service=WFS&version=2.0.0&request=GetCapabilities (source 374/1467)
2025-11-30 05:18:53,461 - Scraping log - scraper.py >         <module>(): Line 751 - INFO - Running default scraper on KT_TG > https://ows.geo.tg.ch/geofy_access_proxy/av_wms?Service=WFS&Version=2.0.0&Request=GetCapabilities (source 375/1467)
2025-11-30 05:18:55,891 - Scraping log - scraper.py > get_service_info(): Line 319 - ERROR - ms:LCOBJ: 'WebFeatureService_2_0_0' object has no attribute 'getmap'
2025-11-30 05:18:55,891 - Scraping log - scraper.py > get_service_info(): Line 319 - ERROR - ms:LCSF: 'WebFeatureService_2_0_0' object has no attribute 'getmap'
2025-11-30 05:18:55,891 - Scraping log - scraper.py > get_service_info(): Line 319 - ERROR - ms:LCSFC: 'WebFeatureService_2_0_0' object has no attribute 'getmap'
2025-11-30 05:18:55,892 - Scraping log - scraper.py > get_service_info(): Line 319 - ERROR - ms:PLNA: 'WebFeatureService_2_0_0' object has no attribute 'getmap'
2025-11-30 05:18:55,892 - Scraping log - scraper.py > get_service_info(): Line 319 - ERROR - ms:PLSF: 'WebFeatureService_2_0_0' object has no attribute 'getmap'
2025-11-30 05:18:55,892 - Scraping log - scraper.py > get_service_info(): Line 319 - ERROR - ms:PLLI: 'WebFeatureService_2_0_0' object has no attribute 'getmap'
2025-11-30 05:18:55,892 - Scraping log - scraper.py > get_service_info(): Line 319 - ERROR - ms:SOSF: 'WebFeatureService_2_0_0' object has no attribute 'getmap'
2025-11-30 05:18:55,892 - Scraping log - scraper.py > get_service_info(): Line 319 - ERROR - ms:SOSFC: 'WebFeatureService_2_0_0' object has no attribute 'getmap'
2025-11-30 05:18:55,892 - Scraping log - scraper.py > get_service_info(): Line 319 - ERROR - ms:LCSF_GEB: 'WebFeatureService_2_0_0' object has no attribute 'getmap'
2025-11-30 05:18:55,892 - Scraping log - scraper.py > get_service_info(): Line 319 - ERROR - ms:LCSFC_GEB: 'WebFeatureService_2_0_0' object has no attribute 'getmap'
2025-11-30 05:18:55,892 - Scraping log - scraper.py > get_service_info(): Line 319 - ERROR - ms:LCSFPROJ: 'WebFeatureService_2_0_0' object has no attribute 'getmap'
2025-11-30 05:18:55,892 - Scraping log - scraper.py > get_service_info(): Line 319 - ERROR - ms:SOOBJ: 'WebFeatureService_2_0_0' object has no attribute 'getmap'
2025-11-30 05:18:55,892 - Scraping log - scraper.py > get_service_info(): Line 319 - ERROR - ms:SOLI: 'WebFeatureService_2_0_0' object has no attribute 'getmap'
2025-11-30 05:18:55,892 - Scraping log - scraper.py > get_service_info(): Line 319 - ERROR - ms:SOPT: 'WebFeatureService_2_0_0' object has no attribute 'getmap'
2025-11-30 05:18:55,892 - Scraping log - scraper.py > get_service_info(): Line 319 - ERROR - ms:LOCPOS: 'WebFeatureService_2_0_0' object has no attribute 'getmap'
2025-11-30 05:18:55,892 - Scraping log - scraper.py > get_service_info(): Line 319 - ERROR - ms:HADR: 'WebFeatureService_2_0_0' object has no attribute 'getmap'
2025-11-30 05:18:55,892 - Scraping log - scraper.py > get_service_info(): Line 319 - ERROR - ms:LNNA: 'WebFeatureService_2_0_0' object has no attribute 'getmap'
2025-11-30 05:18:55,892 - Scraping log - scraper.py > get_service_info(): Line 319 - ERROR - ms:OSNRPROJ: 'WebFeatureService_2_0_0' object has no attribute 'getmap'
2025-11-30 05:18:55,892 - Scraping log - scraper.py > get_service_info(): Line 319 - ERROR - ms:OSNR: 'WebFeatureService_2_0_0' object has no attribute 'getmap'
2025-11-30 05:18:55,892 - Scraping log - scraper.py > get_service_info(): Line 319 - ERROR - ms:DPRSFPROJ: 'WebFeatureService_2_0_0' object has no attribute 'getmap'
2025-11-30 05:18:55,893 - Scraping log - scraper.py > get_service_info(): Line 319 - ERROR - ms:RESFPROJ: 'WebFeatureService_2_0_0' object has no attribute 'getmap'
2025-11-30 05:18:55,893 - Scraping log - scraper.py > get_service_info(): Line 319 - ERROR - ms:DPRSF: 'WebFeatureService_2_0_0' object has no attribute 'getmap'
2025-11-30 05:18:55,893 - Scraping log - scraper.py > get_service_info(): Line 319 - ERROR - ms:RESF: 'WebFeatureService_2_0_0' object has no attribute 'getmap'
2025-11-30 05:18:55,893 - Scraping log - scraper.py > get_service_info(): Line 319 - ERROR - ms:RESF_h: 'WebFeatureService_2_0_0' object has no attribute 'getmap'
2025-11-30 05:18:55,893 - Scraping log - scraper.py > get_service_info(): Line 319 - ERROR - ms:MBSF: 'WebFeatureService_2_0_0' object has no attribute 'getmap'
2025-11-30 05:18:55,893 - Scraping log - scraper.py > get_service_info(): Line 319 - ERROR - ms:MBSF-LABEL: 'WebFeatureService_2_0_0' object has no attribute 'getmap'
2025-11-30 05:18:55,893 - Scraping log - scraper.py > get_service_info(): Line 319 - ERROR - ms:TBLI: 'WebFeatureService_2_0_0' object has no attribute 'getmap'
2025-11-30 05:18:55,893 - Scraping log - scraper.py > get_service_info(): Line 319 - ERROR - ms:OSBP: 'WebFeatureService_2_0_0' object has no attribute 'getmap'
2025-11-30 05:18:55,893 - Scraping log - scraper.py > get_service_info(): Line 319 - ERROR - ms:CPPT: 'WebFeatureService_2_0_0' object has no attribute 'getmap'
2025-11-30 05:18:55,893 - Scraping log - scraper.py > get_service_info(): Line 319 - ERROR - ms:TBBP: 'WebFeatureService_2_0_0' object has no attribute 'getmap'
2025-11-30 05:18:55,893 - Scraping log - scraper.py >         <module>(): Line 751 - INFO - Running default scraper on KT_TG > https://ows.geo.tg.ch/geofy_access_proxy/vernetzungskorridore?service=WFS&version=2.0.0&request=GetCapabilities (source 376/1467)
2025-11-30 05:18:57,728 - Scraping log - scraper.py >         <module>(): Line 751 - INFO - Running default scraper on KT_TG > https://ows.geo.tg.ch/geofy_access_proxy/laermemissionskataster?service=WFS&version=2.0.0&request=GetCapabilities (source 377/1467)
2025-11-30 05:19:00,132 - Scraping log - scraper.py >         <module>(): Line 751 - INFO - Running default scraper on KT_TG > https://ows.geo.tg.ch/geofy_access_proxy/skate?service=WFS&version=2.0.0&request=GetCapabilities (source 378/1467)
2025-11-30 05:19:01,978 - Scraping log - scraper.py >         <module>(): Line 751 - INFO - Running default scraper on KT_TG > https://ows.geo.tg.ch/geofy_access_proxy/deutschkurse?service=WFS&version=1.3.0&request=GetCapabilities (source 379/1467)
2025-11-30 05:19:03,811 - Scraping log - scraper.py >         <module>(): Line 751 - INFO - Running default scraper on KT_TG > https://ows.geo.tg.ch/geofy_access_proxy/landwirtschaft_kulturflaechen?service=WFS&version=2.0.0&request=GetCapabilities (source 380/1467)
2025-11-30 05:19:07,579 - Scraping log - scraper.py >         <module>(): Line 751 - INFO - Running default scraper on KT_TG > https://ows.geo.tg.ch/geofy_access_proxy/landwirtschaft_kulturflaechen?service=WFS&version=2.0.0&request=GetCapabilities (source 381/1467)
2025-11-30 05:19:11,309 - Scraping log - scraper.py >         <module>(): Line 751 - INFO - Running default scraper on KT_TG > https://ows.geo.tg.ch/geofy_access_proxy/bts_ols?service=WFS&version=2.0.0&request=GetCapabilities (source 382/1467)
2025-11-30 05:19:13,564 - Scraping log - scraper.py >         <module>(): Line 751 - INFO - Running default scraper on KT_TG > https://ows.geo.tg.ch/geofy_access_proxy/waldreservate?service=WFS&version=2.0.0&request=GetCapabilities (source 383/1467)
2025-11-30 05:19:14,233 - Scraping log - scraper.py >         <module>(): Line 759 - WARNING - Scraping KT_TG > https://ows.geo.tg.ch/geofy_access_proxy/waldreservate?service=WFS&version=2.0.0&request=GetCapabilities aborted
2025-11-30 05:19:14,233 - Scraping log - scraper.py >         <module>(): Line 751 - INFO - Running default scraper on KT_TG > https://ows.geo.tg.ch/geofy_access_proxy/waldreservate?service=WFS&version=2.0.0&request=GetCapabilities (source 384/1467)
2025-11-30 05:19:14,905 - Scraping log - scraper.py >         <module>(): Line 759 - WARNING - Scraping KT_TG > https://ows.geo.tg.ch/geofy_access_proxy/waldreservate?service=WFS&version=2.0.0&request=GetCapabilities aborted
2025-11-30 05:19:14,905 - Scraping log - scraper.py >         <module>(): Line 751 - INFO - Running default scraper on KT_TG > https://ows.geo.tg.ch/geofy_access_proxy/waldentwicklungsplan?Service=WFS&Version=2.0.0&Request=GetCapabilities (source 385/1467)
2025-11-30 05:19:17,524 - Scraping log - scraper.py >         <module>(): Line 751 - INFO - Running default scraper on KT_TG > https://ows.geo.tg.ch/geofy_access_proxy/schutzwald?service=WFS&version=2.0.0&request=GetCapabilities (source 386/1467)
2025-11-30 05:19:19,491 - Scraping log - scraper.py >         <module>(): Line 751 - INFO - Running default scraper on KT_TG > https://ows.geo.tg.ch/geofy_access_proxy/oereb_amphibienlaichgebiete?service=WFS&version=2.0.0&request=GetCapabilities (source 387/1467)
2025-11-30 05:19:22,674 - Scraping log - scraper.py >         <module>(): Line 751 - INFO - Running default scraper on KT_TG > https://ows.geo.tg.ch/geofy_access_proxy/oereb_flachmoore?service=WFS&version=2.0.0&request=GetCapabilities (source 388/1467)
2025-11-30 05:19:25,917 - Scraping log - scraper.py >         <module>(): Line 751 - INFO - Running default scraper on KT_TG > https://ows.geo.tg.ch/geofy_access_proxy/oereb_hoch_uebergangsmoore?service=WFS&version=2.0.0&request=GetCapabilities (source 389/1467)
2025-11-30 05:19:27,748 - Scraping log - scraper.py >         <module>(): Line 751 - INFO - Running default scraper on KT_TG > https://ows.geo.tg.ch/geofy_access_proxy/hkb?Service=WFS&Version=2.0.0&Request=GetCapabilities (source 390/1467)
2025-11-30 05:19:30,535 - Scraping log - scraper.py >         <module>(): Line 751 - INFO - Running default scraper on KT_TG > https://ows.geo.tg.ch/geofy_access_proxy/friedensrichteraemter?Service=WFS&Version=2.0.0&Request=GetCapabilities (source 391/1467)
2025-11-30 05:19:32,515 - Scraping log - scraper.py >         <module>(): Line 751 - INFO - Running default scraper on KT_TG > https://ows.geo.tg.ch/geofy_access_proxy/betreibungsaemter?Service=WFS&Version=2.0.0&Request=GetCapabilities (source 392/1467)
2025-11-30 05:19:34,515 - Scraping log - scraper.py >         <module>(): Line 751 - INFO - Running default scraper on KT_TG > https://ows.geo.tg.ch/geofy_access_proxy/stromversorgung_netzgebiete?service=WFS&version=2.0.0&request=GetCapabilities (source 393/1467)
2025-11-30 05:19:36,654 - Scraping log - scraper.py >         <module>(): Line 751 - INFO - Running default scraper on KT_TG > https://ows.geo.tg.ch/geofy_access_proxy/kantonsstrassen?service=WFS&version=2.0.0&request=GetCapabilities (source 394/1467)
2025-11-30 05:19:40,027 - Scraping log - scraper.py >         <module>(): Line 751 - INFO - Running default scraper on KT_TG > https://ows.geo.tg.ch/geofy_access_proxy/landwirtschaft_kulturflaechen?service=WFS&version=2.0.0&request=GetCapabilities (source 395/1467)
2025-11-30 05:19:43,766 - Scraping log - scraper.py >         <module>(): Line 751 - INFO - Running default scraper on KT_TG > https://ows.geo.tg.ch/geofy_access_proxy/forstliche_bestandeskarte?service=WFS&version=2.0.0&request=GetCapabilities (source 396/1467)
2025-11-30 05:19:46,360 - Scraping log - scraper.py >         <module>(): Line 751 - INFO - Running default scraper on KT_TG > https://ows.geo.tg.ch/geofy_access_proxy/forstreviere?service=WFS&version=2.0.0&request=GetCapabilities (source 397/1467)
2025-11-30 05:19:48,632 - Scraping log - scraper.py >         <module>(): Line 751 - INFO - Running default scraper on KT_TG > https://ows.geo.tg.ch/geofy_access_proxy/badegewaesserqualitaet?service=WFS&version=2.0.0&request=GetCapabilities (source 398/1467)
2025-11-30 05:19:50,468 - Scraping log - scraper.py >         <module>(): Line 751 - INFO - Running default scraper on KT_TG > https://ows.geo.tg.ch/geofy_access_proxy/landwirtschaft_kulturflaechen?service=WFS&version=2.0.0&request=GetCapabilities (source 399/1467)
2025-11-30 05:19:54,232 - Scraping log - scraper.py >         <module>(): Line 751 - INFO - Running default scraper on KT_TG > https://ows.geo.tg.ch/geofy_access_proxy/biber?service=WFS&version=2.0.0&request=GetCapabilities (source 400/1467)
2025-11-30 05:19:56,096 - Scraping log - scraper.py >         <module>(): Line 751 - INFO - Running default scraper on KT_TG > https://ows.geo.tg.ch/geofy_access_proxy/waldstandortkarte?service=WFS&version=2.0.0&request=GetCapabilities (source 401/1467)
2025-11-30 05:19:58,610 - Scraping log - scraper.py >         <module>(): Line 751 - INFO - Running default scraper on KT_TG > https://ows.geo.tg.ch/geofy_access_proxy/forstreviere?service=WFS&version=2.0.0&request=GetCapabilities (source 402/1467)
2025-11-30 05:20:00,883 - Scraping log - scraper.py >         <module>(): Line 751 - INFO - Running default scraper on KT_TG > https://ows.geo.tg.ch/geofy_access_proxy/jagdreviere?Service=WFS&Version=2.0.0&Request=GetCapabilities (source 403/1467)
2025-11-30 05:20:03,332 - Scraping log - scraper.py >         <module>(): Line 751 - INFO - Running default scraper on KT_TG > https://ows.geo.tg.ch/geofy_access_proxy/bodenuebersichtskarte?Service=WFS&Version=2.0.0&Request=GetCapabilities (source 404/1467)
2025-11-30 05:20:07,104 - Scraping log - scraper.py >         <module>(): Line 751 - INFO - Running default scraper on KT_TG > https://ows.geo.tg.ch/geofy_access_proxy/grundwasserkarte?Service=WMS&Version=1.3.0&Request=GetCapabilities (source 405/1467)
2025-11-30 05:20:10,565 - Scraping log - scraper.py >         <module>(): Line 751 - INFO - Running default scraper on KT_TG > https://ows.geo.tg.ch/geofy_access_proxy/fruchtfolgeflaechen_sachplan?Service=WFS&Version=2.0.0&Request=GetCapabilities (source 406/1467)
2025-11-30 05:20:12,402 - Scraping log - scraper.py >         <module>(): Line 751 - INFO - Running default scraper on KT_TG > https://ows.geo.tg.ch/geofy_access_proxy/hydrologische_messnetze?Service=WFS&Version=2.0.0&Request=GetCapabilities (source 407/1467)
2025-11-30 05:20:14,414 - Scraping log - scraper.py >         <module>(): Line 751 - INFO - Running default scraper on KT_TG > https://ows.geo.tg.ch/geofy_access_proxy/kgs_inventar_b_archaeologie?service=WFS&version=2.0.0&request=GetCapabilities (source 408/1467)
2025-11-30 05:20:16,256 - Scraping log - scraper.py >         <module>(): Line 751 - INFO - Running default scraper on KT_TG > https://ows.geo.tg.ch/geofy_access_proxy/landwirtschaft_kulturflaechen?service=WFS&version=2.0.0&request=GetCapabilities (source 409/1467)
2025-11-30 05:20:20,032 - Scraping log - scraper.py >         <module>(): Line 751 - INFO - Running default scraper on KT_TG > https://ows.geo.tg.ch/geofy_access_proxy/kantonsstrassen?service=WFS&version=2.0.0&request=GetCapabilities (source 410/1467)
2025-11-30 05:20:23,398 - Scraping log - scraper.py >         <module>(): Line 751 - INFO - Running default scraper on KT_TG > https://ows.geo.tg.ch/geofy_access_proxy/wanderwege?service=WFS&version=2.0.0&request=GetCapabilities (source 411/1467)
2025-11-30 05:20:25,881 - Scraping log - scraper.py >         <module>(): Line 751 - INFO - Running default scraper on KT_TG > https://ows.geo.tg.ch/geofy_access_proxy/kunstbauten?service=WFS&version=2.0.0&request=GetCapabilities (source 412/1467)
2025-11-30 05:20:27,922 - Scraping log - scraper.py >         <module>(): Line 751 - INFO - Running default scraper on KT_TG > https://ows.geo.tg.ch/geofy_access_proxy/gewaesserschutzkarte?Service=WFS&Version=2.0.0&Request=GetCapabilities (source 413/1467)
2025-11-30 05:20:30,542 - Scraping log - scraper.py >         <module>(): Line 751 - INFO - Running default scraper on KT_TG > https://ows.geo.tg.ch/geofy_access_proxy/neophyten?Service=WFS&Version=2.0.0&Request=GetCapabilities (source 414/1467)
2025-11-30 05:20:32,536 - Scraping log - scraper.py >         <module>(): Line 751 - INFO - Running default scraper on KT_TG > https://ows.geo.tg.ch/geofy_access_proxy/siedlungsverzeichnis?service=WFS&version=2.0.0&request=GetCapabilities (source 415/1467)
2025-11-30 05:20:34,382 - Scraping log - scraper.py >         <module>(): Line 751 - INFO - Running default scraper on KT_TG > https://ows.geo.tg.ch/geofy_access_proxy/revitalisierung_gewaesser?Service=WFS&Version=2.0.0&Request=GetCapabilities (source 416/1467)
2025-11-30 05:20:35,058 - Scraping log - scraper.py >         <module>(): Line 759 - WARNING - Scraping KT_TG > https://ows.geo.tg.ch/geofy_access_proxy/revitalisierung_gewaesser?Service=WFS&Version=2.0.0&Request=GetCapabilities aborted
2025-11-30 05:20:35,059 - Scraping log - scraper.py >         <module>(): Line 751 - INFO - Running default scraper on KT_TG > https://ows.geo.tg.ch/geofy_access_proxy/gefahrenhinweiskarte?Service=WFS&Version=2.0.0&Request=GetCapabilities (source 417/1467)
2025-11-30 05:20:38,073 - Scraping log - scraper.py >         <module>(): Line 751 - INFO - Running default scraper on KT_TG > https://ows.geo.tg.ch/geofy_access_proxy/landwirtschaft_kulturflaechen?service=WFS&version=2.0.0&request=GetCapabilities (source 418/1467)
2025-11-30 05:20:42,800 - Scraping log - scraper.py >         <module>(): Line 751 - INFO - Running default scraper on KT_TG > https://ows.geo.tg.ch/geofy_access_proxy/fischereiverbote?Service=WFS&Version=2.0.0&Request=GetCapabilities (source 419/1467)
2025-11-30 05:20:45,547 - Scraping log - scraper.py >         <module>(): Line 751 - INFO - Running default scraper on KT_TG > https://ows.geo.tg.ch/geofy_access_proxy/regionalplanung?service=WFS&version=2.0.0&request=GetCapabilities (source 420/1467)
2025-11-30 05:20:47,386 - Scraping log - scraper.py >         <module>(): Line 751 - INFO - Running default scraper on KT_TG > https://ows.geo.tg.ch/geofy_access_proxy/gewaesserschutzkarte?Service=WFS&Version=2.0.0&Request=GetCapabilities (source 421/1467)
2025-11-30 05:20:49,815 - Scraping log - scraper.py >         <module>(): Line 751 - INFO - Running default scraper on KT_TG > https://ows.geo.tg.ch/geofy_access_proxy/korrektionen_fluesse?Service=WFS&Version=2.0.0&Request=GetCapabilities (source 422/1467)
2025-11-30 05:20:51,784 - Scraping log - scraper.py >         <module>(): Line 751 - INFO - Running default scraper on KT_TG > https://ows.geo.tg.ch/geofy_access_proxy/korrektionen_baeche?Service=WFS&Version=2.0.0&Request=GetCapabilities (source 423/1467)
2025-11-30 05:20:53,640 - Scraping log - scraper.py >         <module>(): Line 751 - INFO - Running default scraper on KT_TG > https://ows.geo.tg.ch/geofy_access_proxy/hoehendaten?service=WFS&version=2.0.0&request=GetCapabilities (source 424/1467)
2025-11-30 05:20:55,619 - Scraping log - scraper.py >         <module>(): Line 751 - INFO - Running default scraper on KT_TG > https://ows.geo.tg.ch/geofy_access_proxy/hoehendaten?service=WFS&version=2.0.0&request=GetCapabilities (source 425/1467)
2025-11-30 05:20:57,606 - Scraping log - scraper.py >         <module>(): Line 751 - INFO - Running default scraper on KT_TG > https://ows.geo.tg.ch/geofy_access_proxy/oereb_statische_waldgrenzen?service=WFS&version=2.0.0&request=GetCapabilities (source 426/1467)
2025-11-30 05:20:59,439 - Scraping log - scraper.py >         <module>(): Line 751 - INFO - Running default scraper on KT_TG > https://ows.geo.tg.ch/geofy_access_proxy/mountainbike?service=WFS&version=2.0.0&request=GetCapabilities (source 427/1467)
2025-11-30 05:21:01,422 - Scraping log - scraper.py >         <module>(): Line 751 - INFO - Running default scraper on KT_TG > https://ows.geo.tg.ch/geofy_access_proxy/erdwaerme?Service=WFS&Version=2.0.0&Request=GetCapabilities (source 428/1467)
2025-11-30 05:21:03,406 - Scraping log - scraper.py >         <module>(): Line 751 - INFO - Running default scraper on KT_TG > https://ows.geo.tg.ch/geofy_access_proxy/oekomorphologie?Service=WFS&Version=2.0.0&Request=GetCapabilities (source 429/1467)
2025-11-30 05:21:06,932 - Scraping log - scraper.py >         <module>(): Line 751 - INFO - Running default scraper on KT_TG > https://ows.geo.tg.ch/geofy_access_proxy/kbs?Service=WFS&Version=2.0.0&Request=GetCapabilities (source 430/1467)
2025-11-30 05:21:09,279 - Scraping log - scraper.py >         <module>(): Line 751 - INFO - Running default scraper on KT_TG > https://ows.geo.tg.ch/geofy_access_proxy/fischereiaufsichtskreise?Service=WFS&Version=2.0.0&Request=GetCapabilities (source 431/1467)
2025-11-30 05:21:11,147 - Scraping log - scraper.py >         <module>(): Line 751 - INFO - Running default scraper on KT_TG > https://ows.geo.tg.ch/geofy_access_proxy/grundwasserkarte?Service=WMS&Version=1.3.0&Request=GetCapabilities (source 432/1467)
2025-11-30 05:21:14,661 - Scraping log - scraper.py >         <module>(): Line 751 - INFO - Running default scraper on KT_TG > https://ows-raster.geo.tg.ch/geofy_access_proxy/biomasse?Service=WFS&Version=2.0.0&Request=GetCapabilities (source 433/1467)
2025-11-30 05:21:17,099 - Scraping log - scraper.py >         <module>(): Line 751 - INFO - Running default scraper on KT_TG > https://ows.geo.tg.ch/geofy_access_proxy/ausnahmetransportrouten?service=WFS&version=2.0.0&request=GetCapabilities (source 434/1467)
2025-11-30 05:21:20,774 - Scraping log - scraper.py >         <module>(): Line 751 - INFO - Running default scraper on KT_TG > https://ows.geo.tg.ch/geofy_access_proxy/jagdreviere?Service=WFS&Version=2.0.0&Request=GetCapabilities (source 435/1467)
2025-11-30 05:21:23,157 - Scraping log - scraper.py >         <module>(): Line 751 - INFO - Running default scraper on KT_TG > https://ows.geo.tg.ch/geofy_access_proxy/kapopostenkarte?Service=WFS&Version=2.0.0&Request=GetCapabilities (source 436/1467)
2025-11-30 05:21:25,123 - Scraping log - scraper.py >         <module>(): Line 751 - INFO - Running default scraper on KT_TG > https://ows.geo.tg.ch/geofy_access_proxy/jagdreviere?Service=WFS&Version=2.0.0&Request=GetCapabilities (source 437/1467)
2025-11-30 05:21:27,397 - Scraping log - scraper.py >         <module>(): Line 751 - INFO - Running default scraper on KT_TG > https://ows.geo.tg.ch/geofy_access_proxy/fischereiverbote?Service=WFS&Version=2.0.0&Request=GetCapabilities (source 438/1467)
2025-11-30 05:21:30,066 - Scraping log - scraper.py >         <module>(): Line 751 - INFO - Running default scraper on KT_TG > https://ows.geo.tg.ch/geofy_access_proxy/richtplankt50k?service=WMS&version=1.3.0&request=GetCapabilities (source 439/1467)
2025-11-30 05:21:47,772 - Scraping log - scraper.py >         <module>(): Line 751 - INFO - Running default scraper on KT_TG > https://ows.geo.tg.ch/geofy_access_proxy/oekomorphologie?Service=WFS&Version=2.0.0&Request=GetCapabilities (source 440/1467)
2025-11-30 05:21:51,380 - Scraping log - scraper.py >         <module>(): Line 751 - INFO - Running default scraper on KT_TG > https://ows.geo.tg.ch/geofy_access_proxy/gewaesserschutzkarte?Service=WFS&Version=2.0.0&Request=GetCapabilities (source 441/1467)
2025-11-30 05:21:53,933 - Scraping log - scraper.py >         <module>(): Line 751 - INFO - Running default scraper on KT_TG > https://ows.geo.tg.ch/geofy_access_proxy/grundwassermodell_thurtal?Service=WMS&Version=1.3.0&Request=GetCapabilities (source 442/1467)
2025-11-30 05:21:54,668 - Scraping log - scraper.py >         <module>(): Line 759 - WARNING - Scraping KT_TG > https://ows.geo.tg.ch/geofy_access_proxy/grundwassermodell_thurtal?Service=WMS&Version=1.3.0&Request=GetCapabilities aborted
2025-11-30 05:21:54,668 - Scraping log - scraper.py >         <module>(): Line 751 - INFO - Running default scraper on KT_TG > https://ows.geo.tg.ch/geofy_access_proxy/zivilschutzregionen?Service=WFS&Version=2.0.0&Request=GetCapabilities (source 443/1467)
2025-11-30 05:21:56,508 - Scraping log - scraper.py >         <module>(): Line 751 - INFO - Running default scraper on KT_TG > https://ows.geo.tg.ch/geofy_access_proxy/schulgemeinden?service=WFS&version=2.0.0&request=GetCapabilities (source 444/1467)
2025-11-30 05:21:58,915 - Scraping log - scraper.py >         <module>(): Line 751 - INFO - Running default scraper on KT_TG > https://ows.geo.tg.ch/geofy_access_proxy/ng_fliesstiefenkarte_wasser_hq100?Service=WMS&Version=1.3.0&Request=GetCapabilities (source 445/1467)
2025-11-30 05:22:01,304 - Scraping log - scraper.py >         <module>(): Line 751 - INFO - Running default scraper on KT_TG > https://ows.geo.tg.ch/geofy_access_proxy/gewaesserkataster_gewaesser?Service=WFS&Version=2.0.0&Request=GetCapabilities (source 446/1467)
2025-11-30 05:22:04,937 - Scraping log - scraper.py >         <module>(): Line 751 - INFO - Running default scraper on KT_TG > https://ows.geo.tg.ch/geofy_access_proxy/sirenenstandorte?Service=WFS&Version=2.0.0&Request=GetCapabilities (source 447/1467)
2025-11-30 05:22:06,777 - Scraping log - scraper.py >         <module>(): Line 751 - INFO - Running default scraper on KT_TG > https://ows.geo.tg.ch/geofy_access_proxy/schutzraeume?Service=WFS&Version=2.0.0&Request=GetCapabilities (source 448/1467)
2025-11-30 05:22:08,662 - Scraping log - scraper.py >         <module>(): Line 751 - INFO - Running default scraper on KT_TI > https://wmts.geo.ti.ch/wmts/1.0.0/WMTSCapabilities.xml (source 449/1467)
2025-11-30 05:22:11,840 - Scraping log - scraper.py >         <module>(): Line 751 - INFO - Running default scraper on KT_TI > https://wfs.geo.ti.ch/wfs_ch (source 450/1467)
2025-11-30 05:22:28,197 - Scraping log - scraper.py >         <module>(): Line 751 - INFO - Running default scraper on KT_TI > https://wfs.geo.ti.ch/wfs_ac (source 451/1467)
2025-11-30 05:22:42,190 - Scraping log - scraper.py >         <module>(): Line 751 - INFO - Running default scraper on KT_TI > https://wms.geo.ti.ch/service?service=WMS&version=1.3.0&REQUEST=GetCapabilities (source 452/1467)
2025-11-30 05:23:06,411 - Scraping log - scraper.py > get_service_info(): Line 319 - ERROR - geodati_base_federali: HTTPSConnectionPool(host='wms.geo.ti.ch', port=443): Read timed out. (read timeout=10)
2025-11-30 05:23:58,793 - Scraping log - scraper.py > get_service_info(): Line 319 - ERROR - ch_052_1_v24_0_piano_base_mu_ch_colore: HTTPSConnectionPool(host='wms.geo.ti.ch', port=443): Read timed out. (read timeout=10)
2025-11-30 05:24:09,020 - Scraping log - scraper.py > get_service_info(): Line 319 - ERROR - ch_052_1_v24_0_piano_base_mu_ch_bn: HTTPSConnectionPool(host='wms.geo.ti.ch', port=443): Read timed out. (read timeout=10)
2025-11-30 05:25:46,333 - Scraping log - scraper.py > get_service_info(): Line 319 - ERROR - geodati_base_cantonali: HTTPSConnectionPool(host='wms.geo.ti.ch', port=443): Read timed out. (read timeout=10)
2025-11-30 05:31:34,579 - Scraping log - scraper.py > get_service_info(): Line 319 - ERROR - geodati_amministrazione_cantonale: HTTPSConnectionPool(host='wms.geo.ti.ch', port=443): Read timed out. (read timeout=10)
2025-11-30 05:33:59,414 - Scraping log - scraper.py >         <module>(): Line 751 - INFO - Running default scraper on KT_UR > https://geo.ur.ch/wms?request=getCapabilities (source 453/1467)
2025-11-30 05:37:28,884 - Scraping log - scraper.py >         <module>(): Line 751 - INFO - Running default scraper on KT_UR > https://geo.ur.ch/wfs?request=getCapabilities (source 454/1467)
2025-11-30 05:38:31,978 - Scraping log - scraper.py >         <module>(): Line 751 - INFO - Running default scraper on KT_ZG > https://services.geo.zg.ch/ows/Quartiergestaltungsplanung?SERVICE=WMS&REQUEST=GetCapabilities (source 455/1467)
2025-11-30 05:38:32,603 - Scraping log - scraper.py >        is_online(): Line 181 - INFO - KT_ZG https://services.geo.zg.ch/ows/Quartiergestaltungsplanung?SERVICE=WMS&REQUEST=GetCapabilities: HTTPSConnectionPool(host='services.geo.zg.ch', port=443): Max retries exceeded with url: /ows/Quartiergestaltungsplanung?SERVICE=WMS&REQUEST=GetCapabilities (Caused by SSLError(SSLZeroReturnError(6, 'TLS/SSL connection has been closed (EOF) (_ssl.c:1147)')))
2025-11-30 05:38:32,603 - Scraping log - scraper.py >         <module>(): Line 759 - WARNING - Scraping KT_ZG > https://services.geo.zg.ch/ows/Quartiergestaltungsplanung?SERVICE=WMS&REQUEST=GetCapabilities aborted
2025-11-30 05:38:32,603 - Scraping log - scraper.py >         <module>(): Line 751 - INFO - Running default scraper on KT_ZG > https://services.geo.zg.ch/ows/Abfallsammelstellen?SERVICE=WMS&REQUEST=GetCapabilities (source 456/1467)
2025-11-30 05:38:33,016 - Scraping log - scraper.py >        is_online(): Line 181 - INFO - KT_ZG https://services.geo.zg.ch/ows/Abfallsammelstellen?SERVICE=WMS&REQUEST=GetCapabilities: HTTPSConnectionPool(host='services.geo.zg.ch', port=443): Max retries exceeded with url: /ows/Abfallsammelstellen?SERVICE=WMS&REQUEST=GetCapabilities (Caused by SSLError(SSLZeroReturnError(6, 'TLS/SSL connection has been closed (EOF) (_ssl.c:1147)')))
2025-11-30 05:38:33,017 - Scraping log - scraper.py >         <module>(): Line 759 - WARNING - Scraping KT_ZG > https://services.geo.zg.ch/ows/Abfallsammelstellen?SERVICE=WMS&REQUEST=GetCapabilities aborted
2025-11-30 05:38:33,017 - Scraping log - scraper.py >         <module>(): Line 751 - INFO - Running default scraper on KT_ZG > https://services.geo.zg.ch/ows/Abstandslinien?SERVICE=WMS&REQUEST=GetCapabilities (source 457/1467)
2025-11-30 05:38:33,639 - Scraping log - scraper.py >        is_online(): Line 181 - INFO - KT_ZG https://services.geo.zg.ch/ows/Abstandslinien?SERVICE=WMS&REQUEST=GetCapabilities: HTTPSConnectionPool(host='services.geo.zg.ch', port=443): Max retries exceeded with url: /ows/Abstandslinien?SERVICE=WMS&REQUEST=GetCapabilities (Caused by SSLError(SSLZeroReturnError(6, 'TLS/SSL connection has been closed (EOF) (_ssl.c:1147)')))
2025-11-30 05:38:33,639 - Scraping log - scraper.py >         <module>(): Line 759 - WARNING - Scraping KT_ZG > https://services.geo.zg.ch/ows/Abstandslinien?SERVICE=WMS&REQUEST=GetCapabilities aborted
2025-11-30 05:38:33,639 - Scraping log - scraper.py >         <module>(): Line 751 - INFO - Running default scraper on KT_ZG > https://services.geo.zg.ch/ows/Adressplan?SERVICE=WMS&REQUEST=GetCapabilities (source 458/1467)
2025-11-30 05:38:33,835 - Scraping log - scraper.py >        is_online(): Line 181 - INFO - KT_ZG https://services.geo.zg.ch/ows/Adressplan?SERVICE=WMS&REQUEST=GetCapabilities: HTTPSConnectionPool(host='services.geo.zg.ch', port=443): Max retries exceeded with url: /ows/Adressplan?SERVICE=WMS&REQUEST=GetCapabilities (Caused by SSLError(SSLZeroReturnError(6, 'TLS/SSL connection has been closed (EOF) (_ssl.c:1147)')))
2025-11-30 05:38:33,836 - Scraping log - scraper.py >         <module>(): Line 759 - WARNING - Scraping KT_ZG > https://services.geo.zg.ch/ows/Adressplan?SERVICE=WMS&REQUEST=GetCapabilities aborted
2025-11-30 05:38:33,836 - Scraping log - scraper.py >         <module>(): Line 751 - INFO - Running default scraper on KT_ZG > https://services.geo.zg.ch/ows/Amphibienlaichgebiete?SERVICE=WMS&REQUEST=GetCapabilities (source 459/1467)
2025-11-30 05:38:34,040 - Scraping log - scraper.py >        is_online(): Line 181 - INFO - KT_ZG https://services.geo.zg.ch/ows/Amphibienlaichgebiete?SERVICE=WMS&REQUEST=GetCapabilities: HTTPSConnectionPool(host='services.geo.zg.ch', port=443): Max retries exceeded with url: /ows/Amphibienlaichgebiete?SERVICE=WMS&REQUEST=GetCapabilities (Caused by SSLError(SSLZeroReturnError(6, 'TLS/SSL connection has been closed (EOF) (_ssl.c:1147)')))
2025-11-30 05:38:34,040 - Scraping log - scraper.py >         <module>(): Line 759 - WARNING - Scraping KT_ZG > https://services.geo.zg.ch/ows/Amphibienlaichgebiete?SERVICE=WMS&REQUEST=GetCapabilities aborted
2025-11-30 05:38:34,040 - Scraping log - scraper.py >         <module>(): Line 751 - INFO - Running default scraper on KT_ZG > https://services.geo.zg.ch/ows/Anselmierkarte?SERVICE=WMS&REQUEST=GetCapabilities (source 460/1467)
2025-11-30 05:38:34,274 - Scraping log - scraper.py >        is_online(): Line 181 - INFO - KT_ZG https://services.geo.zg.ch/ows/Anselmierkarte?SERVICE=WMS&REQUEST=GetCapabilities: HTTPSConnectionPool(host='services.geo.zg.ch', port=443): Max retries exceeded with url: /ows/Anselmierkarte?SERVICE=WMS&REQUEST=GetCapabilities (Caused by SSLError(SSLZeroReturnError(6, 'TLS/SSL connection has been closed (EOF) (_ssl.c:1147)')))
2025-11-30 05:38:34,274 - Scraping log - scraper.py >         <module>(): Line 759 - WARNING - Scraping KT_ZG > https://services.geo.zg.ch/ows/Anselmierkarte?SERVICE=WMS&REQUEST=GetCapabilities aborted
2025-11-30 05:38:34,275 - Scraping log - scraper.py >         <module>(): Line 751 - INFO - Running default scraper on KT_ZG > https://services.geo.zg.ch/ows/BasisplanFarbe?SERVICE=WMS&REQUEST=GetCapabilities (source 461/1467)
2025-11-30 05:38:34,692 - Scraping log - scraper.py >        is_online(): Line 181 - INFO - KT_ZG https://services.geo.zg.ch/ows/BasisplanFarbe?SERVICE=WMS&REQUEST=GetCapabilities: HTTPSConnectionPool(host='services.geo.zg.ch', port=443): Max retries exceeded with url: /ows/BasisplanFarbe?SERVICE=WMS&REQUEST=GetCapabilities (Caused by SSLError(SSLZeroReturnError(6, 'TLS/SSL connection has been closed (EOF) (_ssl.c:1147)')))
2025-11-30 05:38:34,692 - Scraping log - scraper.py >         <module>(): Line 759 - WARNING - Scraping KT_ZG > https://services.geo.zg.ch/ows/BasisplanFarbe?SERVICE=WMS&REQUEST=GetCapabilities aborted
2025-11-30 05:38:34,692 - Scraping log - scraper.py >         <module>(): Line 751 - INFO - Running default scraper on KT_ZG > https://services.geo.zg.ch/ows/BasisplanSW?SERVICE=WMS&REQUEST=GetCapabilities (source 462/1467)
2025-11-30 05:38:35,288 - Scraping log - scraper.py >        is_online(): Line 181 - INFO - KT_ZG https://services.geo.zg.ch/ows/BasisplanSW?SERVICE=WMS&REQUEST=GetCapabilities: HTTPSConnectionPool(host='services.geo.zg.ch', port=443): Max retries exceeded with url: /ows/BasisplanSW?SERVICE=WMS&REQUEST=GetCapabilities (Caused by SSLError(SSLZeroReturnError(6, 'TLS/SSL connection has been closed (EOF) (_ssl.c:1147)')))
2025-11-30 05:38:35,288 - Scraping log - scraper.py >         <module>(): Line 759 - WARNING - Scraping KT_ZG > https://services.geo.zg.ch/ows/BasisplanSW?SERVICE=WMS&REQUEST=GetCapabilities aborted
2025-11-30 05:38:35,288 - Scraping log - scraper.py >         <module>(): Line 751 - INFO - Running default scraper on KT_ZG > https://services.geo.zg.ch/ows/Baumkataster?SERVICE=WMS&REQUEST=GetCapabilities (source 463/1467)
2025-11-30 05:38:35,701 - Scraping log - scraper.py >        is_online(): Line 181 - INFO - KT_ZG https://services.geo.zg.ch/ows/Baumkataster?SERVICE=WMS&REQUEST=GetCapabilities: HTTPSConnectionPool(host='services.geo.zg.ch', port=443): Max retries exceeded with url: /ows/Baumkataster?SERVICE=WMS&REQUEST=GetCapabilities (Caused by SSLError(SSLZeroReturnError(6, 'TLS/SSL connection has been closed (EOF) (_ssl.c:1147)')))
2025-11-30 05:38:35,701 - Scraping log - scraper.py >         <module>(): Line 759 - WARNING - Scraping KT_ZG > https://services.geo.zg.ch/ows/Baumkataster?SERVICE=WMS&REQUEST=GetCapabilities aborted
2025-11-30 05:38:35,701 - Scraping log - scraper.py >         <module>(): Line 751 - INFO - Running default scraper on KT_ZG > https://services.geo.zg.ch/ows/Bebauungsplan?SERVICE=WMS&REQUEST=GetCapabilities (source 464/1467)
2025-11-30 05:38:35,928 - Scraping log - scraper.py >        is_online(): Line 181 - INFO - KT_ZG https://services.geo.zg.ch/ows/Bebauungsplan?SERVICE=WMS&REQUEST=GetCapabilities: HTTPSConnectionPool(host='services.geo.zg.ch', port=443): Max retries exceeded with url: /ows/Bebauungsplan?SERVICE=WMS&REQUEST=GetCapabilities (Caused by SSLError(SSLZeroReturnError(6, 'TLS/SSL connection has been closed (EOF) (_ssl.c:1147)')))
2025-11-30 05:38:35,928 - Scraping log - scraper.py >         <module>(): Line 759 - WARNING - Scraping KT_ZG > https://services.geo.zg.ch/ows/Bebauungsplan?SERVICE=WMS&REQUEST=GetCapabilities aborted
2025-11-30 05:38:35,928 - Scraping log - scraper.py >         <module>(): Line 751 - INFO - Running default scraper on KT_ZG > https://services.geo.zg.ch/ows/Besondere_Waldlebensraeume?SERVICE=WMS&REQUEST=GetCapabilities (source 465/1467)
2025-11-30 05:38:36,140 - Scraping log - scraper.py >        is_online(): Line 181 - INFO - KT_ZG https://services.geo.zg.ch/ows/Besondere_Waldlebensraeume?SERVICE=WMS&REQUEST=GetCapabilities: HTTPSConnectionPool(host='services.geo.zg.ch', port=443): Max retries exceeded with url: /ows/Besondere_Waldlebensraeume?SERVICE=WMS&REQUEST=GetCapabilities (Caused by SSLError(SSLZeroReturnError(6, 'TLS/SSL connection has been closed (EOF) (_ssl.c:1147)')))
2025-11-30 05:38:36,140 - Scraping log - scraper.py >         <module>(): Line 759 - WARNING - Scraping KT_ZG > https://services.geo.zg.ch/ows/Besondere_Waldlebensraeume?SERVICE=WMS&REQUEST=GetCapabilities aborted
2025-11-30 05:38:36,140 - Scraping log - scraper.py >         <module>(): Line 751 - INFO - Running default scraper on KT_ZG > https://services.geo.zg.ch/ows/Besondere_Waldlebensraeume?SERVICE=WMS&REQUEST=GetCapabilities (source 466/1467)
2025-11-30 05:38:36,339 - Scraping log - scraper.py >        is_online(): Line 181 - INFO - KT_ZG https://services.geo.zg.ch/ows/Besondere_Waldlebensraeume?SERVICE=WMS&REQUEST=GetCapabilities: HTTPSConnectionPool(host='services.geo.zg.ch', port=443): Max retries exceeded with url: /ows/Besondere_Waldlebensraeume?SERVICE=WMS&REQUEST=GetCapabilities (Caused by SSLError(SSLZeroReturnError(6, 'TLS/SSL connection has been closed (EOF) (_ssl.c:1147)')))
2025-11-30 05:38:36,339 - Scraping log - scraper.py >         <module>(): Line 759 - WARNING - Scraping KT_ZG > https://services.geo.zg.ch/ows/Besondere_Waldlebensraeume?SERVICE=WMS&REQUEST=GetCapabilities aborted
2025-11-30 05:38:36,339 - Scraping log - scraper.py >         <module>(): Line 751 - INFO - Running default scraper on KT_ZG > https://services.geo.zg.ch/ows/Bodenkarte?SERVICE=WMS&REQUEST=GetCapabilities (source 467/1467)
2025-11-30 05:38:36,571 - Scraping log - scraper.py >        is_online(): Line 181 - INFO - KT_ZG https://services.geo.zg.ch/ows/Bodenkarte?SERVICE=WMS&REQUEST=GetCapabilities: HTTPSConnectionPool(host='services.geo.zg.ch', port=443): Max retries exceeded with url: /ows/Bodenkarte?SERVICE=WMS&REQUEST=GetCapabilities (Caused by SSLError(SSLZeroReturnError(6, 'TLS/SSL connection has been closed (EOF) (_ssl.c:1147)')))
2025-11-30 05:38:36,572 - Scraping log - scraper.py >         <module>(): Line 759 - WARNING - Scraping KT_ZG > https://services.geo.zg.ch/ows/Bodenkarte?SERVICE=WMS&REQUEST=GetCapabilities aborted
2025-11-30 05:38:36,572 - Scraping log - scraper.py >         <module>(): Line 751 - INFO - Running default scraper on KT_ZG > https://services.geo.zg.ch/ows/Buslinien?SERVICE=WMS&REQUEST=GetCapabilities (source 468/1467)
2025-11-30 05:38:36,767 - Scraping log - scraper.py >        is_online(): Line 181 - INFO - KT_ZG https://services.geo.zg.ch/ows/Buslinien?SERVICE=WMS&REQUEST=GetCapabilities: HTTPSConnectionPool(host='services.geo.zg.ch', port=443): Max retries exceeded with url: /ows/Buslinien?SERVICE=WMS&REQUEST=GetCapabilities (Caused by SSLError(SSLZeroReturnError(6, 'TLS/SSL connection has been closed (EOF) (_ssl.c:1147)')))
2025-11-30 05:38:36,768 - Scraping log - scraper.py >         <module>(): Line 759 - WARNING - Scraping KT_ZG > https://services.geo.zg.ch/ows/Buslinien?SERVICE=WMS&REQUEST=GetCapabilities aborted
2025-11-30 05:38:36,768 - Scraping log - scraper.py >         <module>(): Line 751 - INFO - Running default scraper on KT_ZG > https://services.geo.zg.ch/ows/Denkmaeler?SERVICE=WMS&REQUEST=GetCapabilities (source 469/1467)
2025-11-30 05:38:36,961 - Scraping log - scraper.py >        is_online(): Line 181 - INFO - KT_ZG https://services.geo.zg.ch/ows/Denkmaeler?SERVICE=WMS&REQUEST=GetCapabilities: HTTPSConnectionPool(host='services.geo.zg.ch', port=443): Max retries exceeded with url: /ows/Denkmaeler?SERVICE=WMS&REQUEST=GetCapabilities (Caused by SSLError(SSLZeroReturnError(6, 'TLS/SSL connection has been closed (EOF) (_ssl.c:1147)')))
2025-11-30 05:38:36,961 - Scraping log - scraper.py >         <module>(): Line 759 - WARNING - Scraping KT_ZG > https://services.geo.zg.ch/ows/Denkmaeler?SERVICE=WMS&REQUEST=GetCapabilities aborted
2025-11-30 05:38:36,961 - Scraping log - scraper.py >         <module>(): Line 751 - INFO - Running default scraper on KT_ZG > https://services.geo.zg.ch/ows/Einzelbaeume_K5?&SERVICE=WMS&REQUEST=GetCapabilities (source 470/1467)
2025-11-30 05:38:37,165 - Scraping log - scraper.py >        is_online(): Line 181 - INFO - KT_ZG https://services.geo.zg.ch/ows/Einzelbaeume_K5?&SERVICE=WMS&REQUEST=GetCapabilities: HTTPSConnectionPool(host='services.geo.zg.ch', port=443): Max retries exceeded with url: /ows/Einzelbaeume_K5?&SERVICE=WMS&REQUEST=GetCapabilities (Caused by SSLError(SSLZeroReturnError(6, 'TLS/SSL connection has been closed (EOF) (_ssl.c:1147)')))
2025-11-30 05:38:37,165 - Scraping log - scraper.py >         <module>(): Line 759 - WARNING - Scraping KT_ZG > https://services.geo.zg.ch/ows/Einzelbaeume_K5?&SERVICE=WMS&REQUEST=GetCapabilities aborted
2025-11-30 05:38:37,166 - Scraping log - scraper.py >         <module>(): Line 751 - INFO - Running default scraper on KT_ZG > https://services.geo.zg.ch/ows/Erdwaermenutzung?SERVICE=WMS&REQUEST=GetCapabilities (source 471/1467)
2025-11-30 05:38:37,361 - Scraping log - scraper.py >        is_online(): Line 181 - INFO - KT_ZG https://services.geo.zg.ch/ows/Erdwaermenutzung?SERVICE=WMS&REQUEST=GetCapabilities: HTTPSConnectionPool(host='services.geo.zg.ch', port=443): Max retries exceeded with url: /ows/Erdwaermenutzung?SERVICE=WMS&REQUEST=GetCapabilities (Caused by SSLError(SSLZeroReturnError(6, 'TLS/SSL connection has been closed (EOF) (_ssl.c:1147)')))
2025-11-30 05:38:37,361 - Scraping log - scraper.py >         <module>(): Line 759 - WARNING - Scraping KT_ZG > https://services.geo.zg.ch/ows/Erdwaermenutzung?SERVICE=WMS&REQUEST=GetCapabilities aborted
2025-11-30 05:38:37,361 - Scraping log - scraper.py >         <module>(): Line 751 - INFO - Running default scraper on KT_ZG > https://services.geo.zg.ch/ows/Erholungswald?SERVICE=WMS&REQUEST=GetCapabilities (source 472/1467)
2025-11-30 05:38:37,559 - Scraping log - scraper.py >        is_online(): Line 181 - INFO - KT_ZG https://services.geo.zg.ch/ows/Erholungswald?SERVICE=WMS&REQUEST=GetCapabilities: HTTPSConnectionPool(host='services.geo.zg.ch', port=443): Max retries exceeded with url: /ows/Erholungswald?SERVICE=WMS&REQUEST=GetCapabilities (Caused by SSLError(SSLZeroReturnError(6, 'TLS/SSL connection has been closed (EOF) (_ssl.c:1147)')))
2025-11-30 05:38:37,559 - Scraping log - scraper.py >         <module>(): Line 759 - WARNING - Scraping KT_ZG > https://services.geo.zg.ch/ows/Erholungswald?SERVICE=WMS&REQUEST=GetCapabilities aborted
2025-11-30 05:38:37,559 - Scraping log - scraper.py >         <module>(): Line 751 - INFO - Running default scraper on KT_ZG > https://services.geo.zg.ch/ows/Fahrzeuglaengen_geplant?SERVICE=WMS&REQUEST=GetCapabilities (source 473/1467)
2025-11-30 05:38:37,753 - Scraping log - scraper.py >        is_online(): Line 181 - INFO - KT_ZG https://services.geo.zg.ch/ows/Fahrzeuglaengen_geplant?SERVICE=WMS&REQUEST=GetCapabilities: HTTPSConnectionPool(host='services.geo.zg.ch', port=443): Max retries exceeded with url: /ows/Fahrzeuglaengen_geplant?SERVICE=WMS&REQUEST=GetCapabilities (Caused by SSLError(SSLZeroReturnError(6, 'TLS/SSL connection has been closed (EOF) (_ssl.c:1147)')))
2025-11-30 05:38:37,753 - Scraping log - scraper.py >         <module>(): Line 759 - WARNING - Scraping KT_ZG > https://services.geo.zg.ch/ows/Fahrzeuglaengen_geplant?SERVICE=WMS&REQUEST=GetCapabilities aborted
2025-11-30 05:38:37,753 - Scraping log - scraper.py >         <module>(): Line 751 - INFO - Running default scraper on KT_ZG > https://services.geo.zg.ch/ows/Fledermaus-Quartiere?SERVICE=WMS&REQUEST=GetCapabilities (source 474/1467)
2025-11-30 05:38:37,952 - Scraping log - scraper.py >        is_online(): Line 181 - INFO - KT_ZG https://services.geo.zg.ch/ows/Fledermaus-Quartiere?SERVICE=WMS&REQUEST=GetCapabilities: HTTPSConnectionPool(host='services.geo.zg.ch', port=443): Max retries exceeded with url: /ows/Fledermaus-Quartiere?SERVICE=WMS&REQUEST=GetCapabilities (Caused by SSLError(SSLZeroReturnError(6, 'TLS/SSL connection has been closed (EOF) (_ssl.c:1147)')))
2025-11-30 05:38:37,952 - Scraping log - scraper.py >         <module>(): Line 759 - WARNING - Scraping KT_ZG > https://services.geo.zg.ch/ows/Fledermaus-Quartiere?SERVICE=WMS&REQUEST=GetCapabilities aborted
2025-11-30 05:38:37,952 - Scraping log - scraper.py >         <module>(): Line 751 - INFO - Running default scraper on KT_ZG > https://services.geo.zg.ch/ows/Forstreviere?SERVICE=WMS&REQUEST=GetCapabilities (source 475/1467)
2025-11-30 05:38:38,150 - Scraping log - scraper.py >        is_online(): Line 181 - INFO - KT_ZG https://services.geo.zg.ch/ows/Forstreviere?SERVICE=WMS&REQUEST=GetCapabilities: HTTPSConnectionPool(host='services.geo.zg.ch', port=443): Max retries exceeded with url: /ows/Forstreviere?SERVICE=WMS&REQUEST=GetCapabilities (Caused by SSLError(SSLZeroReturnError(6, 'TLS/SSL connection has been closed (EOF) (_ssl.c:1147)')))
2025-11-30 05:38:38,150 - Scraping log - scraper.py >         <module>(): Line 759 - WARNING - Scraping KT_ZG > https://services.geo.zg.ch/ows/Forstreviere?SERVICE=WMS&REQUEST=GetCapabilities aborted
2025-11-30 05:38:38,150 - Scraping log - scraper.py >         <module>(): Line 751 - INFO - Running default scraper on KT_ZG > https://services.geo.zg.ch/ows/Fussgaengerstreifen?SERVICE=WMS&REQUEST=GetCapabilities (source 476/1467)
2025-11-30 05:38:38,663 - Scraping log - scraper.py >        is_online(): Line 181 - INFO - KT_ZG https://services.geo.zg.ch/ows/Fussgaengerstreifen?SERVICE=WMS&REQUEST=GetCapabilities: HTTPSConnectionPool(host='services.geo.zg.ch', port=443): Max retries exceeded with url: /ows/Fussgaengerstreifen?SERVICE=WMS&REQUEST=GetCapabilities (Caused by SSLError(SSLZeroReturnError(6, 'TLS/SSL connection has been closed (EOF) (_ssl.c:1147)')))
2025-11-30 05:38:38,664 - Scraping log - scraper.py >         <module>(): Line 759 - WARNING - Scraping KT_ZG > https://services.geo.zg.ch/ows/Fussgaengerstreifen?SERVICE=WMS&REQUEST=GetCapabilities aborted
2025-11-30 05:38:38,664 - Scraping log - scraper.py >         <module>(): Line 751 - INFO - Running default scraper on KT_ZG > https://services.geo.zg.ch/ows/Gebaeudebrueter?SERVICE=WMS&REQUEST=GetCapabilities (source 477/1467)
2025-11-30 05:38:38,858 - Scraping log - scraper.py >        is_online(): Line 181 - INFO - KT_ZG https://services.geo.zg.ch/ows/Gebaeudebrueter?SERVICE=WMS&REQUEST=GetCapabilities: HTTPSConnectionPool(host='services.geo.zg.ch', port=443): Max retries exceeded with url: /ows/Gebaeudebrueter?SERVICE=WMS&REQUEST=GetCapabilities (Caused by SSLError(SSLZeroReturnError(6, 'TLS/SSL connection has been closed (EOF) (_ssl.c:1147)')))
2025-11-30 05:38:38,859 - Scraping log - scraper.py >         <module>(): Line 759 - WARNING - Scraping KT_ZG > https://services.geo.zg.ch/ows/Gebaeudebrueter?SERVICE=WMS&REQUEST=GetCapabilities aborted
2025-11-30 05:38:38,859 - Scraping log - scraper.py >         <module>(): Line 751 - INFO - Running default scraper on KT_ZG > https://services.geo.zg.ch/ows/Geomorphologie?SERVICE=WMS&REQUEST=GetCapabilities (source 478/1467)
2025-11-30 05:38:39,098 - Scraping log - scraper.py >        is_online(): Line 181 - INFO - KT_ZG https://services.geo.zg.ch/ows/Geomorphologie?SERVICE=WMS&REQUEST=GetCapabilities: HTTPSConnectionPool(host='services.geo.zg.ch', port=443): Max retries exceeded with url: /ows/Geomorphologie?SERVICE=WMS&REQUEST=GetCapabilities (Caused by SSLError(SSLZeroReturnError(6, 'TLS/SSL connection has been closed (EOF) (_ssl.c:1147)')))
2025-11-30 05:38:39,098 - Scraping log - scraper.py >         <module>(): Line 759 - WARNING - Scraping KT_ZG > https://services.geo.zg.ch/ows/Geomorphologie?SERVICE=WMS&REQUEST=GetCapabilities aborted
2025-11-30 05:38:39,098 - Scraping log - scraper.py >         <module>(): Line 751 - INFO - Running default scraper on KT_ZG > https://services.geo.zg.ch/ows/Gewaessernetz?SERVICE=WMS&REQUEST=GetCapabilities (source 479/1467)
2025-11-30 05:38:39,330 - Scraping log - scraper.py >        is_online(): Line 181 - INFO - KT_ZG https://services.geo.zg.ch/ows/Gewaessernetz?SERVICE=WMS&REQUEST=GetCapabilities: HTTPSConnectionPool(host='services.geo.zg.ch', port=443): Max retries exceeded with url: /ows/Gewaessernetz?SERVICE=WMS&REQUEST=GetCapabilities (Caused by SSLError(SSLZeroReturnError(6, 'TLS/SSL connection has been closed (EOF) (_ssl.c:1147)')))
2025-11-30 05:38:39,331 - Scraping log - scraper.py >         <module>(): Line 759 - WARNING - Scraping KT_ZG > https://services.geo.zg.ch/ows/Gewaessernetz?SERVICE=WMS&REQUEST=GetCapabilities aborted
2025-11-30 05:38:39,331 - Scraping log - scraper.py >         <module>(): Line 751 - INFO - Running default scraper on KT_ZG > https://services.geo.zg.ch/ows/Gewaesserschutzkarte?SERVICE=WMS&REQUEST=GetCapabilities (source 480/1467)
2025-11-30 05:38:39,746 - Scraping log - scraper.py >        is_online(): Line 181 - INFO - KT_ZG https://services.geo.zg.ch/ows/Gewaesserschutzkarte?SERVICE=WMS&REQUEST=GetCapabilities: HTTPSConnectionPool(host='services.geo.zg.ch', port=443): Max retries exceeded with url: /ows/Gewaesserschutzkarte?SERVICE=WMS&REQUEST=GetCapabilities (Caused by SSLError(SSLZeroReturnError(6, 'TLS/SSL connection has been closed (EOF) (_ssl.c:1147)')))
2025-11-30 05:38:39,747 - Scraping log - scraper.py >         <module>(): Line 759 - WARNING - Scraping KT_ZG > https://services.geo.zg.ch/ows/Gewaesserschutzkarte?SERVICE=WMS&REQUEST=GetCapabilities aborted
2025-11-30 05:38:39,747 - Scraping log - scraper.py >         <module>(): Line 751 - INFO - Running default scraper on KT_ZG > https://services.geo.zg.ch/ows/Grundbuchplan?SERVICE=WMS&REQUEST=GetCapabilities (source 481/1467)
2025-11-30 05:38:39,942 - Scraping log - scraper.py >        is_online(): Line 181 - INFO - KT_ZG https://services.geo.zg.ch/ows/Grundbuchplan?SERVICE=WMS&REQUEST=GetCapabilities: HTTPSConnectionPool(host='services.geo.zg.ch', port=443): Max retries exceeded with url: /ows/Grundbuchplan?SERVICE=WMS&REQUEST=GetCapabilities (Caused by SSLError(SSLZeroReturnError(6, 'TLS/SSL connection has been closed (EOF) (_ssl.c:1147)')))
2025-11-30 05:38:39,943 - Scraping log - scraper.py >         <module>(): Line 759 - WARNING - Scraping KT_ZG > https://services.geo.zg.ch/ows/Grundbuchplan?SERVICE=WMS&REQUEST=GetCapabilities aborted
2025-11-30 05:38:39,943 - Scraping log - scraper.py >         <module>(): Line 751 - INFO - Running default scraper on KT_ZG > https://services.geo.zg.ch/ows/Hecken_Feldgehoelze?SERVICE=WMS&REQUEST=GetCapabilities (source 482/1467)
2025-11-30 05:38:40,548 - Scraping log - scraper.py >        is_online(): Line 181 - INFO - KT_ZG https://services.geo.zg.ch/ows/Hecken_Feldgehoelze?SERVICE=WMS&REQUEST=GetCapabilities: HTTPSConnectionPool(host='services.geo.zg.ch', port=443): Max retries exceeded with url: /ows/Hecken_Feldgehoelze?SERVICE=WMS&REQUEST=GetCapabilities (Caused by SSLError(SSLZeroReturnError(6, 'TLS/SSL connection has been closed (EOF) (_ssl.c:1147)')))
2025-11-30 05:38:40,548 - Scraping log - scraper.py >         <module>(): Line 759 - WARNING - Scraping KT_ZG > https://services.geo.zg.ch/ows/Hecken_Feldgehoelze?SERVICE=WMS&REQUEST=GetCapabilities aborted
2025-11-30 05:38:40,549 - Scraping log - scraper.py >         <module>(): Line 751 - INFO - Running default scraper on KT_ZG > https://services.geo.zg.ch/ows/Hist_Gewaesser?SERVICE=WMS&REQUEST=GetCapabilities (source 483/1467)
2025-11-30 05:38:40,961 - Scraping log - scraper.py >        is_online(): Line 181 - INFO - KT_ZG https://services.geo.zg.ch/ows/Hist_Gewaesser?SERVICE=WMS&REQUEST=GetCapabilities: HTTPSConnectionPool(host='services.geo.zg.ch', port=443): Max retries exceeded with url: /ows/Hist_Gewaesser?SERVICE=WMS&REQUEST=GetCapabilities (Caused by SSLError(SSLZeroReturnError(6, 'TLS/SSL connection has been closed (EOF) (_ssl.c:1147)')))
2025-11-30 05:38:40,961 - Scraping log - scraper.py >         <module>(): Line 759 - WARNING - Scraping KT_ZG > https://services.geo.zg.ch/ows/Hist_Gewaesser?SERVICE=WMS&REQUEST=GetCapabilities aborted
2025-11-30 05:38:40,961 - Scraping log - scraper.py >         <module>(): Line 751 - INFO - Running default scraper on KT_ZG > https://services.geo.zg.ch/ows/Hoehenkurven_Isobathen?SERVICE=WMS&REQUEST=GetCapabilities (source 484/1467)
2025-11-30 05:38:41,168 - Scraping log - scraper.py >        is_online(): Line 181 - INFO - KT_ZG https://services.geo.zg.ch/ows/Hoehenkurven_Isobathen?SERVICE=WMS&REQUEST=GetCapabilities: HTTPSConnectionPool(host='services.geo.zg.ch', port=443): Max retries exceeded with url: /ows/Hoehenkurven_Isobathen?SERVICE=WMS&REQUEST=GetCapabilities (Caused by SSLError(SSLZeroReturnError(6, 'TLS/SSL connection has been closed (EOF) (_ssl.c:1147)')))
2025-11-30 05:38:41,168 - Scraping log - scraper.py >         <module>(): Line 759 - WARNING - Scraping KT_ZG > https://services.geo.zg.ch/ows/Hoehenkurven_Isobathen?SERVICE=WMS&REQUEST=GetCapabilities aborted
2025-11-30 05:38:41,168 - Scraping log - scraper.py >         <module>(): Line 751 - INFO - Running default scraper on KT_ZG > https://services.geo.zg.ch/ows/Jagdbezirke?SERVICE=WMS&REQUEST=GetCapabilities (source 485/1467)
2025-11-30 05:38:41,362 - Scraping log - scraper.py >        is_online(): Line 181 - INFO - KT_ZG https://services.geo.zg.ch/ows/Jagdbezirke?SERVICE=WMS&REQUEST=GetCapabilities: HTTPSConnectionPool(host='services.geo.zg.ch', port=443): Max retries exceeded with url: /ows/Jagdbezirke?SERVICE=WMS&REQUEST=GetCapabilities (Caused by SSLError(SSLZeroReturnError(6, 'TLS/SSL connection has been closed (EOF) (_ssl.c:1147)')))
2025-11-30 05:38:41,362 - Scraping log - scraper.py >         <module>(): Line 759 - WARNING - Scraping KT_ZG > https://services.geo.zg.ch/ows/Jagdbezirke?SERVICE=WMS&REQUEST=GetCapabilities aborted
2025-11-30 05:38:41,362 - Scraping log - scraper.py >         <module>(): Line 751 - INFO - Running default scraper on KT_ZG > https://services.geo.zg.ch/ows/Kinderbetreuung?SERVICE=WMS&REQUEST=GetCapabilities (source 486/1467)
2025-11-30 05:38:41,582 - Scraping log - scraper.py >        is_online(): Line 181 - INFO - KT_ZG https://services.geo.zg.ch/ows/Kinderbetreuung?SERVICE=WMS&REQUEST=GetCapabilities: HTTPSConnectionPool(host='services.geo.zg.ch', port=443): Max retries exceeded with url: /ows/Kinderbetreuung?SERVICE=WMS&REQUEST=GetCapabilities (Caused by SSLError(SSLZeroReturnError(6, 'TLS/SSL connection has been closed (EOF) (_ssl.c:1147)')))
2025-11-30 05:38:41,582 - Scraping log - scraper.py >         <module>(): Line 759 - WARNING - Scraping KT_ZG > https://services.geo.zg.ch/ows/Kinderbetreuung?SERVICE=WMS&REQUEST=GetCapabilities aborted
2025-11-30 05:38:41,582 - Scraping log - scraper.py >         <module>(): Line 751 - INFO - Running default scraper on KT_ZG > https://services.geo.zg.ch/ows/Kunstbauten?SERVICE=WMS&REQUEST=GetCapabilities (source 487/1467)
2025-11-30 05:38:41,781 - Scraping log - scraper.py >        is_online(): Line 181 - INFO - KT_ZG https://services.geo.zg.ch/ows/Kunstbauten?SERVICE=WMS&REQUEST=GetCapabilities: HTTPSConnectionPool(host='services.geo.zg.ch', port=443): Max retries exceeded with url: /ows/Kunstbauten?SERVICE=WMS&REQUEST=GetCapabilities (Caused by SSLError(SSLZeroReturnError(6, 'TLS/SSL connection has been closed (EOF) (_ssl.c:1147)')))
2025-11-30 05:38:41,782 - Scraping log - scraper.py >         <module>(): Line 759 - WARNING - Scraping KT_ZG > https://services.geo.zg.ch/ows/Kunstbauten?SERVICE=WMS&REQUEST=GetCapabilities aborted
2025-11-30 05:38:41,782 - Scraping log - scraper.py >         <module>(): Line 751 - INFO - Running default scraper on KT_ZG > https://services.geo.zg.ch/ows/Landwertzonen_Steuern?SERVICE=WMS&REQUEST=GetCapabilities (source 488/1467)
2025-11-30 05:38:41,989 - Scraping log - scraper.py >        is_online(): Line 181 - INFO - KT_ZG https://services.geo.zg.ch/ows/Landwertzonen_Steuern?SERVICE=WMS&REQUEST=GetCapabilities: HTTPSConnectionPool(host='services.geo.zg.ch', port=443): Max retries exceeded with url: /ows/Landwertzonen_Steuern?SERVICE=WMS&REQUEST=GetCapabilities (Caused by SSLError(SSLZeroReturnError(6, 'TLS/SSL connection has been closed (EOF) (_ssl.c:1147)')))
2025-11-30 05:38:41,989 - Scraping log - scraper.py >         <module>(): Line 759 - WARNING - Scraping KT_ZG > https://services.geo.zg.ch/ows/Landwertzonen_Steuern?SERVICE=WMS&REQUEST=GetCapabilities aborted
2025-11-30 05:38:41,989 - Scraping log - scraper.py >         <module>(): Line 751 - INFO - Running default scraper on KT_ZG > https://services.geo.zg.ch/ows/Landwirtschaft?SERVICE=WMS&REQUEST=GetCapabilities (source 489/1467)
2025-11-30 05:38:42,187 - Scraping log - scraper.py >        is_online(): Line 181 - INFO - KT_ZG https://services.geo.zg.ch/ows/Landwirtschaft?SERVICE=WMS&REQUEST=GetCapabilities: HTTPSConnectionPool(host='services.geo.zg.ch', port=443): Max retries exceeded with url: /ows/Landwirtschaft?SERVICE=WMS&REQUEST=GetCapabilities (Caused by SSLError(SSLZeroReturnError(6, 'TLS/SSL connection has been closed (EOF) (_ssl.c:1147)')))
2025-11-30 05:38:42,188 - Scraping log - scraper.py >         <module>(): Line 759 - WARNING - Scraping KT_ZG > https://services.geo.zg.ch/ows/Landwirtschaft?SERVICE=WMS&REQUEST=GetCapabilities aborted
2025-11-30 05:38:42,188 - Scraping log - scraper.py >         <module>(): Line 751 - INFO - Running default scraper on KT_ZG > https://services.geo.zg.ch/ows/Messstellen_an_Gewaessern?SERVICE=WMS&REQUEST=GetCapabilities (source 490/1467)
2025-11-30 05:38:42,392 - Scraping log - scraper.py >        is_online(): Line 181 - INFO - KT_ZG https://services.geo.zg.ch/ows/Messstellen_an_Gewaessern?SERVICE=WMS&REQUEST=GetCapabilities: HTTPSConnectionPool(host='services.geo.zg.ch', port=443): Max retries exceeded with url: /ows/Messstellen_an_Gewaessern?SERVICE=WMS&REQUEST=GetCapabilities (Caused by SSLError(SSLZeroReturnError(6, 'TLS/SSL connection has been closed (EOF) (_ssl.c:1147)')))
2025-11-30 05:38:42,392 - Scraping log - scraper.py >         <module>(): Line 759 - WARNING - Scraping KT_ZG > https://services.geo.zg.ch/ows/Messstellen_an_Gewaessern?SERVICE=WMS&REQUEST=GetCapabilities aborted
2025-11-30 05:38:42,392 - Scraping log - scraper.py >         <module>(): Line 751 - INFO - Running default scraper on KT_ZG > https://services.geo.zg.ch/ows/Moorlandschaften?SERVICE=WMS&REQUEST=GetCapabilities (source 491/1467)
2025-11-30 05:38:42,902 - Scraping log - scraper.py >        is_online(): Line 181 - INFO - KT_ZG https://services.geo.zg.ch/ows/Moorlandschaften?SERVICE=WMS&REQUEST=GetCapabilities: HTTPSConnectionPool(host='services.geo.zg.ch', port=443): Max retries exceeded with url: /ows/Moorlandschaften?SERVICE=WMS&REQUEST=GetCapabilities (Caused by SSLError(SSLZeroReturnError(6, 'TLS/SSL connection has been closed (EOF) (_ssl.c:1147)')))
2025-11-30 05:38:42,902 - Scraping log - scraper.py >         <module>(): Line 759 - WARNING - Scraping KT_ZG > https://services.geo.zg.ch/ows/Moorlandschaften?SERVICE=WMS&REQUEST=GetCapabilities aborted
2025-11-30 05:38:42,902 - Scraping log - scraper.py >         <module>(): Line 751 - INFO - Running default scraper on KT_ZG > https://services.geo.zg.ch/ows/NGHK_Phaenomene?SERVICE=WMS&REQUEST=GetCapabilities (source 492/1467)
2025-11-30 05:38:43,099 - Scraping log - scraper.py >        is_online(): Line 181 - INFO - KT_ZG https://services.geo.zg.ch/ows/NGHK_Phaenomene?SERVICE=WMS&REQUEST=GetCapabilities: HTTPSConnectionPool(host='services.geo.zg.ch', port=443): Max retries exceeded with url: /ows/NGHK_Phaenomene?SERVICE=WMS&REQUEST=GetCapabilities (Caused by SSLError(SSLZeroReturnError(6, 'TLS/SSL connection has been closed (EOF) (_ssl.c:1147)')))
2025-11-30 05:38:43,099 - Scraping log - scraper.py >         <module>(): Line 759 - WARNING - Scraping KT_ZG > https://services.geo.zg.ch/ows/NGHK_Phaenomene?SERVICE=WMS&REQUEST=GetCapabilities aborted
2025-11-30 05:38:43,099 - Scraping log - scraper.py >         <module>(): Line 751 - INFO - Running default scraper on KT_ZG > https://services.geo.zg.ch/ows/NGHK_Prozesse?SERVICE=WMS&REQUEST=GetCapabilities (source 493/1467)
2025-11-30 05:38:43,418 - Scraping log - scraper.py >        is_online(): Line 181 - INFO - KT_ZG https://services.geo.zg.ch/ows/NGHK_Prozesse?SERVICE=WMS&REQUEST=GetCapabilities: HTTPSConnectionPool(host='services.geo.zg.ch', port=443): Max retries exceeded with url: /ows/NGHK_Prozesse?SERVICE=WMS&REQUEST=GetCapabilities (Caused by SSLError(SSLZeroReturnError(6, 'TLS/SSL connection has been closed (EOF) (_ssl.c:1147)')))
2025-11-30 05:38:43,418 - Scraping log - scraper.py >         <module>(): Line 759 - WARNING - Scraping KT_ZG > https://services.geo.zg.ch/ows/NGHK_Prozesse?SERVICE=WMS&REQUEST=GetCapabilities aborted
2025-11-30 05:38:43,419 - Scraping log - scraper.py >         <module>(): Line 751 - INFO - Running default scraper on KT_ZG > https://services.geo.zg.ch/ows/Naturobjekte?SERVICE=WMS&REQUEST=GetCapabilities (source 494/1467)
2025-11-30 05:38:43,615 - Scraping log - scraper.py >        is_online(): Line 181 - INFO - KT_ZG https://services.geo.zg.ch/ows/Naturobjekte?SERVICE=WMS&REQUEST=GetCapabilities: HTTPSConnectionPool(host='services.geo.zg.ch', port=443): Max retries exceeded with url: /ows/Naturobjekte?SERVICE=WMS&REQUEST=GetCapabilities (Caused by SSLError(SSLZeroReturnError(6, 'TLS/SSL connection has been closed (EOF) (_ssl.c:1147)')))
2025-11-30 05:38:43,615 - Scraping log - scraper.py >         <module>(): Line 759 - WARNING - Scraping KT_ZG > https://services.geo.zg.ch/ows/Naturobjekte?SERVICE=WMS&REQUEST=GetCapabilities aborted
2025-11-30 05:38:43,615 - Scraping log - scraper.py >         <module>(): Line 751 - INFO - Running default scraper on KT_ZG > https://services.geo.zg.ch/ows/Naturschutz?SERVICE=WMS&REQUEST=GetCapabilities (source 495/1467)
2025-11-30 05:38:43,811 - Scraping log - scraper.py >        is_online(): Line 181 - INFO - KT_ZG https://services.geo.zg.ch/ows/Naturschutz?SERVICE=WMS&REQUEST=GetCapabilities: HTTPSConnectionPool(host='services.geo.zg.ch', port=443): Max retries exceeded with url: /ows/Naturschutz?SERVICE=WMS&REQUEST=GetCapabilities (Caused by SSLError(SSLZeroReturnError(6, 'TLS/SSL connection has been closed (EOF) (_ssl.c:1147)')))
2025-11-30 05:38:43,811 - Scraping log - scraper.py >         <module>(): Line 759 - WARNING - Scraping KT_ZG > https://services.geo.zg.ch/ows/Naturschutz?SERVICE=WMS&REQUEST=GetCapabilities aborted
2025-11-30 05:38:43,811 - Scraping log - scraper.py >         <module>(): Line 751 - INFO - Running default scraper on KT_ZG > https://services.geo.zg.ch/ows/Neophyten?SERVICE=WMS&REQUEST=GetCapabilities (source 496/1467)
2025-11-30 05:38:44,008 - Scraping log - scraper.py >        is_online(): Line 181 - INFO - KT_ZG https://services.geo.zg.ch/ows/Neophyten?SERVICE=WMS&REQUEST=GetCapabilities: HTTPSConnectionPool(host='services.geo.zg.ch', port=443): Max retries exceeded with url: /ows/Neophyten?SERVICE=WMS&REQUEST=GetCapabilities (Caused by SSLError(SSLZeroReturnError(6, 'TLS/SSL connection has been closed (EOF) (_ssl.c:1147)')))
2025-11-30 05:38:44,009 - Scraping log - scraper.py >         <module>(): Line 759 - WARNING - Scraping KT_ZG > https://services.geo.zg.ch/ows/Neophyten?SERVICE=WMS&REQUEST=GetCapabilities aborted
2025-11-30 05:38:44,009 - Scraping log - scraper.py >         <module>(): Line 751 - INFO - Running default scraper on KT_ZG > https://services.geo.zg.ch/ows/Orthofotos?SERVICE=WMS&REQUEST=GetCapabilities (source 497/1467)
2025-11-30 05:38:44,202 - Scraping log - scraper.py >        is_online(): Line 181 - INFO - KT_ZG https://services.geo.zg.ch/ows/Orthofotos?SERVICE=WMS&REQUEST=GetCapabilities: HTTPSConnectionPool(host='services.geo.zg.ch', port=443): Max retries exceeded with url: /ows/Orthofotos?SERVICE=WMS&REQUEST=GetCapabilities (Caused by SSLError(SSLZeroReturnError(6, 'TLS/SSL connection has been closed (EOF) (_ssl.c:1147)')))
2025-11-30 05:38:44,203 - Scraping log - scraper.py >         <module>(): Line 759 - WARNING - Scraping KT_ZG > https://services.geo.zg.ch/ows/Orthofotos?SERVICE=WMS&REQUEST=GetCapabilities aborted
2025-11-30 05:38:44,203 - Scraping log - scraper.py >         <module>(): Line 751 - INFO - Running default scraper on KT_ZG > https://services.geo.zg.ch/ows/Ortsbildschutz?SERVICE=WMS&REQUEST=GetCapabilities (source 498/1467)
2025-11-30 05:38:44,405 - Scraping log - scraper.py >        is_online(): Line 181 - INFO - KT_ZG https://services.geo.zg.ch/ows/Ortsbildschutz?SERVICE=WMS&REQUEST=GetCapabilities: HTTPSConnectionPool(host='services.geo.zg.ch', port=443): Max retries exceeded with url: /ows/Ortsbildschutz?SERVICE=WMS&REQUEST=GetCapabilities (Caused by SSLError(SSLZeroReturnError(6, 'TLS/SSL connection has been closed (EOF) (_ssl.c:1147)')))
2025-11-30 05:38:44,407 - Scraping log - scraper.py >         <module>(): Line 759 - WARNING - Scraping KT_ZG > https://services.geo.zg.ch/ows/Ortsbildschutz?SERVICE=WMS&REQUEST=GetCapabilities aborted
2025-11-30 05:38:44,407 - Scraping log - scraper.py >         <module>(): Line 751 - INFO - Running default scraper on KT_ZG > https://services.geo.zg.ch/ows/Parkplaetze?SERVICE=WMS&REQUEST=GetCapabilities (source 499/1467)
2025-11-30 05:38:44,601 - Scraping log - scraper.py >        is_online(): Line 181 - INFO - KT_ZG https://services.geo.zg.ch/ows/Parkplaetze?SERVICE=WMS&REQUEST=GetCapabilities: HTTPSConnectionPool(host='services.geo.zg.ch', port=443): Max retries exceeded with url: /ows/Parkplaetze?SERVICE=WMS&REQUEST=GetCapabilities (Caused by SSLError(SSLZeroReturnError(6, 'TLS/SSL connection has been closed (EOF) (_ssl.c:1147)')))
2025-11-30 05:38:44,601 - Scraping log - scraper.py >         <module>(): Line 759 - WARNING - Scraping KT_ZG > https://services.geo.zg.ch/ows/Parkplaetze?SERVICE=WMS&REQUEST=GetCapabilities aborted
2025-11-30 05:38:44,601 - Scraping log - scraper.py >         <module>(): Line 751 - INFO - Running default scraper on KT_ZG > https://services.geo.zg.ch/ows/Points_of_Interest?SERVICE=WMS&REQUEST=GetCapabilities (source 500/1467)
2025-11-30 05:38:44,796 - Scraping log - scraper.py >        is_online(): Line 181 - INFO - KT_ZG https://services.geo.zg.ch/ows/Points_of_Interest?SERVICE=WMS&REQUEST=GetCapabilities: HTTPSConnectionPool(host='services.geo.zg.ch', port=443): Max retries exceeded with url: /ows/Points_of_Interest?SERVICE=WMS&REQUEST=GetCapabilities (Caused by SSLError(SSLZeroReturnError(6, 'TLS/SSL connection has been closed (EOF) (_ssl.c:1147)')))
2025-11-30 05:38:44,796 - Scraping log - scraper.py >         <module>(): Line 759 - WARNING - Scraping KT_ZG > https://services.geo.zg.ch/ows/Points_of_Interest?SERVICE=WMS&REQUEST=GetCapabilities aborted
2025-11-30 05:38:44,797 - Scraping log - scraper.py >         <module>(): Line 751 - INFO - Running default scraper on KT_ZG > https://services.geo.zg.ch/ows/Radwege?SERVICE=WMS&REQUEST=GetCapabilities (source 501/1467)
2025-11-30 05:38:44,994 - Scraping log - scraper.py >        is_online(): Line 181 - INFO - KT_ZG https://services.geo.zg.ch/ows/Radwege?SERVICE=WMS&REQUEST=GetCapabilities: HTTPSConnectionPool(host='services.geo.zg.ch', port=443): Max retries exceeded with url: /ows/Radwege?SERVICE=WMS&REQUEST=GetCapabilities (Caused by SSLError(SSLZeroReturnError(6, 'TLS/SSL connection has been closed (EOF) (_ssl.c:1147)')))
2025-11-30 05:38:44,994 - Scraping log - scraper.py >         <module>(): Line 759 - WARNING - Scraping KT_ZG > https://services.geo.zg.ch/ows/Radwege?SERVICE=WMS&REQUEST=GetCapabilities aborted
2025-11-30 05:38:44,994 - Scraping log - scraper.py >         <module>(): Line 751 - INFO - Running default scraper on KT_ZG > https://services.geo.zg.ch/ows/Richtplan?SERVICE=WMS&REQUEST=GetCapabilities (source 502/1467)
2025-11-30 05:38:45,201 - Scraping log - scraper.py >        is_online(): Line 181 - INFO - KT_ZG https://services.geo.zg.ch/ows/Richtplan?SERVICE=WMS&REQUEST=GetCapabilities: HTTPSConnectionPool(host='services.geo.zg.ch', port=443): Max retries exceeded with url: /ows/Richtplan?SERVICE=WMS&REQUEST=GetCapabilities (Caused by SSLError(SSLZeroReturnError(6, 'TLS/SSL connection has been closed (EOF) (_ssl.c:1147)')))
2025-11-30 05:38:45,201 - Scraping log - scraper.py >         <module>(): Line 759 - WARNING - Scraping KT_ZG > https://services.geo.zg.ch/ows/Richtplan?SERVICE=WMS&REQUEST=GetCapabilities aborted
2025-11-30 05:38:45,201 - Scraping log - scraper.py >         <module>(): Line 751 - INFO - Running default scraper on KT_ZG > https://services.geo.zg.ch/ows/Schulhaeuser_Kindergaerten?SERVICE=WMS&REQUEST=GetCapabilities (source 503/1467)
2025-11-30 05:38:45,400 - Scraping log - scraper.py >        is_online(): Line 181 - INFO - KT_ZG https://services.geo.zg.ch/ows/Schulhaeuser_Kindergaerten?SERVICE=WMS&REQUEST=GetCapabilities: HTTPSConnectionPool(host='services.geo.zg.ch', port=443): Max retries exceeded with url: /ows/Schulhaeuser_Kindergaerten?SERVICE=WMS&REQUEST=GetCapabilities (Caused by SSLError(SSLZeroReturnError(6, 'TLS/SSL connection has been closed (EOF) (_ssl.c:1147)')))
2025-11-30 05:38:45,400 - Scraping log - scraper.py >         <module>(): Line 759 - WARNING - Scraping KT_ZG > https://services.geo.zg.ch/ows/Schulhaeuser_Kindergaerten?SERVICE=WMS&REQUEST=GetCapabilities aborted
2025-11-30 05:38:45,400 - Scraping log - scraper.py >         <module>(): Line 751 - INFO - Running default scraper on KT_ZG > https://services.geo.zg.ch/ows/Schutzraumbau?SERVICE=WMS&REQUEST=GetCapabilities (source 504/1467)
2025-11-30 05:38:45,611 - Scraping log - scraper.py >        is_online(): Line 181 - INFO - KT_ZG https://services.geo.zg.ch/ows/Schutzraumbau?SERVICE=WMS&REQUEST=GetCapabilities: HTTPSConnectionPool(host='services.geo.zg.ch', port=443): Max retries exceeded with url: /ows/Schutzraumbau?SERVICE=WMS&REQUEST=GetCapabilities (Caused by SSLError(SSLZeroReturnError(6, 'TLS/SSL connection has been closed (EOF) (_ssl.c:1147)')))
2025-11-30 05:38:45,611 - Scraping log - scraper.py >         <module>(): Line 759 - WARNING - Scraping KT_ZG > https://services.geo.zg.ch/ows/Schutzraumbau?SERVICE=WMS&REQUEST=GetCapabilities aborted
2025-11-30 05:38:45,611 - Scraping log - scraper.py >         <module>(): Line 751 - INFO - Running default scraper on KT_ZG > https://services.geo.zg.ch/ows/Schutzwald?SERVICE=WMS&REQUEST=GetCapabilities (source 505/1467)
2025-11-30 05:38:45,856 - Scraping log - scraper.py >        is_online(): Line 181 - INFO - KT_ZG https://services.geo.zg.ch/ows/Schutzwald?SERVICE=WMS&REQUEST=GetCapabilities: HTTPSConnectionPool(host='services.geo.zg.ch', port=443): Max retries exceeded with url: /ows/Schutzwald?SERVICE=WMS&REQUEST=GetCapabilities (Caused by SSLError(SSLZeroReturnError(6, 'TLS/SSL connection has been closed (EOF) (_ssl.c:1147)')))
2025-11-30 05:38:45,856 - Scraping log - scraper.py >         <module>(): Line 759 - WARNING - Scraping KT_ZG > https://services.geo.zg.ch/ows/Schutzwald?SERVICE=WMS&REQUEST=GetCapabilities aborted
2025-11-30 05:38:45,856 - Scraping log - scraper.py >         <module>(): Line 751 - INFO - Running default scraper on KT_ZG > https://services.geo.zg.ch/ows/Standorte_Wahlplakate?SERVICE=WMS&REQUEST=GetCapabilities (source 506/1467)
2025-11-30 05:38:46,052 - Scraping log - scraper.py >        is_online(): Line 181 - INFO - KT_ZG https://services.geo.zg.ch/ows/Standorte_Wahlplakate?SERVICE=WMS&REQUEST=GetCapabilities: HTTPSConnectionPool(host='services.geo.zg.ch', port=443): Max retries exceeded with url: /ows/Standorte_Wahlplakate?SERVICE=WMS&REQUEST=GetCapabilities (Caused by SSLError(SSLZeroReturnError(6, 'TLS/SSL connection has been closed (EOF) (_ssl.c:1147)')))
2025-11-30 05:38:46,053 - Scraping log - scraper.py >         <module>(): Line 759 - WARNING - Scraping KT_ZG > https://services.geo.zg.ch/ows/Standorte_Wahlplakate?SERVICE=WMS&REQUEST=GetCapabilities aborted
2025-11-30 05:38:46,053 - Scraping log - scraper.py >         <module>(): Line 751 - INFO - Running default scraper on KT_ZG > https://services.geo.zg.ch/ows/Statische_Waldgrenzen?SERVICE=WMS&REQUEST=GetCapabilities (source 507/1467)
2025-11-30 05:38:46,250 - Scraping log - scraper.py >        is_online(): Line 181 - INFO - KT_ZG https://services.geo.zg.ch/ows/Statische_Waldgrenzen?SERVICE=WMS&REQUEST=GetCapabilities: HTTPSConnectionPool(host='services.geo.zg.ch', port=443): Max retries exceeded with url: /ows/Statische_Waldgrenzen?SERVICE=WMS&REQUEST=GetCapabilities (Caused by SSLError(SSLZeroReturnError(6, 'TLS/SSL connection has been closed (EOF) (_ssl.c:1147)')))
2025-11-30 05:38:46,250 - Scraping log - scraper.py >         <module>(): Line 759 - WARNING - Scraping KT_ZG > https://services.geo.zg.ch/ows/Statische_Waldgrenzen?SERVICE=WMS&REQUEST=GetCapabilities aborted
2025-11-30 05:38:46,251 - Scraping log - scraper.py >         <module>(): Line 751 - INFO - Running default scraper on KT_ZG > https://services.geo.zg.ch/ows/Strassenlaermkataster_Gemeindestrassen?SERVICE=WMS&REQUEST=GetCapabilities (source 508/1467)
2025-11-30 05:38:46,451 - Scraping log - scraper.py >        is_online(): Line 181 - INFO - KT_ZG https://services.geo.zg.ch/ows/Strassenlaermkataster_Gemeindestrassen?SERVICE=WMS&REQUEST=GetCapabilities: HTTPSConnectionPool(host='services.geo.zg.ch', port=443): Max retries exceeded with url: /ows/Strassenlaermkataster_Gemeindestrassen?SERVICE=WMS&REQUEST=GetCapabilities (Caused by SSLError(SSLZeroReturnError(6, 'TLS/SSL connection has been closed (EOF) (_ssl.c:1147)')))
2025-11-30 05:38:46,451 - Scraping log - scraper.py >         <module>(): Line 759 - WARNING - Scraping KT_ZG > https://services.geo.zg.ch/ows/Strassenlaermkataster_Gemeindestrassen?SERVICE=WMS&REQUEST=GetCapabilities aborted
2025-11-30 05:38:46,451 - Scraping log - scraper.py >         <module>(): Line 751 - INFO - Running default scraper on KT_ZG > https://services.geo.zg.ch/ows/Strassenlaermkataster_Kantonsstrassen?SERVICE=WMS&REQUEST=GetCapabilities (source 509/1467)
2025-11-30 05:38:46,649 - Scraping log - scraper.py >        is_online(): Line 181 - INFO - KT_ZG https://services.geo.zg.ch/ows/Strassenlaermkataster_Kantonsstrassen?SERVICE=WMS&REQUEST=GetCapabilities: HTTPSConnectionPool(host='services.geo.zg.ch', port=443): Max retries exceeded with url: /ows/Strassenlaermkataster_Kantonsstrassen?SERVICE=WMS&REQUEST=GetCapabilities (Caused by SSLError(SSLZeroReturnError(6, 'TLS/SSL connection has been closed (EOF) (_ssl.c:1147)')))
2025-11-30 05:38:46,650 - Scraping log - scraper.py >         <module>(): Line 759 - WARNING - Scraping KT_ZG > https://services.geo.zg.ch/ows/Strassenlaermkataster_Kantonsstrassen?SERVICE=WMS&REQUEST=GetCapabilities aborted
2025-11-30 05:38:46,650 - Scraping log - scraper.py >         <module>(): Line 751 - INFO - Running default scraper on KT_ZG > https://services.geo.zg.ch/ows/Treffpunkte_RDZ?SERVICE=WMS&REQUEST=GetCapabilities (source 510/1467)
2025-11-30 05:38:46,849 - Scraping log - scraper.py >        is_online(): Line 181 - INFO - KT_ZG https://services.geo.zg.ch/ows/Treffpunkte_RDZ?SERVICE=WMS&REQUEST=GetCapabilities: HTTPSConnectionPool(host='services.geo.zg.ch', port=443): Max retries exceeded with url: /ows/Treffpunkte_RDZ?SERVICE=WMS&REQUEST=GetCapabilities (Caused by SSLError(SSLZeroReturnError(6, 'TLS/SSL connection has been closed (EOF) (_ssl.c:1147)')))
2025-11-30 05:38:46,849 - Scraping log - scraper.py >         <module>(): Line 759 - WARNING - Scraping KT_ZG > https://services.geo.zg.ch/ows/Treffpunkte_RDZ?SERVICE=WMS&REQUEST=GetCapabilities aborted
2025-11-30 05:38:46,849 - Scraping log - scraper.py >         <module>(): Line 751 - INFO - Running default scraper on KT_ZG > https://services.geo.zg.ch/ows/Verkehrszaehlung?SERVICE=WMS&REQUEST=GetCapabilities (source 511/1467)
2025-11-30 05:38:47,052 - Scraping log - scraper.py >        is_online(): Line 181 - INFO - KT_ZG https://services.geo.zg.ch/ows/Verkehrszaehlung?SERVICE=WMS&REQUEST=GetCapabilities: HTTPSConnectionPool(host='services.geo.zg.ch', port=443): Max retries exceeded with url: /ows/Verkehrszaehlung?SERVICE=WMS&REQUEST=GetCapabilities (Caused by SSLError(SSLZeroReturnError(6, 'TLS/SSL connection has been closed (EOF) (_ssl.c:1147)')))
2025-11-30 05:38:47,052 - Scraping log - scraper.py >         <module>(): Line 759 - WARNING - Scraping KT_ZG > https://services.geo.zg.ch/ows/Verkehrszaehlung?SERVICE=WMS&REQUEST=GetCapabilities aborted
2025-11-30 05:38:47,052 - Scraping log - scraper.py >         <module>(): Line 751 - INFO - Running default scraper on KT_ZG > https://services.geo.zg.ch/ows/Zonenplan?SERVICE=WMS&REQUEST=GetCapabilities (source 512/1467)
2025-11-30 05:38:47,280 - Scraping log - scraper.py >        is_online(): Line 181 - INFO - KT_ZG https://services.geo.zg.ch/ows/Zonenplan?SERVICE=WMS&REQUEST=GetCapabilities: HTTPSConnectionPool(host='services.geo.zg.ch', port=443): Max retries exceeded with url: /ows/Zonenplan?SERVICE=WMS&REQUEST=GetCapabilities (Caused by SSLError(SSLZeroReturnError(6, 'TLS/SSL connection has been closed (EOF) (_ssl.c:1147)')))
2025-11-30 05:38:47,280 - Scraping log - scraper.py >         <module>(): Line 759 - WARNING - Scraping KT_ZG > https://services.geo.zg.ch/ows/Zonenplan?SERVICE=WMS&REQUEST=GetCapabilities aborted
2025-11-30 05:38:47,280 - Scraping log - scraper.py >         <module>(): Line 751 - INFO - Running default scraper on KT_ZG > https://services.geo.zg.ch/ows/defibrillatoren?SERVICE=WMS&REQUEST=GetCapabilities (source 513/1467)
2025-11-30 05:38:47,476 - Scraping log - scraper.py >        is_online(): Line 181 - INFO - KT_ZG https://services.geo.zg.ch/ows/defibrillatoren?SERVICE=WMS&REQUEST=GetCapabilities: HTTPSConnectionPool(host='services.geo.zg.ch', port=443): Max retries exceeded with url: /ows/defibrillatoren?SERVICE=WMS&REQUEST=GetCapabilities (Caused by SSLError(SSLZeroReturnError(6, 'TLS/SSL connection has been closed (EOF) (_ssl.c:1147)')))
2025-11-30 05:38:47,476 - Scraping log - scraper.py >         <module>(): Line 759 - WARNING - Scraping KT_ZG > https://services.geo.zg.ch/ows/defibrillatoren?SERVICE=WMS&REQUEST=GetCapabilities aborted
2025-11-30 05:38:47,476 - Scraping log - scraper.py >         <module>(): Line 751 - INFO - Running default scraper on KT_ZG > https://services.geo.zg.ch/ows/geologisches_aufschlussarchiv?SERVICE=WMS&REQUEST=GetCapabilities (source 514/1467)
2025-11-30 05:38:47,670 - Scraping log - scraper.py >        is_online(): Line 181 - INFO - KT_ZG https://services.geo.zg.ch/ows/geologisches_aufschlussarchiv?SERVICE=WMS&REQUEST=GetCapabilities: HTTPSConnectionPool(host='services.geo.zg.ch', port=443): Max retries exceeded with url: /ows/geologisches_aufschlussarchiv?SERVICE=WMS&REQUEST=GetCapabilities (Caused by SSLError(SSLZeroReturnError(6, 'TLS/SSL connection has been closed (EOF) (_ssl.c:1147)')))
2025-11-30 05:38:47,670 - Scraping log - scraper.py >         <module>(): Line 759 - WARNING - Scraping KT_ZG > https://services.geo.zg.ch/ows/geologisches_aufschlussarchiv?SERVICE=WMS&REQUEST=GetCapabilities aborted
2025-11-30 05:38:47,670 - Scraping log - scraper.py >         <module>(): Line 751 - INFO - Running default scraper on KT_ZG > https://services.geo.zg.ch/ows/kbs?SERVICE=WMS&REQUEST=GetCapabilities (source 515/1467)
2025-11-30 05:38:47,882 - Scraping log - scraper.py >        is_online(): Line 181 - INFO - KT_ZG https://services.geo.zg.ch/ows/kbs?SERVICE=WMS&REQUEST=GetCapabilities: HTTPSConnectionPool(host='services.geo.zg.ch', port=443): Max retries exceeded with url: /ows/kbs?SERVICE=WMS&REQUEST=GetCapabilities (Caused by SSLError(SSLZeroReturnError(6, 'TLS/SSL connection has been closed (EOF) (_ssl.c:1147)')))
2025-11-30 05:38:47,883 - Scraping log - scraper.py >         <module>(): Line 759 - WARNING - Scraping KT_ZG > https://services.geo.zg.ch/ows/kbs?SERVICE=WMS&REQUEST=GetCapabilities aborted
2025-11-30 05:38:47,883 - Scraping log - scraper.py >         <module>(): Line 751 - INFO - Running default scraper on KT_ZG > https://services.geo.zg.ch/ows/pbv?SERVICE=WMS&REQUEST=GetCapabilities (source 516/1467)
2025-11-30 05:38:48,297 - Scraping log - scraper.py >        is_online(): Line 181 - INFO - KT_ZG https://services.geo.zg.ch/ows/pbv?SERVICE=WMS&REQUEST=GetCapabilities: HTTPSConnectionPool(host='services.geo.zg.ch', port=443): Max retries exceeded with url: /ows/pbv?SERVICE=WMS&REQUEST=GetCapabilities (Caused by SSLError(SSLZeroReturnError(6, 'TLS/SSL connection has been closed (EOF) (_ssl.c:1147)')))
2025-11-30 05:38:48,297 - Scraping log - scraper.py >         <module>(): Line 759 - WARNING - Scraping KT_ZG > https://services.geo.zg.ch/ows/pbv?SERVICE=WMS&REQUEST=GetCapabilities aborted
2025-11-30 05:38:48,297 - Scraping log - scraper.py >         <module>(): Line 751 - INFO - Running default scraper on KT_ZG > https://services.geo.zg.ch/ows/stand_der_erschliessung?SERVICE=WMS&REQUEST=GetCapabilities (source 517/1467)
2025-11-30 05:38:48,502 - Scraping log - scraper.py >        is_online(): Line 181 - INFO - KT_ZG https://services.geo.zg.ch/ows/stand_der_erschliessung?SERVICE=WMS&REQUEST=GetCapabilities: HTTPSConnectionPool(host='services.geo.zg.ch', port=443): Max retries exceeded with url: /ows/stand_der_erschliessung?SERVICE=WMS&REQUEST=GetCapabilities (Caused by SSLError(SSLZeroReturnError(6, 'TLS/SSL connection has been closed (EOF) (_ssl.c:1147)')))
2025-11-30 05:38:48,502 - Scraping log - scraper.py >         <module>(): Line 759 - WARNING - Scraping KT_ZG > https://services.geo.zg.ch/ows/stand_der_erschliessung?SERVICE=WMS&REQUEST=GetCapabilities aborted
2025-11-30 05:38:48,502 - Scraping log - scraper.py >         <module>(): Line 751 - INFO - Running default scraper on KT_ZG > https://services.geo.zg.ch/ows/Abfallsammelstellen?SERVICE=WFS&REQUEST=GetCapabilities (source 518/1467)
2025-11-30 05:38:48,699 - Scraping log - scraper.py >        is_online(): Line 181 - INFO - KT_ZG https://services.geo.zg.ch/ows/Abfallsammelstellen?SERVICE=WFS&REQUEST=GetCapabilities: HTTPSConnectionPool(host='services.geo.zg.ch', port=443): Max retries exceeded with url: /ows/Abfallsammelstellen?SERVICE=WFS&REQUEST=GetCapabilities (Caused by SSLError(SSLZeroReturnError(6, 'TLS/SSL connection has been closed (EOF) (_ssl.c:1147)')))
2025-11-30 05:38:48,699 - Scraping log - scraper.py >         <module>(): Line 759 - WARNING - Scraping KT_ZG > https://services.geo.zg.ch/ows/Abfallsammelstellen?SERVICE=WFS&REQUEST=GetCapabilities aborted
2025-11-30 05:38:48,700 - Scraping log - scraper.py >         <module>(): Line 751 - INFO - Running default scraper on KT_ZG > https://services.geo.zg.ch/ows/Abstandslinien?SERVICE=WFS&REQUEST=GetCapabilities (source 519/1467)
2025-11-30 05:38:48,898 - Scraping log - scraper.py >        is_online(): Line 181 - INFO - KT_ZG https://services.geo.zg.ch/ows/Abstandslinien?SERVICE=WFS&REQUEST=GetCapabilities: HTTPSConnectionPool(host='services.geo.zg.ch', port=443): Max retries exceeded with url: /ows/Abstandslinien?SERVICE=WFS&REQUEST=GetCapabilities (Caused by SSLError(SSLZeroReturnError(6, 'TLS/SSL connection has been closed (EOF) (_ssl.c:1147)')))
2025-11-30 05:38:48,898 - Scraping log - scraper.py >         <module>(): Line 759 - WARNING - Scraping KT_ZG > https://services.geo.zg.ch/ows/Abstandslinien?SERVICE=WFS&REQUEST=GetCapabilities aborted
2025-11-30 05:38:48,898 - Scraping log - scraper.py >         <module>(): Line 751 - INFO - Running default scraper on KT_ZG > https://services.geo.zg.ch/ows/Amphibienlaichgebiete?SERVICE=WFS&REQUEST=GetCapabilities (source 520/1467)
2025-11-30 05:38:49,098 - Scraping log - scraper.py >        is_online(): Line 181 - INFO - KT_ZG https://services.geo.zg.ch/ows/Amphibienlaichgebiete?SERVICE=WFS&REQUEST=GetCapabilities: HTTPSConnectionPool(host='services.geo.zg.ch', port=443): Max retries exceeded with url: /ows/Amphibienlaichgebiete?SERVICE=WFS&REQUEST=GetCapabilities (Caused by SSLError(SSLZeroReturnError(6, 'TLS/SSL connection has been closed (EOF) (_ssl.c:1147)')))
2025-11-30 05:38:49,098 - Scraping log - scraper.py >         <module>(): Line 759 - WARNING - Scraping KT_ZG > https://services.geo.zg.ch/ows/Amphibienlaichgebiete?SERVICE=WFS&REQUEST=GetCapabilities aborted
2025-11-30 05:38:49,099 - Scraping log - scraper.py >         <module>(): Line 751 - INFO - Running default scraper on KT_ZG > https://services.geo.zg.ch/ows/Baumkataster?SERVICE=WFS&REQUEST=GetCapabilities (source 521/1467)
2025-11-30 05:38:49,299 - Scraping log - scraper.py >        is_online(): Line 181 - INFO - KT_ZG https://services.geo.zg.ch/ows/Baumkataster?SERVICE=WFS&REQUEST=GetCapabilities: HTTPSConnectionPool(host='services.geo.zg.ch', port=443): Max retries exceeded with url: /ows/Baumkataster?SERVICE=WFS&REQUEST=GetCapabilities (Caused by SSLError(SSLZeroReturnError(6, 'TLS/SSL connection has been closed (EOF) (_ssl.c:1147)')))
2025-11-30 05:38:49,299 - Scraping log - scraper.py >         <module>(): Line 759 - WARNING - Scraping KT_ZG > https://services.geo.zg.ch/ows/Baumkataster?SERVICE=WFS&REQUEST=GetCapabilities aborted
2025-11-30 05:38:49,299 - Scraping log - scraper.py >         <module>(): Line 751 - INFO - Running default scraper on KT_ZG > https://services.geo.zg.ch/ows/Bebauungsplan?SERVICE=WFS&REQUEST=GetCapabilities (source 522/1467)
2025-11-30 05:38:49,496 - Scraping log - scraper.py >        is_online(): Line 181 - INFO - KT_ZG https://services.geo.zg.ch/ows/Bebauungsplan?SERVICE=WFS&REQUEST=GetCapabilities: HTTPSConnectionPool(host='services.geo.zg.ch', port=443): Max retries exceeded with url: /ows/Bebauungsplan?SERVICE=WFS&REQUEST=GetCapabilities (Caused by SSLError(SSLZeroReturnError(6, 'TLS/SSL connection has been closed (EOF) (_ssl.c:1147)')))
2025-11-30 05:38:49,496 - Scraping log - scraper.py >         <module>(): Line 759 - WARNING - Scraping KT_ZG > https://services.geo.zg.ch/ows/Bebauungsplan?SERVICE=WFS&REQUEST=GetCapabilities aborted
2025-11-30 05:38:49,496 - Scraping log - scraper.py >         <module>(): Line 751 - INFO - Running default scraper on KT_ZG > https://services.geo.zg.ch/ows/Besondere_Waldlebensraeume?SERVICE=WFS&REQUEST=GetCapabilities (source 523/1467)
2025-11-30 05:38:49,692 - Scraping log - scraper.py >        is_online(): Line 181 - INFO - KT_ZG https://services.geo.zg.ch/ows/Besondere_Waldlebensraeume?SERVICE=WFS&REQUEST=GetCapabilities: HTTPSConnectionPool(host='services.geo.zg.ch', port=443): Max retries exceeded with url: /ows/Besondere_Waldlebensraeume?SERVICE=WFS&REQUEST=GetCapabilities (Caused by SSLError(SSLZeroReturnError(6, 'TLS/SSL connection has been closed (EOF) (_ssl.c:1147)')))
2025-11-30 05:38:49,692 - Scraping log - scraper.py >         <module>(): Line 759 - WARNING - Scraping KT_ZG > https://services.geo.zg.ch/ows/Besondere_Waldlebensraeume?SERVICE=WFS&REQUEST=GetCapabilities aborted
2025-11-30 05:38:49,692 - Scraping log - scraper.py >         <module>(): Line 751 - INFO - Running default scraper on KT_ZG > https://services.geo.zg.ch/ows/Bodenkarte?SERVICE=WFS&REQUEST=GetCapabilities (source 524/1467)
2025-11-30 05:38:50,316 - Scraping log - scraper.py >        is_online(): Line 181 - INFO - KT_ZG https://services.geo.zg.ch/ows/Bodenkarte?SERVICE=WFS&REQUEST=GetCapabilities: HTTPSConnectionPool(host='services.geo.zg.ch', port=443): Max retries exceeded with url: /ows/Bodenkarte?SERVICE=WFS&REQUEST=GetCapabilities (Caused by SSLError(SSLZeroReturnError(6, 'TLS/SSL connection has been closed (EOF) (_ssl.c:1147)')))
2025-11-30 05:38:50,317 - Scraping log - scraper.py >         <module>(): Line 759 - WARNING - Scraping KT_ZG > https://services.geo.zg.ch/ows/Bodenkarte?SERVICE=WFS&REQUEST=GetCapabilities aborted
2025-11-30 05:38:50,317 - Scraping log - scraper.py >         <module>(): Line 751 - INFO - Running default scraper on KT_ZG > https://services.geo.zg.ch/ows/Buslinien?SERVICE=WFS&REQUEST=GetCapabilities (source 525/1467)
2025-11-30 05:38:50,510 - Scraping log - scraper.py >        is_online(): Line 181 - INFO - KT_ZG https://services.geo.zg.ch/ows/Buslinien?SERVICE=WFS&REQUEST=GetCapabilities: HTTPSConnectionPool(host='services.geo.zg.ch', port=443): Max retries exceeded with url: /ows/Buslinien?SERVICE=WFS&REQUEST=GetCapabilities (Caused by SSLError(SSLZeroReturnError(6, 'TLS/SSL connection has been closed (EOF) (_ssl.c:1147)')))
2025-11-30 05:38:50,511 - Scraping log - scraper.py >         <module>(): Line 759 - WARNING - Scraping KT_ZG > https://services.geo.zg.ch/ows/Buslinien?SERVICE=WFS&REQUEST=GetCapabilities aborted
2025-11-30 05:38:50,511 - Scraping log - scraper.py >         <module>(): Line 751 - INFO - Running default scraper on KT_ZG > https://services.geo.zg.ch/ows/Denkmaeler?SERVICE=WFS&REQUEST=GetCapabilities (source 526/1467)
2025-11-30 05:38:50,706 - Scraping log - scraper.py >        is_online(): Line 181 - INFO - KT_ZG https://services.geo.zg.ch/ows/Denkmaeler?SERVICE=WFS&REQUEST=GetCapabilities: HTTPSConnectionPool(host='services.geo.zg.ch', port=443): Max retries exceeded with url: /ows/Denkmaeler?SERVICE=WFS&REQUEST=GetCapabilities (Caused by SSLError(SSLZeroReturnError(6, 'TLS/SSL connection has been closed (EOF) (_ssl.c:1147)')))
2025-11-30 05:38:50,706 - Scraping log - scraper.py >         <module>(): Line 759 - WARNING - Scraping KT_ZG > https://services.geo.zg.ch/ows/Denkmaeler?SERVICE=WFS&REQUEST=GetCapabilities aborted
2025-11-30 05:38:50,706 - Scraping log - scraper.py >         <module>(): Line 751 - INFO - Running default scraper on KT_ZG > https://services.geo.zg.ch/ows/Einzelbaeume_K5?SERVICE=WFS&REQUEST=GetCapabilities (source 527/1467)
2025-11-30 05:38:50,908 - Scraping log - scraper.py >        is_online(): Line 181 - INFO - KT_ZG https://services.geo.zg.ch/ows/Einzelbaeume_K5?SERVICE=WFS&REQUEST=GetCapabilities: HTTPSConnectionPool(host='services.geo.zg.ch', port=443): Max retries exceeded with url: /ows/Einzelbaeume_K5?SERVICE=WFS&REQUEST=GetCapabilities (Caused by SSLError(SSLZeroReturnError(6, 'TLS/SSL connection has been closed (EOF) (_ssl.c:1147)')))
2025-11-30 05:38:50,909 - Scraping log - scraper.py >         <module>(): Line 759 - WARNING - Scraping KT_ZG > https://services.geo.zg.ch/ows/Einzelbaeume_K5?SERVICE=WFS&REQUEST=GetCapabilities aborted
2025-11-30 05:38:50,909 - Scraping log - scraper.py >         <module>(): Line 751 - INFO - Running default scraper on KT_ZG > https://services.geo.zg.ch/ows/Erdwaermenutzung?SERVICE=WFS&REQUEST=GetCapabilities (source 528/1467)
2025-11-30 05:38:51,107 - Scraping log - scraper.py >        is_online(): Line 181 - INFO - KT_ZG https://services.geo.zg.ch/ows/Erdwaermenutzung?SERVICE=WFS&REQUEST=GetCapabilities: HTTPSConnectionPool(host='services.geo.zg.ch', port=443): Max retries exceeded with url: /ows/Erdwaermenutzung?SERVICE=WFS&REQUEST=GetCapabilities (Caused by SSLError(SSLZeroReturnError(6, 'TLS/SSL connection has been closed (EOF) (_ssl.c:1147)')))
2025-11-30 05:38:51,108 - Scraping log - scraper.py >         <module>(): Line 759 - WARNING - Scraping KT_ZG > https://services.geo.zg.ch/ows/Erdwaermenutzung?SERVICE=WFS&REQUEST=GetCapabilities aborted
2025-11-30 05:38:51,108 - Scraping log - scraper.py >         <module>(): Line 751 - INFO - Running default scraper on KT_ZG > https://services.geo.zg.ch/ows/Erholungswald?SERVICE=WFS&REQUEST=GetCapabilities (source 529/1467)
2025-11-30 05:38:51,305 - Scraping log - scraper.py >        is_online(): Line 181 - INFO - KT_ZG https://services.geo.zg.ch/ows/Erholungswald?SERVICE=WFS&REQUEST=GetCapabilities: HTTPSConnectionPool(host='services.geo.zg.ch', port=443): Max retries exceeded with url: /ows/Erholungswald?SERVICE=WFS&REQUEST=GetCapabilities (Caused by SSLError(SSLZeroReturnError(6, 'TLS/SSL connection has been closed (EOF) (_ssl.c:1147)')))
2025-11-30 05:38:51,305 - Scraping log - scraper.py >         <module>(): Line 759 - WARNING - Scraping KT_ZG > https://services.geo.zg.ch/ows/Erholungswald?SERVICE=WFS&REQUEST=GetCapabilities aborted
2025-11-30 05:38:51,306 - Scraping log - scraper.py >         <module>(): Line 751 - INFO - Running default scraper on KT_ZG > https://services.geo.zg.ch/ows/Fahrzeuglaengen_geplant?SERVICE=WFS&REQUEST=GetCapabilities (source 530/1467)
2025-11-30 05:38:51,512 - Scraping log - scraper.py >        is_online(): Line 181 - INFO - KT_ZG https://services.geo.zg.ch/ows/Fahrzeuglaengen_geplant?SERVICE=WFS&REQUEST=GetCapabilities: HTTPSConnectionPool(host='services.geo.zg.ch', port=443): Max retries exceeded with url: /ows/Fahrzeuglaengen_geplant?SERVICE=WFS&REQUEST=GetCapabilities (Caused by SSLError(SSLZeroReturnError(6, 'TLS/SSL connection has been closed (EOF) (_ssl.c:1147)')))
2025-11-30 05:38:51,512 - Scraping log - scraper.py >         <module>(): Line 759 - WARNING - Scraping KT_ZG > https://services.geo.zg.ch/ows/Fahrzeuglaengen_geplant?SERVICE=WFS&REQUEST=GetCapabilities aborted
2025-11-30 05:38:51,512 - Scraping log - scraper.py >         <module>(): Line 751 - INFO - Running default scraper on KT_ZG > https://services.geo.zg.ch/ows/Fledermaus-Quartiere?SERVICE=WFS&REQUEST=GetCapabilities (source 531/1467)
2025-11-30 05:38:51,712 - Scraping log - scraper.py >        is_online(): Line 181 - INFO - KT_ZG https://services.geo.zg.ch/ows/Fledermaus-Quartiere?SERVICE=WFS&REQUEST=GetCapabilities: HTTPSConnectionPool(host='services.geo.zg.ch', port=443): Max retries exceeded with url: /ows/Fledermaus-Quartiere?SERVICE=WFS&REQUEST=GetCapabilities (Caused by SSLError(SSLZeroReturnError(6, 'TLS/SSL connection has been closed (EOF) (_ssl.c:1147)')))
2025-11-30 05:38:51,712 - Scraping log - scraper.py >         <module>(): Line 759 - WARNING - Scraping KT_ZG > https://services.geo.zg.ch/ows/Fledermaus-Quartiere?SERVICE=WFS&REQUEST=GetCapabilities aborted
2025-11-30 05:38:51,712 - Scraping log - scraper.py >         <module>(): Line 751 - INFO - Running default scraper on KT_ZG > https://services.geo.zg.ch/ows/Forstreviere?SERVICE=WFS&REQUEST=GetCapabilities (source 532/1467)
2025-11-30 05:38:51,923 - Scraping log - scraper.py >        is_online(): Line 181 - INFO - KT_ZG https://services.geo.zg.ch/ows/Forstreviere?SERVICE=WFS&REQUEST=GetCapabilities: HTTPSConnectionPool(host='services.geo.zg.ch', port=443): Max retries exceeded with url: /ows/Forstreviere?SERVICE=WFS&REQUEST=GetCapabilities (Caused by SSLError(SSLZeroReturnError(6, 'TLS/SSL connection has been closed (EOF) (_ssl.c:1147)')))
2025-11-30 05:38:51,924 - Scraping log - scraper.py >         <module>(): Line 759 - WARNING - Scraping KT_ZG > https://services.geo.zg.ch/ows/Forstreviere?SERVICE=WFS&REQUEST=GetCapabilities aborted
2025-11-30 05:38:51,924 - Scraping log - scraper.py >         <module>(): Line 751 - INFO - Running default scraper on KT_ZG > https://services.geo.zg.ch/ows/Fussgaengerstreifen?SERVICE=WFS&REQUEST=GetCapabilities (source 533/1467)
2025-11-30 05:38:52,121 - Scraping log - scraper.py >        is_online(): Line 181 - INFO - KT_ZG https://services.geo.zg.ch/ows/Fussgaengerstreifen?SERVICE=WFS&REQUEST=GetCapabilities: HTTPSConnectionPool(host='services.geo.zg.ch', port=443): Max retries exceeded with url: /ows/Fussgaengerstreifen?SERVICE=WFS&REQUEST=GetCapabilities (Caused by SSLError(SSLZeroReturnError(6, 'TLS/SSL connection has been closed (EOF) (_ssl.c:1147)')))
2025-11-30 05:38:52,121 - Scraping log - scraper.py >         <module>(): Line 759 - WARNING - Scraping KT_ZG > https://services.geo.zg.ch/ows/Fussgaengerstreifen?SERVICE=WFS&REQUEST=GetCapabilities aborted
2025-11-30 05:38:52,121 - Scraping log - scraper.py >         <module>(): Line 751 - INFO - Running default scraper on KT_ZG > https://services.geo.zg.ch/ows/Gebaeudebrueter?SERVICE=WFS&REQUEST=GetCapabilities (source 534/1467)
2025-11-30 05:38:52,322 - Scraping log - scraper.py >        is_online(): Line 181 - INFO - KT_ZG https://services.geo.zg.ch/ows/Gebaeudebrueter?SERVICE=WFS&REQUEST=GetCapabilities: HTTPSConnectionPool(host='services.geo.zg.ch', port=443): Max retries exceeded with url: /ows/Gebaeudebrueter?SERVICE=WFS&REQUEST=GetCapabilities (Caused by SSLError(SSLZeroReturnError(6, 'TLS/SSL connection has been closed (EOF) (_ssl.c:1147)')))
2025-11-30 05:38:52,322 - Scraping log - scraper.py >         <module>(): Line 759 - WARNING - Scraping KT_ZG > https://services.geo.zg.ch/ows/Gebaeudebrueter?SERVICE=WFS&REQUEST=GetCapabilities aborted
2025-11-30 05:38:52,322 - Scraping log - scraper.py >         <module>(): Line 751 - INFO - Running default scraper on KT_ZG > https://services.geo.zg.ch/ows/Geomorphologie?SERVICE=WFS&REQUEST=GetCapabilities (source 535/1467)
2025-11-30 05:38:52,527 - Scraping log - scraper.py >        is_online(): Line 181 - INFO - KT_ZG https://services.geo.zg.ch/ows/Geomorphologie?SERVICE=WFS&REQUEST=GetCapabilities: HTTPSConnectionPool(host='services.geo.zg.ch', port=443): Max retries exceeded with url: /ows/Geomorphologie?SERVICE=WFS&REQUEST=GetCapabilities (Caused by SSLError(SSLZeroReturnError(6, 'TLS/SSL connection has been closed (EOF) (_ssl.c:1147)')))
2025-11-30 05:38:52,527 - Scraping log - scraper.py >         <module>(): Line 759 - WARNING - Scraping KT_ZG > https://services.geo.zg.ch/ows/Geomorphologie?SERVICE=WFS&REQUEST=GetCapabilities aborted
2025-11-30 05:38:52,527 - Scraping log - scraper.py >         <module>(): Line 751 - INFO - Running default scraper on KT_ZG > https://services.geo.zg.ch/ows/Gewaessernetz?SERVICE=WFS&REQUEST=GetCapabilities (source 536/1467)
2025-11-30 05:38:52,726 - Scraping log - scraper.py >        is_online(): Line 181 - INFO - KT_ZG https://services.geo.zg.ch/ows/Gewaessernetz?SERVICE=WFS&REQUEST=GetCapabilities: HTTPSConnectionPool(host='services.geo.zg.ch', port=443): Max retries exceeded with url: /ows/Gewaessernetz?SERVICE=WFS&REQUEST=GetCapabilities (Caused by SSLError(SSLZeroReturnError(6, 'TLS/SSL connection has been closed (EOF) (_ssl.c:1147)')))
2025-11-30 05:38:52,726 - Scraping log - scraper.py >         <module>(): Line 759 - WARNING - Scraping KT_ZG > https://services.geo.zg.ch/ows/Gewaessernetz?SERVICE=WFS&REQUEST=GetCapabilities aborted
2025-11-30 05:38:52,726 - Scraping log - scraper.py >         <module>(): Line 751 - INFO - Running default scraper on KT_ZG > https://services.geo.zg.ch/ows/Gewaesserschutzkarte?SERVICE=WFS&REQUEST=GetCapabilities (source 537/1467)
2025-11-30 05:38:52,929 - Scraping log - scraper.py >        is_online(): Line 181 - INFO - KT_ZG https://services.geo.zg.ch/ows/Gewaesserschutzkarte?SERVICE=WFS&REQUEST=GetCapabilities: HTTPSConnectionPool(host='services.geo.zg.ch', port=443): Max retries exceeded with url: /ows/Gewaesserschutzkarte?SERVICE=WFS&REQUEST=GetCapabilities (Caused by SSLError(SSLZeroReturnError(6, 'TLS/SSL connection has been closed (EOF) (_ssl.c:1147)')))
2025-11-30 05:38:52,929 - Scraping log - scraper.py >         <module>(): Line 759 - WARNING - Scraping KT_ZG > https://services.geo.zg.ch/ows/Gewaesserschutzkarte?SERVICE=WFS&REQUEST=GetCapabilities aborted
2025-11-30 05:38:52,930 - Scraping log - scraper.py >         <module>(): Line 751 - INFO - Running default scraper on KT_ZG > https://services.geo.zg.ch/ows/Hecken_Feldgehoelze?SERVICE=WFS&REQUEST=GetCapabilities (source 538/1467)
2025-11-30 05:38:53,128 - Scraping log - scraper.py >        is_online(): Line 181 - INFO - KT_ZG https://services.geo.zg.ch/ows/Hecken_Feldgehoelze?SERVICE=WFS&REQUEST=GetCapabilities: HTTPSConnectionPool(host='services.geo.zg.ch', port=443): Max retries exceeded with url: /ows/Hecken_Feldgehoelze?SERVICE=WFS&REQUEST=GetCapabilities (Caused by SSLError(SSLZeroReturnError(6, 'TLS/SSL connection has been closed (EOF) (_ssl.c:1147)')))
2025-11-30 05:38:53,129 - Scraping log - scraper.py >         <module>(): Line 759 - WARNING - Scraping KT_ZG > https://services.geo.zg.ch/ows/Hecken_Feldgehoelze?SERVICE=WFS&REQUEST=GetCapabilities aborted
2025-11-30 05:38:53,129 - Scraping log - scraper.py >         <module>(): Line 751 - INFO - Running default scraper on KT_ZG > https://services.geo.zg.ch/ows/Hist_Gewaesser?SERVICE=WFS&REQUEST=GetCapabilities (source 539/1467)
2025-11-30 05:38:53,326 - Scraping log - scraper.py >        is_online(): Line 181 - INFO - KT_ZG https://services.geo.zg.ch/ows/Hist_Gewaesser?SERVICE=WFS&REQUEST=GetCapabilities: HTTPSConnectionPool(host='services.geo.zg.ch', port=443): Max retries exceeded with url: /ows/Hist_Gewaesser?SERVICE=WFS&REQUEST=GetCapabilities (Caused by SSLError(SSLZeroReturnError(6, 'TLS/SSL connection has been closed (EOF) (_ssl.c:1147)')))
2025-11-30 05:38:53,326 - Scraping log - scraper.py >         <module>(): Line 759 - WARNING - Scraping KT_ZG > https://services.geo.zg.ch/ows/Hist_Gewaesser?SERVICE=WFS&REQUEST=GetCapabilities aborted
2025-11-30 05:38:53,326 - Scraping log - scraper.py >         <module>(): Line 751 - INFO - Running default scraper on KT_ZG > https://services.geo.zg.ch/ows/Hoehenkurven_Isobathen?SERVICE=WFS&REQUEST=GetCapabilities (source 540/1467)
2025-11-30 05:38:53,522 - Scraping log - scraper.py >        is_online(): Line 181 - INFO - KT_ZG https://services.geo.zg.ch/ows/Hoehenkurven_Isobathen?SERVICE=WFS&REQUEST=GetCapabilities: HTTPSConnectionPool(host='services.geo.zg.ch', port=443): Max retries exceeded with url: /ows/Hoehenkurven_Isobathen?SERVICE=WFS&REQUEST=GetCapabilities (Caused by SSLError(SSLZeroReturnError(6, 'TLS/SSL connection has been closed (EOF) (_ssl.c:1147)')))
2025-11-30 05:38:53,522 - Scraping log - scraper.py >         <module>(): Line 759 - WARNING - Scraping KT_ZG > https://services.geo.zg.ch/ows/Hoehenkurven_Isobathen?SERVICE=WFS&REQUEST=GetCapabilities aborted
2025-11-30 05:38:53,522 - Scraping log - scraper.py >         <module>(): Line 751 - INFO - Running default scraper on KT_ZG > https://services.geo.zg.ch/ows/Jagdbezirke?SERVICE=WFS&REQUEST=GetCapabilities&VERSION=1.1.0 (source 541/1467)
2025-11-30 05:38:53,716 - Scraping log - scraper.py >        is_online(): Line 181 - INFO - KT_ZG https://services.geo.zg.ch/ows/Jagdbezirke?SERVICE=WFS&REQUEST=GetCapabilities&VERSION=1.1.0: HTTPSConnectionPool(host='services.geo.zg.ch', port=443): Max retries exceeded with url: /ows/Jagdbezirke?SERVICE=WFS&REQUEST=GetCapabilities&VERSION=1.1.0 (Caused by SSLError(SSLZeroReturnError(6, 'TLS/SSL connection has been closed (EOF) (_ssl.c:1147)')))
2025-11-30 05:38:53,716 - Scraping log - scraper.py >         <module>(): Line 759 - WARNING - Scraping KT_ZG > https://services.geo.zg.ch/ows/Jagdbezirke?SERVICE=WFS&REQUEST=GetCapabilities&VERSION=1.1.0 aborted
2025-11-30 05:38:53,716 - Scraping log - scraper.py >         <module>(): Line 751 - INFO - Running default scraper on KT_ZG > https://services.geo.zg.ch/ows/Kinderbetreuung?SERVICE=WFS&REQUEST=GetCapabilities (source 542/1467)
2025-11-30 05:38:54,326 - Scraping log - scraper.py >        is_online(): Line 181 - INFO - KT_ZG https://services.geo.zg.ch/ows/Kinderbetreuung?SERVICE=WFS&REQUEST=GetCapabilities: HTTPSConnectionPool(host='services.geo.zg.ch', port=443): Max retries exceeded with url: /ows/Kinderbetreuung?SERVICE=WFS&REQUEST=GetCapabilities (Caused by SSLError(SSLZeroReturnError(6, 'TLS/SSL connection has been closed (EOF) (_ssl.c:1147)')))
2025-11-30 05:38:54,327 - Scraping log - scraper.py >         <module>(): Line 759 - WARNING - Scraping KT_ZG > https://services.geo.zg.ch/ows/Kinderbetreuung?SERVICE=WFS&REQUEST=GetCapabilities aborted
2025-11-30 05:38:54,327 - Scraping log - scraper.py >         <module>(): Line 751 - INFO - Running default scraper on KT_ZG > https://services.geo.zg.ch/ows/Kunstbauten?SERVICE=WFS&REQUEST=GetCapabilities (source 543/1467)
2025-11-30 05:38:54,530 - Scraping log - scraper.py >        is_online(): Line 181 - INFO - KT_ZG https://services.geo.zg.ch/ows/Kunstbauten?SERVICE=WFS&REQUEST=GetCapabilities: HTTPSConnectionPool(host='services.geo.zg.ch', port=443): Max retries exceeded with url: /ows/Kunstbauten?SERVICE=WFS&REQUEST=GetCapabilities (Caused by SSLError(SSLZeroReturnError(6, 'TLS/SSL connection has been closed (EOF) (_ssl.c:1147)')))
2025-11-30 05:38:54,530 - Scraping log - scraper.py >         <module>(): Line 759 - WARNING - Scraping KT_ZG > https://services.geo.zg.ch/ows/Kunstbauten?SERVICE=WFS&REQUEST=GetCapabilities aborted
2025-11-30 05:38:54,530 - Scraping log - scraper.py >         <module>(): Line 751 - INFO - Running default scraper on KT_ZG > https://services.geo.zg.ch/ows/Landwertzonen_Steuern?SERVICE=WFS&REQUEST=GetCapabilities (source 544/1467)
2025-11-30 05:38:54,728 - Scraping log - scraper.py >        is_online(): Line 181 - INFO - KT_ZG https://services.geo.zg.ch/ows/Landwertzonen_Steuern?SERVICE=WFS&REQUEST=GetCapabilities: HTTPSConnectionPool(host='services.geo.zg.ch', port=443): Max retries exceeded with url: /ows/Landwertzonen_Steuern?SERVICE=WFS&REQUEST=GetCapabilities (Caused by SSLError(SSLZeroReturnError(6, 'TLS/SSL connection has been closed (EOF) (_ssl.c:1147)')))
2025-11-30 05:38:54,729 - Scraping log - scraper.py >         <module>(): Line 759 - WARNING - Scraping KT_ZG > https://services.geo.zg.ch/ows/Landwertzonen_Steuern?SERVICE=WFS&REQUEST=GetCapabilities aborted
2025-11-30 05:38:54,729 - Scraping log - scraper.py >         <module>(): Line 751 - INFO - Running default scraper on KT_ZG > https://services.geo.zg.ch/ows/Landwirtschaft?SERVICE=WFS&REQUEST=GetCapabilities (source 545/1467)
2025-11-30 05:38:54,933 - Scraping log - scraper.py >        is_online(): Line 181 - INFO - KT_ZG https://services.geo.zg.ch/ows/Landwirtschaft?SERVICE=WFS&REQUEST=GetCapabilities: HTTPSConnectionPool(host='services.geo.zg.ch', port=443): Max retries exceeded with url: /ows/Landwirtschaft?SERVICE=WFS&REQUEST=GetCapabilities (Caused by SSLError(SSLZeroReturnError(6, 'TLS/SSL connection has been closed (EOF) (_ssl.c:1147)')))
2025-11-30 05:38:54,933 - Scraping log - scraper.py >         <module>(): Line 759 - WARNING - Scraping KT_ZG > https://services.geo.zg.ch/ows/Landwirtschaft?SERVICE=WFS&REQUEST=GetCapabilities aborted
2025-11-30 05:38:54,933 - Scraping log - scraper.py >         <module>(): Line 751 - INFO - Running default scraper on KT_ZG > https://services.geo.zg.ch/ows/Messstellen_an_Gewaessern?SERVICE=WFS&REQUEST=GetCapabilities (source 546/1467)
2025-11-30 05:38:55,129 - Scraping log - scraper.py >        is_online(): Line 181 - INFO - KT_ZG https://services.geo.zg.ch/ows/Messstellen_an_Gewaessern?SERVICE=WFS&REQUEST=GetCapabilities: HTTPSConnectionPool(host='services.geo.zg.ch', port=443): Max retries exceeded with url: /ows/Messstellen_an_Gewaessern?SERVICE=WFS&REQUEST=GetCapabilities (Caused by SSLError(SSLZeroReturnError(6, 'TLS/SSL connection has been closed (EOF) (_ssl.c:1147)')))
2025-11-30 05:38:55,129 - Scraping log - scraper.py >         <module>(): Line 759 - WARNING - Scraping KT_ZG > https://services.geo.zg.ch/ows/Messstellen_an_Gewaessern?SERVICE=WFS&REQUEST=GetCapabilities aborted
2025-11-30 05:38:55,129 - Scraping log - scraper.py >         <module>(): Line 751 - INFO - Running default scraper on KT_ZG > https://services.geo.zg.ch/ows/Moorlandschaften?SERVICE=WFS&REQUEST=GetCapabilities (source 547/1467)
2025-11-30 05:38:55,322 - Scraping log - scraper.py >        is_online(): Line 181 - INFO - KT_ZG https://services.geo.zg.ch/ows/Moorlandschaften?SERVICE=WFS&REQUEST=GetCapabilities: HTTPSConnectionPool(host='services.geo.zg.ch', port=443): Max retries exceeded with url: /ows/Moorlandschaften?SERVICE=WFS&REQUEST=GetCapabilities (Caused by SSLError(SSLZeroReturnError(6, 'TLS/SSL connection has been closed (EOF) (_ssl.c:1147)')))
2025-11-30 05:38:55,323 - Scraping log - scraper.py >         <module>(): Line 759 - WARNING - Scraping KT_ZG > https://services.geo.zg.ch/ows/Moorlandschaften?SERVICE=WFS&REQUEST=GetCapabilities aborted
2025-11-30 05:38:55,323 - Scraping log - scraper.py >         <module>(): Line 751 - INFO - Running default scraper on KT_ZG > https://services.geo.zg.ch/ows/NGHK_Phaenomene?SERVICE=WFS&REQUEST=GetCapabilities (source 548/1467)
2025-11-30 05:38:55,519 - Scraping log - scraper.py >        is_online(): Line 181 - INFO - KT_ZG https://services.geo.zg.ch/ows/NGHK_Phaenomene?SERVICE=WFS&REQUEST=GetCapabilities: HTTPSConnectionPool(host='services.geo.zg.ch', port=443): Max retries exceeded with url: /ows/NGHK_Phaenomene?SERVICE=WFS&REQUEST=GetCapabilities (Caused by SSLError(SSLZeroReturnError(6, 'TLS/SSL connection has been closed (EOF) (_ssl.c:1147)')))
2025-11-30 05:38:55,519 - Scraping log - scraper.py >         <module>(): Line 759 - WARNING - Scraping KT_ZG > https://services.geo.zg.ch/ows/NGHK_Phaenomene?SERVICE=WFS&REQUEST=GetCapabilities aborted
2025-11-30 05:38:55,519 - Scraping log - scraper.py >         <module>(): Line 751 - INFO - Running default scraper on KT_ZG > https://services.geo.zg.ch/ows/NGHK_Prozesse?SERVICE=WFS&REQUEST=GetCapabilities (source 549/1467)
2025-11-30 05:38:55,719 - Scraping log - scraper.py >        is_online(): Line 181 - INFO - KT_ZG https://services.geo.zg.ch/ows/NGHK_Prozesse?SERVICE=WFS&REQUEST=GetCapabilities: HTTPSConnectionPool(host='services.geo.zg.ch', port=443): Max retries exceeded with url: /ows/NGHK_Prozesse?SERVICE=WFS&REQUEST=GetCapabilities (Caused by SSLError(SSLZeroReturnError(6, 'TLS/SSL connection has been closed (EOF) (_ssl.c:1147)')))
2025-11-30 05:38:55,719 - Scraping log - scraper.py >         <module>(): Line 759 - WARNING - Scraping KT_ZG > https://services.geo.zg.ch/ows/NGHK_Prozesse?SERVICE=WFS&REQUEST=GetCapabilities aborted
2025-11-30 05:38:55,719 - Scraping log - scraper.py >         <module>(): Line 751 - INFO - Running default scraper on KT_ZG > https://services.geo.zg.ch/ows/Naturobjekte?SERVICE=WFS&REQUEST=GetCapabilities (source 550/1467)
2025-11-30 05:38:55,919 - Scraping log - scraper.py >        is_online(): Line 181 - INFO - KT_ZG https://services.geo.zg.ch/ows/Naturobjekte?SERVICE=WFS&REQUEST=GetCapabilities: HTTPSConnectionPool(host='services.geo.zg.ch', port=443): Max retries exceeded with url: /ows/Naturobjekte?SERVICE=WFS&REQUEST=GetCapabilities (Caused by SSLError(SSLZeroReturnError(6, 'TLS/SSL connection has been closed (EOF) (_ssl.c:1147)')))
2025-11-30 05:38:55,919 - Scraping log - scraper.py >         <module>(): Line 759 - WARNING - Scraping KT_ZG > https://services.geo.zg.ch/ows/Naturobjekte?SERVICE=WFS&REQUEST=GetCapabilities aborted
2025-11-30 05:38:55,920 - Scraping log - scraper.py >         <module>(): Line 751 - INFO - Running default scraper on KT_ZG > https://services.geo.zg.ch/ows/Naturschutz?SERVICE=WFS&REQUEST=GetCapabilities (source 551/1467)
2025-11-30 05:38:56,116 - Scraping log - scraper.py >        is_online(): Line 181 - INFO - KT_ZG https://services.geo.zg.ch/ows/Naturschutz?SERVICE=WFS&REQUEST=GetCapabilities: HTTPSConnectionPool(host='services.geo.zg.ch', port=443): Max retries exceeded with url: /ows/Naturschutz?SERVICE=WFS&REQUEST=GetCapabilities (Caused by SSLError(SSLZeroReturnError(6, 'TLS/SSL connection has been closed (EOF) (_ssl.c:1147)')))
2025-11-30 05:38:56,117 - Scraping log - scraper.py >         <module>(): Line 759 - WARNING - Scraping KT_ZG > https://services.geo.zg.ch/ows/Naturschutz?SERVICE=WFS&REQUEST=GetCapabilities aborted
2025-11-30 05:38:56,117 - Scraping log - scraper.py >         <module>(): Line 751 - INFO - Running default scraper on KT_ZG > https://services.geo.zg.ch/ows/Neophyten?SERVICE=WFS&REQUEST=GetCapabilities (source 552/1467)
2025-11-30 05:38:56,313 - Scraping log - scraper.py >        is_online(): Line 181 - INFO - KT_ZG https://services.geo.zg.ch/ows/Neophyten?SERVICE=WFS&REQUEST=GetCapabilities: HTTPSConnectionPool(host='services.geo.zg.ch', port=443): Max retries exceeded with url: /ows/Neophyten?SERVICE=WFS&REQUEST=GetCapabilities (Caused by SSLError(SSLZeroReturnError(6, 'TLS/SSL connection has been closed (EOF) (_ssl.c:1147)')))
2025-11-30 05:38:56,314 - Scraping log - scraper.py >         <module>(): Line 759 - WARNING - Scraping KT_ZG > https://services.geo.zg.ch/ows/Neophyten?SERVICE=WFS&REQUEST=GetCapabilities aborted
2025-11-30 05:38:56,314 - Scraping log - scraper.py >         <module>(): Line 751 - INFO - Running default scraper on KT_ZG > https://services.geo.zg.ch/ows/Ortsbildschutz?SERVICE=WFS&REQUEST=GetCapabilities (source 553/1467)
2025-11-30 05:38:56,507 - Scraping log - scraper.py >        is_online(): Line 181 - INFO - KT_ZG https://services.geo.zg.ch/ows/Ortsbildschutz?SERVICE=WFS&REQUEST=GetCapabilities: HTTPSConnectionPool(host='services.geo.zg.ch', port=443): Max retries exceeded with url: /ows/Ortsbildschutz?SERVICE=WFS&REQUEST=GetCapabilities (Caused by SSLError(SSLZeroReturnError(6, 'TLS/SSL connection has been closed (EOF) (_ssl.c:1147)')))
2025-11-30 05:38:56,507 - Scraping log - scraper.py >         <module>(): Line 759 - WARNING - Scraping KT_ZG > https://services.geo.zg.ch/ows/Ortsbildschutz?SERVICE=WFS&REQUEST=GetCapabilities aborted
2025-11-30 05:38:56,508 - Scraping log - scraper.py >         <module>(): Line 751 - INFO - Running default scraper on KT_ZG > https://services.geo.zg.ch/ows/Parkplaetze?SERVICE=WFS&REQUEST=GetCapabilities (source 554/1467)
2025-11-30 05:38:56,702 - Scraping log - scraper.py >        is_online(): Line 181 - INFO - KT_ZG https://services.geo.zg.ch/ows/Parkplaetze?SERVICE=WFS&REQUEST=GetCapabilities: HTTPSConnectionPool(host='services.geo.zg.ch', port=443): Max retries exceeded with url: /ows/Parkplaetze?SERVICE=WFS&REQUEST=GetCapabilities (Caused by SSLError(SSLZeroReturnError(6, 'TLS/SSL connection has been closed (EOF) (_ssl.c:1147)')))
2025-11-30 05:38:56,703 - Scraping log - scraper.py >         <module>(): Line 759 - WARNING - Scraping KT_ZG > https://services.geo.zg.ch/ows/Parkplaetze?SERVICE=WFS&REQUEST=GetCapabilities aborted
2025-11-30 05:38:56,703 - Scraping log - scraper.py >         <module>(): Line 751 - INFO - Running default scraper on KT_ZG > https://services.geo.zg.ch/ows/Parkplaetze?SERVICE=WMS&REQUEST=GetCapabilities (source 555/1467)
2025-11-30 05:38:56,904 - Scraping log - scraper.py >        is_online(): Line 181 - INFO - KT_ZG https://services.geo.zg.ch/ows/Parkplaetze?SERVICE=WMS&REQUEST=GetCapabilities: HTTPSConnectionPool(host='services.geo.zg.ch', port=443): Max retries exceeded with url: /ows/Parkplaetze?SERVICE=WMS&REQUEST=GetCapabilities (Caused by SSLError(SSLZeroReturnError(6, 'TLS/SSL connection has been closed (EOF) (_ssl.c:1147)')))
2025-11-30 05:38:56,904 - Scraping log - scraper.py >         <module>(): Line 759 - WARNING - Scraping KT_ZG > https://services.geo.zg.ch/ows/Parkplaetze?SERVICE=WMS&REQUEST=GetCapabilities aborted
2025-11-30 05:38:56,904 - Scraping log - scraper.py >         <module>(): Line 751 - INFO - Running default scraper on KT_ZG > https://services.geo.zg.ch/ows/Points_of_Interest?SERVICE=WFS&REQUEST=GetCapabilities (source 556/1467)
2025-11-30 05:38:57,102 - Scraping log - scraper.py >        is_online(): Line 181 - INFO - KT_ZG https://services.geo.zg.ch/ows/Points_of_Interest?SERVICE=WFS&REQUEST=GetCapabilities: HTTPSConnectionPool(host='services.geo.zg.ch', port=443): Max retries exceeded with url: /ows/Points_of_Interest?SERVICE=WFS&REQUEST=GetCapabilities (Caused by SSLError(SSLZeroReturnError(6, 'TLS/SSL connection has been closed (EOF) (_ssl.c:1147)')))
2025-11-30 05:38:57,103 - Scraping log - scraper.py >         <module>(): Line 759 - WARNING - Scraping KT_ZG > https://services.geo.zg.ch/ows/Points_of_Interest?SERVICE=WFS&REQUEST=GetCapabilities aborted
2025-11-30 05:38:57,103 - Scraping log - scraper.py >         <module>(): Line 751 - INFO - Running default scraper on KT_ZG > https://services.geo.zg.ch/ows/Quartiergestaltungsplanung?SERVICE=WFS&REQUEST=GetCapabilities (source 557/1467)
2025-11-30 05:38:57,301 - Scraping log - scraper.py >        is_online(): Line 181 - INFO - KT_ZG https://services.geo.zg.ch/ows/Quartiergestaltungsplanung?SERVICE=WFS&REQUEST=GetCapabilities: HTTPSConnectionPool(host='services.geo.zg.ch', port=443): Max retries exceeded with url: /ows/Quartiergestaltungsplanung?SERVICE=WFS&REQUEST=GetCapabilities (Caused by SSLError(SSLZeroReturnError(6, 'TLS/SSL connection has been closed (EOF) (_ssl.c:1147)')))
2025-11-30 05:38:57,301 - Scraping log - scraper.py >         <module>(): Line 759 - WARNING - Scraping KT_ZG > https://services.geo.zg.ch/ows/Quartiergestaltungsplanung?SERVICE=WFS&REQUEST=GetCapabilities aborted
2025-11-30 05:38:57,302 - Scraping log - scraper.py >         <module>(): Line 751 - INFO - Running default scraper on KT_ZG > https://services.geo.zg.ch/ows/Radwege?SERVICE=WFS&REQUEST=GetCapabilities (source 558/1467)
2025-11-30 05:38:57,508 - Scraping log - scraper.py >        is_online(): Line 181 - INFO - KT_ZG https://services.geo.zg.ch/ows/Radwege?SERVICE=WFS&REQUEST=GetCapabilities: HTTPSConnectionPool(host='services.geo.zg.ch', port=443): Max retries exceeded with url: /ows/Radwege?SERVICE=WFS&REQUEST=GetCapabilities (Caused by SSLError(SSLZeroReturnError(6, 'TLS/SSL connection has been closed (EOF) (_ssl.c:1147)')))
2025-11-30 05:38:57,508 - Scraping log - scraper.py >         <module>(): Line 759 - WARNING - Scraping KT_ZG > https://services.geo.zg.ch/ows/Radwege?SERVICE=WFS&REQUEST=GetCapabilities aborted
2025-11-30 05:38:57,508 - Scraping log - scraper.py >         <module>(): Line 751 - INFO - Running default scraper on KT_ZG > https://services.geo.zg.ch/ows/Richtplan?SERVICE=WFS&REQUEST=GetCapabilities (source 559/1467)
2025-11-30 05:38:57,704 - Scraping log - scraper.py >        is_online(): Line 181 - INFO - KT_ZG https://services.geo.zg.ch/ows/Richtplan?SERVICE=WFS&REQUEST=GetCapabilities: HTTPSConnectionPool(host='services.geo.zg.ch', port=443): Max retries exceeded with url: /ows/Richtplan?SERVICE=WFS&REQUEST=GetCapabilities (Caused by SSLError(SSLZeroReturnError(6, 'TLS/SSL connection has been closed (EOF) (_ssl.c:1147)')))
2025-11-30 05:38:57,704 - Scraping log - scraper.py >         <module>(): Line 759 - WARNING - Scraping KT_ZG > https://services.geo.zg.ch/ows/Richtplan?SERVICE=WFS&REQUEST=GetCapabilities aborted
2025-11-30 05:38:57,704 - Scraping log - scraper.py >         <module>(): Line 751 - INFO - Running default scraper on KT_ZG > https://services.geo.zg.ch/ows/Schulhaeuser_Kindergaerten?SERVICE=WFS&REQUEST=GetCapabilities (source 560/1467)
2025-11-30 05:38:57,908 - Scraping log - scraper.py >        is_online(): Line 181 - INFO - KT_ZG https://services.geo.zg.ch/ows/Schulhaeuser_Kindergaerten?SERVICE=WFS&REQUEST=GetCapabilities: HTTPSConnectionPool(host='services.geo.zg.ch', port=443): Max retries exceeded with url: /ows/Schulhaeuser_Kindergaerten?SERVICE=WFS&REQUEST=GetCapabilities (Caused by SSLError(SSLZeroReturnError(6, 'TLS/SSL connection has been closed (EOF) (_ssl.c:1147)')))
2025-11-30 05:38:57,909 - Scraping log - scraper.py >         <module>(): Line 759 - WARNING - Scraping KT_ZG > https://services.geo.zg.ch/ows/Schulhaeuser_Kindergaerten?SERVICE=WFS&REQUEST=GetCapabilities aborted
2025-11-30 05:38:57,909 - Scraping log - scraper.py >         <module>(): Line 751 - INFO - Running default scraper on KT_ZG > https://services.geo.zg.ch/ows/Schutzraumbau?SERVICE=WFS&REQUEST=GetCapabilities (source 561/1467)
2025-11-30 05:38:58,111 - Scraping log - scraper.py >        is_online(): Line 181 - INFO - KT_ZG https://services.geo.zg.ch/ows/Schutzraumbau?SERVICE=WFS&REQUEST=GetCapabilities: HTTPSConnectionPool(host='services.geo.zg.ch', port=443): Max retries exceeded with url: /ows/Schutzraumbau?SERVICE=WFS&REQUEST=GetCapabilities (Caused by SSLError(SSLZeroReturnError(6, 'TLS/SSL connection has been closed (EOF) (_ssl.c:1147)')))
2025-11-30 05:38:58,111 - Scraping log - scraper.py >         <module>(): Line 759 - WARNING - Scraping KT_ZG > https://services.geo.zg.ch/ows/Schutzraumbau?SERVICE=WFS&REQUEST=GetCapabilities aborted
2025-11-30 05:38:58,111 - Scraping log - scraper.py >         <module>(): Line 751 - INFO - Running default scraper on KT_ZG > https://services.geo.zg.ch/ows/Schutzwald?SERVICE=WFS&REQUEST=GetCapabilities (source 562/1467)
2025-11-30 05:38:58,312 - Scraping log - scraper.py >        is_online(): Line 181 - INFO - KT_ZG https://services.geo.zg.ch/ows/Schutzwald?SERVICE=WFS&REQUEST=GetCapabilities: HTTPSConnectionPool(host='services.geo.zg.ch', port=443): Max retries exceeded with url: /ows/Schutzwald?SERVICE=WFS&REQUEST=GetCapabilities (Caused by SSLError(SSLZeroReturnError(6, 'TLS/SSL connection has been closed (EOF) (_ssl.c:1147)')))
2025-11-30 05:38:58,312 - Scraping log - scraper.py >         <module>(): Line 759 - WARNING - Scraping KT_ZG > https://services.geo.zg.ch/ows/Schutzwald?SERVICE=WFS&REQUEST=GetCapabilities aborted
2025-11-30 05:38:58,312 - Scraping log - scraper.py >         <module>(): Line 751 - INFO - Running default scraper on KT_ZG > https://services.geo.zg.ch/ows/Standorte_Wahlplakate?SERVICE=WFS&REQUEST=GetCapabilities (source 563/1467)
2025-11-30 05:38:58,512 - Scraping log - scraper.py >        is_online(): Line 181 - INFO - KT_ZG https://services.geo.zg.ch/ows/Standorte_Wahlplakate?SERVICE=WFS&REQUEST=GetCapabilities: HTTPSConnectionPool(host='services.geo.zg.ch', port=443): Max retries exceeded with url: /ows/Standorte_Wahlplakate?SERVICE=WFS&REQUEST=GetCapabilities (Caused by SSLError(SSLZeroReturnError(6, 'TLS/SSL connection has been closed (EOF) (_ssl.c:1147)')))
2025-11-30 05:38:58,512 - Scraping log - scraper.py >         <module>(): Line 759 - WARNING - Scraping KT_ZG > https://services.geo.zg.ch/ows/Standorte_Wahlplakate?SERVICE=WFS&REQUEST=GetCapabilities aborted
2025-11-30 05:38:58,512 - Scraping log - scraper.py >         <module>(): Line 751 - INFO - Running default scraper on KT_ZG > https://services.geo.zg.ch/ows/Statische_Waldgrenzen?SERVICE=WFS&REQUEST=GetCapabilities (source 564/1467)
2025-11-30 05:38:58,710 - Scraping log - scraper.py >        is_online(): Line 181 - INFO - KT_ZG https://services.geo.zg.ch/ows/Statische_Waldgrenzen?SERVICE=WFS&REQUEST=GetCapabilities: HTTPSConnectionPool(host='services.geo.zg.ch', port=443): Max retries exceeded with url: /ows/Statische_Waldgrenzen?SERVICE=WFS&REQUEST=GetCapabilities (Caused by SSLError(SSLZeroReturnError(6, 'TLS/SSL connection has been closed (EOF) (_ssl.c:1147)')))
2025-11-30 05:38:58,711 - Scraping log - scraper.py >         <module>(): Line 759 - WARNING - Scraping KT_ZG > https://services.geo.zg.ch/ows/Statische_Waldgrenzen?SERVICE=WFS&REQUEST=GetCapabilities aborted
2025-11-30 05:38:58,711 - Scraping log - scraper.py >         <module>(): Line 751 - INFO - Running default scraper on KT_ZG > https://services.geo.zg.ch/ows/Strassenlaermkataster_Gemeindestrassen?SERVICE=WFS&REQUEST=GetCapabilities (source 565/1467)
2025-11-30 05:38:58,914 - Scraping log - scraper.py >        is_online(): Line 181 - INFO - KT_ZG https://services.geo.zg.ch/ows/Strassenlaermkataster_Gemeindestrassen?SERVICE=WFS&REQUEST=GetCapabilities: HTTPSConnectionPool(host='services.geo.zg.ch', port=443): Max retries exceeded with url: /ows/Strassenlaermkataster_Gemeindestrassen?SERVICE=WFS&REQUEST=GetCapabilities (Caused by SSLError(SSLZeroReturnError(6, 'TLS/SSL connection has been closed (EOF) (_ssl.c:1147)')))
2025-11-30 05:38:58,914 - Scraping log - scraper.py >         <module>(): Line 759 - WARNING - Scraping KT_ZG > https://services.geo.zg.ch/ows/Strassenlaermkataster_Gemeindestrassen?SERVICE=WFS&REQUEST=GetCapabilities aborted
2025-11-30 05:38:58,914 - Scraping log - scraper.py >         <module>(): Line 751 - INFO - Running default scraper on KT_ZG > https://services.geo.zg.ch/ows/Strassenlaermkataster_Kantonsstrassen?SERVICE=WFS&REQUEST=GetCapabilities (source 566/1467)
2025-11-30 05:38:59,108 - Scraping log - scraper.py >        is_online(): Line 181 - INFO - KT_ZG https://services.geo.zg.ch/ows/Strassenlaermkataster_Kantonsstrassen?SERVICE=WFS&REQUEST=GetCapabilities: HTTPSConnectionPool(host='services.geo.zg.ch', port=443): Max retries exceeded with url: /ows/Strassenlaermkataster_Kantonsstrassen?SERVICE=WFS&REQUEST=GetCapabilities (Caused by SSLError(SSLZeroReturnError(6, 'TLS/SSL connection has been closed (EOF) (_ssl.c:1147)')))
2025-11-30 05:38:59,108 - Scraping log - scraper.py >         <module>(): Line 759 - WARNING - Scraping KT_ZG > https://services.geo.zg.ch/ows/Strassenlaermkataster_Kantonsstrassen?SERVICE=WFS&REQUEST=GetCapabilities aborted
2025-11-30 05:38:59,108 - Scraping log - scraper.py >         <module>(): Line 751 - INFO - Running default scraper on KT_ZG > https://services.geo.zg.ch/ows/Treffpunkte_RDZ?SERVICE=WFS&REQUEST=GetCapabilities (source 567/1467)
2025-11-30 05:38:59,314 - Scraping log - scraper.py >        is_online(): Line 181 - INFO - KT_ZG https://services.geo.zg.ch/ows/Treffpunkte_RDZ?SERVICE=WFS&REQUEST=GetCapabilities: HTTPSConnectionPool(host='services.geo.zg.ch', port=443): Max retries exceeded with url: /ows/Treffpunkte_RDZ?SERVICE=WFS&REQUEST=GetCapabilities (Caused by SSLError(SSLZeroReturnError(6, 'TLS/SSL connection has been closed (EOF) (_ssl.c:1147)')))
2025-11-30 05:38:59,314 - Scraping log - scraper.py >         <module>(): Line 759 - WARNING - Scraping KT_ZG > https://services.geo.zg.ch/ows/Treffpunkte_RDZ?SERVICE=WFS&REQUEST=GetCapabilities aborted
2025-11-30 05:38:59,314 - Scraping log - scraper.py >         <module>(): Line 751 - INFO - Running default scraper on KT_ZG > https://services.geo.zg.ch/ows/Verkehrszaehlung?SERVICE=WFS&REQUEST=GetCapabilities (source 568/1467)
2025-11-30 05:38:59,510 - Scraping log - scraper.py >        is_online(): Line 181 - INFO - KT_ZG https://services.geo.zg.ch/ows/Verkehrszaehlung?SERVICE=WFS&REQUEST=GetCapabilities: HTTPSConnectionPool(host='services.geo.zg.ch', port=443): Max retries exceeded with url: /ows/Verkehrszaehlung?SERVICE=WFS&REQUEST=GetCapabilities (Caused by SSLError(SSLZeroReturnError(6, 'TLS/SSL connection has been closed (EOF) (_ssl.c:1147)')))
2025-11-30 05:38:59,511 - Scraping log - scraper.py >         <module>(): Line 759 - WARNING - Scraping KT_ZG > https://services.geo.zg.ch/ows/Verkehrszaehlung?SERVICE=WFS&REQUEST=GetCapabilities aborted
2025-11-30 05:38:59,511 - Scraping log - scraper.py >         <module>(): Line 751 - INFO - Running default scraper on KT_ZG > https://services.geo.zg.ch/ows/Zonenplan?SERVICE=WFS&REQUEST=GetCapabilities (source 569/1467)
2025-11-30 05:38:59,704 - Scraping log - scraper.py >        is_online(): Line 181 - INFO - KT_ZG https://services.geo.zg.ch/ows/Zonenplan?SERVICE=WFS&REQUEST=GetCapabilities: HTTPSConnectionPool(host='services.geo.zg.ch', port=443): Max retries exceeded with url: /ows/Zonenplan?SERVICE=WFS&REQUEST=GetCapabilities (Caused by SSLError(SSLZeroReturnError(6, 'TLS/SSL connection has been closed (EOF) (_ssl.c:1147)')))
2025-11-30 05:38:59,704 - Scraping log - scraper.py >         <module>(): Line 759 - WARNING - Scraping KT_ZG > https://services.geo.zg.ch/ows/Zonenplan?SERVICE=WFS&REQUEST=GetCapabilities aborted
2025-11-30 05:38:59,705 - Scraping log - scraper.py >         <module>(): Line 751 - INFO - Running default scraper on KT_ZG > https://services.geo.zg.ch/ows/defibrillatoren?SERVICE=WFS&REQUEST=GetCapabilities (source 570/1467)
2025-11-30 05:38:59,901 - Scraping log - scraper.py >        is_online(): Line 181 - INFO - KT_ZG https://services.geo.zg.ch/ows/defibrillatoren?SERVICE=WFS&REQUEST=GetCapabilities: HTTPSConnectionPool(host='services.geo.zg.ch', port=443): Max retries exceeded with url: /ows/defibrillatoren?SERVICE=WFS&REQUEST=GetCapabilities (Caused by SSLError(SSLZeroReturnError(6, 'TLS/SSL connection has been closed (EOF) (_ssl.c:1147)')))
2025-11-30 05:38:59,902 - Scraping log - scraper.py >         <module>(): Line 759 - WARNING - Scraping KT_ZG > https://services.geo.zg.ch/ows/defibrillatoren?SERVICE=WFS&REQUEST=GetCapabilities aborted
2025-11-30 05:38:59,902 - Scraping log - scraper.py >         <module>(): Line 751 - INFO - Running default scraper on KT_ZG > https://services.geo.zg.ch/ows/geologisches_aufschlussarchiv?SERVICE=WFS&REQUEST=GetCapabilities (source 571/1467)
2025-11-30 05:39:00,098 - Scraping log - scraper.py >        is_online(): Line 181 - INFO - KT_ZG https://services.geo.zg.ch/ows/geologisches_aufschlussarchiv?SERVICE=WFS&REQUEST=GetCapabilities: HTTPSConnectionPool(host='services.geo.zg.ch', port=443): Max retries exceeded with url: /ows/geologisches_aufschlussarchiv?SERVICE=WFS&REQUEST=GetCapabilities (Caused by SSLError(SSLZeroReturnError(6, 'TLS/SSL connection has been closed (EOF) (_ssl.c:1147)')))
2025-11-30 05:39:00,098 - Scraping log - scraper.py >         <module>(): Line 759 - WARNING - Scraping KT_ZG > https://services.geo.zg.ch/ows/geologisches_aufschlussarchiv?SERVICE=WFS&REQUEST=GetCapabilities aborted
2025-11-30 05:39:00,098 - Scraping log - scraper.py >         <module>(): Line 751 - INFO - Running default scraper on KT_ZG > https://services.geo.zg.ch/ows/kbs?SERVICE=WFS&REQUEST=GetCapabilities (source 572/1467)
2025-11-30 05:39:00,310 - Scraping log - scraper.py >        is_online(): Line 181 - INFO - KT_ZG https://services.geo.zg.ch/ows/kbs?SERVICE=WFS&REQUEST=GetCapabilities: HTTPSConnectionPool(host='services.geo.zg.ch', port=443): Max retries exceeded with url: /ows/kbs?SERVICE=WFS&REQUEST=GetCapabilities (Caused by SSLError(SSLZeroReturnError(6, 'TLS/SSL connection has been closed (EOF) (_ssl.c:1147)')))
2025-11-30 05:39:00,311 - Scraping log - scraper.py >         <module>(): Line 759 - WARNING - Scraping KT_ZG > https://services.geo.zg.ch/ows/kbs?SERVICE=WFS&REQUEST=GetCapabilities aborted
2025-11-30 05:39:00,311 - Scraping log - scraper.py >         <module>(): Line 751 - INFO - Running default scraper on KT_ZG > https://services.geo.zg.ch/ows/pbv?SERVICE=WFS&REQUEST=GetCapabilities (source 573/1467)
2025-11-30 05:39:00,510 - Scraping log - scraper.py >        is_online(): Line 181 - INFO - KT_ZG https://services.geo.zg.ch/ows/pbv?SERVICE=WFS&REQUEST=GetCapabilities: HTTPSConnectionPool(host='services.geo.zg.ch', port=443): Max retries exceeded with url: /ows/pbv?SERVICE=WFS&REQUEST=GetCapabilities (Caused by SSLError(SSLZeroReturnError(6, 'TLS/SSL connection has been closed (EOF) (_ssl.c:1147)')))
2025-11-30 05:39:00,510 - Scraping log - scraper.py >         <module>(): Line 759 - WARNING - Scraping KT_ZG > https://services.geo.zg.ch/ows/pbv?SERVICE=WFS&REQUEST=GetCapabilities aborted
2025-11-30 05:39:00,510 - Scraping log - scraper.py >         <module>(): Line 751 - INFO - Running default scraper on KT_ZG > https://services.geo.zg.ch/ows/stand_der_erschliessung?SERVICE=WFS&REQUEST=GetCapabilities (source 574/1467)
2025-11-30 05:39:00,709 - Scraping log - scraper.py >        is_online(): Line 181 - INFO - KT_ZG https://services.geo.zg.ch/ows/stand_der_erschliessung?SERVICE=WFS&REQUEST=GetCapabilities: HTTPSConnectionPool(host='services.geo.zg.ch', port=443): Max retries exceeded with url: /ows/stand_der_erschliessung?SERVICE=WFS&REQUEST=GetCapabilities (Caused by SSLError(SSLZeroReturnError(6, 'TLS/SSL connection has been closed (EOF) (_ssl.c:1147)')))
2025-11-30 05:39:00,710 - Scraping log - scraper.py >         <module>(): Line 759 - WARNING - Scraping KT_ZG > https://services.geo.zg.ch/ows/stand_der_erschliessung?SERVICE=WFS&REQUEST=GetCapabilities aborted
2025-11-30 05:39:00,710 - Scraping log - scraper.py >         <module>(): Line 751 - INFO - Running default scraper on KT_ZG > https://services.geo.zg.ch/tc/wmts/1.0.0/WMTSCapabilities.xml (source 575/1467)
2025-11-30 05:39:00,914 - Scraping log - scraper.py >        is_online(): Line 181 - INFO - KT_ZG https://services.geo.zg.ch/tc/wmts/1.0.0/WMTSCapabilities.xml: HTTPSConnectionPool(host='services.geo.zg.ch', port=443): Max retries exceeded with url: /tc/wmts/1.0.0/WMTSCapabilities.xml (Caused by SSLError(SSLZeroReturnError(6, 'TLS/SSL connection has been closed (EOF) (_ssl.c:1147)')))
2025-11-30 05:39:00,915 - Scraping log - scraper.py >         <module>(): Line 759 - WARNING - Scraping KT_ZG > https://services.geo.zg.ch/tc/wmts/1.0.0/WMTSCapabilities.xml aborted
2025-11-30 05:39:00,915 - Scraping log - scraper.py >         <module>(): Line 751 - INFO - Running default scraper on KT_ZH > https://wms.zh.ch/ArchWMS?service=WMS&request=GetCapabilities (source 576/1467)
2025-11-30 05:39:04,289 - Scraping log - scraper.py >         <module>(): Line 751 - INFO - Running default scraper on KT_ZH > https://wms.zh.ch/TbaBaustellenZHWMS?service=WMS&request=GetCapabilities (source 577/1467)
2025-11-30 05:39:06,904 - Scraping log - scraper.py >         <module>(): Line 751 - INFO - Running default scraper on KT_ZH > https://wms.zh.ch/TBAAnlagenZHWMS?service=WMS&request=GetCapabilities (source 578/1467)
2025-11-30 05:39:09,222 - Scraping log - scraper.py >         <module>(): Line 751 - INFO - Running default scraper on KT_ZH > https://wms.zh.ch/DenkmalschutzWMS?service=WMS&request=GetCapabilities (source 579/1467)
2025-11-30 05:39:11,975 - Scraping log - scraper.py >         <module>(): Line 751 - INFO - Running default scraper on KT_ZH > https://wms.zh.ch/HaltestellenZHWMS?service=WMS&request=GetCapabilities (source 580/1467)
2025-11-30 05:39:15,199 - Scraping log - scraper.py >         <module>(): Line 751 - INFO - Running default scraper on KT_ZH > https://wms.zh.ch/WaldWNBZHWMS?service=WMS&request=GetCapabilities (source 581/1467)
2025-11-30 05:39:18,624 - Scraping log - scraper.py >         <module>(): Line 751 - INFO - Running default scraper on KT_ZH > https://wms.zh.ch/OrtsbildschutzZHWMS?service=WMS&request=GetCapabilities (source 582/1467)
2025-11-30 05:39:27,286 - Scraping log - scraper.py >         <module>(): Line 751 - INFO - Running default scraper on KT_ZH > https://wms.zh.ch/FnsLRKZHWMS?service=WMS&request=GetCapabilities (source 583/1467)
2025-11-30 05:39:38,675 - Scraping log - scraper.py >         <module>(): Line 751 - INFO - Running default scraper on KT_ZH > https://wms.zh.ch/WaldSWZHWMS?service=WMS&request=GetCapabilities (source 584/1467)
2025-11-30 05:39:44,394 - Scraping log - scraper.py >         <module>(): Line 751 - INFO - Running default scraper on KT_ZH > https://wms.zh.ch/TBAStr3ZHWMS?service=WMS&request=GetCapabilities (source 585/1467)
2025-11-30 05:39:47,181 - Scraping log - scraper.py >         <module>(): Line 751 - INFO - Running default scraper on KT_ZH > https://wms.zh.ch/TBAStr2ZHWMS?service=WMS&request=GetCapabilities (source 586/1467)
2025-11-30 05:39:49,628 - Scraping log - scraper.py >         <module>(): Line 751 - INFO - Running default scraper on KT_ZH > https://wms.zh.ch/TBAStr1ZHWMS?service=WMS&request=GetCapabilities (source 587/1467)
2025-11-30 05:39:52,525 - Scraping log - scraper.py >         <module>(): Line 751 - INFO - Running default scraper on KT_ZH > https://wms.zh.ch/ZVVZHWMS?service=WMS&request=GetCapabilities (source 588/1467)
2025-11-30 05:39:55,271 - Scraping log - scraper.py >         <module>(): Line 751 - INFO - Running default scraper on KT_ZH > https://wms.zh.ch/AFVTempo30ZHWMS?service=WMS&request=GetCapabilities (source 589/1467)
2025-11-30 05:39:57,921 - Scraping log - scraper.py >         <module>(): Line 751 - INFO - Running default scraper on KT_ZH > https://wms.zh.ch/WaldVKWMS?service=WMS&request=GetCapabilities (source 590/1467)
2025-11-30 05:40:00,194 - Scraping log - scraper.py >         <module>(): Line 751 - INFO - Running default scraper on KT_ZH > https://wms.zh.ch/VeloinfrastrukturZHWMS?service=WMS&request=GetCapabilities (source 591/1467)
2025-11-30 05:40:02,871 - Scraping log - scraper.py >         <module>(): Line 751 - INFO - Running default scraper on KT_ZH > https://wms.zh.ch/VelonetzZHWMS?service=WMS&request=GetCapabilities (source 592/1467)
2025-11-30 05:40:06,509 - Scraping log - scraper.py >         <module>(): Line 751 - INFO - Running default scraper on KT_ZH > https://wms.zh.ch/VeloparkieranlagenZHWMS?service=WMS&request=GetCapabilities (source 593/1467)
2025-11-30 05:40:07,614 - Scraping log - scraper.py >      get_version(): Line 113 - WARNING - https://wms.zh.ch/VeloparkieranlagenZHWMS?service=WMS&request=GetCapabilities: Version attribute not found
2025-11-30 05:40:07,614 - Scraping log - scraper.py > get_service_info(): Line 378 - ERROR - KT_ZH > https://wms.zh.ch/VeloparkieranlagenZHWMS?service=WMS&request=GetCapabilities: expected string or bytes-like object
2025-11-30 05:40:07,614 - Scraping log - scraper.py >         <module>(): Line 751 - INFO - Running default scraper on KT_ZH > https://wms.zh.ch/TBAVMSZHWMS?service=WMS&request=GetCapabilities (source 594/1467)
2025-11-30 05:40:10,268 - Scraping log - scraper.py >         <module>(): Line 751 - INFO - Running default scraper on KT_ZH > https://wms.zh.ch/WaldarealZHWMS?service=WMS&request=GetCapabilities (source 595/1467)
2025-11-30 05:40:13,200 - Scraping log - scraper.py >         <module>(): Line 751 - INFO - Running default scraper on KT_ZH > https://wms.zh.ch/WildkarteZHWMS?service=WMS&request=GetCapabilities (source 596/1467)
2025-11-30 05:40:15,840 - Scraping log - scraper.py >         <module>(): Line 751 - INFO - Running default scraper on KT_ZH > https://wms.zh.ch/FnsLWZHWMS?service=WMS&request=GetCapabilities (source 597/1467)
2025-11-30 05:40:22,253 - Scraping log - scraper.py >         <module>(): Line 751 - INFO - Running default scraper on KT_ZH > https://wms.zh.ch/FNSOEQVZHWMS?service=WMS&request=GetCapabilities (source 598/1467)
2025-11-30 05:40:28,841 - Scraping log - scraper.py >         <module>(): Line 751 - INFO - Running default scraper on KT_ZH > https://wms.zh.ch/FNSLRPZHWMS?service=WMS&request=GetCapabilities (source 599/1467)
2025-11-30 05:40:34,258 - Scraping log - scraper.py >         <module>(): Line 751 - INFO - Running default scraper on KT_ZH > https://wms.zh.ch/FnsSVOZHWMS?service=WMS&request=GetCapabilities (source 600/1467)
2025-11-30 05:40:35,142 - Scraping log - scraper.py >      get_version(): Line 113 - WARNING - https://wms.zh.ch/FnsSVOZHWMS?service=WMS&request=GetCapabilities: Version attribute not found
2025-11-30 05:40:35,143 - Scraping log - scraper.py > get_service_info(): Line 378 - ERROR - KT_ZH > https://wms.zh.ch/FnsSVOZHWMS?service=WMS&request=GetCapabilities: expected string or bytes-like object
2025-11-30 05:40:35,143 - Scraping log - scraper.py >         <module>(): Line 751 - INFO - Running default scraper on KT_ZH > https://wms.zh.ch/FnsInvZHWMS?service=WMS&request=GetCapabilities (source 601/1467)
2025-11-30 05:40:39,648 - Scraping log - scraper.py >         <module>(): Line 751 - INFO - Running default scraper on KT_ZH > https://wms.zh.ch/kkgeo_gws_zh?service=WMS&request=GetCapabilities (source 602/1467)
2025-11-30 05:40:40,532 - Scraping log - scraper.py >      get_version(): Line 113 - WARNING - https://wms.zh.ch/kkgeo_gws_zh?service=WMS&request=GetCapabilities: Version attribute not found
2025-11-30 05:40:40,532 - Scraping log - scraper.py > get_service_info(): Line 378 - ERROR - KT_ZH > https://wms.zh.ch/kkgeo_gws_zh?service=WMS&request=GetCapabilities: expected string or bytes-like object
2025-11-30 05:40:40,532 - Scraping log - scraper.py >         <module>(): Line 751 - INFO - Running default scraper on KT_ZH > https://wms.zh.ch/OGDFuJ2ZH?service=WMS&request=GetCapabilities (source 603/1467)
2025-11-30 05:40:41,438 - Scraping log - scraper.py >      get_version(): Line 113 - WARNING - https://wms.zh.ch/OGDFuJ2ZH?service=WMS&request=GetCapabilities: Version attribute not found
2025-11-30 05:40:41,438 - Scraping log - scraper.py > get_service_info(): Line 378 - ERROR - KT_ZH > https://wms.zh.ch/OGDFuJ2ZH?service=WMS&request=GetCapabilities: expected string or bytes-like object
2025-11-30 05:40:41,438 - Scraping log - scraper.py >         <module>(): Line 751 - INFO - Running default scraper on KT_ZH > https://wms.zh.ch/OGDAVswZH?service=WMS&request=GetCapabilities (source 604/1467)
2025-11-30 05:40:53,150 - Scraping log - scraper.py >         <module>(): Line 751 - INFO - Running default scraper on KT_ZH > https://wms.zh.ch/OerebKatasterZHWMS?service=WMS&request=GetCapabilities (source 605/1467)
2025-11-30 05:41:14,104 - Scraping log - scraper.py >         <module>(): Line 751 - INFO - Running default scraper on KT_ZH > https://wms.zh.ch/upwms?service=WMS&request=GetCapabilities (source 606/1467)
2025-11-30 05:41:16,602 - Scraping log - scraper.py >         <module>(): Line 751 - INFO - Running default scraper on KT_ZH > https://wms.zh.ch/OGDAwelFliessZH?service=WMS&request=GetCapabilities (source 607/1467)
2025-11-30 05:41:20,276 - Scraping log - scraper.py >         <module>(): Line 751 - INFO - Running default scraper on KT_ZH > https://wms.zh.ch/AwelWBRevitZHWMS?service=WMS&request=GetCapabilities (source 608/1467)
2025-11-30 05:41:23,323 - Scraping log - scraper.py >         <module>(): Line 751 - INFO - Running default scraper on KT_ZH > https://wms.zh.ch/OGDAVfarbigZH?service=WMS&request=GetCapabilities (source 609/1467)
2025-11-30 05:41:34,884 - Scraping log - scraper.py >         <module>(): Line 751 - INFO - Running default scraper on KT_ZH > https://wms.zh.ch/AwelGKHWsynoptischWMS?service=WMS&request=GetCapabilities (source 610/1467)
2025-11-30 05:41:38,369 - Scraping log - scraper.py >         <module>(): Line 751 - INFO - Running default scraper on KT_ZH > https://wms.zh.ch/OGDAwelHydroStatZH?service=WMS&request=GetCapabilities (source 611/1467)
2025-11-30 05:41:44,196 - Scraping log - scraper.py >         <module>(): Line 751 - INFO - Running default scraper on KT_ZH > https://wms.zh.ch/OGDWaldWEPZH?service=WMS&request=GetCapabilities (source 612/1467)
2025-11-30 05:41:49,914 - Scraping log - scraper.py >         <module>(): Line 751 - INFO - Running default scraper on KT_ZH > https://wms.zh.ch/AwelGSWaermewwwZHWMS?SERVICE=WMS&Request=GetCapabilities (source 613/1467)
2025-11-30 05:41:59,179 - Scraping log - scraper.py >         <module>(): Line 751 - INFO - Running default scraper on KT_ZH > https://wms.zh.ch/AwelGrundWaMWZHWMS?service=WMS&request=GetCapabilities (source 614/1467)
2025-11-30 05:42:06,056 - Scraping log - scraper.py >         <module>(): Line 751 - INFO - Running default scraper on KT_ZH > https://wms.zh.ch/AwelWBhauptZHWMS?service=WMS&request=GetCapabilities (source 615/1467)
2025-11-30 05:42:06,539 - Scraping log - scraper.py >         <module>(): Line 759 - WARNING - Scraping KT_ZH > https://wms.zh.ch/AwelWBhauptZHWMS?service=WMS&request=GetCapabilities aborted
2025-11-30 05:42:06,539 - Scraping log - scraper.py >         <module>(): Line 751 - INFO - Running default scraper on KT_ZH > https://wms.zh.ch/OGDAdminZH?service=WMS&request=GetCapabilities (source 616/1467)
2025-11-30 05:42:13,418 - Scraping log - scraper.py >         <module>(): Line 751 - INFO - Running default scraper on KT_ZH > https://wms.zh.ch/OGDStatGebAlterZH?service=WMS&request=GetCapabilities (source 617/1467)
2025-11-30 05:42:22,545 - Scraping log - scraper.py >         <module>(): Line 751 - INFO - Running default scraper on KT_ZH > https://wms.zh.ch/OGDBoKaZH?service=WMS&request=GetCapabilities (source 618/1467)
2025-11-30 05:42:31,126 - Scraping log - scraper.py >         <module>(): Line 751 - INFO - Running default scraper on KT_ZH > https://wms.zh.ch/OGDAla4wwwZH?service=WMS&request=GetCapabilities (source 619/1467)
2025-11-30 05:42:41,181 - Scraping log - scraper.py >         <module>(): Line 751 - INFO - Running default scraper on KT_ZH > https://wms.zh.ch/avwms?service=WMS&request=GetCapabilities (source 620/1467)
2025-11-30 05:43:02,098 - Scraping log - scraper.py >         <module>(): Line 751 - INFO - Running default scraper on KT_ZH > https://wms.zh.ch/OGDOrthoZH?service=WMS&request=GetCapabilities (source 621/1467)
2025-11-30 05:43:13,034 - Scraping log - scraper.py >         <module>(): Line 751 - INFO - Running default scraper on KT_ZH > https://wms.zh.ch/FnsSchutzanordnungenZHWMS?service=WMS&request=GetCapabilities (source 622/1467)
2025-11-30 05:43:19,845 - Scraping log - scraper.py >         <module>(): Line 751 - INFO - Running default scraper on KT_ZH > https://wms.zh.ch/FaBoFFFZHWMS?service=WMS&request=GetCapabilities (source 623/1467)
2025-11-30 05:43:23,192 - Scraping log - scraper.py >         <module>(): Line 751 - INFO - Running default scraper on KT_ZH > https://wms.zh.ch/AwelWindpotenzialZHWMS?service=WMS&request=GetCapabilities (source 624/1467)
2025-11-30 05:43:24,092 - Scraping log - scraper.py >      get_version(): Line 113 - WARNING - https://wms.zh.ch/AwelWindpotenzialZHWMS?service=WMS&request=GetCapabilities: Version attribute not found
2025-11-30 05:43:24,092 - Scraping log - scraper.py > get_service_info(): Line 378 - ERROR - KT_ZH > https://wms.zh.ch/AwelWindpotenzialZHWMS?service=WMS&request=GetCapabilities: expected string or bytes-like object
2025-11-30 05:43:24,092 - Scraping log - scraper.py >         <module>(): Line 751 - INFO - Running default scraper on KT_ZH > https://wms.zh.ch/uplayerwms?service=WMS&request=GetCapabilities (source 625/1467)
2025-11-30 05:43:36,283 - Scraping log - scraper.py >         <module>(): Line 751 - INFO - Running default scraper on KT_ZH > https://wms.zh.ch/TBAInnerAusserortsZHWMS?service=WMS&request=GetCapabilities (source 626/1467)
2025-11-30 05:43:38,910 - Scraping log - scraper.py >         <module>(): Line 751 - INFO - Running default scraper on KT_ZH > https://wms.zh.ch/OGDAwelLHKlimaPlanhinweisZH?service=WMS&request=GetCapabilities (source 627/1467)
2025-11-30 05:43:50,647 - Scraping log - scraper.py > get_service_info(): Line 319 - ERROR - OGDAwelLHKlimaPlanhinweisZH: HTTPSConnectionPool(host='wms.zh.ch', port=443): Read timed out. (read timeout=10)
2025-11-30 05:43:52,449 - Scraping log - scraper.py >         <module>(): Line 751 - INFO - Running default scraper on KT_ZH > https://wms.zh.ch/OGDARPStandZH?service=WMS&request=GetCapabilities (source 628/1467)
2025-11-30 05:43:58,052 - Scraping log - scraper.py >         <module>(): Line 751 - INFO - Running default scraper on KT_ZH > https://wms.zh.ch/FnsPflegeZHWMS?service=WMS&request=GetCapabilities (source 629/1467)
2025-11-30 05:44:05,175 - Scraping log - scraper.py >         <module>(): Line 751 - INFO - Running default scraper on KT_ZH > https://wms.zh.ch/OGDAwelLHKlimaanalyseZH?service=WMS&request=GetCapabilities (source 630/1467)
2025-11-30 05:44:06,191 - Scraping log - scraper.py >      get_version(): Line 113 - WARNING - https://wms.zh.ch/OGDAwelLHKlimaanalyseZH?service=WMS&request=GetCapabilities: Version attribute not found
2025-11-30 05:44:06,191 - Scraping log - scraper.py > get_service_info(): Line 378 - ERROR - KT_ZH > https://wms.zh.ch/OGDAwelLHKlimaanalyseZH?service=WMS&request=GetCapabilities: expected string or bytes-like object
2025-11-30 05:44:06,191 - Scraping log - scraper.py >         <module>(): Line 751 - INFO - Running default scraper on KT_ZH > https://wms.zh.ch/HistGewKarteZHWMS?service=WMS&request=GetCapabilities (source 631/1467)
2025-11-30 05:44:08,958 - Scraping log - scraper.py >         <module>(): Line 751 - INFO - Running default scraper on KT_ZH > https://wms.zh.ch/OGDARPOerebZH?service=WMS&request=GetCapabilities (source 632/1467)
2025-11-30 05:44:17,228 - Scraping log - scraper.py >         <module>(): Line 751 - INFO - Running default scraper on KT_ZH > https://wms.zh.ch/OGDCMS3ZH?service=WMS&request=GetCapabilities (source 633/1467)
2025-11-30 05:44:21,671 - Scraping log - scraper.py >         <module>(): Line 751 - INFO - Running default scraper on KT_ZH > https://wms.zh.ch/OGDFaboAnthroposolZH?service=WMS&request=GetCapabilities (source 634/1467)
2025-11-30 05:44:28,497 - Scraping log - scraper.py >         <module>(): Line 751 - INFO - Running default scraper on KT_ZH > https://wms.zh.ch/OGDAlnJagdreviereZH?service=WMS&request=GetCapabilities (source 635/1467)
2025-11-30 05:44:33,649 - Scraping log - scraper.py >         <module>(): Line 751 - INFO - Running default scraper on KT_ZH > https://wms.zh.ch/TBA9ZHWMS?service=WMS&request=GetCapabilities (source 636/1467)
2025-11-30 05:44:36,345 - Scraping log - scraper.py >         <module>(): Line 751 - INFO - Running default scraper on KT_ZH > https://wms.zh.ch/AwelWBZustZHWMS?service=WMS&request=GetCapabilities (source 637/1467)
2025-11-30 05:44:42,524 - Scraping log - scraper.py >         <module>(): Line 751 - INFO - Running default scraper on KT_ZH > https://wms.zh.ch/TBAStrassenlaermZHWMS?service=WMS&request=GetCapabilities (source 638/1467)
2025-11-30 05:44:45,246 - Scraping log - scraper.py >         <module>(): Line 751 - INFO - Running default scraper on KT_ZH > https://wms.zh.ch/OGDOrtho81ZH?service=WMS&request=GetCapabilities (source 639/1467)
2025-11-30 05:44:48,249 - Scraping log - scraper.py >         <module>(): Line 751 - INFO - Running default scraper on KT_ZH > https://wms.zh.ch/AwelGKHWwassertiefen1WMS?service=WMS&request=GetCapabilities (source 640/1467)
2025-11-30 05:44:51,773 - Scraping log - scraper.py >         <module>(): Line 751 - INFO - Running default scraper on KT_ZH > https://wms.zh.ch/OGDLidarZH?service=WMS&request=GetCapabilities (source 641/1467)
2025-11-30 05:45:03,619 - Scraping log - scraper.py > get_service_info(): Line 319 - ERROR - OGDLidarZH: HTTPSConnectionPool(host='wms.zh.ch', port=443): Read timed out. (read timeout=10)
2025-11-30 05:45:06,776 - Scraping log - scraper.py >         <module>(): Line 751 - INFO - Running default scraper on KT_ZH > https://wms.zh.ch/OGDAwelOekoMorphwwwZH?service=WMS&request=GetCapabilities (source 642/1467)
2025-11-30 05:45:13,334 - Scraping log - scraper.py >         <module>(): Line 751 - INFO - Running default scraper on KT_ZH > https://wms.zh.ch/AwelStromnetzZHWMS?service=WMS&request=GetCapabilities (source 643/1467)
2025-11-30 05:45:15,937 - Scraping log - scraper.py >         <module>(): Line 751 - INFO - Running default scraper on KT_ZH > https://wms.zh.ch/AwelWBwwwZHWMS?service=WMS&request=GetCapabilities (source 644/1467)
2025-11-30 05:45:16,900 - Scraping log - scraper.py >      get_version(): Line 113 - WARNING - https://wms.zh.ch/AwelWBwwwZHWMS?service=WMS&request=GetCapabilities: Version attribute not found
2025-11-30 05:45:16,900 - Scraping log - scraper.py > get_service_info(): Line 378 - ERROR - KT_ZH > https://wms.zh.ch/AwelWBwwwZHWMS?service=WMS&request=GetCapabilities: expected string or bytes-like object
2025-11-30 05:45:16,900 - Scraping log - scraper.py >         <module>(): Line 751 - INFO - Running default scraper on KT_ZH > https://wms.zh.ch/OGDWaldWEP2ZH?service=WMS&request=GetCapabilities (source 645/1467)
2025-11-30 05:45:23,072 - Scraping log - scraper.py >         <module>(): Line 751 - INFO - Running default scraper on KT_ZH > https://wms.zh.ch/OGDFuJRevZH?service=WMS&request=GetCapabilities (source 646/1467)
2025-11-30 05:45:27,480 - Scraping log - scraper.py >         <module>(): Line 751 - INFO - Running default scraper on KT_ZH > https://wms.zh.ch/OGDArchDenkmalZH?service=WMS&request=GetCapabilities (source 647/1467)
2025-11-30 05:45:34,037 - Scraping log - scraper.py >         <module>(): Line 751 - INFO - Running default scraper on KT_ZH > https://wms.zh.ch/AWELWWgwsZHWMS?service=WMS&request=GetCapabilities (source 648/1467)
2025-11-30 05:45:40,334 - Scraping log - scraper.py >         <module>(): Line 751 - INFO - Running default scraper on KT_ZH > https://wms.zh.ch/OGDAwelWBwwwZH?service=WMS&request=GetCapabilities (source 649/1467)
2025-11-30 05:45:48,641 - Scraping log - scraper.py >         <module>(): Line 751 - INFO - Running default scraper on KT_ZH > https://wms.zh.ch/OGDAwelWbAbflussZH?service=WMS&request=GetCapabilities (source 650/1467)
2025-11-30 05:45:57,275 - Scraping log - scraper.py >         <module>(): Line 751 - INFO - Running default scraper on KT_ZH > https://wms.zh.ch/AwelGrundWaHWZHWMS?service=WMS&request=GetCapabilities (source 651/1467)
2025-11-30 05:46:04,516 - Scraping log - scraper.py >         <module>(): Line 751 - INFO - Running default scraper on KT_ZH > https://wms.zh.ch/AwelWbAbflussZHWMS?service=WMS&request=GetCapabilities (source 652/1467)
2025-11-30 05:46:12,567 - Scraping log - scraper.py >         <module>(): Line 751 - INFO - Running default scraper on KT_ZH > https://wms.zh.ch/AwelGKHWwassertiefen2WMS?service=WMS&request=GetCapabilities (source 653/1467)
2025-11-30 05:46:15,566 - Scraping log - scraper.py >         <module>(): Line 751 - INFO - Running default scraper on KT_ZH > https://wms.zh.ch/TBAGeschZHWMS?service=WMS&request=GetCapabilities (source 654/1467)
2025-11-30 05:46:17,958 - Scraping log - scraper.py >         <module>(): Line 751 - INFO - Running default scraper on KT_ZH > https://wms.zh.ch/ImmissionenZHWMS?service=WMS&request=GetCapabilities (source 655/1467)
2025-11-30 05:46:22,016 - Scraping log - scraper.py >         <module>(): Line 751 - INFO - Running default scraper on KT_ZH > https://wms.zh.ch/AwelSBKwwwZHWMS?service=WMS&request=GetCapabilities (source 656/1467)
2025-11-30 05:46:25,512 - Scraping log - scraper.py >         <module>(): Line 751 - INFO - Running default scraper on KT_ZH > https://wms.zh.ch/OGDAwelOberAbflussZH?service=WMS&request=GetCapabilities (source 657/1467)
2025-11-30 05:46:37,329 - Scraping log - scraper.py >         <module>(): Line 751 - INFO - Running default scraper on KT_ZH > https://wms.zh.ch/OrthoZHWMS?service=WMS&request=GetCapabilities (source 658/1467)
2025-11-30 05:46:48,449 - Scraping log - scraper.py >         <module>(): Line 751 - INFO - Running default scraper on KT_ZH > https://wms.zh.ch/AwelGKHWmassenbewegungWMS?service=WMS&request=GetCapabilities (source 659/1467)
2025-11-30 05:46:51,610 - Scraping log - scraper.py >         <module>(): Line 751 - INFO - Running default scraper on KT_ZH > https://wms.zh.ch/AwelEnergieplanZHWMS?service=WMS&request=GetCapabilities (source 660/1467)
2025-11-30 05:46:55,684 - Scraping log - scraper.py >         <module>(): Line 751 - INFO - Running default scraper on KT_ZH > https://wms.zh.ch/OGDAwelLHKlimaszenarienZH?service=WMS&request=GetCapabilities (source 661/1467)
2025-11-30 05:47:02,350 - Scraping log - scraper.py >         <module>(): Line 751 - INFO - Running default scraper on KT_ZH > https://wms.zh.ch/OGDNEKZH?service=WMS&request=GetCapabilities (source 662/1467)
2025-11-30 05:47:14,528 - Scraping log - scraper.py >         <module>(): Line 751 - INFO - Running default scraper on KT_ZH > https://wms.zh.ch/AwelGEBVOLZHWMS?service=WMS&request=GetCapabilities (source 663/1467)
2025-11-30 05:47:17,215 - Scraping log - scraper.py >         <module>(): Line 751 - INFO - Running default scraper on KT_ZH > https://wms.zh.ch/OGDHistLuftZH?service=WMS&request=GetCapabilities (source 664/1467)
2025-11-30 05:47:22,525 - Scraping log - scraper.py >         <module>(): Line 751 - INFO - Running default scraper on KT_ZH > https://wms.zh.ch/OGDWaldWEP3ZH?service=WMS&request=GetCapabilities (source 665/1467)
2025-11-30 05:47:26,652 - Scraping log - scraper.py >         <module>(): Line 751 - INFO - Running default scraper on KT_ZH > https://wms.zh.ch/OGDWildkarteZH?service=WMS&request=GetCapabilities (source 666/1467)
2025-11-30 05:47:30,573 - Scraping log - scraper.py >         <module>(): Line 751 - INFO - Running default scraper on KT_ZH > https://wms.zh.ch/AwelRKHWZHWMS?service=WMS&request=GetCapabilities (source 667/1467)
2025-11-30 05:47:34,076 - Scraping log - scraper.py >         <module>(): Line 751 - INFO - Running default scraper on KT_ZH > https://maps.zh.ch/wfs/OGDZHWFS?service=WFS&request=GetCapabilities (source 668/1467)
2025-11-30 05:49:04,321 - Scraping log - scraper.py >         <module>(): Line 751 - INFO - Running default scraper on KT_ZH > https://maps.zh.ch/wfs/TBAStrassenlaermZHWFS?service=WFS&request=GetCapabilities (source 669/1467)
2025-11-30 05:49:07,797 - Scraping log - scraper.py >         <module>(): Line 751 - INFO - Running default scraper on KT_ZH > https://maps.zh.ch/wfs/TBAStrZHWFS?service=WFS&request=GetCapabilities (source 670/1467)
2025-11-30 05:49:11,118 - Scraping log - scraper.py >         <module>(): Line 751 - INFO - Running default scraper on KT_ZH > https://maps.zh.ch/wfs/TBAGeschZHWFS?service=WFS&request=GetCapabilities (source 671/1467)
2025-11-30 05:49:13,779 - Scraping log - scraper.py >         <module>(): Line 751 - INFO - Running default scraper on KT_ZH > https://maps.zh.ch/wfs/AVZHWFS?service=WFS&request=GetCapabilities (source 672/1467)
2025-11-30 05:49:22,265 - Scraping log - scraper.py >         <module>(): Line 751 - INFO - Running default scraper on KT_ZH > https://maps.zh.ch/wfs/OerebKatasterZHWFS?service=WFS&request=GetCapabilities (source 673/1467)
2025-11-30 05:49:31,562 - Scraping log - scraper.py >         <module>(): Line 751 - INFO - Running default scraper on KT_ZH > https://maps.zh.ch/wfs/DenkmalschutzWFS?service=WFS&request=GetCapabilities (source 674/1467)
2025-11-30 05:49:34,211 - Scraping log - scraper.py >         <module>(): Line 751 - INFO - Running default scraper on KT_ZH > https://maps.zh.ch/wfs/SportanlagenZHWFS?service=WFS&request=GetCapabilities (source 675/1467)
2025-11-30 05:49:36,794 - Scraping log - scraper.py >         <module>(): Line 751 - INFO - Running default scraper on KT_ZH > https://maps.zh.ch/wfs/AwelWbAbflussZHWFS?service=WFS&request=GetCapabilities (source 676/1467)
2025-11-30 05:49:38,135 - Scraping log - scraper.py >      get_version(): Line 113 - WARNING - https://maps.zh.ch/wfs/AwelWbAbflussZHWFS?service=WFS&request=GetCapabilities: Version attribute not found
2025-11-30 05:49:38,136 - Scraping log - scraper.py > get_service_info(): Line 378 - ERROR - KT_ZH > https://maps.zh.ch/wfs/AwelWbAbflussZHWFS?service=WFS&request=GetCapabilities: expected string or bytes-like object
2025-11-30 05:49:38,136 - Scraping log - scraper.py >         <module>(): Line 751 - INFO - Running default scraper on KT_ZH > https://maps.zh.ch/wfs/VeloinfrastrukturZHWFS?service=WFS&request=GetCapabilities (source 677/1467)
2025-11-30 05:49:40,983 - Scraping log - scraper.py >         <module>(): Line 751 - INFO - Running default scraper on KT_ZH > https://maps.zh.ch/wfs/TBAWFS?service=WFS&request=GetCapabilities (source 678/1467)
2025-11-30 05:49:43,462 - Scraping log - scraper.py >         <module>(): Line 751 - INFO - Running default scraper on KT_ZH > https://maps.zh.ch/wfs/AwelGSWaermewwwZHWFS?service=WFS&request=GetCapabilities (source 679/1467)
2025-11-30 05:49:48,779 - Scraping log - scraper.py >         <module>(): Line 751 - INFO - Running default scraper on KT_ZH > https://maps.zh.ch/wfs/AWELEnergieWFS?service=WFS&request=GetCapabilities (source 680/1467)
2025-11-30 05:49:53,853 - Scraping log - scraper.py >         <module>(): Line 751 - INFO - Running default scraper on KT_ZH > https://maps.zh.ch/wfs/VeloparkieranlagenZHWFS?service=WFS&request=GetCapabilities (source 681/1467)
2025-11-30 05:49:54,756 - Scraping log - scraper.py >      get_version(): Line 113 - WARNING - https://maps.zh.ch/wfs/VeloparkieranlagenZHWFS?service=WFS&request=GetCapabilities: Version attribute not found
2025-11-30 05:49:54,757 - Scraping log - scraper.py > get_service_info(): Line 378 - ERROR - KT_ZH > https://maps.zh.ch/wfs/VeloparkieranlagenZHWFS?service=WFS&request=GetCapabilities: expected string or bytes-like object
2025-11-30 05:49:54,757 - Scraping log - scraper.py >         <module>(): Line 751 - INFO - Running default scraper on KT_ZH > https://maps.zh.ch/wfs/TbaBaustellenZHWFS?service=WFS&request=GetCapabilities (source 682/1467)
2025-11-30 05:49:57,428 - Scraping log - scraper.py >         <module>(): Line 751 - INFO - Running default scraper on KT_ZH > https://maps.zh.ch/wfs/ALNWaldarealZHWFS?service=WFS&request=GetCapabilities (source 683/1467)
2025-11-30 05:49:57,889 - Scraping log - scraper.py >         <module>(): Line 759 - WARNING - Scraping KT_ZH > https://maps.zh.ch/wfs/ALNWaldarealZHWFS?service=WFS&request=GetCapabilities aborted
2025-11-30 05:49:57,889 - Scraping log - scraper.py >         <module>(): Line 751 - INFO - Running default scraper on KT_ZH > https://maps.zh.ch/wfs/GemZHWFS?service=WFS&request=GetCapabilities (source 684/1467)
2025-11-30 05:50:00,726 - Scraping log - scraper.py >         <module>(): Line 751 - INFO - Running default scraper on KT_ZH > https://maps.zh.ch/wfs/AwelWWgwsZHWFS?service=WFS&request=GetCapabilities (source 685/1467)
2025-11-30 05:50:06,123 - Scraping log - scraper.py >         <module>(): Line 751 - INFO - Running default scraper on KT_ZH > https://maps.zh.ch/wfs/TBAVMSZHWFS?service=WFS&request=GetCapabilities (source 686/1467)
2025-11-30 05:50:08,685 - Scraping log - scraper.py >         <module>(): Line 751 - INFO - Running default scraper on KT_ZH > https://maps.zh.ch/wfs/AwelGrundWaMWZHWFS?service=WFS&request=GetCapabilities (source 687/1467)
2025-11-30 05:50:16,226 - Scraping log - scraper.py >         <module>(): Line 751 - INFO - Running default scraper on KT_ZH > https://maps.zh.ch/wfs/AwelGrundWaHWZHWFS?service=WFS&request=GetCapabilities (source 688/1467)
2025-11-30 05:50:23,362 - Scraping log - scraper.py >         <module>(): Line 751 - INFO - Running default scraper on KT_ZH > https://maps.zh.ch/wfs/HaltestellenZHWFS?service=WFS&request=GetCapabilities (source 689/1467)
2025-11-30 05:50:25,850 - Scraping log - scraper.py >         <module>(): Line 751 - INFO - Running default scraper on KT_ZH > https://maps.zh.ch/wfs/AwelOekomorphZHWFS?service=WFS&request=GetCapabilities (source 690/1467)
2025-11-30 05:50:28,728 - Scraping log - scraper.py >         <module>(): Line 751 - INFO - Running default scraper on KT_ZH > https://maps.zh.ch/wfs/TBAInnerAusserortsZHWFS?service=WFS&request=GetCapabilities (source 691/1467)
2025-11-30 05:50:31,194 - Scraping log - scraper.py >         <module>(): Line 751 - INFO - Running default scraper on KT_ZH > https://maps.zh.ch/wfs/TBA9ZHWFS?service=WFS&request=GetCapabilities (source 692/1467)
2025-11-30 05:50:33,843 - Scraping log - scraper.py >         <module>(): Line 751 - INFO - Running default scraper on KT_ZH > https://maps.zh.ch/wfs/TBAAnlagenZHWFS?service=WFS&request=GetCapabilities (source 693/1467)
2025-11-30 05:50:36,291 - Scraping log - scraper.py >         <module>(): Line 751 - INFO - Running default scraper on ST_ZH > https://www.ogc.stadt-zuerich.ch/mapproxy/wmts/1.0.0/WMTSCapabilities.xml (source 694/1467)
2025-11-30 05:51:01,749 - Scraping log - scraper.py >         <module>(): Line 751 - INFO - Running default scraper on ST_ZH > https://www.ogc.stadt-zuerich.ch/mapproxy/service?SERVICE=WMS&REQUEST=GetCapabilities (source 695/1467)
2025-11-30 05:52:26,918 - Scraping log - scraper.py >         <module>(): Line 751 - INFO - Running default scraper on KT_VD > https://www.ogc.vd.ch/public/services/OGC/wmsVD/Mapserver/WMSServer?SERVICE=WMS&REQUEST=GetCapabilities (source 696/1467)
2025-11-30 05:58:58,650 - Scraping log - scraper.py > get_service_info(): Line 319 - ERROR - vd.perimetre_plan_legalise: HTTPSConnectionPool(host='www.ogc.vd.ch', port=443): Read timed out. (read timeout=10)
2025-11-30 05:59:36,495 - Scraping log - scraper.py >         <module>(): Line 751 - INFO - Running default scraper on KT_FR > https://geo.fr.ch/ags/services/OpenData/Accidents_de_la_circulation_routiere/MapServer/WFSServer?request=GetCapabilities&service=WFS (source 697/1467)
2025-11-30 05:59:41,197 - Scraping log - scraper.py >         <module>(): Line 751 - INFO - Running default scraper on KT_FR > https://geo.fr.ch/ags/services/OpenData/Accroissement_annuel_de_trafic_2015_2020/MapServer/WFSServer?request=GetCapabilities&service=WFS (source 698/1467)
2025-11-30 05:59:44,891 - Scraping log - scraper.py >         <module>(): Line 751 - INFO - Running default scraper on KT_FR > https://geo.fr.ch/ags/services/OpenData/Admissibilite_des_sondes_geothermiques_SGV/MapServer/WFSServer?request=GetCapabilities&service=WFS (source 699/1467)
2025-11-30 05:59:48,442 - Scraping log - scraper.py >         <module>(): Line 751 - INFO - Running default scraper on KT_FR > https://geo.fr.ch/ags/services/OpenData/Adresses_MO_RegBL_par_rue/MapServer/WFSServer?request=GetCapabilities&service=WFS (source 700/1467)
2025-11-30 05:59:52,188 - Scraping log - scraper.py >         <module>(): Line 751 - INFO - Running default scraper on KT_FR > https://geo.fr.ch/ags/services/OpenData/Adresses_MO_RegBL_RegBAFR/MapServer/WFSServer?request=GetCapabilities&service=WFS (source 701/1467)
2025-11-30 05:59:55,611 - Scraping log - scraper.py >         <module>(): Line 751 - INFO - Running default scraper on KT_FR > https://geo.fr.ch/ags/services/OpenData/Adresses_REGBL/MapServer/WFSServer?request=GetCapabilities&service=WFS (source 702/1467)
2025-11-30 05:59:59,221 - Scraping log - scraper.py >         <module>(): Line 751 - INFO - Running default scraper on KT_FR > https://geo.fr.ch/ags/services/OpenData/Affectations_primaires_RDPPF_affectation/MapServer/WFSServer?request=GetCapabilities&service=WFS (source 703/1467)
2025-11-30 06:00:02,327 - Scraping log - scraper.py >         <module>(): Line 751 - INFO - Running default scraper on KT_FR > https://geo.fr.ch/ags/services/OpenData/Amenagements_longitudinaux_plan_sectoriel_velo/MapServer/WFSServer?request=GetCapabilities&service=WFS (source 704/1467)
2025-11-30 06:00:05,299 - Scraping log - scraper.py >         <module>(): Line 751 - INFO - Running default scraper on KT_FR > https://geo.fr.ch/ags/services/OpenData/Amenagements_ponctuels_plan_sectoriel_velo/MapServer/WFSServer?request=GetCapabilities&service=WFS (source 705/1467)
2025-11-30 06:00:08,518 - Scraping log - scraper.py >         <module>(): Line 751 - INFO - Running default scraper on KT_FR > https://geo.fr.ch/ags/services/OpenData/Animation_socioculturelle_communale/MapServer/WFSServer?request=GetCapabilities&service=WFS (source 706/1467)
2025-11-30 06:00:11,673 - Scraping log - scraper.py >         <module>(): Line 751 - INFO - Running default scraper on KT_FR > https://geo.fr.ch/ags/services/OpenData/Animation_socioculturelle_regionale/MapServer/WFSServer?request=GetCapabilities&service=WFS (source 707/1467)
2025-11-30 06:00:15,128 - Scraping log - scraper.py >         <module>(): Line 751 - INFO - Running default scraper on KT_FR > https://geo.fr.ch/ags/services/OpenData/AOP_Emmental/MapServer/WFSServer?request=GetCapabilities&service=WFS (source 708/1467)
2025-11-30 06:00:18,481 - Scraping log - scraper.py >         <module>(): Line 751 - INFO - Running default scraper on KT_FR > https://geo.fr.ch/ags/services/OpenData/AOP_Gruyere/MapServer/WFSServer?request=GetCapabilities&service=WFS (source 709/1467)
2025-11-30 06:00:21,747 - Scraping log - scraper.py >         <module>(): Line 751 - INFO - Running default scraper on KT_FR > https://geo.fr.ch/ags/services/OpenData/AOP_Poire_a_botzi/MapServer/WFSServer?request=GetCapabilities&service=WFS (source 710/1467)
2025-11-30 06:00:25,220 - Scraping log - scraper.py >         <module>(): Line 751 - INFO - Running default scraper on KT_FR > https://geo.fr.ch/ags/services/OpenData/AOP_Vacherin_fribourgeois/MapServer/WFSServer?request=GetCapabilities&service=WFS (source 711/1467)
2025-11-30 06:00:28,803 - Scraping log - scraper.py >         <module>(): Line 751 - INFO - Running default scraper on KT_FR > https://geo.fr.ch/ags/services/OpenData/Aptitudes_climatiques/MapServer/WFSServer?request=GetCapabilities&service=WFS (source 712/1467)
2025-11-30 06:00:32,846 - Scraping log - scraper.py >         <module>(): Line 751 - INFO - Running default scraper on KT_FR > https://geo.fr.ch/ags/services/OpenData/Aquiferes_de_l_inventaire_des_eaux_souterraines/MapServer/WFSServer?request=GetCapabilities&service=WFS (source 713/1467)
2025-11-30 06:00:35,993 - Scraping log - scraper.py >         <module>(): Line 751 - INFO - Running default scraper on KT_FR > https://geo.fr.ch/ags/services/OpenData/Arbres_culture/MapServer/WFSServer?request=GetCapabilities&service=WFS (source 714/1467)
2025-11-30 06:00:39,313 - Scraping log - scraper.py >         <module>(): Line 751 - INFO - Running default scraper on KT_FR > https://geo.fr.ch/ags/services/OpenData/Arbres_spectaculaires/MapServer/WFSServer?request=GetCapabilities&service=WFS (source 715/1467)
2025-11-30 06:00:42,643 - Scraping log - scraper.py >         <module>(): Line 751 - INFO - Running default scraper on KT_FR > https://geo.fr.ch/ags/services/OpenData/Arrets_de_transport_public/MapServer/WFSServer?request=GetCapabilities&service=WFS (source 716/1467)
2025-11-30 06:00:46,254 - Scraping log - scraper.py >         <module>(): Line 751 - INFO - Running default scraper on KT_FR > https://geo.fr.ch/ags/services/OpenData/Arrondissements_d_entretien_routes_cantonales/MapServer/WFSServer?request=GetCapabilities&service=WFS (source 717/1467)
2025-11-30 06:00:49,486 - Scraping log - scraper.py >         <module>(): Line 751 - INFO - Running default scraper on KT_FR > https://geo.fr.ch/ags/services/OpenData/Arrondissements_d_inspectorat_ecoles/MapServer/WFSServer?request=GetCapabilities&service=WFS (source 718/1467)
2025-11-30 06:00:52,796 - Scraping log - scraper.py >         <module>(): Line 751 - INFO - Running default scraper on KT_FR > https://geo.fr.ch/ags/services/OpenData/Arrondissements_forestiers/MapServer/WFSServer?request=GetCapabilities&service=WFS (source 719/1467)
2025-11-30 06:00:56,111 - Scraping log - scraper.py >         <module>(): Line 751 - INFO - Running default scraper on KT_FR > https://geo.fr.ch/ags/services/OpenData/Assainissement_de_terrain_drainage/MapServer/WFSServer?request=GetCapabilities&service=WFS (source 720/1467)
2025-11-30 06:00:59,359 - Scraping log - scraper.py >         <module>(): Line 751 - INFO - Running default scraper on KT_FR > https://geo.fr.ch/ags/services/OpenData/Associations_forestieres_remarquables/MapServer/WFSServer?request=GetCapabilities&service=WFS (source 721/1467)
2025-11-30 06:01:02,938 - Scraping log - scraper.py >         <module>(): Line 751 - INFO - Running default scraper on KT_FR > https://geo.fr.ch/ags/services/OpenData/Axes_de_maintenance_SRB/MapServer/WFSServer?request=GetCapabilities&service=WFS (source 722/1467)
2025-11-30 06:01:06,293 - Scraping log - scraper.py >         <module>(): Line 751 - INFO - Running default scraper on KT_FR > https://geo.fr.ch/ags/services/OpenData/Bandes_cyclables_routes_cantonales/MapServer/WFSServer?request=GetCapabilities&service=WFS (source 723/1467)
2025-11-30 06:01:09,812 - Scraping log - scraper.py >         <module>(): Line 751 - INFO - Running default scraper on KT_FR > https://geo.fr.ch/ags/services/OpenData/Bas_marais_d_importance_locale/MapServer/WFSServer?request=GetCapabilities&service=WFS (source 724/1467)
2025-11-30 06:01:13,523 - Scraping log - scraper.py >         <module>(): Line 751 - INFO - Running default scraper on KT_FR > https://geo.fr.ch/ags/services/OpenData/Bas_marais_d_importance_nationale/MapServer/WFSServer?request=GetCapabilities&service=WFS (source 725/1467)
2025-11-30 06:01:16,513 - Scraping log - scraper.py >         <module>(): Line 751 - INFO - Running default scraper on KT_FR > https://geo.fr.ch/ags/services/OpenData/Bas_marais/MapServer/WFSServer?request=GetCapabilities&service=WFS (source 726/1467)
2025-11-30 06:01:16,936 - Scraping log - scraper.py >         <module>(): Line 759 - WARNING - Scraping KT_FR > https://geo.fr.ch/ags/services/OpenData/Bas_marais/MapServer/WFSServer?request=GetCapabilities&service=WFS aborted
2025-11-30 06:01:16,936 - Scraping log - scraper.py >         <module>(): Line 751 - INFO - Running default scraper on KT_FR > https://geo.fr.ch/ags/services/OpenData/Batiments_exposes_aux_dangers_naturels_gravitaires___par_processus/MapServer/WFSServer?request=GetCapabilities&service=WFS (source 727/1467)
2025-11-30 06:01:17,349 - Scraping log - scraper.py >         <module>(): Line 759 - WARNING - Scraping KT_FR > https://geo.fr.ch/ags/services/OpenData/Batiments_exposes_aux_dangers_naturels_gravitaires___par_processus/MapServer/WFSServer?request=GetCapabilities&service=WFS aborted
2025-11-30 06:01:17,350 - Scraping log - scraper.py >         <module>(): Line 751 - INFO - Running default scraper on KT_FR > https://geo.fr.ch/ags/services/OpenData/Batiments_MO_RegBL_par_rue/MapServer/WFSServer?request=GetCapabilities&service=WFS (source 728/1467)
2025-11-30 06:01:20,860 - Scraping log - scraper.py >         <module>(): Line 751 - INFO - Running default scraper on KT_FR > https://geo.fr.ch/ags/services/OpenData/Batiments_MO_RegBL_RegBAFR/MapServer/WFSServer?request=GetCapabilities&service=WFS (source 729/1467)
2025-11-30 06:01:24,081 - Scraping log - scraper.py >         <module>(): Line 751 - INFO - Running default scraper on KT_FR > https://geo.fr.ch/ags/services/OpenData/Batraciens_et_trafic_routier/MapServer/WFSServer?request=GetCapabilities&service=WFS (source 730/1467)
2025-11-30 06:01:24,504 - Scraping log - scraper.py >         <module>(): Line 759 - WARNING - Scraping KT_FR > https://geo.fr.ch/ags/services/OpenData/Batraciens_et_trafic_routier/MapServer/WFSServer?request=GetCapabilities&service=WFS aborted
2025-11-30 06:01:24,504 - Scraping log - scraper.py >         <module>(): Line 751 - INFO - Running default scraper on KT_FR > https://geo.fr.ch/ags/services/OpenData/Belastete_Standorte_Ablagerungsstandorte/MapServer/WFSServer?request=GetCapabilities&service=WFS (source 731/1467)
2025-11-30 06:01:27,713 - Scraping log - scraper.py >         <module>(): Line 751 - INFO - Running default scraper on KT_FR > https://geo.fr.ch/ags/services/OpenData/Belastete_Standorte_Betriebsstandorte/MapServer/WFSServer?request=GetCapabilities&service=WFS (source 732/1467)
2025-11-30 06:01:30,903 - Scraping log - scraper.py >         <module>(): Line 751 - INFO - Running default scraper on KT_FR > https://geo.fr.ch/ags/services/OpenData/Belastete_Standorte_Schiessanlagen/MapServer/WFSServer?request=GetCapabilities&service=WFS (source 733/1467)
2025-11-30 06:01:34,184 - Scraping log - scraper.py >         <module>(): Line 751 - INFO - Running default scraper on KT_FR > https://geo.fr.ch/ags/services/OpenData/Belastete_Standorte_Unfallstandorte/MapServer/WFSServer?request=GetCapabilities&service=WFS (source 734/1467)
2025-11-30 06:01:37,144 - Scraping log - scraper.py >         <module>(): Line 751 - INFO - Running default scraper on KT_FR > https://geo.fr.ch/ags/services/OpenData/Biens_culturels_immeubles_proteges_RBCI_SBC/MapServer/WFSServer?request=GetCapabilities&service=WFS (source 735/1467)
2025-11-30 06:01:40,339 - Scraping log - scraper.py >         <module>(): Line 751 - INFO - Running default scraper on KT_FR > https://geo.fr.ch/ags/services/OpenData/Biens_culturels_immeubles_recenses_RBCI_SBC/MapServer/WFSServer?request=GetCapabilities&service=WFS (source 736/1467)
2025-11-30 06:01:43,781 - Scraping log - scraper.py >         <module>(): Line 751 - INFO - Running default scraper on KT_FR > https://geo.fr.ch/ags/services/OpenData/Blocs_erratiques_d_importance_cantonale_Etude_de_base/MapServer/WFSServer?request=GetCapabilities&service=WFS (source 737/1467)
2025-11-30 06:01:47,042 - Scraping log - scraper.py >         <module>(): Line 751 - INFO - Running default scraper on KT_FR > https://geo.fr.ch/ags/services/OpenData/Bornes_historiques/MapServer/WFSServer?request=GetCapabilities&service=WFS (source 738/1467)
2025-11-30 06:01:50,319 - Scraping log - scraper.py >         <module>(): Line 751 - INFO - Running default scraper on KT_FR > https://geo.fr.ch/ags/services/OpenData/Cadastre_des_evenements_StorMe/MapServer/WFSServer?request=GetCapabilities&service=WFS (source 739/1467)
2025-11-30 06:01:50,839 - Scraping log - scraper.py >         <module>(): Line 759 - WARNING - Scraping KT_FR > https://geo.fr.ch/ags/services/OpenData/Cadastre_des_evenements_StorMe/MapServer/WFSServer?request=GetCapabilities&service=WFS aborted
2025-11-30 06:01:50,840 - Scraping log - scraper.py >         <module>(): Line 751 - INFO - Running default scraper on KT_FR > https://geo.fr.ch/ags/services/OpenData/Cadastre_des_sites_pollues_RDPPF/MapServer/WFSServer?request=GetCapabilities&service=WFS (source 740/1467)
2025-11-30 06:01:54,278 - Scraping log - scraper.py >         <module>(): Line 751 - INFO - Running default scraper on KT_FR > https://geo.fr.ch/ags/services/OpenData/Canton/MapServer/WFSServer?request=GetCapabilities&service=WFS (source 741/1467)
2025-11-30 06:01:57,747 - Scraping log - scraper.py >         <module>(): Line 751 - INFO - Running default scraper on KT_FR > https://geo.fr.ch/ags/services/OpenData/Captages_AquaFri/MapServer/WFSServer?request=GetCapabilities&service=WFS (source 742/1467)
2025-11-30 06:02:01,130 - Scraping log - scraper.py >         <module>(): Line 751 - INFO - Running default scraper on KT_FR > https://geo.fr.ch/ags/services/OpenData/Carte_de_danger___Avalanches/MapServer/WFSServer?request=GetCapabilities&service=WFS (source 743/1467)
2025-11-30 06:02:04,466 - Scraping log - scraper.py >         <module>(): Line 751 - INFO - Running default scraper on KT_FR > https://geo.fr.ch/ags/services/OpenData/Carte_de_danger___Chutes_de_pierres__blocs/MapServer/WFSServer?request=GetCapabilities&service=WFS (source 744/1467)
2025-11-30 06:02:04,888 - Scraping log - scraper.py >         <module>(): Line 759 - WARNING - Scraping KT_FR > https://geo.fr.ch/ags/services/OpenData/Carte_de_danger___Chutes_de_pierres__blocs/MapServer/WFSServer?request=GetCapabilities&service=WFS aborted
2025-11-30 06:02:04,888 - Scraping log - scraper.py >         <module>(): Line 751 - INFO - Running default scraper on KT_FR > https://geo.fr.ch/ags/services/OpenData/Carte_de_danger___Crues/MapServer/WFSServer?request=GetCapabilities&service=WFS (source 745/1467)
2025-11-30 06:02:08,185 - Scraping log - scraper.py >         <module>(): Line 751 - INFO - Running default scraper on KT_FR > https://geo.fr.ch/ags/services/OpenData/Carte_de_danger___Effondrements_de_falaise/MapServer/WFSServer?request=GetCapabilities&service=WFS (source 746/1467)
2025-11-30 06:02:12,165 - Scraping log - scraper.py >         <module>(): Line 751 - INFO - Running default scraper on KT_FR > https://geo.fr.ch/ags/services/OpenData/Carte_de_danger___Glissements_de_terrain/MapServer/WFSServer?request=GetCapabilities&service=WFS (source 747/1467)
2025-11-30 06:02:12,682 - Scraping log - scraper.py >         <module>(): Line 759 - WARNING - Scraping KT_FR > https://geo.fr.ch/ags/services/OpenData/Carte_de_danger___Glissements_de_terrain/MapServer/WFSServer?request=GetCapabilities&service=WFS aborted
2025-11-30 06:02:12,682 - Scraping log - scraper.py >         <module>(): Line 751 - INFO - Running default scraper on KT_FR > https://geo.fr.ch/ags/services/OpenData/Carte_de_danger___Laves_torrentielles/MapServer/WFSServer?request=GetCapabilities&service=WFS (source 748/1467)
2025-11-30 06:02:16,325 - Scraping log - scraper.py >         <module>(): Line 751 - INFO - Running default scraper on KT_FR > https://geo.fr.ch/ags/services/OpenData/Carte_de_protection_des_eaux/MapServer/WFSServer?request=GetCapabilities&service=WFS (source 749/1467)
2025-11-30 06:02:20,644 - Scraping log - scraper.py >         <module>(): Line 751 - INFO - Running default scraper on KT_FR > https://geo.fr.ch/ags/services/OpenData/Carte_des_sols_de_fondation/MapServer/WFSServer?request=GetCapabilities&service=WFS (source 750/1467)
2025-11-30 06:02:24,379 - Scraping log - scraper.py >         <module>(): Line 751 - INFO - Running default scraper on KT_FR > https://geo.fr.ch/ags/services/OpenData/Categorie_de_protection_ISOS/MapServer/WFSServer?request=GetCapabilities&service=WFS (source 751/1467)
2025-11-30 06:02:27,829 - Scraping log - scraper.py >         <module>(): Line 751 - INFO - Running default scraper on KT_FR > https://geo.fr.ch/ags/services/OpenData/Centrales_MCT_AquaFri/MapServer/WFSServer?request=GetCapabilities&service=WFS (source 752/1467)
2025-11-30 06:02:31,296 - Scraping log - scraper.py >         <module>(): Line 751 - INFO - Running default scraper on KT_FR > https://geo.fr.ch/ags/services/OpenData/Centres_d_exploitation_agricole/MapServer/WFSServer?request=GetCapabilities&service=WFS (source 753/1467)
2025-11-30 06:02:34,753 - Scraping log - scraper.py >         <module>(): Line 751 - INFO - Running default scraper on KT_FR > https://geo.fr.ch/ags/services/OpenData/Centres_forestiers/MapServer/WFSServer?request=GetCapabilities&service=WFS (source 754/1467)
2025-11-30 06:02:38,120 - Scraping log - scraper.py >         <module>(): Line 751 - INFO - Running default scraper on KT_FR > https://geo.fr.ch/ags/services/OpenData/Cercles_electoraux_des_anciennes_paroisses_catholiques/MapServer/WFSServer?request=GetCapabilities&service=WFS (source 755/1467)
2025-11-30 06:02:41,364 - Scraping log - scraper.py >         <module>(): Line 751 - INFO - Running default scraper on KT_FR > https://geo.fr.ch/ags/services/OpenData/Cercles_scolaires_primaires_francophones/MapServer/WFSServer?request=GetCapabilities&service=WFS (source 756/1467)
2025-11-30 06:02:44,475 - Scraping log - scraper.py >         <module>(): Line 751 - INFO - Running default scraper on KT_FR > https://geo.fr.ch/ags/services/OpenData/Cercles_scolaires_primaires_germanophones/MapServer/WFSServer?request=GetCapabilities&service=WFS (source 757/1467)
2025-11-30 06:02:47,910 - Scraping log - scraper.py >         <module>(): Line 751 - INFO - Running default scraper on KT_FR > https://geo.fr.ch/ags/services/OpenData/Cercles_scolaires_secondaires_francophones/MapServer/WFSServer?request=GetCapabilities&service=WFS (source 758/1467)
2025-11-30 06:02:51,625 - Scraping log - scraper.py >         <module>(): Line 751 - INFO - Running default scraper on KT_FR > https://geo.fr.ch/ags/services/OpenData/Cercles_scolaires_secondaires_germanophones/MapServer/WFSServer?request=GetCapabilities&service=WFS (source 759/1467)
2025-11-30 06:02:54,752 - Scraping log - scraper.py >         <module>(): Line 751 - INFO - Running default scraper on KT_FR > https://geo.fr.ch/ags/services/OpenData/Chalets_d_alpage_recenses_SBC/MapServer/WFSServer?request=GetCapabilities&service=WFS (source 760/1467)
2025-11-30 06:02:58,120 - Scraping log - scraper.py >         <module>(): Line 751 - INFO - Running default scraper on KT_FR > https://geo.fr.ch/ags/services/OpenData/Chalets_d_alpage_recenses/MapServer/WFSServer?request=GetCapabilities&service=WFS (source 761/1467)
2025-11-30 06:02:58,646 - Scraping log - scraper.py >         <module>(): Line 759 - WARNING - Scraping KT_FR > https://geo.fr.ch/ags/services/OpenData/Chalets_d_alpage_recenses/MapServer/WFSServer?request=GetCapabilities&service=WFS aborted
2025-11-30 06:02:58,646 - Scraping log - scraper.py >         <module>(): Line 751 - INFO - Running default scraper on KT_FR > https://geo.fr.ch/ags/services/OpenData/Chambres_AquaFri/MapServer/WFSServer?request=GetCapabilities&service=WFS (source 762/1467)
2025-11-30 06:03:02,178 - Scraping log - scraper.py >         <module>(): Line 751 - INFO - Running default scraper on KT_FR > https://geo.fr.ch/ags/services/OpenData/Chemins_de_randonnee_pedestre/MapServer/WFSServer?request=GetCapabilities&service=WFS (source 763/1467)
2025-11-30 06:03:05,848 - Scraping log - scraper.py >         <module>(): Line 751 - INFO - Running default scraper on KT_FR > https://geo.fr.ch/ags/services/OpenData/Chroniques_archeologiques/MapServer/WFSServer?request=GetCapabilities&service=WFS (source 764/1467)
2025-11-30 06:03:09,397 - Scraping log - scraper.py >         <module>(): Line 751 - INFO - Running default scraper on KT_FR > https://geo.fr.ch/ags/services/OpenData/Circonscriptions_des_gardes_faune/MapServer/WFSServer?request=GetCapabilities&service=WFS (source 765/1467)
2025-11-30 06:03:13,806 - Scraping log - scraper.py >         <module>(): Line 751 - INFO - Running default scraper on KT_FR > https://geo.fr.ch/ags/services/OpenData/Collecteurs_fonction_canalisations_routes_cantonales/MapServer/WFSServer?request=GetCapabilities&service=WFS (source 766/1467)
2025-11-30 06:03:16,755 - Scraping log - scraper.py >         <module>(): Line 751 - INFO - Running default scraper on KT_FR > https://geo.fr.ch/ags/services/OpenData/Collecteurs_proprietaire_canalisations_routes_cantonales/MapServer/WFSServer?request=GetCapabilities&service=WFS (source 767/1467)
2025-11-30 06:03:19,835 - Scraping log - scraper.py >         <module>(): Line 751 - INFO - Running default scraper on KT_FR > https://geo.fr.ch/ags/services/OpenData/Colonies_de_bouquetins/MapServer/WFSServer?request=GetCapabilities&service=WFS (source 768/1467)
2025-11-30 06:03:24,588 - Scraping log - scraper.py >         <module>(): Line 751 - INFO - Running default scraper on KT_FR > https://geo.fr.ch/ags/services/OpenData/Communes_partenaires_d_easyvote/MapServer/WFSServer?request=GetCapabilities&service=WFS (source 769/1467)
2025-11-30 06:03:28,135 - Scraping log - scraper.py >         <module>(): Line 751 - INFO - Running default scraper on KT_FR > https://geo.fr.ch/ags/services/OpenData/Communes_partenaires_d_engage_ch/MapServer/WFSServer?request=GetCapabilities&service=WFS (source 770/1467)
2025-11-30 06:03:31,470 - Scraping log - scraper.py >         <module>(): Line 751 - INFO - Running default scraper on KT_FR > https://geo.fr.ch/ags/services/OpenData/Communes/MapServer/WFSServer?request=GetCapabilities&service=WFS (source 771/1467)
2025-11-30 06:03:34,809 - Scraping log - scraper.py >         <module>(): Line 751 - INFO - Running default scraper on KT_FR > https://geo.fr.ch/ags/services/OpenData/Conduites_AquaFri/MapServer/WFSServer?request=GetCapabilities&service=WFS (source 772/1467)
2025-11-30 06:03:38,289 - Scraping log - scraper.py >         <module>(): Line 751 - INFO - Running default scraper on KT_FR > https://geo.fr.ch/ags/services/OpenData/Conduites/MapServer/WFSServer?request=GetCapabilities&service=WFS (source 773/1467)
2025-11-30 06:03:41,504 - Scraping log - scraper.py >         <module>(): Line 751 - INFO - Running default scraper on KT_FR > https://geo.fr.ch/ags/services/OpenData/Conseil_d_enfants_ou_de_jeunes_projets_de_participation_politique/MapServer/WFSServer?request=GetCapabilities&service=WFS (source 774/1467)
2025-11-30 06:03:44,876 - Scraping log - scraper.py >         <module>(): Line 751 - INFO - Running default scraper on KT_FR > https://geo.fr.ch/ags/services/OpenData/Contenus_lineaires_RDPPF_affectation/MapServer/WFSServer?request=GetCapabilities&service=WFS (source 775/1467)
2025-11-30 06:03:48,385 - Scraping log - scraper.py >         <module>(): Line 751 - INFO - Running default scraper on KT_FR > https://geo.fr.ch/ags/services/OpenData/Contenus_ponctuels_RDPPF_affectation/MapServer/WFSServer?request=GetCapabilities&service=WFS (source 776/1467)
2025-11-30 06:03:51,823 - Scraping log - scraper.py >         <module>(): Line 751 - INFO - Running default scraper on KT_FR > https://geo.fr.ch/ags/services/OpenData/Contrats_d_exploitation_en_vertu_de_la_loi_sur_la_protection_de_la_nature/MapServer/WFSServer?request=GetCapabilities&service=WFS (source 777/1467)
2025-11-30 06:03:55,523 - Scraping log - scraper.py >         <module>(): Line 751 - INFO - Running default scraper on KT_FR > https://geo.fr.ch/ags/services/OpenData/Corridors_a_faune/MapServer/WFSServer?request=GetCapabilities&service=WFS (source 778/1467)
2025-11-30 06:03:58,824 - Scraping log - scraper.py >         <module>(): Line 751 - INFO - Running default scraper on KT_FR > https://geo.fr.ch/ags/services/OpenData/Couverture_des_places_protegees_dans_le_canton/MapServer/WFSServer?request=GetCapabilities&service=WFS (source 779/1467)
2025-11-30 06:04:02,259 - Scraping log - scraper.py >         <module>(): Line 751 - INFO - Running default scraper on KT_FR > https://geo.fr.ch/ags/services/OpenData/Couverture_du_sol/MapServer/WFSServer?request=GetCapabilities&service=WFS (source 780/1467)
2025-11-30 06:04:06,018 - Scraping log - scraper.py >         <module>(): Line 751 - INFO - Running default scraper on KT_FR > https://geo.fr.ch/ags/services/OpenData/Cultures/MapServer/WFSServer?request=GetCapabilities&service=WFS (source 781/1467)
2025-11-30 06:04:06,447 - Scraping log - scraper.py >         <module>(): Line 759 - WARNING - Scraping KT_FR > https://geo.fr.ch/ags/services/OpenData/Cultures/MapServer/WFSServer?request=GetCapabilities&service=WFS aborted
2025-11-30 06:04:06,447 - Scraping log - scraper.py >         <module>(): Line 751 - INFO - Running default scraper on KT_FR > https://geo.fr.ch/ags/services/OpenData/Decoupage_du_MNS_swissSURFACE3D_Raster_pour_telechargement_par_tuile/MapServer/WFSServer?request=GetCapabilities&service=WFS (source 782/1467)
2025-11-30 06:04:09,759 - Scraping log - scraper.py >         <module>(): Line 751 - INFO - Running default scraper on KT_FR > https://geo.fr.ch/ags/services/OpenData/Decoupage_du_MNT_swissALTI3D_pour_telechargement_par_tuile/MapServer/WFSServer?request=GetCapabilities&service=WFS (source 783/1467)
2025-11-30 06:04:13,194 - Scraping log - scraper.py >         <module>(): Line 751 - INFO - Running default scraper on KT_FR > https://geo.fr.ch/ags/services/OpenData/Decoupage_du_nuage_de_points_classifies_swissSURFACE3D_pour_telechargement_par_tuile/MapServer/WFSServer?request=GetCapabilities&service=WFS (source 784/1467)
2025-11-30 06:04:16,438 - Scraping log - scraper.py >         <module>(): Line 751 - INFO - Running default scraper on KT_FR > https://geo.fr.ch/ags/services/OpenData/Degre_de_sensibilite_au_bruit_dans_les_zones_d_affectation_RDPPF/MapServer/WFSServer?request=GetCapabilities&service=WFS (source 785/1467)
2025-11-30 06:04:19,970 - Scraping log - scraper.py >         <module>(): Line 751 - INFO - Running default scraper on KT_FR > https://geo.fr.ch/ags/services/OpenData/Demandes_de_permis_de_construire_en_traitement/MapServer/WFSServer?request=GetCapabilities&service=WFS (source 786/1467)
2025-11-30 06:04:35,063 - Scraping log - scraper.py >         <module>(): Line 751 - INFO - Running default scraper on KT_FR > https://geo.fr.ch/ags/services/OpenData/Depots_d_entretien_routes_cantonales/MapServer/WFSServer?request=GetCapabilities&service=WFS (source 787/1467)
2025-11-30 06:04:38,448 - Scraping log - scraper.py >         <module>(): Line 751 - INFO - Running default scraper on KT_FR > https://geo.fr.ch/ags/services/OpenData/Disponibilite_cadastre_RDPPF_par_commune/MapServer/WFSServer?request=GetCapabilities&service=WFS (source 788/1467)
2025-11-30 06:04:38,966 - Scraping log - scraper.py >         <module>(): Line 759 - WARNING - Scraping KT_FR > https://geo.fr.ch/ags/services/OpenData/Disponibilite_cadastre_RDPPF_par_commune/MapServer/WFSServer?request=GetCapabilities&service=WFS aborted
2025-11-30 06:04:38,966 - Scraping log - scraper.py >         <module>(): Line 751 - INFO - Running default scraper on KT_FR > https://geo.fr.ch/ags/services/OpenData/Distances_par_rapport_a_la_foret_RDPPF/MapServer/WFSServer?request=GetCapabilities&service=WFS (source 789/1467)
2025-11-30 06:04:42,509 - Scraping log - scraper.py >         <module>(): Line 751 - INFO - Running default scraper on KT_FR > https://geo.fr.ch/ags/services/OpenData/Distances_par_rapport_a_la_foret/MapServer/WFSServer?request=GetCapabilities&service=WFS (source 790/1467)
2025-11-30 06:04:42,929 - Scraping log - scraper.py >         <module>(): Line 759 - WARNING - Scraping KT_FR > https://geo.fr.ch/ags/services/OpenData/Distances_par_rapport_a_la_foret/MapServer/WFSServer?request=GetCapabilities&service=WFS aborted
2025-11-30 06:04:42,929 - Scraping log - scraper.py >         <module>(): Line 751 - INFO - Running default scraper on KT_FR > https://geo.fr.ch/ags/services/OpenData/Districts_francs/MapServer/WFSServer?request=GetCapabilities&service=WFS (source 791/1467)
2025-11-30 06:04:47,319 - Scraping log - scraper.py >         <module>(): Line 751 - INFO - Running default scraper on KT_FR > https://geo.fr.ch/ags/services/OpenData/Districts/MapServer/WFSServer?request=GetCapabilities&service=WFS (source 792/1467)
2025-11-30 06:04:51,171 - Scraping log - scraper.py >         <module>(): Line 751 - INFO - Running default scraper on KT_FR > https://geo.fr.ch/ags/services/OpenData/Donnees_FRIBO_sol_agricole/MapServer/WFSServer?request=GetCapabilities&service=WFS (source 793/1467)
2025-11-30 06:04:54,524 - Scraping log - scraper.py >         <module>(): Line 751 - INFO - Running default scraper on KT_FR > https://geo.fr.ch/ags/services/OpenData/Ecoles_primaires_batiments/MapServer/WFSServer?request=GetCapabilities&service=WFS (source 794/1467)
2025-11-30 06:04:57,747 - Scraping log - scraper.py >         <module>(): Line 751 - INFO - Running default scraper on KT_FR > https://geo.fr.ch/ags/services/OpenData/Ecoles_secondaires_batiments/MapServer/WFSServer?request=GetCapabilities&service=WFS (source 795/1467)
2025-11-30 06:05:01,096 - Scraping log - scraper.py >         <module>(): Line 751 - INFO - Running default scraper on KT_FR > https://geo.fr.ch/ags/services/OpenData/EGID_REGBL/MapServer/WFSServer?request=GetCapabilities&service=WFS (source 796/1467)
2025-11-30 06:05:04,325 - Scraping log - scraper.py >         <module>(): Line 751 - INFO - Running default scraper on KT_FR > https://geo.fr.ch/ags/services/OpenData/Elements_superposes_de_type_affectation_RDPPF_affectation/MapServer/WFSServer?request=GetCapabilities&service=WFS (source 797/1467)
2025-11-30 06:05:07,828 - Scraping log - scraper.py >         <module>(): Line 751 - INFO - Running default scraper on KT_FR > https://geo.fr.ch/ags/services/OpenData/Elements_superposes_de_type_protection_RDPPF_affectation/MapServer/WFSServer?request=GetCapabilities&service=WFS (source 798/1467)
2025-11-30 06:05:11,934 - Scraping log - scraper.py >         <module>(): Line 751 - INFO - Running default scraper on KT_FR > https://geo.fr.ch/ags/services/OpenData/Emplacement_des_barrieres_a_batraciens/MapServer/WFSServer?request=GetCapabilities&service=WFS (source 799/1467)
2025-11-30 06:05:15,808 - Scraping log - scraper.py >         <module>(): Line 751 - INFO - Running default scraper on KT_FR > https://geo.fr.ch/ags/services/OpenData/Entites_paysageres_CQP/MapServer/WFSServer?request=GetCapabilities&service=WFS (source 800/1467)
2025-11-30 06:05:19,440 - Scraping log - scraper.py >         <module>(): Line 751 - INFO - Running default scraper on KT_FR > https://geo.fr.ch/ags/services/OpenData/Entreprises_approuvees/MapServer/WFSServer?request=GetCapabilities&service=WFS (source 801/1467)
2025-11-30 06:05:22,945 - Scraping log - scraper.py >         <module>(): Line 751 - INFO - Running default scraper on KT_FR > https://geo.fr.ch/ags/services/OpenData/Entreprises_en_cours/MapServer/WFSServer?request=GetCapabilities&service=WFS (source 802/1467)
2025-11-30 06:05:26,324 - Scraping log - scraper.py >         <module>(): Line 751 - INFO - Running default scraper on KT_FR > https://geo.fr.ch/ags/services/OpenData/Entreprises_planifiees/MapServer/WFSServer?request=GetCapabilities&service=WFS (source 803/1467)
2025-11-30 06:05:30,175 - Scraping log - scraper.py >         <module>(): Line 751 - INFO - Running default scraper on KT_FR > https://geo.fr.ch/ags/services/OpenData/Equipes_d_arrondissement_routes_cantonales/MapServer/WFSServer?request=GetCapabilities&service=WFS (source 804/1467)
2025-11-30 06:05:30,619 - Scraping log - scraper.py >         <module>(): Line 759 - WARNING - Scraping KT_FR > https://geo.fr.ch/ags/services/OpenData/Equipes_d_arrondissement_routes_cantonales/MapServer/WFSServer?request=GetCapabilities&service=WFS aborted
2025-11-30 06:05:30,619 - Scraping log - scraper.py >         <module>(): Line 751 - INFO - Running default scraper on KT_FR > https://geo.fr.ch/ags/services/OpenData/Etat_des_cartes_de_dangers/MapServer/WFSServer?request=GetCapabilities&service=WFS (source 805/1467)
2025-11-30 06:05:41,113 - Scraping log - scraper.py >         <module>(): Line 759 - WARNING - Scraping KT_FR > https://geo.fr.ch/ags/services/OpenData/Etat_des_cartes_de_dangers/MapServer/WFSServer?request=GetCapabilities&service=WFS aborted
2025-11-30 06:05:41,113 - Scraping log - scraper.py >         <module>(): Line 751 - INFO - Running default scraper on KT_FR > https://geo.fr.ch/ags/services/OpenData/Etat_du_registre_foncier/MapServer/WFSServer?request=GetCapabilities&service=WFS (source 806/1467)
2025-11-30 06:05:44,834 - Scraping log - scraper.py >         <module>(): Line 751 - INFO - Running default scraper on KT_FR > https://geo.fr.ch/ags/services/OpenData/Etudes_geologiques_geotechniques/MapServer/WFSServer?request=GetCapabilities&service=WFS (source 807/1467)
2025-11-30 06:05:49,705 - Scraping log - scraper.py >         <module>(): Line 751 - INFO - Running default scraper on KT_FR > https://geo.fr.ch/ags/services/OpenData/Exploitations_de_materiaux_et_decharges/MapServer/WFSServer?request=GetCapabilities&service=WFS (source 808/1467)
2025-11-30 06:05:53,406 - Scraping log - scraper.py >         <module>(): Line 751 - INFO - Running default scraper on KT_FR > https://geo.fr.ch/ags/services/OpenData/Forages_lies_a_des_constructions/MapServer/WFSServer?request=GetCapabilities&service=WFS (source 809/1467)
2025-11-30 06:05:57,407 - Scraping log - scraper.py >         <module>(): Line 751 - INFO - Running default scraper on KT_FR > https://geo.fr.ch/ags/services/OpenData/Forages_lies_a_des_sites_pollues/MapServer/WFSServer?request=GetCapabilities&service=WFS (source 810/1467)
2025-11-30 06:06:00,965 - Scraping log - scraper.py >         <module>(): Line 751 - INFO - Running default scraper on KT_FR > https://geo.fr.ch/ags/services/OpenData/Forages_lies_a_des_sondes_geothermiques/MapServer/WFSServer?request=GetCapabilities&service=WFS (source 811/1467)
2025-11-30 06:06:04,452 - Scraping log - scraper.py >         <module>(): Line 751 - INFO - Running default scraper on KT_FR > https://geo.fr.ch/ags/services/OpenData/Foret_de_protection_contre_les_dangers_naturels/MapServer/WFSServer?request=GetCapabilities&service=WFS (source 812/1467)
2025-11-30 06:06:08,296 - Scraping log - scraper.py >         <module>(): Line 751 - INFO - Running default scraper on KT_FR > https://geo.fr.ch/ags/services/OpenData/Foret_en_zones_S_de_protection_des_eaux_souterraines/MapServer/WFSServer?request=GetCapabilities&service=WFS (source 813/1467)
2025-11-30 06:06:08,836 - Scraping log - scraper.py >         <module>(): Line 759 - WARNING - Scraping KT_FR > https://geo.fr.ch/ags/services/OpenData/Foret_en_zones_S_de_protection_des_eaux_souterraines/MapServer/WFSServer?request=GetCapabilities&service=WFS aborted
2025-11-30 06:06:08,836 - Scraping log - scraper.py >         <module>(): Line 751 - INFO - Running default scraper on KT_FR > https://geo.fr.ch/ags/services/OpenData/Gazoducs_OPAM/MapServer/WFSServer?request=GetCapabilities&service=WFS (source 814/1467)
2025-11-30 06:06:13,151 - Scraping log - scraper.py >         <module>(): Line 751 - INFO - Running default scraper on KT_FR > https://geo.fr.ch/ags/services/OpenData/Geotopes_d_importance_cantonale_GIC_Etude_de_base/MapServer/WFSServer?request=GetCapabilities&service=WFS (source 815/1467)
2025-11-30 06:06:16,471 - Scraping log - scraper.py >         <module>(): Line 751 - INFO - Running default scraper on KT_FR > https://geo.fr.ch/ags/services/OpenData/Geotopes/MapServer/WFSServer?request=GetCapabilities&service=WFS (source 816/1467)
2025-11-30 06:06:16,885 - Scraping log - scraper.py >         <module>(): Line 759 - WARNING - Scraping KT_FR > https://geo.fr.ch/ags/services/OpenData/Geotopes/MapServer/WFSServer?request=GetCapabilities&service=WFS aborted
2025-11-30 06:06:16,885 - Scraping log - scraper.py >         <module>(): Line 751 - INFO - Running default scraper on KT_FR > https://geo.fr.ch/ags/services/OpenData/Hauts_marais_d_importance_nationale/MapServer/WFSServer?request=GetCapabilities&service=WFS (source 817/1467)
2025-11-30 06:06:20,220 - Scraping log - scraper.py >         <module>(): Line 751 - INFO - Running default scraper on KT_FR > https://geo.fr.ch/ags/services/OpenData/Hierarchie_du_reseau_cyclable_plan_sectoriel_velo/MapServer/WFSServer?request=GetCapabilities&service=WFS (source 818/1467)
2025-11-30 06:06:23,319 - Scraping log - scraper.py >         <module>(): Line 751 - INFO - Running default scraper on KT_FR > https://geo.fr.ch/ags/services/OpenData/Horizons_sourciers_de_l_inventaire_des_eaux_souterraines/MapServer/WFSServer?request=GetCapabilities&service=WFS (source 819/1467)
2025-11-30 06:06:27,078 - Scraping log - scraper.py >         <module>(): Line 751 - INFO - Running default scraper on KT_FR > https://geo.fr.ch/ags/services/OpenData/Hors_reseau_AquaFri/MapServer/WFSServer?request=GetCapabilities&service=WFS (source 820/1467)
2025-11-30 06:06:30,370 - Scraping log - scraper.py >         <module>(): Line 751 - INFO - Running default scraper on KT_FR > https://geo.fr.ch/ags/services/OpenData/Hydrants_AquaFri/MapServer/WFSServer?request=GetCapabilities&service=WFS (source 821/1467)
2025-11-30 06:06:33,922 - Scraping log - scraper.py >         <module>(): Line 751 - INFO - Running default scraper on KT_FR > https://geo.fr.ch/ags/services/OpenData/Immeubles_en_vigueur/MapServer/WFSServer?request=GetCapabilities&service=WFS (source 822/1467)
2025-11-30 06:06:37,267 - Scraping log - scraper.py >         <module>(): Line 751 - INFO - Running default scraper on KT_FR > https://geo.fr.ch/ags/services/OpenData/Immeubles_projetes/MapServer/WFSServer?request=GetCapabilities&service=WFS (source 823/1467)
2025-11-30 06:06:40,811 - Scraping log - scraper.py >         <module>(): Line 751 - INFO - Running default scraper on KT_FR > https://geo.fr.ch/ags/services/OpenData/Infrastructures_d_accueil_en_foret_lignes/MapServer/WFSServer?request=GetCapabilities&service=WFS (source 824/1467)
2025-11-30 06:06:52,154 - Scraping log - scraper.py >         <module>(): Line 751 - INFO - Running default scraper on KT_FR > https://geo.fr.ch/ags/services/OpenData/Infrastructures_d_accueil_en_foret_points/MapServer/WFSServer?request=GetCapabilities&service=WFS (source 825/1467)
2025-11-30 06:06:56,597 - Scraping log - scraper.py >         <module>(): Line 751 - INFO - Running default scraper on KT_FR > https://geo.fr.ch/ags/services/OpenData/Instabilites_de_terrain_morphologie/MapServer/WFSServer?request=GetCapabilities&service=WFS (source 826/1467)
2025-11-30 06:06:57,038 - Scraping log - scraper.py >         <module>(): Line 759 - WARNING - Scraping KT_FR > https://geo.fr.ch/ags/services/OpenData/Instabilites_de_terrain_morphologie/MapServer/WFSServer?request=GetCapabilities&service=WFS aborted
2025-11-30 06:06:57,038 - Scraping log - scraper.py >         <module>(): Line 751 - INFO - Running default scraper on KT_FR > https://geo.fr.ch/ags/services/OpenData/Instabilites_de_terrain_typologie/MapServer/WFSServer?request=GetCapabilities&service=WFS (source 827/1467)
2025-11-30 06:06:57,564 - Scraping log - scraper.py >         <module>(): Line 759 - WARNING - Scraping KT_FR > https://geo.fr.ch/ags/services/OpenData/Instabilites_de_terrain_typologie/MapServer/WFSServer?request=GetCapabilities&service=WFS aborted
2025-11-30 06:06:57,564 - Scraping log - scraper.py >         <module>(): Line 751 - INFO - Running default scraper on KT_FR > https://geo.fr.ch/ags/services/OpenData/Installations_de_mesure_AquaFri/MapServer/WFSServer?request=GetCapabilities&service=WFS (source 828/1467)
2025-11-30 06:07:01,083 - Scraping log - scraper.py >         <module>(): Line 751 - INFO - Running default scraper on KT_FR > https://geo.fr.ch/ags/services/OpenData/Installations_de_traitement_AquaFri/MapServer/WFSServer?request=GetCapabilities&service=WFS (source 829/1467)
2025-11-30 06:07:04,722 - Scraping log - scraper.py >         <module>(): Line 751 - INFO - Running default scraper on KT_FR > https://geo.fr.ch/ags/services/OpenData/Installations_stationnaires_OPAM/MapServer/WFSServer?request=GetCapabilities&service=WFS (source 830/1467)
2025-11-30 06:07:08,205 - Scraping log - scraper.py >         <module>(): Line 751 - INFO - Running default scraper on KT_FR > https://geo.fr.ch/ags/services/OpenData/Irrigation/MapServer/WFSServer?request=GetCapabilities&service=WFS (source 831/1467)
2025-11-30 06:07:11,860 - Scraping log - scraper.py >         <module>(): Line 751 - INFO - Running default scraper on KT_FR > https://geo.fr.ch/ags/services/OpenData/Itineraire_d_agglomeration_planifie_plan_sectoriel_velo/MapServer/WFSServer?request=GetCapabilities&service=WFS (source 832/1467)
2025-11-30 06:07:15,105 - Scraping log - scraper.py >         <module>(): Line 751 - INFO - Running default scraper on KT_FR > https://geo.fr.ch/ags/services/OpenData/Itineraires_a_ski/MapServer/WFSServer?request=GetCapabilities&service=WFS (source 833/1467)
2025-11-30 06:07:18,731 - Scraping log - scraper.py >         <module>(): Line 751 - INFO - Running default scraper on KT_FR > https://geo.fr.ch/ags/services/OpenData/Itineraires_convois_exceptionnels/MapServer/WFSServer?request=GetCapabilities&service=WFS (source 834/1467)
2025-11-30 06:07:22,476 - Scraping log - scraper.py >         <module>(): Line 751 - INFO - Running default scraper on KT_FR > https://geo.fr.ch/ags/services/OpenData/Itineraires_en_raquette/MapServer/WFSServer?request=GetCapabilities&service=WFS (source 835/1467)
2025-11-30 06:07:26,021 - Scraping log - scraper.py >         <module>(): Line 751 - INFO - Running default scraper on KT_FR > https://geo.fr.ch/ags/services/OpenData/Itineraires_SuisseMobile_randonnee_pedestre/MapServer/WFSServer?request=GetCapabilities&service=WFS (source 836/1467)
2025-11-30 06:07:29,559 - Scraping log - scraper.py >         <module>(): Line 751 - INFO - Running default scraper on KT_FR > https://geo.fr.ch/ags/services/OpenData/Itineraires_SuisseMobile_roller/MapServer/WFSServer?request=GetCapabilities&service=WFS (source 837/1467)
2025-11-30 06:07:33,251 - Scraping log - scraper.py >         <module>(): Line 751 - INFO - Running default scraper on KT_FR > https://geo.fr.ch/ags/services/OpenData/Itineraires_SuisseMobile_velo/MapServer/WFSServer?request=GetCapabilities&service=WFS (source 838/1467)
2025-11-30 06:07:36,598 - Scraping log - scraper.py >         <module>(): Line 751 - INFO - Running default scraper on KT_FR > https://geo.fr.ch/ags/services/OpenData/Itineraires_SuisseMobile_VTT/MapServer/WFSServer?request=GetCapabilities&service=WFS (source 839/1467)
2025-11-30 06:07:40,132 - Scraping log - scraper.py >         <module>(): Line 751 - INFO - Running default scraper on KT_FR > https://geo.fr.ch/ags/services/OpenData/Lieux_de_detention_d_animaux/MapServer/WFSServer?request=GetCapabilities&service=WFS (source 840/1467)
2025-11-30 06:07:43,712 - Scraping log - scraper.py >         <module>(): Line 751 - INFO - Running default scraper on KT_FR > https://geo.fr.ch/ags/services/OpenData/Lieux_denommes_en_couleurs/MapServer/WFSServer?request=GetCapabilities&service=WFS (source 841/1467)
2025-11-30 06:07:47,697 - Scraping log - scraper.py >         <module>(): Line 751 - INFO - Running default scraper on KT_FR > https://geo.fr.ch/ags/services/OpenData/Lieux_denommes/MapServer/WFSServer?request=GetCapabilities&service=WFS (source 842/1467)
2025-11-30 06:08:01,331 - Scraping log - scraper.py >         <module>(): Line 751 - INFO - Running default scraper on KT_FR > https://geo.fr.ch/ags/services/OpenData/Lignes_de_transport_public/MapServer/WFSServer?request=GetCapabilities&service=WFS (source 843/1467)
2025-11-30 06:08:05,747 - Scraping log - scraper.py >         <module>(): Line 751 - INFO - Running default scraper on KT_FR > https://geo.fr.ch/ags/services/OpenData/Limitations_de_vitesse_routes_cantonales/MapServer/WFSServer?request=GetCapabilities&service=WFS (source 844/1467)
2025-11-30 06:08:09,424 - Scraping log - scraper.py >         <module>(): Line 751 - INFO - Running default scraper on KT_FR > https://geo.fr.ch/ags/services/OpenData/Limite_du_canton/MapServer/WFSServer?request=GetCapabilities&service=WFS (source 845/1467)
2025-11-30 06:08:13,441 - Scraping log - scraper.py >         <module>(): Line 751 - INFO - Running default scraper on KT_FR > https://geo.fr.ch/ags/services/OpenData/Limites_de_communes/MapServer/WFSServer?request=GetCapabilities&service=WFS (source 846/1467)
2025-11-30 06:08:16,761 - Scraping log - scraper.py >         <module>(): Line 751 - INFO - Running default scraper on KT_FR > https://geo.fr.ch/ags/services/OpenData/Limites_de_districts/MapServer/WFSServer?request=GetCapabilities&service=WFS (source 847/1467)
2025-11-30 06:08:20,053 - Scraping log - scraper.py >         <module>(): Line 751 - INFO - Running default scraper on KT_FR > https://geo.fr.ch/ags/services/OpenData/Limites_des_stations_forestieres/MapServer/WFSServer?request=GetCapabilities&service=WFS (source 848/1467)
2025-11-30 06:08:23,443 - Scraping log - scraper.py >         <module>(): Line 751 - INFO - Running default scraper on KT_FR > https://geo.fr.ch/ags/services/OpenData/Limites_des_zones_agricoles/MapServer/WFSServer?request=GetCapabilities&service=WFS (source 849/1467)
2025-11-30 06:08:26,992 - Scraping log - scraper.py >         <module>(): Line 751 - INFO - Running default scraper on KT_FR > https://geo.fr.ch/ags/services/OpenData/Limites_forestieres_statiques_RDPPF/MapServer/WFSServer?request=GetCapabilities&service=WFS (source 850/1467)
2025-11-30 06:08:30,593 - Scraping log - scraper.py >         <module>(): Line 751 - INFO - Running default scraper on KT_FR > https://geo.fr.ch/ags/services/OpenData/Limites_forestieres_statiques/MapServer/WFSServer?request=GetCapabilities&service=WFS (source 851/1467)
2025-11-30 06:08:31,124 - Scraping log - scraper.py >         <module>(): Line 759 - WARNING - Scraping KT_FR > https://geo.fr.ch/ags/services/OpenData/Limites_forestieres_statiques/MapServer/WFSServer?request=GetCapabilities&service=WFS aborted
2025-11-30 06:08:31,124 - Scraping log - scraper.py >         <module>(): Line 751 - INFO - Running default scraper on KT_FR > https://geo.fr.ch/ags/services/OpenData/Localisation_des_sondes_geothermiques_SGV/MapServer/WFSServer?request=GetCapabilities&service=WFS (source 852/1467)
2025-11-30 06:08:34,737 - Scraping log - scraper.py >         <module>(): Line 751 - INFO - Running default scraper on KT_FR > https://geo.fr.ch/ags/services/OpenData/Localites_avec_presence_d_un_chauffage_a_distance/MapServer/WFSServer?request=GetCapabilities&service=WFS (source 853/1467)
2025-11-30 06:08:38,324 - Scraping log - scraper.py >         <module>(): Line 751 - INFO - Running default scraper on KT_FR > https://geo.fr.ch/ags/services/OpenData/Lots_de_mise_a_jour_periodique/MapServer/WFSServer?request=GetCapabilities&service=WFS (source 854/1467)
2025-11-30 06:08:41,707 - Scraping log - scraper.py >         <module>(): Line 751 - INFO - Running default scraper on KT_FR > https://geo.fr.ch/ags/services/OpenData/Lots_de_peche_affermee/MapServer/WFSServer?request=GetCapabilities&service=WFS (source 855/1467)
2025-11-30 06:08:45,005 - Scraping log - scraper.py >         <module>(): Line 751 - INFO - Running default scraper on KT_FR > https://geo.fr.ch/ags/services/OpenData/Lots_pour_la_pisciculture/MapServer/WFSServer?request=GetCapabilities&service=WFS (source 856/1467)
2025-11-30 06:08:48,328 - Scraping log - scraper.py >         <module>(): Line 751 - INFO - Running default scraper on KT_FR > https://geo.fr.ch/ags/services/OpenData/Materiau_et_diametre_des_conduites_AquaFri/MapServer/WFSServer?request=GetCapabilities&service=WFS (source 857/1467)
2025-11-30 06:08:51,783 - Scraping log - scraper.py >         <module>(): Line 751 - INFO - Running default scraper on KT_FR > https://geo.fr.ch/ags/services/OpenData/Modification_RCU_ou_revision_PAL_d_un_secteur_amenagement_local/MapServer/WFSServer?request=GetCapabilities&service=WFS (source 858/1467)
2025-11-30 06:08:55,127 - Scraping log - scraper.py >         <module>(): Line 751 - INFO - Running default scraper on KT_FR > https://geo.fr.ch/ags/services/OpenData/Muehleberg_Zone_de_danger_de_la_centrale/MapServer/WFSServer?request=GetCapabilities&service=WFS (source 859/1467)
2025-11-30 06:08:59,145 - Scraping log - scraper.py >         <module>(): Line 751 - INFO - Running default scraper on KT_FR > https://geo.fr.ch/ags/services/OpenData/Muehleberg_Zones_de_distribution_de_comprimes_d_iode/MapServer/WFSServer?request=GetCapabilities&service=WFS (source 860/1467)
2025-11-30 06:09:04,415 - Scraping log - scraper.py >         <module>(): Line 751 - INFO - Running default scraper on KT_FR > https://geo.fr.ch/ags/services/OpenData/Noeuds_de_trafic_routes_cantonales/MapServer/WFSServer?request=GetCapabilities&service=WFS (source 861/1467)
2025-11-30 06:09:08,907 - Scraping log - scraper.py >         <module>(): Line 751 - INFO - Running default scraper on KT_FR > https://geo.fr.ch/ags/services/OpenData/Noms_de_rues_et_de_lieux_denommes/MapServer/WFSServer?request=GetCapabilities&service=WFS (source 862/1467)
2025-11-30 06:09:12,722 - Scraping log - scraper.py >         <module>(): Line 751 - INFO - Running default scraper on KT_FR > https://geo.fr.ch/ags/services/OpenData/Noms_locaux/MapServer/WFSServer?request=GetCapabilities&service=WFS (source 863/1467)
2025-11-30 06:09:16,292 - Scraping log - scraper.py >         <module>(): Line 751 - INFO - Running default scraper on KT_FR > https://geo.fr.ch/ags/services/OpenData/NPA_et_localites/MapServer/WFSServer?request=GetCapabilities&service=WFS (source 864/1467)
2025-11-30 06:09:20,831 - Scraping log - scraper.py >         <module>(): Line 751 - INFO - Running default scraper on KT_FR > https://geo.fr.ch/ags/services/OpenData/Numeros_d_immeubles_en_vigueur/MapServer/WFSServer?request=GetCapabilities&service=WFS (source 865/1467)
2025-11-30 06:09:24,122 - Scraping log - scraper.py >         <module>(): Line 751 - INFO - Running default scraper on KT_FR > https://geo.fr.ch/ags/services/OpenData/Numeros_d_immeubles_projetes/MapServer/WFSServer?request=GetCapabilities&service=WFS (source 866/1467)
2025-11-30 06:09:27,706 - Scraping log - scraper.py >         <module>(): Line 751 - INFO - Running default scraper on KT_FR > https://geo.fr.ch/ags/services/OpenData/Numeros_de_maisons/MapServer/WFSServer?request=GetCapabilities&service=WFS (source 867/1467)
2025-11-30 06:09:30,995 - Scraping log - scraper.py >         <module>(): Line 751 - INFO - Running default scraper on KT_FR > https://geo.fr.ch/ags/services/OpenData/Numeros_des_batiments_et_noms_Labels_CS/MapServer/WFSServer?request=GetCapabilities&service=WFS (source 868/1467)
2025-11-30 06:09:34,221 - Scraping log - scraper.py >         <module>(): Line 751 - INFO - Running default scraper on KT_FR > https://geo.fr.ch/ags/services/OpenData/Objets_divers_lineaires/MapServer/WFSServer?request=GetCapabilities&service=WFS (source 869/1467)
2025-11-30 06:09:37,591 - Scraping log - scraper.py >         <module>(): Line 751 - INFO - Running default scraper on KT_FR > https://geo.fr.ch/ags/services/OpenData/Objets_divers_ponctuels/MapServer/WFSServer?request=GetCapabilities&service=WFS (source 870/1467)
2025-11-30 06:09:41,598 - Scraping log - scraper.py >         <module>(): Line 751 - INFO - Running default scraper on KT_FR > https://geo.fr.ch/ags/services/OpenData/Objets_divers_surfaciques/MapServer/WFSServer?request=GetCapabilities&service=WFS (source 871/1467)
2025-11-30 06:09:45,643 - Scraping log - scraper.py >         <module>(): Line 751 - INFO - Running default scraper on KT_FR > https://geo.fr.ch/ags/services/OpenData/Obstacles_convois_exceptionnels/MapServer/WFSServer?request=GetCapabilities&service=WFS (source 872/1467)
2025-11-30 06:09:48,966 - Scraping log - scraper.py >         <module>(): Line 751 - INFO - Running default scraper on KT_FR > https://geo.fr.ch/ags/services/OpenData/Organes_communaux_de_conduite_ORCOC/MapServer/WFSServer?request=GetCapabilities&service=WFS (source 873/1467)
2025-11-30 06:09:53,001 - Scraping log - scraper.py >         <module>(): Line 751 - INFO - Running default scraper on KT_FR > https://geo.fr.ch/ags/services/OpenData/Organisation_de_la_protection_civile/MapServer/WFSServer?request=GetCapabilities&service=WFS (source 874/1467)
2025-11-30 06:09:56,652 - Scraping log - scraper.py >         <module>(): Line 751 - INFO - Running default scraper on KT_FR > https://geo.fr.ch/ags/services/OpenData/Ouvrages_d_art_routes_cantonales/MapServer/WFSServer?request=GetCapabilities&service=WFS (source 875/1467)
2025-11-30 06:10:00,203 - Scraping log - scraper.py >         <module>(): Line 751 - INFO - Running default scraper on KT_FR > https://geo.fr.ch/ags/services/OpenData/Ouvrages_de_protection_lineaires_contre_les_instabilites_de_terrain_et_avalanches/MapServer/WFSServer?request=GetCapabilities&service=WFS (source 876/1467)
2025-11-30 06:10:03,704 - Scraping log - scraper.py >         <module>(): Line 751 - INFO - Running default scraper on KT_FR > https://geo.fr.ch/ags/services/OpenData/Ouvrages_de_protection_ponctuels_contre_les_instabilites_de_terrain_et_avalanches/MapServer/WFSServer?request=GetCapabilities&service=WFS (source 877/1467)
2025-11-30 06:10:08,015 - Scraping log - scraper.py >         <module>(): Line 751 - INFO - Running default scraper on KT_FR > https://geo.fr.ch/ags/services/OpenData/Ouvrages_de_protection_surfaciques_contre_les_instabilites_de_terrain_et_avalanches/MapServer/WFSServer?request=GetCapabilities&service=WFS (source 878/1467)
2025-11-30 06:10:11,862 - Scraping log - scraper.py >         <module>(): Line 751 - INFO - Running default scraper on KT_FR > https://geo.fr.ch/ags/services/OpenData/Ouvrages_fonction_canalisations_routes_cantonales/MapServer/WFSServer?request=GetCapabilities&service=WFS (source 879/1467)
2025-11-30 06:10:19,427 - Scraping log - scraper.py >         <module>(): Line 751 - INFO - Running default scraper on KT_FR > https://geo.fr.ch/ags/services/OpenData/Ouvrages_type_canalisations_routes_cantonales/MapServer/WFSServer?request=GetCapabilities&service=WFS (source 880/1467)
2025-11-30 06:10:22,951 - Scraping log - scraper.py >         <module>(): Line 751 - INFO - Running default scraper on KT_FR > https://geo.fr.ch/ags/services/OpenData/Parcs_naturels/MapServer/WFSServer?request=GetCapabilities&service=WFS (source 881/1467)
2025-11-30 06:10:23,469 - Scraping log - scraper.py >         <module>(): Line 759 - WARNING - Scraping KT_FR > https://geo.fr.ch/ags/services/OpenData/Parcs_naturels/MapServer/WFSServer?request=GetCapabilities&service=WFS aborted
2025-11-30 06:10:23,469 - Scraping log - scraper.py >         <module>(): Line 751 - INFO - Running default scraper on KT_FR > https://geo.fr.ch/ags/services/OpenData/Paroisses_catholiques/MapServer/WFSServer?request=GetCapabilities&service=WFS (source 882/1467)
2025-11-30 06:10:27,246 - Scraping log - scraper.py >         <module>(): Line 751 - INFO - Running default scraper on KT_FR > https://geo.fr.ch/ags/services/OpenData/Paroisses_reformees/MapServer/WFSServer?request=GetCapabilities&service=WFS (source 883/1467)
2025-11-30 06:10:30,636 - Scraping log - scraper.py >         <module>(): Line 751 - INFO - Running default scraper on KT_FR > https://geo.fr.ch/ags/services/OpenData/Paysages_IFP/MapServer/WFSServer?request=GetCapabilities&service=WFS (source 884/1467)
2025-11-30 06:10:31,147 - Scraping log - scraper.py >         <module>(): Line 759 - WARNING - Scraping KT_FR > https://geo.fr.ch/ags/services/OpenData/Paysages_IFP/MapServer/WFSServer?request=GetCapabilities&service=WFS aborted
2025-11-30 06:10:31,147 - Scraping log - scraper.py >         <module>(): Line 751 - INFO - Running default scraper on KT_FR > https://geo.fr.ch/ags/services/OpenData/Perimetre_de_couverture_Sirenes_de_la_PCi/MapServer/WFSServer?request=GetCapabilities&service=WFS (source 885/1467)
2025-11-30 06:10:34,730 - Scraping log - scraper.py >         <module>(): Line 751 - INFO - Running default scraper on KT_FR > https://geo.fr.ch/ags/services/OpenData/Perimetres_archeologiques/MapServer/WFSServer?request=GetCapabilities&service=WFS (source 886/1467)
2025-11-30 06:10:38,021 - Scraping log - scraper.py >         <module>(): Line 751 - INFO - Running default scraper on KT_FR > https://geo.fr.ch/ags/services/OpenData/Perimetres_d_epuration/MapServer/WFSServer?request=GetCapabilities&service=WFS (source 887/1467)
2025-11-30 06:10:41,468 - Scraping log - scraper.py >         <module>(): Line 751 - INFO - Running default scraper on KT_FR > https://geo.fr.ch/ags/services/OpenData/Perimetres_d_etude_detaillee___Crues_et_laves_torrentielles/MapServer/WFSServer?request=GetCapabilities&service=WFS (source 888/1467)
2025-11-30 06:10:45,120 - Scraping log - scraper.py >         <module>(): Line 751 - INFO - Running default scraper on KT_FR > https://geo.fr.ch/ags/services/OpenData/Perimetres_d_etude_detaillee___Instabilites_et_avalanches/MapServer/WFSServer?request=GetCapabilities&service=WFS (source 889/1467)
2025-11-30 06:10:48,538 - Scraping log - scraper.py >         <module>(): Line 751 - INFO - Running default scraper on KT_FR > https://geo.fr.ch/ags/services/OpenData/Perimetres_de_noms_locaux/MapServer/WFSServer?request=GetCapabilities&service=WFS (source 890/1467)
2025-11-30 06:10:51,705 - Scraping log - scraper.py >         <module>(): Line 751 - INFO - Running default scraper on KT_FR > https://geo.fr.ch/ags/services/OpenData/Perimetres_de_protection_des_eaux_souterraines_RDPPF/MapServer/WFSServer?request=GetCapabilities&service=WFS (source 891/1467)
2025-11-30 06:10:55,410 - Scraping log - scraper.py >         <module>(): Line 751 - INFO - Running default scraper on KT_FR > https://geo.fr.ch/ags/services/OpenData/Pistes_cyclables_routes_cantonales/MapServer/WFSServer?request=GetCapabilities&service=WFS (source 892/1467)
2025-11-30 06:10:59,050 - Scraping log - scraper.py >         <module>(): Line 751 - INFO - Running default scraper on KT_FR > https://geo.fr.ch/ags/services/OpenData/Plan_sectoriel_pour_l_exploitation_de_materiaux_PSEM/MapServer/WFSServer?request=GetCapabilities&service=WFS (source 893/1467)
2025-11-30 06:11:02,564 - Scraping log - scraper.py >         <module>(): Line 751 - INFO - Running default scraper on KT_FR > https://geo.fr.ch/ags/services/OpenData/Planification_cantonale_parcs_relais/MapServer/WFSServer?request=GetCapabilities&service=WFS (source 894/1467)
2025-11-30 06:11:06,256 - Scraping log - scraper.py >         <module>(): Line 751 - INFO - Running default scraper on KT_FR > https://geo.fr.ch/ags/services/OpenData/Points_de_limite_territoriale/MapServer/WFSServer?request=GetCapabilities&service=WFS (source 895/1467)
2025-11-30 06:11:09,584 - Scraping log - scraper.py >         <module>(): Line 751 - INFO - Running default scraper on KT_FR > https://geo.fr.ch/ags/services/OpenData/Points_de_Repere_SRB/MapServer/WFSServer?request=GetCapabilities&service=WFS (source 896/1467)
2025-11-30 06:11:13,267 - Scraping log - scraper.py >         <module>(): Line 751 - INFO - Running default scraper on KT_FR > https://geo.fr.ch/ags/services/OpenData/Points_fixes/MapServer/WFSServer?request=GetCapabilities&service=WFS (source 897/1467)
2025-11-30 06:11:17,238 - Scraping log - scraper.py >         <module>(): Line 751 - INFO - Running default scraper on KT_FR > https://geo.fr.ch/ags/services/OpenData/Points_limites_projetes/MapServer/WFSServer?request=GetCapabilities&service=WFS (source 898/1467)
2025-11-30 06:11:21,105 - Scraping log - scraper.py >         <module>(): Line 751 - INFO - Running default scraper on KT_FR > https://geo.fr.ch/ags/services/OpenData/Points_limites/MapServer/WFSServer?request=GetCapabilities&service=WFS (source 899/1467)
2025-11-30 06:11:24,690 - Scraping log - scraper.py >         <module>(): Line 751 - INFO - Running default scraper on KT_FR > https://geo.fr.ch/ags/services/OpenData/Pompes_AquaFri/MapServer/WFSServer?request=GetCapabilities&service=WFS (source 900/1467)
2025-11-30 06:11:28,307 - Scraping log - scraper.py >         <module>(): Line 751 - INFO - Running default scraper on KT_FR > https://geo.fr.ch/ags/services/OpenData/Postes_de_comptage_de_trafic/MapServer/WFSServer?request=GetCapabilities&service=WFS (source 901/1467)
2025-11-30 06:11:32,700 - Scraping log - scraper.py >         <module>(): Line 751 - INFO - Running default scraper on KT_FR > https://geo.fr.ch/ags/services/OpenData/Prairies_et_paturages_secs_d_importance_cantonale/MapServer/WFSServer?request=GetCapabilities&service=WFS (source 902/1467)
2025-11-30 06:11:33,123 - Scraping log - scraper.py >         <module>(): Line 759 - WARNING - Scraping KT_FR > https://geo.fr.ch/ags/services/OpenData/Prairies_et_paturages_secs_d_importance_cantonale/MapServer/WFSServer?request=GetCapabilities&service=WFS aborted
2025-11-30 06:11:33,123 - Scraping log - scraper.py >         <module>(): Line 751 - INFO - Running default scraper on KT_FR > https://geo.fr.ch/ags/services/OpenData/Prairies_et_paturages_secs_d_importance_nationale/MapServer/WFSServer?request=GetCapabilities&service=WFS (source 903/1467)
2025-11-30 06:11:33,550 - Scraping log - scraper.py >         <module>(): Line 759 - WARNING - Scraping KT_FR > https://geo.fr.ch/ags/services/OpenData/Prairies_et_paturages_secs_d_importance_nationale/MapServer/WFSServer?request=GetCapabilities&service=WFS aborted
2025-11-30 06:11:33,550 - Scraping log - scraper.py >         <module>(): Line 751 - INFO - Running default scraper on KT_FR > https://geo.fr.ch/ags/services/OpenData/Pression_statique_des_hydrants_AquaFri/MapServer/WFSServer?request=GetCapabilities&service=WFS (source 904/1467)
2025-11-30 06:11:37,539 - Scraping log - scraper.py >         <module>(): Line 751 - INFO - Running default scraper on KT_FR > https://geo.fr.ch/ags/services/OpenData/Produits_d_alpage/MapServer/WFSServer?request=GetCapabilities&service=WFS (source 905/1467)
2025-11-30 06:11:40,923 - Scraping log - scraper.py >         <module>(): Line 751 - INFO - Running default scraper on KT_FR > https://geo.fr.ch/ags/services/OpenData/Produits_de_montagne/MapServer/WFSServer?request=GetCapabilities&service=WFS (source 906/1467)
2025-11-30 06:11:44,305 - Scraping log - scraper.py >         <module>(): Line 751 - INFO - Running default scraper on KT_FR > https://geo.fr.ch/ags/services/OpenData/Projets_paysage_CQP/MapServer/WFSServer?request=GetCapabilities&service=WFS (source 907/1467)
2025-11-30 06:11:48,088 - Scraping log - scraper.py >         <module>(): Line 751 - INFO - Running default scraper on KT_FR > https://geo.fr.ch/ags/services/OpenData/Projets_VALTRALOC/MapServer/WFSServer?request=GetCapabilities&service=WFS (source 908/1467)
2025-11-30 06:11:48,511 - Scraping log - scraper.py >         <module>(): Line 759 - WARNING - Scraping KT_FR > https://geo.fr.ch/ags/services/OpenData/Projets_VALTRALOC/MapServer/WFSServer?request=GetCapabilities&service=WFS aborted
2025-11-30 06:11:48,511 - Scraping log - scraper.py >         <module>(): Line 751 - INFO - Running default scraper on KT_FR > https://geo.fr.ch/ags/services/OpenData/Proportion_du_bati_expose_aux_dangers_naturels_par_commune/MapServer/WFSServer?request=GetCapabilities&service=WFS (source 909/1467)
2025-11-30 06:11:51,838 - Scraping log - scraper.py >         <module>(): Line 751 - INFO - Running default scraper on KT_FR > https://geo.fr.ch/ags/services/OpenData/Qualite_des_donnees_descriptives/MapServer/WFSServer?request=GetCapabilities&service=WFS (source 910/1467)
2025-11-30 06:11:55,731 - Scraping log - scraper.py >         <module>(): Line 751 - INFO - Running default scraper on KT_FR > https://geo.fr.ch/ags/services/OpenData/Qualite_des_immeubles_en_vigueur/MapServer/WFSServer?request=GetCapabilities&service=WFS (source 911/1467)
2025-11-30 06:11:59,212 - Scraping log - scraper.py >         <module>(): Line 751 - INFO - Running default scraper on KT_FR > https://geo.fr.ch/ags/services/OpenData/Qualite_des_immeubles_projetes/MapServer/WFSServer?request=GetCapabilities&service=WFS (source 912/1467)
2025-11-30 06:12:02,605 - Scraping log - scraper.py >         <module>(): Line 751 - INFO - Running default scraper on KT_FR > https://geo.fr.ch/ags/services/OpenData/Reducteurs_AquaFri/MapServer/WFSServer?request=GetCapabilities&service=WFS (source 913/1467)
2025-11-30 06:12:06,465 - Scraping log - scraper.py >         <module>(): Line 751 - INFO - Running default scraper on KT_FR > https://geo.fr.ch/ags/services/OpenData/Remaniements_parcellaires/MapServer/WFSServer?request=GetCapabilities&service=WFS (source 914/1467)
2025-11-30 06:12:09,902 - Scraping log - scraper.py >         <module>(): Line 751 - INFO - Running default scraper on KT_FR > https://geo.fr.ch/ags/services/OpenData/Repartition_des_niveaux_de_tolerance/MapServer/WFSServer?request=GetCapabilities&service=WFS (source 915/1467)
2025-11-30 06:12:13,429 - Scraping log - scraper.py >         <module>(): Line 751 - INFO - Running default scraper on KT_FR > https://geo.fr.ch/ags/services/OpenData/Repartitions_des_plans/MapServer/WFSServer?request=GetCapabilities&service=WFS (source 916/1467)
2025-11-30 06:12:17,520 - Scraping log - scraper.py >         <module>(): Line 751 - INFO - Running default scraper on KT_FR > https://geo.fr.ch/ags/services/OpenData/Reseau_d_itineraires_en_zones_de_tranquillite/MapServer/WFSServer?request=GetCapabilities&service=WFS (source 917/1467)
2025-11-30 06:12:21,026 - Scraping log - scraper.py >         <module>(): Line 751 - INFO - Running default scraper on KT_FR > https://geo.fr.ch/ags/services/OpenData/Reseaux_ecologiques/MapServer/WFSServer?request=GetCapabilities&service=WFS (source 918/1467)
2025-11-30 06:12:25,696 - Scraping log - scraper.py >         <module>(): Line 751 - INFO - Running default scraper on KT_FR > https://geo.fr.ch/ags/services/OpenData/Reseaux_integres_dans_AquaFri/MapServer/WFSServer?request=GetCapabilities&service=WFS (source 919/1467)
2025-11-30 06:12:29,141 - Scraping log - scraper.py >         <module>(): Line 751 - INFO - Running default scraper on KT_FR > https://geo.fr.ch/ags/services/OpenData/Reseaux_non_integres_dans_AquaFri/MapServer/WFSServer?request=GetCapabilities&service=WFS (source 920/1467)
2025-11-30 06:12:32,516 - Scraping log - scraper.py >         <module>(): Line 751 - INFO - Running default scraper on KT_FR > https://geo.fr.ch/ags/services/OpenData/Reserve_mycologique/MapServer/WFSServer?request=GetCapabilities&service=WFS (source 921/1467)
2025-11-30 06:12:35,877 - Scraping log - scraper.py >         <module>(): Line 751 - INFO - Running default scraper on KT_FR > https://geo.fr.ch/ags/services/OpenData/Reserves_d_oiseaux_d_eau_et_migrateurs/MapServer/WFSServer?request=GetCapabilities&service=WFS (source 922/1467)
2025-11-30 06:12:39,555 - Scraping log - scraper.py >         <module>(): Line 751 - INFO - Running default scraper on KT_FR > https://geo.fr.ch/ags/services/OpenData/Reserves_de_faune_pour_la_chasse/MapServer/WFSServer?request=GetCapabilities&service=WFS (source 923/1467)
2025-11-30 06:12:43,115 - Scraping log - scraper.py >         <module>(): Line 751 - INFO - Running default scraper on KT_FR > https://geo.fr.ch/ags/services/OpenData/Reserves_forestieres_cantonales/MapServer/WFSServer?request=GetCapabilities&service=WFS (source 924/1467)
2025-11-30 06:12:43,632 - Scraping log - scraper.py >         <module>(): Line 759 - WARNING - Scraping KT_FR > https://geo.fr.ch/ags/services/OpenData/Reserves_forestieres_cantonales/MapServer/WFSServer?request=GetCapabilities&service=WFS aborted
2025-11-30 06:12:43,632 - Scraping log - scraper.py >         <module>(): Line 751 - INFO - Running default scraper on KT_FR > https://geo.fr.ch/ags/services/OpenData/Reserves_forestieres_RDPPF/MapServer/WFSServer?request=GetCapabilities&service=WFS (source 925/1467)
2025-11-30 06:12:47,019 - Scraping log - scraper.py >         <module>(): Line 751 - INFO - Running default scraper on KT_FR > https://geo.fr.ch/ags/services/OpenData/Reserves_forestieres/MapServer/WFSServer?request=GetCapabilities&service=WFS (source 926/1467)
2025-11-30 06:12:50,666 - Scraping log - scraper.py >         <module>(): Line 751 - INFO - Running default scraper on KT_FR > https://geo.fr.ch/ags/services/OpenData/Reserves_naturelles_cantonales/MapServer/WFSServer?request=GetCapabilities&service=WFS (source 927/1467)
2025-11-30 06:12:54,179 - Scraping log - scraper.py >         <module>(): Line 751 - INFO - Running default scraper on KT_FR > https://geo.fr.ch/ags/services/OpenData/Reserves_paysageres_cantonales/MapServer/WFSServer?request=GetCapabilities&service=WFS (source 928/1467)
2025-11-30 06:12:57,495 - Scraping log - scraper.py >         <module>(): Line 751 - INFO - Running default scraper on KT_FR > https://geo.fr.ch/ags/services/OpenData/Reservoirs_AquaFri/MapServer/WFSServer?request=GetCapabilities&service=WFS (source 929/1467)
2025-11-30 06:13:01,505 - Scraping log - scraper.py >         <module>(): Line 751 - INFO - Running default scraper on KT_FR > https://geo.fr.ch/ags/services/OpenData/Ressources___sources_et_puits___de_l_inventaire_des_eaux_souterraines/MapServer/WFSServer?request=GetCapabilities&service=WFS (source 930/1467)
2025-11-30 06:13:05,144 - Scraping log - scraper.py >         <module>(): Line 751 - INFO - Running default scraper on KT_FR > https://geo.fr.ch/ags/services/OpenData/Revetements_phono_absorbants_routes_cantonales/MapServer/WFSServer?request=GetCapabilities&service=WFS (source 931/1467)
2025-11-30 06:13:08,713 - Scraping log - scraper.py >         <module>(): Line 751 - INFO - Running default scraper on KT_FR > https://geo.fr.ch/ags/services/OpenData/Revision_generale_PAL_amenagement_local/MapServer/WFSServer?request=GetCapabilities&service=WFS (source 932/1467)
2025-11-30 06:13:12,172 - Scraping log - scraper.py >         <module>(): Line 751 - INFO - Running default scraper on KT_FR > https://geo.fr.ch/ags/services/OpenData/Routes_Cantonales_ORGT___OUMin/MapServer/WFSServer?request=GetCapabilities&service=WFS (source 933/1467)
2025-11-30 06:13:15,841 - Scraping log - scraper.py >         <module>(): Line 751 - INFO - Running default scraper on KT_FR > https://geo.fr.ch/ags/services/OpenData/Routes_Cantonales_OSR/MapServer/WFSServer?request=GetCapabilities&service=WFS (source 934/1467)
2025-11-30 06:13:19,294 - Scraping log - scraper.py >         <module>(): Line 751 - INFO - Running default scraper on KT_FR > https://geo.fr.ch/ags/services/OpenData/Routes_lineaires_OPAM/MapServer/WFSServer?request=GetCapabilities&service=WFS (source 935/1467)
2025-11-30 06:13:23,337 - Scraping log - scraper.py >         <module>(): Line 751 - INFO - Running default scraper on KT_FR > https://geo.fr.ch/ags/services/OpenData/Routes_Nationales/MapServer/WFSServer?request=GetCapabilities&service=WFS (source 936/1467)
2025-11-30 06:13:26,887 - Scraping log - scraper.py >         <module>(): Line 751 - INFO - Running default scraper on KT_FR > https://geo.fr.ch/ags/services/OpenData/Routes_surfaciques_OPAM/MapServer/WFSServer?request=GetCapabilities&service=WFS (source 937/1467)
2025-11-30 06:13:30,880 - Scraping log - scraper.py >         <module>(): Line 751 - INFO - Running default scraper on KT_FR > https://geo.fr.ch/ags/services/OpenData/Ruisseaux_utilises_par_l_Etat/MapServer/WFSServer?request=GetCapabilities&service=WFS (source 938/1467)
2025-11-30 06:13:34,314 - Scraping log - scraper.py >         <module>(): Line 751 - INFO - Running default scraper on KT_FR > https://geo.fr.ch/ags/services/OpenData/Salamandre_tachetee/MapServer/WFSServer?request=GetCapabilities&service=WFS (source 939/1467)
2025-11-30 06:13:34,825 - Scraping log - scraper.py >         <module>(): Line 759 - WARNING - Scraping KT_FR > https://geo.fr.ch/ags/services/OpenData/Salamandre_tachetee/MapServer/WFSServer?request=GetCapabilities&service=WFS aborted
2025-11-30 06:13:34,825 - Scraping log - scraper.py >         <module>(): Line 751 - INFO - Running default scraper on KT_FR > https://geo.fr.ch/ags/services/OpenData/Secteur_de_dangers_naturels_RDPPF_affectation/MapServer/WFSServer?request=GetCapabilities&service=WFS (source 940/1467)
2025-11-30 06:13:38,023 - Scraping log - scraper.py >         <module>(): Line 751 - INFO - Running default scraper on KT_FR > https://geo.fr.ch/ags/services/OpenData/Secteurs_a_objectifs_de_protection_du_patrimoine_PAL/MapServer/WFSServer?request=GetCapabilities&service=WFS (source 941/1467)
2025-11-30 06:13:41,615 - Scraping log - scraper.py >         <module>(): Line 751 - INFO - Running default scraper on KT_FR > https://geo.fr.ch/ags/services/OpenData/Secteurs_de_faune/MapServer/WFSServer?request=GetCapabilities&service=WFS (source 942/1467)
2025-11-30 06:13:45,028 - Scraping log - scraper.py >         <module>(): Line 751 - INFO - Running default scraper on KT_FR > https://geo.fr.ch/ags/services/OpenData/Secteurs_de_protection_du_patrimoine_ayant_passe_l_enquete_publique_PAL_en_revison/MapServer/WFSServer?request=GetCapabilities&service=WFS (source 943/1467)
2025-11-30 06:13:48,312 - Scraping log - scraper.py >         <module>(): Line 751 - INFO - Running default scraper on KT_FR > https://geo.fr.ch/ags/services/OpenData/Secteurs_soumis_a_PAD_amenagement_local/MapServer/WFSServer?request=GetCapabilities&service=WFS (source 944/1467)
2025-11-30 06:13:51,777 - Scraping log - scraper.py >         <module>(): Line 751 - INFO - Running default scraper on KT_FR > https://geo.fr.ch/ags/services/OpenData/Servitudes_Labels/MapServer/WFSServer?request=GetCapabilities&service=WFS (source 945/1467)
2025-11-30 06:13:55,167 - Scraping log - scraper.py >         <module>(): Line 751 - INFO - Running default scraper on KT_FR > https://geo.fr.ch/ags/services/OpenData/Servitudes_Lignes/MapServer/WFSServer?request=GetCapabilities&service=WFS (source 946/1467)
2025-11-30 06:13:58,627 - Scraping log - scraper.py >         <module>(): Line 751 - INFO - Running default scraper on KT_FR > https://geo.fr.ch/ags/services/OpenData/Servitudes_Points/MapServer/WFSServer?request=GetCapabilities&service=WFS (source 947/1467)
2025-11-30 06:14:02,198 - Scraping log - scraper.py >         <module>(): Line 751 - INFO - Running default scraper on KT_FR > https://geo.fr.ch/ags/services/OpenData/Servitudes_Surfaces/MapServer/WFSServer?request=GetCapabilities&service=WFS (source 948/1467)
2025-11-30 06:14:05,471 - Scraping log - scraper.py >         <module>(): Line 751 - INFO - Running default scraper on KT_FR > https://geo.fr.ch/ags/services/OpenData/Sirenes_de_la_PCi/MapServer/WFSServer?request=GetCapabilities&service=WFS (source 949/1467)
2025-11-30 06:14:09,039 - Scraping log - scraper.py >         <module>(): Line 751 - INFO - Running default scraper on KT_FR > https://geo.fr.ch/ags/services/OpenData/Sites_a_batraciens_annexe_1/MapServer/WFSServer?request=GetCapabilities&service=WFS (source 950/1467)
2025-11-30 06:14:09,458 - Scraping log - scraper.py >         <module>(): Line 759 - WARNING - Scraping KT_FR > https://geo.fr.ch/ags/services/OpenData/Sites_a_batraciens_annexe_1/MapServer/WFSServer?request=GetCapabilities&service=WFS aborted
2025-11-30 06:14:09,458 - Scraping log - scraper.py >         <module>(): Line 751 - INFO - Running default scraper on KT_FR > https://geo.fr.ch/ags/services/OpenData/Sites_a_batraciens_annexe_2/MapServer/WFSServer?request=GetCapabilities&service=WFS (source 951/1467)
2025-11-30 06:14:09,883 - Scraping log - scraper.py >         <module>(): Line 759 - WARNING - Scraping KT_FR > https://geo.fr.ch/ags/services/OpenData/Sites_a_batraciens_annexe_2/MapServer/WFSServer?request=GetCapabilities&service=WFS aborted
2025-11-30 06:14:09,883 - Scraping log - scraper.py >         <module>(): Line 751 - INFO - Running default scraper on KT_FR > https://geo.fr.ch/ags/services/OpenData/Sites_a_batraciens_annexe_3/MapServer/WFSServer?request=GetCapabilities&service=WFS (source 952/1467)
2025-11-30 06:14:10,312 - Scraping log - scraper.py >         <module>(): Line 759 - WARNING - Scraping KT_FR > https://geo.fr.ch/ags/services/OpenData/Sites_a_batraciens_annexe_3/MapServer/WFSServer?request=GetCapabilities&service=WFS aborted
2025-11-30 06:14:10,312 - Scraping log - scraper.py >         <module>(): Line 751 - INFO - Running default scraper on KT_FR > https://geo.fr.ch/ags/services/OpenData/Sites_a_batraciens_objets_fixes/MapServer/WFSServer?request=GetCapabilities&service=WFS (source 953/1467)
2025-11-30 06:14:10,733 - Scraping log - scraper.py >         <module>(): Line 759 - WARNING - Scraping KT_FR > https://geo.fr.ch/ags/services/OpenData/Sites_a_batraciens_objets_fixes/MapServer/WFSServer?request=GetCapabilities&service=WFS aborted
2025-11-30 06:14:10,734 - Scraping log - scraper.py >         <module>(): Line 751 - INFO - Running default scraper on KT_FR > https://geo.fr.ch/ags/services/OpenData/Sites_a_batraciens_objets_itinerants/MapServer/WFSServer?request=GetCapabilities&service=WFS (source 954/1467)
2025-11-30 06:14:11,273 - Scraping log - scraper.py >         <module>(): Line 759 - WARNING - Scraping KT_FR > https://geo.fr.ch/ags/services/OpenData/Sites_a_batraciens_objets_itinerants/MapServer/WFSServer?request=GetCapabilities&service=WFS aborted
2025-11-30 06:14:11,273 - Scraping log - scraper.py >         <module>(): Line 751 - INFO - Running default scraper on KT_FR > https://geo.fr.ch/ags/services/OpenData/Sites_bases_sur_l_ISOS/MapServer/WFSServer?request=GetCapabilities&service=WFS (source 955/1467)
2025-11-30 06:14:14,587 - Scraping log - scraper.py >         <module>(): Line 751 - INFO - Running default scraper on KT_FR > https://geo.fr.ch/ags/services/OpenData/Sites_de_reproduction_de_batraciens_d_importance_locale/MapServer/WFSServer?request=GetCapabilities&service=WFS (source 956/1467)
2025-11-30 06:14:17,851 - Scraping log - scraper.py >         <module>(): Line 751 - INFO - Running default scraper on KT_FR > https://geo.fr.ch/ags/services/OpenData/Sites_marecageux_d_importance_nationale/MapServer/WFSServer?request=GetCapabilities&service=WFS (source 957/1467)
2025-11-30 06:14:21,176 - Scraping log - scraper.py >         <module>(): Line 751 - INFO - Running default scraper on KT_FR > https://geo.fr.ch/ags/services/OpenData/Sites_prioritaires_prairies_et_paturages_secs/MapServer/WFSServer?request=GetCapabilities&service=WFS (source 958/1467)
2025-11-30 06:14:31,143 - Scraping log - scraper.py > get_service_info(): Line 372 - WARNING - KT_FR > https://geo.fr.ch/ags/services/OpenData/Sites_prioritaires_prairies_et_paturages_secs/MapServer/WFSServer?request=GetCapabilities&service=WFS: Service does not seem to be a valid WMS, WMTS or WFS
2025-11-30 06:14:31,143 - Scraping log - scraper.py >         <module>(): Line 751 - INFO - Running default scraper on KT_FR > https://geo.fr.ch/ags/services/OpenData/Stations_d_epuration/MapServer/WFSServer?request=GetCapabilities&service=WFS (source 959/1467)
2025-11-30 06:14:35,322 - Scraping log - scraper.py >         <module>(): Line 751 - INFO - Running default scraper on KT_FR > https://geo.fr.ch/ags/services/OpenData/Stations_de_fecondation_des_abeilles/MapServer/WFSServer?request=GetCapabilities&service=WFS (source 960/1467)
2025-11-30 06:14:38,908 - Scraping log - scraper.py >         <module>(): Line 751 - INFO - Running default scraper on KT_FR > https://geo.fr.ch/ags/services/OpenData/Stations_forestieres/MapServer/WFSServer?request=GetCapabilities&service=WFS (source 961/1467)
2025-11-30 06:14:43,297 - Scraping log - scraper.py >         <module>(): Line 751 - INFO - Running default scraper on KT_FR > https://geo.fr.ch/ags/services/OpenData/Stations_meteo_degres_jours_et_temperatures_moyennes/MapServer/WFSServer?request=GetCapabilities&service=WFS (source 962/1467)
2025-11-30 06:14:43,713 - Scraping log - scraper.py >         <module>(): Line 759 - WARNING - Scraping KT_FR > https://geo.fr.ch/ags/services/OpenData/Stations_meteo_degres_jours_et_temperatures_moyennes/MapServer/WFSServer?request=GetCapabilities&service=WFS aborted
2025-11-30 06:14:43,713 - Scraping log - scraper.py >         <module>(): Line 751 - INFO - Running default scraper on KT_FR > https://geo.fr.ch/ags/services/OpenData/Statuts_des_donnees_descriptives/MapServer/WFSServer?request=GetCapabilities&service=WFS (source 963/1467)
2025-11-30 06:14:47,338 - Scraping log - scraper.py >         <module>(): Line 751 - INFO - Running default scraper on KT_FR > https://geo.fr.ch/ags/services/OpenData/Statuts_des_immeubles_en_vigueur/MapServer/WFSServer?request=GetCapabilities&service=WFS (source 964/1467)
2025-11-30 06:14:51,062 - Scraping log - scraper.py >         <module>(): Line 751 - INFO - Running default scraper on KT_FR > https://geo.fr.ch/ags/services/OpenData/Statuts_des_immeubles_projetes/MapServer/WFSServer?request=GetCapabilities&service=WFS (source 965/1467)
2025-11-30 06:14:54,503 - Scraping log - scraper.py >         <module>(): Line 751 - INFO - Running default scraper on KT_FR > https://geo.fr.ch/ags/services/OpenData/Structures_d_accueil/MapServer/WFSServer?request=GetCapabilities&service=WFS (source 966/1467)
2025-11-30 06:14:58,021 - Scraping log - scraper.py >         <module>(): Line 751 - INFO - Running default scraper on KT_FR > https://geo.fr.ch/ags/services/OpenData/Structures_d_activites_de_promotion_enfance_jeunesse/MapServer/WFSServer?request=GetCapabilities&service=WFS (source 967/1467)
2025-11-30 06:15:01,703 - Scraping log - scraper.py >         <module>(): Line 751 - INFO - Running default scraper on KT_FR > https://geo.fr.ch/ags/services/OpenData/Surface_agricole_utile/MapServer/WFSServer?request=GetCapabilities&service=WFS (source 968/1467)
2025-11-30 06:15:02,221 - Scraping log - scraper.py >         <module>(): Line 759 - WARNING - Scraping KT_FR > https://geo.fr.ch/ags/services/OpenData/Surface_agricole_utile/MapServer/WFSServer?request=GetCapabilities&service=WFS aborted
2025-11-30 06:15:02,221 - Scraping log - scraper.py >         <module>(): Line 751 - INFO - Running default scraper on KT_FR > https://geo.fr.ch/ags/services/OpenData/Surface_chaussee_routes_cantonales/MapServer/WFSServer?request=GetCapabilities&service=WFS (source 969/1467)
2025-11-30 06:15:05,412 - Scraping log - scraper.py >         <module>(): Line 751 - INFO - Running default scraper on KT_FR > https://geo.fr.ch/ags/services/OpenData/Surface_de_couverture_Sirenes_de_la_PCi/MapServer/WFSServer?request=GetCapabilities&service=WFS (source 970/1467)
2025-11-30 06:15:08,931 - Scraping log - scraper.py >         <module>(): Line 751 - INFO - Running default scraper on KT_FR > https://geo.fr.ch/ags/services/OpenData/Surfaces_a_aptitude_reduite_pour_la_culture_des_champs/MapServer/WFSServer?request=GetCapabilities&service=WFS (source 971/1467)
2025-11-30 06:15:12,255 - Scraping log - scraper.py >         <module>(): Line 751 - INFO - Running default scraper on KT_FR > https://geo.fr.ch/ags/services/OpenData/Surfaces_d_assolement/MapServer/WFSServer?request=GetCapabilities&service=WFS (source 972/1467)
2025-11-30 06:15:15,732 - Scraping log - scraper.py >         <module>(): Line 751 - INFO - Running default scraper on KT_FR > https://geo.fr.ch/ags/services/OpenData/Surfaces_de_promotion_de_la_biodiversite_SPB_I/MapServer/WFSServer?request=GetCapabilities&service=WFS (source 973/1467)
2025-11-30 06:15:19,676 - Scraping log - scraper.py >         <module>(): Line 751 - INFO - Running default scraper on KT_FR > https://geo.fr.ch/ags/services/OpenData/Surfaces_de_promotion_de_la_biodiversite_SPB_II_Estivage/MapServer/WFSServer?request=GetCapabilities&service=WFS (source 974/1467)
2025-11-30 06:15:23,795 - Scraping log - scraper.py >         <module>(): Line 751 - INFO - Running default scraper on KT_FR > https://geo.fr.ch/ags/services/OpenData/Surfaces_de_promotion_de_la_biodiversite_SPB_II_Plaine/MapServer/WFSServer?request=GetCapabilities&service=WFS (source 975/1467)
2025-11-30 06:15:27,098 - Scraping log - scraper.py >         <module>(): Line 751 - INFO - Running default scraper on KT_FR > https://geo.fr.ch/ags/services/OpenData/Syndicats_de_chemins_alpestres/MapServer/WFSServer?request=GetCapabilities&service=WFS (source 976/1467)
2025-11-30 06:15:31,317 - Scraping log - scraper.py >         <module>(): Line 751 - INFO - Running default scraper on KT_FR > https://geo.fr.ch/ags/services/OpenData/Talus_a_valeur_ecologique_routes_cantonales/MapServer/WFSServer?request=GetCapabilities&service=WFS (source 977/1467)
2025-11-30 06:15:36,471 - Scraping log - scraper.py >         <module>(): Line 751 - INFO - Running default scraper on KT_FR > https://geo.fr.ch/ags/services/OpenData/Terrains_en_pente/MapServer/WFSServer?request=GetCapabilities&service=WFS (source 978/1467)
2025-11-30 06:15:39,979 - Scraping log - scraper.py >         <module>(): Line 751 - INFO - Running default scraper on KT_FR > https://geo.fr.ch/ags/services/OpenData/Territoires_de_chasse_en_montagne/MapServer/WFSServer?request=GetCapabilities&service=WFS (source 979/1467)
2025-11-30 06:15:44,134 - Scraping log - scraper.py >         <module>(): Line 751 - INFO - Running default scraper on KT_FR > https://geo.fr.ch/ags/services/OpenData/Trafic_journalier_moyen/MapServer/WFSServer?request=GetCapabilities&service=WFS (source 980/1467)
2025-11-30 06:15:48,409 - Scraping log - scraper.py >         <module>(): Line 751 - INFO - Running default scraper on KT_FR > https://geo.fr.ch/ags/services/OpenData/Trafic_poids_lourds/MapServer/WFSServer?request=GetCapabilities&service=WFS (source 981/1467)
2025-11-30 06:15:51,894 - Scraping log - scraper.py >         <module>(): Line 751 - INFO - Running default scraper on KT_FR > https://geo.fr.ch/ags/services/OpenData/Triages_forestiers/MapServer/WFSServer?request=GetCapabilities&service=WFS (source 982/1467)
2025-11-30 06:15:55,502 - Scraping log - scraper.py >         <module>(): Line 751 - INFO - Running default scraper on KT_FR > https://geo.fr.ch/ags/services/OpenData/Troncons_de_rues_en_couleurs/MapServer/WFSServer?request=GetCapabilities&service=WFS (source 983/1467)
2025-11-30 06:15:58,956 - Scraping log - scraper.py >         <module>(): Line 751 - INFO - Running default scraper on KT_FR > https://geo.fr.ch/ags/services/OpenData/Troncons_de_rues/MapServer/WFSServer?request=GetCapabilities&service=WFS (source 984/1467)
2025-11-30 06:16:02,401 - Scraping log - scraper.py >         <module>(): Line 751 - INFO - Running default scraper on KT_FR > https://geo.fr.ch/ags/services/OpenData/Type_d_objet_ISOS___Ligne/MapServer/WFSServer?request=GetCapabilities&service=WFS (source 985/1467)
2025-11-30 06:16:05,608 - Scraping log - scraper.py >         <module>(): Line 751 - INFO - Running default scraper on KT_FR > https://geo.fr.ch/ags/services/OpenData/Type_d_objet_ISOS___Polygone/MapServer/WFSServer?request=GetCapabilities&service=WFS (source 986/1467)
2025-11-30 06:16:09,247 - Scraping log - scraper.py >         <module>(): Line 751 - INFO - Running default scraper on KT_FR > https://geo.fr.ch/ags/services/OpenData/Unites_d_exploitation/MapServer/WFSServer?request=GetCapabilities&service=WFS (source 987/1467)
2025-11-30 06:16:12,509 - Scraping log - scraper.py >         <module>(): Line 751 - INFO - Running default scraper on KT_FR > https://geo.fr.ch/ags/services/OpenData/Unites_de_gestion_des_forets_publiques/MapServer/WFSServer?request=GetCapabilities&service=WFS (source 988/1467)
2025-11-30 06:16:15,763 - Scraping log - scraper.py >         <module>(): Line 751 - INFO - Running default scraper on KT_FR > https://geo.fr.ch/ags/services/OpenData/Unites_pastorales_catholiques/MapServer/WFSServer?request=GetCapabilities&service=WFS (source 989/1467)
2025-11-30 06:16:19,242 - Scraping log - scraper.py >         <module>(): Line 751 - INFO - Running default scraper on KT_FR > https://geo.fr.ch/ags/services/OpenData/Vannes_AquaFri/MapServer/WFSServer?request=GetCapabilities&service=WFS (source 990/1467)
2025-11-30 06:16:23,067 - Scraping log - scraper.py >         <module>(): Line 751 - INFO - Running default scraper on KT_FR > https://geo.fr.ch/ags/services/OpenData/Vigne_en_production_AOC/MapServer/WFSServer?request=GetCapabilities&service=WFS (source 991/1467)
2025-11-30 06:16:26,817 - Scraping log - scraper.py >         <module>(): Line 751 - INFO - Running default scraper on KT_FR > https://geo.fr.ch/ags/services/OpenData/Vignobles_en_pente/MapServer/WFSServer?request=GetCapabilities&service=WFS (source 992/1467)
2025-11-30 06:16:30,203 - Scraping log - scraper.py >         <module>(): Line 751 - INFO - Running default scraper on KT_FR > https://geo.fr.ch/ags/services/OpenData/Voies_historiques_IVS/MapServer/WFSServer?request=GetCapabilities&service=WFS (source 993/1467)
2025-11-30 06:16:33,488 - Scraping log - scraper.py >         <module>(): Line 751 - INFO - Running default scraper on KT_FR > https://geo.fr.ch/ags/services/OpenData/Zones_a_batir_et_perimetre_d_habitat_a_maintenir_amenagement_local_PAZ/MapServer/WFSServer?request=GetCapabilities&service=WFS (source 994/1467)
2025-11-30 06:16:34,008 - Scraping log - scraper.py >         <module>(): Line 759 - WARNING - Scraping KT_FR > https://geo.fr.ch/ags/services/OpenData/Zones_a_batir_et_perimetre_d_habitat_a_maintenir_amenagement_local_PAZ/MapServer/WFSServer?request=GetCapabilities&service=WFS aborted
2025-11-30 06:16:34,008 - Scraping log - scraper.py >         <module>(): Line 751 - INFO - Running default scraper on KT_FR > https://geo.fr.ch/ags/services/OpenData/Zones_alluviales_d_importance_locale/MapServer/WFSServer?request=GetCapabilities&service=WFS (source 995/1467)
2025-11-30 06:16:37,999 - Scraping log - scraper.py >         <module>(): Line 751 - INFO - Running default scraper on KT_FR > https://geo.fr.ch/ags/services/OpenData/Zones_alluviales_d_importance_nationale/MapServer/WFSServer?request=GetCapabilities&service=WFS (source 996/1467)
2025-11-30 06:16:43,541 - Scraping log - scraper.py >         <module>(): Line 751 - INFO - Running default scraper on KT_FR > https://geo.fr.ch/ags/services/OpenData/Zones_alluviales/MapServer/WFSServer?request=GetCapabilities&service=WFS (source 997/1467)
2025-11-30 06:16:44,061 - Scraping log - scraper.py >         <module>(): Line 759 - WARNING - Scraping KT_FR > https://geo.fr.ch/ags/services/OpenData/Zones_alluviales/MapServer/WFSServer?request=GetCapabilities&service=WFS aborted
2025-11-30 06:16:44,062 - Scraping log - scraper.py >         <module>(): Line 751 - INFO - Running default scraper on KT_FR > https://geo.fr.ch/ags/services/OpenData/Zones_de_contribution_federale_MO/MapServer/WFSServer?request=GetCapabilities&service=WFS (source 998/1467)
2025-11-30 06:16:47,416 - Scraping log - scraper.py >         <module>(): Line 751 - INFO - Running default scraper on KT_FR > https://geo.fr.ch/ags/services/OpenData/Zones_de_desserte_de_l_approvisionnement_en_electricite/MapServer/WFSServer?request=GetCapabilities&service=WFS (source 999/1467)
2025-11-30 06:16:51,286 - Scraping log - scraper.py >         <module>(): Line 751 - INFO - Running default scraper on KT_FR > https://geo.fr.ch/ags/services/OpenData/Zones_de_protection_des_eaux_souterraines_RDPPF/MapServer/WFSServer?request=GetCapabilities&service=WFS (source 1000/1467)
2025-11-30 06:16:54,588 - Scraping log - scraper.py >         <module>(): Line 751 - INFO - Running default scraper on KT_FR > https://geo.fr.ch/ags/services/OpenData/Zones_de_recrutement_des_etablissements_primaires_francophones/MapServer/WFSServer?request=GetCapabilities&service=WFS (source 1001/1467)
2025-11-30 06:16:57,772 - Scraping log - scraper.py >         <module>(): Line 751 - INFO - Running default scraper on KT_FR > https://geo.fr.ch/ags/services/OpenData/Zones_de_recrutement_des_etablissements_primaires_germanophones/MapServer/WFSServer?request=GetCapabilities&service=WFS (source 1002/1467)
2025-11-30 06:17:01,128 - Scraping log - scraper.py >         <module>(): Line 751 - INFO - Running default scraper on KT_FR > https://geo.fr.ch/ags/services/OpenData/Zones_de_recrutement_des_etablissements_secondaires_francophones/MapServer/WFSServer?request=GetCapabilities&service=WFS (source 1003/1467)
2025-11-30 06:17:04,803 - Scraping log - scraper.py >         <module>(): Line 751 - INFO - Running default scraper on KT_FR > https://geo.fr.ch/ags/services/OpenData/Zones_de_recrutement_des_etablissements_secondaires_germanophones/MapServer/WFSServer?request=GetCapabilities&service=WFS (source 1004/1467)
2025-11-30 06:17:08,234 - Scraping log - scraper.py >         <module>(): Line 751 - INFO - Running default scraper on KT_FR > https://geo.fr.ch/ags/services/OpenData/Zones_de_tensions_negligeables/MapServer/WFSServer?request=GetCapabilities&service=WFS (source 1005/1467)
2025-11-30 06:17:11,649 - Scraping log - scraper.py >         <module>(): Line 751 - INFO - Running default scraper on KT_FR > https://geo.fr.ch/ags/services/OpenData/Zones_de_tranquillite/MapServer/WFSServer?request=GetCapabilities&service=WFS (source 1006/1467)
2025-11-30 06:17:14,909 - Scraping log - scraper.py >         <module>(): Line 751 - INFO - Running default scraper on KT_FR > https://geo.fr.ch/ags/services/OpenData/Zones_et_reserves_de_peche_cours_d_eau/MapServer/WFSServer?request=GetCapabilities&service=WFS (source 1007/1467)
2025-11-30 06:17:15,332 - Scraping log - scraper.py >         <module>(): Line 759 - WARNING - Scraping KT_FR > https://geo.fr.ch/ags/services/OpenData/Zones_et_reserves_de_peche_cours_d_eau/MapServer/WFSServer?request=GetCapabilities&service=WFS aborted
2025-11-30 06:17:15,332 - Scraping log - scraper.py >         <module>(): Line 751 - INFO - Running default scraper on KT_FR > https://geo.fr.ch/ags/services/OpenData/Zones_et_reserves_de_peche_lacs/MapServer/WFSServer?request=GetCapabilities&service=WFS (source 1008/1467)
2025-11-30 06:17:15,745 - Scraping log - scraper.py >         <module>(): Line 759 - WARNING - Scraping KT_FR > https://geo.fr.ch/ags/services/OpenData/Zones_et_reserves_de_peche_lacs/MapServer/WFSServer?request=GetCapabilities&service=WFS aborted
2025-11-30 06:17:15,745 - Scraping log - scraper.py >         <module>(): Line 751 - INFO - Running default scraper on KT_FR > https://geo.fr.ch/ags/services/OpenData/Zones_humides_Ramsar/MapServer/WFSServer?request=GetCapabilities&service=WFS (source 1009/1467)
2025-11-30 06:17:19,443 - Scraping log - scraper.py >         <module>(): Line 751 - INFO - Running default scraper on KT_FR > https://geo.fr.ch/ags/services/OpenData/Zones_interdites_au_kitesurfing/MapServer/WFSServer?request=GetCapabilities&service=WFS (source 1010/1467)
2025-11-30 06:17:22,737 - Scraping log - scraper.py >         <module>(): Line 751 - INFO - Running default scraper on KT_FR > https://geo.fr.ch/ags/services/OpenData/Zones_reservees_des_routes_cantonales_RDPPF/MapServer/WFSServer?request=GetCapabilities&service=WFS (source 1011/1467)
2025-11-30 06:17:26,514 - Scraping log - scraper.py >         <module>(): Line 751 - INFO - Running default scraper on KT_FR > https://geo.fr.ch/ags/services/OpenData/Zones_reservees_RDPPF_affectation/MapServer/WFSServer?request=GetCapabilities&service=WFS (source 1012/1467)
2025-11-30 06:17:29,663 - Scraping log - scraper.py >         <module>(): Line 751 - INFO - Running default scraper on KT_FR > https://geo.fr.ch/ags/services/OpenData/Zones_superposees_de_protection_de_la_nature_et_du_paysage/MapServer/WFSServer?request=GetCapabilities&service=WFS (source 1013/1467)
2025-11-30 06:17:30,078 - Scraping log - scraper.py >         <module>(): Line 759 - WARNING - Scraping KT_FR > https://geo.fr.ch/ags/services/OpenData/Zones_superposees_de_protection_de_la_nature_et_du_paysage/MapServer/WFSServer?request=GetCapabilities&service=WFS aborted
2025-11-30 06:17:30,078 - Scraping log - scraper.py >         <module>(): Line 751 - INFO - Running default scraper on KT_FR > https://geo.fr.ch/ags/services/OpenData/Accidents_de_la_circulation_routiere/MapServer/WMSServer?request=GetCapabilities&service=WMS (source 1014/1467)
2025-11-30 06:17:33,895 - Scraping log - scraper.py >         <module>(): Line 751 - INFO - Running default scraper on KT_FR > https://geo.fr.ch/ags/services/OpenData/Accroissement_annuel_de_trafic_2015_2020/MapServer/WMSServer?request=GetCapabilities&service=WMS (source 1015/1467)
2025-11-30 06:17:36,397 - Scraping log - scraper.py >         <module>(): Line 751 - INFO - Running default scraper on KT_FR > https://geo.fr.ch/ags/services/OpenData/Admissibilite_des_sondes_geothermiques_SGV/MapServer/WMSServer?request=GetCapabilities&service=WMS (source 1016/1467)
2025-11-30 06:17:38,976 - Scraping log - scraper.py >         <module>(): Line 751 - INFO - Running default scraper on KT_FR > https://geo.fr.ch/ags/services/OpenData/Adresses_MO_RegBL_par_rue/MapServer/WMSServer?request=GetCapabilities&service=WMS (source 1017/1467)
2025-11-30 06:17:41,692 - Scraping log - scraper.py >         <module>(): Line 751 - INFO - Running default scraper on KT_FR > https://geo.fr.ch/ags/services/OpenData/Adresses_MO_RegBL_RegBAFR/MapServer/WMSServer?request=GetCapabilities&service=WMS (source 1018/1467)
2025-11-30 06:17:43,814 - Scraping log - scraper.py >         <module>(): Line 751 - INFO - Running default scraper on KT_FR > https://geo.fr.ch/ags/services/OpenData/Adresses_REGBL/MapServer/WMSServer?request=GetCapabilities&service=WMS (source 1019/1467)
2025-11-30 06:17:46,878 - Scraping log - scraper.py >         <module>(): Line 751 - INFO - Running default scraper on KT_FR > https://geo.fr.ch/ags/services/OpenData/Affectations_primaires_RDPPF_affectation/MapServer/WMSServer?request=GetCapabilities&service=WMS (source 1020/1467)
2025-11-30 06:17:50,636 - Scraping log - scraper.py >         <module>(): Line 751 - INFO - Running default scraper on KT_FR > https://geo.fr.ch/ags/services/OpenData/Amenagements_longitudinaux_plan_sectoriel_velo/MapServer/WMSServer?request=GetCapabilities&service=WMS (source 1021/1467)
2025-11-30 06:17:53,696 - Scraping log - scraper.py >         <module>(): Line 751 - INFO - Running default scraper on KT_FR > https://geo.fr.ch/ags/services/OpenData/Amenagements_ponctuels_plan_sectoriel_velo/MapServer/WMSServer?request=GetCapabilities&service=WMS (source 1022/1467)
2025-11-30 06:17:56,100 - Scraping log - scraper.py >         <module>(): Line 751 - INFO - Running default scraper on KT_FR > https://geo.fr.ch/ags/services/OpenData/Animation_socioculturelle_communale/MapServer/WMSServer?request=GetCapabilities&service=WMS (source 1023/1467)
2025-11-30 06:17:58,492 - Scraping log - scraper.py >         <module>(): Line 751 - INFO - Running default scraper on KT_FR > https://geo.fr.ch/ags/services/OpenData/Animation_socioculturelle_regionale/MapServer/WMSServer?request=GetCapabilities&service=WMS (source 1024/1467)
2025-11-30 06:18:01,093 - Scraping log - scraper.py >         <module>(): Line 751 - INFO - Running default scraper on KT_FR > https://geo.fr.ch/ags/services/OpenData/AOP_Emmental/MapServer/WMSServer?request=GetCapabilities&service=WMS (source 1025/1467)
2025-11-30 06:18:03,772 - Scraping log - scraper.py >         <module>(): Line 751 - INFO - Running default scraper on KT_FR > https://geo.fr.ch/ags/services/OpenData/AOP_Gruyere/MapServer/WMSServer?request=GetCapabilities&service=WMS (source 1026/1467)
2025-11-30 06:18:06,518 - Scraping log - scraper.py >         <module>(): Line 751 - INFO - Running default scraper on KT_FR > https://geo.fr.ch/ags/services/OpenData/AOP_Poire_a_botzi/MapServer/WMSServer?request=GetCapabilities&service=WMS (source 1027/1467)
2025-11-30 06:18:09,002 - Scraping log - scraper.py >         <module>(): Line 751 - INFO - Running default scraper on KT_FR > https://geo.fr.ch/ags/services/OpenData/AOP_Vacherin_fribourgeois/MapServer/WMSServer?request=GetCapabilities&service=WMS (source 1028/1467)
2025-11-30 06:18:11,849 - Scraping log - scraper.py >         <module>(): Line 751 - INFO - Running default scraper on KT_FR > https://geo.fr.ch/ags/services/OpenData/Aptitudes_climatiques/MapServer/WMSServer?request=GetCapabilities&service=WMS (source 1029/1467)
2025-11-30 06:18:14,195 - Scraping log - scraper.py >         <module>(): Line 751 - INFO - Running default scraper on KT_FR > https://geo.fr.ch/ags/services/OpenData/Aquiferes_de_l_inventaire_des_eaux_souterraines/MapServer/WMSServer?request=GetCapabilities&service=WMS (source 1030/1467)
2025-11-30 06:18:17,095 - Scraping log - scraper.py >         <module>(): Line 751 - INFO - Running default scraper on KT_FR > https://geo.fr.ch/ags/services/OpenData/Arbres_culture/MapServer/WMSServer?request=GetCapabilities&service=WMS (source 1031/1467)
2025-11-30 06:18:19,733 - Scraping log - scraper.py >         <module>(): Line 751 - INFO - Running default scraper on KT_FR > https://geo.fr.ch/ags/services/OpenData/Arbres_spectaculaires/MapServer/WMSServer?request=GetCapabilities&service=WMS (source 1032/1467)
2025-11-30 06:18:22,547 - Scraping log - scraper.py >         <module>(): Line 751 - INFO - Running default scraper on KT_FR > https://geo.fr.ch/ags/services/OpenData/Arrets_de_transport_public/MapServer/WMSServer?request=GetCapabilities&service=WMS (source 1033/1467)
2025-11-30 06:18:26,541 - Scraping log - scraper.py >         <module>(): Line 751 - INFO - Running default scraper on KT_FR > https://geo.fr.ch/ags/services/OpenData/Arrondissements_d_entretien_routes_cantonales/MapServer/WMSServer?request=GetCapabilities&service=WMS (source 1034/1467)
2025-11-30 06:18:28,814 - Scraping log - scraper.py >         <module>(): Line 751 - INFO - Running default scraper on KT_FR > https://geo.fr.ch/ags/services/OpenData/Arrondissements_d_inspectorat_ecoles/MapServer/WMSServer?request=GetCapabilities&service=WMS (source 1035/1467)
2025-11-30 06:18:31,403 - Scraping log - scraper.py >         <module>(): Line 751 - INFO - Running default scraper on KT_FR > https://geo.fr.ch/ags/services/OpenData/Arrondissements_forestiers/MapServer/WMSServer?request=GetCapabilities&service=WMS (source 1036/1467)
2025-11-30 06:18:33,789 - Scraping log - scraper.py >         <module>(): Line 751 - INFO - Running default scraper on KT_FR > https://geo.fr.ch/ags/services/OpenData/Assainissement_de_terrain_drainage/MapServer/WMSServer?request=GetCapabilities&service=WMS (source 1037/1467)
2025-11-30 06:18:36,489 - Scraping log - scraper.py >         <module>(): Line 751 - INFO - Running default scraper on KT_FR > https://geo.fr.ch/ags/services/OpenData/Associations_forestieres_remarquables/MapServer/WMSServer?request=GetCapabilities&service=WMS (source 1038/1467)
2025-11-30 06:18:38,977 - Scraping log - scraper.py >         <module>(): Line 751 - INFO - Running default scraper on KT_FR > https://geo.fr.ch/ags/services/OpenData/Axes_de_maintenance_SRB/MapServer/WMSServer?request=GetCapabilities&service=WMS (source 1039/1467)
2025-11-30 06:18:41,864 - Scraping log - scraper.py >         <module>(): Line 751 - INFO - Running default scraper on KT_FR > https://geo.fr.ch/ags/services/OpenData/Bandes_cyclables_routes_cantonales/MapServer/WMSServer?request=GetCapabilities&service=WMS (source 1040/1467)
2025-11-30 06:18:44,489 - Scraping log - scraper.py >         <module>(): Line 751 - INFO - Running default scraper on KT_FR > https://geo.fr.ch/ags/services/OpenData/Bas_marais_d_importance_locale/MapServer/WMSServer?request=GetCapabilities&service=WMS (source 1041/1467)
2025-11-30 06:18:47,240 - Scraping log - scraper.py >         <module>(): Line 751 - INFO - Running default scraper on KT_FR > https://geo.fr.ch/ags/services/OpenData/Bas_marais_d_importance_nationale/MapServer/WMSServer?request=GetCapabilities&service=WMS (source 1042/1467)
2025-11-30 06:18:49,840 - Scraping log - scraper.py >         <module>(): Line 751 - INFO - Running default scraper on KT_FR > https://geo.fr.ch/ags/services/OpenData/Bas_marais/MapServer/WMSServer?request=GetCapabilities&service=WMS (source 1043/1467)
2025-11-30 06:18:50,353 - Scraping log - scraper.py >         <module>(): Line 759 - WARNING - Scraping KT_FR > https://geo.fr.ch/ags/services/OpenData/Bas_marais/MapServer/WMSServer?request=GetCapabilities&service=WMS aborted
2025-11-30 06:18:50,353 - Scraping log - scraper.py >         <module>(): Line 751 - INFO - Running default scraper on KT_FR > https://geo.fr.ch/ags/services/OpenData/Batiments_exposes_aux_dangers_naturels_gravitaires___par_processus/MapServer/WMSServer?request=GetCapabilities&service=WMS (source 1044/1467)
2025-11-30 06:18:50,885 - Scraping log - scraper.py >         <module>(): Line 759 - WARNING - Scraping KT_FR > https://geo.fr.ch/ags/services/OpenData/Batiments_exposes_aux_dangers_naturels_gravitaires___par_processus/MapServer/WMSServer?request=GetCapabilities&service=WMS aborted
2025-11-30 06:18:50,886 - Scraping log - scraper.py >         <module>(): Line 751 - INFO - Running default scraper on KT_FR > https://geo.fr.ch/ags/services/OpenData/Batiments_MO_RegBL_par_rue/MapServer/WMSServer?request=GetCapabilities&service=WMS (source 1045/1467)
2025-11-30 06:18:53,329 - Scraping log - scraper.py >         <module>(): Line 751 - INFO - Running default scraper on KT_FR > https://geo.fr.ch/ags/services/OpenData/Batiments_MO_RegBL_RegBAFR/MapServer/WMSServer?request=GetCapabilities&service=WMS (source 1046/1467)
2025-11-30 06:18:55,428 - Scraping log - scraper.py >         <module>(): Line 751 - INFO - Running default scraper on KT_FR > https://geo.fr.ch/ags/services/OpenData/Batraciens_et_trafic_routier/MapServer/WMSServer?request=GetCapabilities&service=WMS (source 1047/1467)
2025-11-30 06:18:55,952 - Scraping log - scraper.py >         <module>(): Line 759 - WARNING - Scraping KT_FR > https://geo.fr.ch/ags/services/OpenData/Batraciens_et_trafic_routier/MapServer/WMSServer?request=GetCapabilities&service=WMS aborted
2025-11-30 06:18:55,952 - Scraping log - scraper.py >         <module>(): Line 751 - INFO - Running default scraper on KT_FR > https://geo.fr.ch/ags/services/OpenData/Belastete_Standorte_Ablagerungsstandorte/MapServer/WMSServer?request=GetCapabilities&service=WMS (source 1048/1467)
2025-11-30 06:18:58,659 - Scraping log - scraper.py >         <module>(): Line 751 - INFO - Running default scraper on KT_FR > https://geo.fr.ch/ags/services/OpenData/Belastete_Standorte_Betriebsstandorte/MapServer/WMSServer?request=GetCapabilities&service=WMS (source 1049/1467)
2025-11-30 06:19:01,226 - Scraping log - scraper.py >         <module>(): Line 751 - INFO - Running default scraper on KT_FR > https://geo.fr.ch/ags/services/OpenData/Belastete_Standorte_Schiessanlagen/MapServer/WMSServer?request=GetCapabilities&service=WMS (source 1050/1467)
2025-11-30 06:19:03,814 - Scraping log - scraper.py >         <module>(): Line 751 - INFO - Running default scraper on KT_FR > https://geo.fr.ch/ags/services/OpenData/Belastete_Standorte_Unfallstandorte/MapServer/WMSServer?request=GetCapabilities&service=WMS (source 1051/1467)
2025-11-30 06:19:06,211 - Scraping log - scraper.py >         <module>(): Line 751 - INFO - Running default scraper on KT_FR > https://geo.fr.ch/ags/services/OpenData/Biens_culturels_immeubles_proteges_RBCI_SBC/MapServer/WMSServer?request=GetCapabilities&service=WMS (source 1052/1467)
2025-11-30 06:19:09,066 - Scraping log - scraper.py >         <module>(): Line 751 - INFO - Running default scraper on KT_FR > https://geo.fr.ch/ags/services/OpenData/Biens_culturels_immeubles_recenses_RBCI_SBC/MapServer/WMSServer?request=GetCapabilities&service=WMS (source 1053/1467)
2025-11-30 06:19:11,482 - Scraping log - scraper.py >         <module>(): Line 751 - INFO - Running default scraper on KT_FR > https://geo.fr.ch/ags/services/OpenData/Blocs_erratiques_d_importance_cantonale_Etude_de_base/MapServer/WMSServer?request=GetCapabilities&service=WMS (source 1054/1467)
2025-11-30 06:19:14,156 - Scraping log - scraper.py >         <module>(): Line 751 - INFO - Running default scraper on KT_FR > https://geo.fr.ch/ags/services/OpenData/Bornes_historiques/MapServer/WMSServer?request=GetCapabilities&service=WMS (source 1055/1467)
2025-11-30 06:19:16,534 - Scraping log - scraper.py >         <module>(): Line 751 - INFO - Running default scraper on KT_FR > https://geo.fr.ch/ags/services/OpenData/Cadastre_des_evenements_StorMe/MapServer/WMSServer?request=GetCapabilities&service=WMS (source 1056/1467)
2025-11-30 06:19:16,949 - Scraping log - scraper.py >         <module>(): Line 759 - WARNING - Scraping KT_FR > https://geo.fr.ch/ags/services/OpenData/Cadastre_des_evenements_StorMe/MapServer/WMSServer?request=GetCapabilities&service=WMS aborted
2025-11-30 06:19:16,949 - Scraping log - scraper.py >         <module>(): Line 751 - INFO - Running default scraper on KT_FR > https://geo.fr.ch/ags/services/OpenData/Cadastre_des_sites_pollues_RDPPF/MapServer/WMSServer?request=GetCapabilities&service=WMS (source 1057/1467)
2025-11-30 06:19:19,716 - Scraping log - scraper.py >         <module>(): Line 751 - INFO - Running default scraper on KT_FR > https://geo.fr.ch/ags/services/OpenData/Canton/MapServer/WMSServer?request=GetCapabilities&service=WMS (source 1058/1467)
2025-11-30 06:19:22,184 - Scraping log - scraper.py >         <module>(): Line 751 - INFO - Running default scraper on KT_FR > https://geo.fr.ch/ags/services/OpenData/Captages_AquaFri/MapServer/WMSServer?request=GetCapabilities&service=WMS (source 1059/1467)
2025-11-30 06:19:27,616 - Scraping log - scraper.py >         <module>(): Line 751 - INFO - Running default scraper on KT_FR > https://geo.fr.ch/ags/services/OpenData/Carte_de_danger___Avalanches/MapServer/WMSServer?request=GetCapabilities&service=WMS (source 1060/1467)
2025-11-30 06:19:30,026 - Scraping log - scraper.py >         <module>(): Line 751 - INFO - Running default scraper on KT_FR > https://geo.fr.ch/ags/services/OpenData/Carte_de_danger___Chutes_de_pierres___blocs/MapServer/WMSServer?request=GetCapabilities&service=WMS (source 1061/1467)
2025-11-30 06:19:30,548 - Scraping log - scraper.py >         <module>(): Line 759 - WARNING - Scraping KT_FR > https://geo.fr.ch/ags/services/OpenData/Carte_de_danger___Chutes_de_pierres___blocs/MapServer/WMSServer?request=GetCapabilities&service=WMS aborted
2025-11-30 06:19:30,548 - Scraping log - scraper.py >         <module>(): Line 751 - INFO - Running default scraper on KT_FR > https://geo.fr.ch/ags/services/OpenData/Carte_de_danger___Chutes_de_pierres__blocs/MapServer/WMSServer?request=GetCapabilities&service=WMS (source 1062/1467)
2025-11-30 06:19:30,976 - Scraping log - scraper.py >         <module>(): Line 759 - WARNING - Scraping KT_FR > https://geo.fr.ch/ags/services/OpenData/Carte_de_danger___Chutes_de_pierres__blocs/MapServer/WMSServer?request=GetCapabilities&service=WMS aborted
2025-11-30 06:19:30,976 - Scraping log - scraper.py >         <module>(): Line 751 - INFO - Running default scraper on KT_FR > https://geo.fr.ch/ags/services/OpenData/Carte_de_danger___Crues/MapServer/WMSServer?request=GetCapabilities&service=WMS (source 1063/1467)
2025-11-30 06:19:33,453 - Scraping log - scraper.py >         <module>(): Line 751 - INFO - Running default scraper on KT_FR > https://geo.fr.ch/ags/services/OpenData/Carte_de_danger___Effondrements_de_falaise/MapServer/WMSServer?request=GetCapabilities&service=WMS (source 1064/1467)
2025-11-30 06:19:36,093 - Scraping log - scraper.py >         <module>(): Line 751 - INFO - Running default scraper on KT_FR > https://geo.fr.ch/ags/services/OpenData/Carte_de_danger___Glissements_de_terrain/MapServer/WMSServer?request=GetCapabilities&service=WMS (source 1065/1467)
2025-11-30 06:19:36,606 - Scraping log - scraper.py >         <module>(): Line 759 - WARNING - Scraping KT_FR > https://geo.fr.ch/ags/services/OpenData/Carte_de_danger___Glissements_de_terrain/MapServer/WMSServer?request=GetCapabilities&service=WMS aborted
2025-11-30 06:19:36,606 - Scraping log - scraper.py >         <module>(): Line 751 - INFO - Running default scraper on KT_FR > https://geo.fr.ch/ags/services/OpenData/Carte_de_danger___Laves_torrentielles/MapServer/WMSServer?request=GetCapabilities&service=WMS (source 1066/1467)
2025-11-30 06:19:38,909 - Scraping log - scraper.py >         <module>(): Line 751 - INFO - Running default scraper on KT_FR > https://geo.fr.ch/ags/services/OpenData/Carte_de_protection_des_eaux/MapServer/WMSServer?request=GetCapabilities&service=WMS (source 1067/1467)
2025-11-30 06:19:41,294 - Scraping log - scraper.py >         <module>(): Line 751 - INFO - Running default scraper on KT_FR > https://geo.fr.ch/ags/services/OpenData/Carte_des_sols_de_fondation/MapServer/WMSServer?request=GetCapabilities&service=WMS (source 1068/1467)
2025-11-30 06:19:43,837 - Scraping log - scraper.py >         <module>(): Line 751 - INFO - Running default scraper on KT_FR > https://geo.fr.ch/ags/services/OpenData/Categorie_de_protection_ISOS/MapServer/WMSServer?request=GetCapabilities&service=WMS (source 1069/1467)
2025-11-30 06:19:46,544 - Scraping log - scraper.py >         <module>(): Line 751 - INFO - Running default scraper on KT_FR > https://geo.fr.ch/ags/services/OpenData/Centrales_MCT_AquaFri/MapServer/WMSServer?request=GetCapabilities&service=WMS (source 1070/1467)
2025-11-30 06:19:49,243 - Scraping log - scraper.py >         <module>(): Line 751 - INFO - Running default scraper on KT_FR > https://geo.fr.ch/ags/services/OpenData/Centres_d_exploitation_agricole/MapServer/WMSServer?request=GetCapabilities&service=WMS (source 1071/1467)
2025-11-30 06:19:51,785 - Scraping log - scraper.py >         <module>(): Line 751 - INFO - Running default scraper on KT_FR > https://geo.fr.ch/ags/services/OpenData/Centres_forestiers/MapServer/WMSServer?request=GetCapabilities&service=WMS (source 1072/1467)
2025-11-30 06:19:54,301 - Scraping log - scraper.py >         <module>(): Line 751 - INFO - Running default scraper on KT_FR > https://geo.fr.ch/ags/services/OpenData/Cercles_electoraux_des_anciennes_paroisses_catholiques/MapServer/WMSServer?request=GetCapabilities&service=WMS (source 1073/1467)
2025-11-30 06:19:56,963 - Scraping log - scraper.py >         <module>(): Line 751 - INFO - Running default scraper on KT_FR > https://geo.fr.ch/ags/services/OpenData/Cercles_scolaires_primaires_francophones/MapServer/WMSServer?request=GetCapabilities&service=WMS (source 1074/1467)
2025-11-30 06:19:59,837 - Scraping log - scraper.py >         <module>(): Line 751 - INFO - Running default scraper on KT_FR > https://geo.fr.ch/ags/services/OpenData/Cercles_scolaires_primaires_germanophones/MapServer/WMSServer?request=GetCapabilities&service=WMS (source 1075/1467)
2025-11-30 06:20:02,661 - Scraping log - scraper.py >         <module>(): Line 751 - INFO - Running default scraper on KT_FR > https://geo.fr.ch/ags/services/OpenData/Cercles_scolaires_secondaires_francophones/MapServer/WMSServer?request=GetCapabilities&service=WMS (source 1076/1467)
2025-11-30 06:20:05,270 - Scraping log - scraper.py >         <module>(): Line 751 - INFO - Running default scraper on KT_FR > https://geo.fr.ch/ags/services/OpenData/Cercles_scolaires_secondaires_germanophones/MapServer/WMSServer?request=GetCapabilities&service=WMS (source 1077/1467)
2025-11-30 06:20:07,920 - Scraping log - scraper.py >         <module>(): Line 751 - INFO - Running default scraper on KT_FR > https://geo.fr.ch/ags/services/OpenData/Chalets_d_alpage_recenses_SBC/MapServer/WMSServer?request=GetCapabilities&service=WMS (source 1078/1467)
2025-11-30 06:20:11,060 - Scraping log - scraper.py >         <module>(): Line 751 - INFO - Running default scraper on KT_FR > https://geo.fr.ch/ags/services/OpenData/Chalets_d_alpage_recenses/MapServer/WMSServer?request=GetCapabilities&service=WMS (source 1079/1467)
2025-11-30 06:20:11,486 - Scraping log - scraper.py >         <module>(): Line 759 - WARNING - Scraping KT_FR > https://geo.fr.ch/ags/services/OpenData/Chalets_d_alpage_recenses/MapServer/WMSServer?request=GetCapabilities&service=WMS aborted
2025-11-30 06:20:11,487 - Scraping log - scraper.py >         <module>(): Line 751 - INFO - Running default scraper on KT_FR > https://geo.fr.ch/ags/services/OpenData/Chambres_AquaFri/MapServer/WMSServer?request=GetCapabilities&service=WMS (source 1080/1467)
2025-11-30 06:20:14,042 - Scraping log - scraper.py >         <module>(): Line 751 - INFO - Running default scraper on KT_FR > https://geo.fr.ch/ags/services/OpenData/Chemins_de_randonnee_pedestre/MapServer/WMSServer?request=GetCapabilities&service=WMS (source 1081/1467)
2025-11-30 06:20:16,603 - Scraping log - scraper.py >         <module>(): Line 751 - INFO - Running default scraper on KT_FR > https://geo.fr.ch/ags/services/OpenData/Chroniques_archeologiques/MapServer/WMSServer?request=GetCapabilities&service=WMS (source 1082/1467)
2025-11-30 06:20:19,282 - Scraping log - scraper.py >         <module>(): Line 751 - INFO - Running default scraper on KT_FR > https://geo.fr.ch/ags/services/OpenData/Circonscriptions_des_gardes_faune/MapServer/WMSServer?request=GetCapabilities&service=WMS (source 1083/1467)
2025-11-30 06:20:21,638 - Scraping log - scraper.py >         <module>(): Line 751 - INFO - Running default scraper on KT_FR > https://geo.fr.ch/ags/services/OpenData/Collecteurs_fonction_canalisations_routes_cantonales/MapServer/WMSServer?request=GetCapabilities&service=WMS (source 1084/1467)
2025-11-30 06:20:29,658 - Scraping log - scraper.py >         <module>(): Line 751 - INFO - Running default scraper on KT_FR > https://geo.fr.ch/ags/services/OpenData/Collecteurs_proprietaire_canalisations_routes_cantonales/MapServer/WMSServer?request=GetCapabilities&service=WMS (source 1085/1467)
2025-11-30 06:20:33,400 - Scraping log - scraper.py >         <module>(): Line 751 - INFO - Running default scraper on KT_FR > https://geo.fr.ch/ags/services/OpenData/Colonies_de_bouquetins/MapServer/WMSServer?request=GetCapabilities&service=WMS (source 1086/1467)
2025-11-30 06:20:35,934 - Scraping log - scraper.py >         <module>(): Line 751 - INFO - Running default scraper on KT_FR > https://geo.fr.ch/ags/services/OpenData/Communes_partenaires_d_easyvote/MapServer/WMSServer?request=GetCapabilities&service=WMS (source 1087/1467)
2025-11-30 06:20:38,293 - Scraping log - scraper.py >         <module>(): Line 751 - INFO - Running default scraper on KT_FR > https://geo.fr.ch/ags/services/OpenData/Communes_partenaires_d_engage_ch/MapServer/WMSServer?request=GetCapabilities&service=WMS (source 1088/1467)
2025-11-30 06:20:41,011 - Scraping log - scraper.py >         <module>(): Line 751 - INFO - Running default scraper on KT_FR > https://geo.fr.ch/ags/services/OpenData/Communes/MapServer/WMSServer?request=GetCapabilities&service=WMS (source 1089/1467)
2025-11-30 06:20:43,220 - Scraping log - scraper.py >         <module>(): Line 751 - INFO - Running default scraper on KT_FR > https://geo.fr.ch/ags/services/OpenData/Conduites_AquaFri/MapServer/WMSServer?request=GetCapabilities&service=WMS (source 1090/1467)
2025-11-30 06:20:45,568 - Scraping log - scraper.py >         <module>(): Line 751 - INFO - Running default scraper on KT_FR > https://geo.fr.ch/ags/services/OpenData/Conduites/MapServer/WMSServer?request=GetCapabilities&service=WMS (source 1091/1467)
2025-11-30 06:20:48,212 - Scraping log - scraper.py >         <module>(): Line 751 - INFO - Running default scraper on KT_FR > https://geo.fr.ch/ags/services/OpenData/Conseil_d_enfants_ou_de_jeunes_projets_de_participation_politique/MapServer/WMSServer?request=GetCapabilities&service=WMS (source 1092/1467)
2025-11-30 06:20:50,457 - Scraping log - scraper.py >         <module>(): Line 751 - INFO - Running default scraper on KT_FR > https://geo.fr.ch/ags/services/OpenData/Contenus_lineaires_RDPPF_affectation/MapServer/WMSServer?request=GetCapabilities&service=WMS (source 1093/1467)
2025-11-30 06:20:53,516 - Scraping log - scraper.py >         <module>(): Line 751 - INFO - Running default scraper on KT_FR > https://geo.fr.ch/ags/services/OpenData/Contenus_ponctuels_RDPPF_affectation/MapServer/WMSServer?request=GetCapabilities&service=WMS (source 1094/1467)
2025-11-30 06:20:56,628 - Scraping log - scraper.py >         <module>(): Line 751 - INFO - Running default scraper on KT_FR > https://geo.fr.ch/ags/services/OpenData/Contrats_d_exploitation_en_vertu_de_la_loi_sur_la_protection_de_la_nature/MapServer/WMSServer?request=GetCapabilities&service=WMS (source 1095/1467)
2025-11-30 06:20:59,390 - Scraping log - scraper.py >         <module>(): Line 751 - INFO - Running default scraper on KT_FR > https://geo.fr.ch/ags/services/OpenData/Corridors_a_faune/MapServer/WMSServer?request=GetCapabilities&service=WMS (source 1096/1467)
2025-11-30 06:21:02,182 - Scraping log - scraper.py >         <module>(): Line 751 - INFO - Running default scraper on KT_FR > https://geo.fr.ch/ags/services/OpenData/Couverture_des_places_protegees_dans_le_canton/MapServer/WMSServer?request=GetCapabilities&service=WMS (source 1097/1467)
2025-11-30 06:21:04,692 - Scraping log - scraper.py >         <module>(): Line 751 - INFO - Running default scraper on KT_FR > https://geo.fr.ch/ags/services/OpenData/Couverture_du_sol/MapServer/WMSServer?request=GetCapabilities&service=WMS (source 1098/1467)
2025-11-30 06:21:07,508 - Scraping log - scraper.py >         <module>(): Line 751 - INFO - Running default scraper on KT_FR > https://geo.fr.ch/ags/services/OpenData/Cultures/MapServer/WMSServer?request=GetCapabilities&service=WMS (source 1099/1467)
2025-11-30 06:21:08,020 - Scraping log - scraper.py >         <module>(): Line 759 - WARNING - Scraping KT_FR > https://geo.fr.ch/ags/services/OpenData/Cultures/MapServer/WMSServer?request=GetCapabilities&service=WMS aborted
2025-11-30 06:21:08,020 - Scraping log - scraper.py >         <module>(): Line 751 - INFO - Running default scraper on KT_FR > https://geo.fr.ch/ags/services/OpenData/Decoupage_du_MNS_swissSURFACE3D_Raster_pour_telechargement_par_tuile/MapServer/WMSServer?request=GetCapabilities&service=WMS (source 1100/1467)
2025-11-30 06:21:10,422 - Scraping log - scraper.py >         <module>(): Line 751 - INFO - Running default scraper on KT_FR > https://geo.fr.ch/ags/services/OpenData/Decoupage_du_MNT_swissALTI3D_pour_telechargement_par_tuile/MapServer/WMSServer?request=GetCapabilities&service=WMS (source 1101/1467)
2025-11-30 06:21:12,988 - Scraping log - scraper.py >         <module>(): Line 751 - INFO - Running default scraper on KT_FR > https://geo.fr.ch/ags/services/OpenData/Decoupage_du_nuage_de_points_classifies_swissSURFACE3D_pour_telechargement_par_tuile/MapServer/WMSServer?request=GetCapabilities&service=WMS (source 1102/1467)
2025-11-30 06:21:15,925 - Scraping log - scraper.py >         <module>(): Line 751 - INFO - Running default scraper on KT_FR > https://geo.fr.ch/ags/services/OpenData/Degre_de_sensibilite_au_bruit_dans_les_zones_d_affectation_RDPPF/MapServer/WMSServer?request=GetCapabilities&service=WMS (source 1103/1467)
2025-11-30 06:21:18,592 - Scraping log - scraper.py >         <module>(): Line 751 - INFO - Running default scraper on KT_FR > https://geo.fr.ch/ags/services/OpenData/Demandes_de_permis_de_construire_en_traitement/MapServer/WMSServer?request=GetCapabilities&service=WMS (source 1104/1467)
2025-11-30 06:21:21,239 - Scraping log - scraper.py >         <module>(): Line 751 - INFO - Running default scraper on KT_FR > https://geo.fr.ch/ags/services/OpenData/Depots_d_entretien_routes_cantonales/MapServer/WMSServer?request=GetCapabilities&service=WMS (source 1105/1467)
2025-11-30 06:21:23,774 - Scraping log - scraper.py >         <module>(): Line 751 - INFO - Running default scraper on KT_FR > https://geo.fr.ch/ags/services/OpenData/Disponibilite_cadastre_RDPPF_par_commune/MapServer/WMSServer?request=GetCapabilities&service=WMS (source 1106/1467)
2025-11-30 06:21:24,197 - Scraping log - scraper.py >         <module>(): Line 759 - WARNING - Scraping KT_FR > https://geo.fr.ch/ags/services/OpenData/Disponibilite_cadastre_RDPPF_par_commune/MapServer/WMSServer?request=GetCapabilities&service=WMS aborted
2025-11-30 06:21:24,197 - Scraping log - scraper.py >         <module>(): Line 751 - INFO - Running default scraper on KT_FR > https://geo.fr.ch/ags/services/OpenData/Distances_par_rapport_a_la_foret_RDPPF/MapServer/WMSServer?request=GetCapabilities&service=WMS (source 1107/1467)
2025-11-30 06:21:26,860 - Scraping log - scraper.py >         <module>(): Line 751 - INFO - Running default scraper on KT_FR > https://geo.fr.ch/ags/services/OpenData/Distances_par_rapport_a_la_foret/MapServer/WMSServer?request=GetCapabilities&service=WMS (source 1108/1467)
2025-11-30 06:21:27,275 - Scraping log - scraper.py >         <module>(): Line 759 - WARNING - Scraping KT_FR > https://geo.fr.ch/ags/services/OpenData/Distances_par_rapport_a_la_foret/MapServer/WMSServer?request=GetCapabilities&service=WMS aborted
2025-11-30 06:21:27,275 - Scraping log - scraper.py >         <module>(): Line 751 - INFO - Running default scraper on KT_FR > https://geo.fr.ch/ags/services/OpenData/Districts_francs/MapServer/WMSServer?request=GetCapabilities&service=WMS (source 1109/1467)
2025-11-30 06:21:29,887 - Scraping log - scraper.py >         <module>(): Line 751 - INFO - Running default scraper on KT_FR > https://geo.fr.ch/ags/services/OpenData/Districts/MapServer/WMSServer?request=GetCapabilities&service=WMS (source 1110/1467)
2025-11-30 06:21:32,622 - Scraping log - scraper.py >         <module>(): Line 751 - INFO - Running default scraper on KT_FR > https://geo.fr.ch/ags/services/OpenData/Donnees_FRIBO_sol_agricole/MapServer/WMSServer?request=GetCapabilities&service=WMS (source 1111/1467)
2025-11-30 06:21:35,271 - Scraping log - scraper.py >         <module>(): Line 751 - INFO - Running default scraper on KT_FR > https://geo.fr.ch/ags/services/OpenData/Ecoles_primaires_batiments/MapServer/WMSServer?request=GetCapabilities&service=WMS (source 1112/1467)
2025-11-30 06:21:37,904 - Scraping log - scraper.py >         <module>(): Line 751 - INFO - Running default scraper on KT_FR > https://geo.fr.ch/ags/services/OpenData/Ecoles_secondaires_batiments/MapServer/WMSServer?request=GetCapabilities&service=WMS (source 1113/1467)
2025-11-30 06:21:40,338 - Scraping log - scraper.py >         <module>(): Line 751 - INFO - Running default scraper on KT_FR > https://geo.fr.ch/ags/services/OpenData/EGID_REGBL/MapServer/WMSServer?request=GetCapabilities&service=WMS (source 1114/1467)
2025-11-30 06:21:43,004 - Scraping log - scraper.py >         <module>(): Line 751 - INFO - Running default scraper on KT_FR > https://geo.fr.ch/ags/services/OpenData/Elements_superposes_de_type_affectation_RDPPF_affectation/MapServer/WMSServer?request=GetCapabilities&service=WMS (source 1115/1467)
2025-11-30 06:21:46,166 - Scraping log - scraper.py >         <module>(): Line 751 - INFO - Running default scraper on KT_FR > https://geo.fr.ch/ags/services/OpenData/Elements_superposes_de_type_protection_RDPPF_affectation/MapServer/WMSServer?request=GetCapabilities&service=WMS (source 1116/1467)
2025-11-30 06:21:48,913 - Scraping log - scraper.py >         <module>(): Line 751 - INFO - Running default scraper on KT_FR > https://geo.fr.ch/ags/services/OpenData/Emplacement_des_barrieres_a_batraciens/MapServer/WMSServer?request=GetCapabilities&service=WMS (source 1117/1467)
2025-11-30 06:21:51,696 - Scraping log - scraper.py >         <module>(): Line 751 - INFO - Running default scraper on KT_FR > https://geo.fr.ch/ags/services/OpenData/Entites_paysageres_CQP/MapServer/WMSServer?request=GetCapabilities&service=WMS (source 1118/1467)
2025-11-30 06:21:54,258 - Scraping log - scraper.py >         <module>(): Line 751 - INFO - Running default scraper on KT_FR > https://geo.fr.ch/ags/services/OpenData/Entreprises_approuvees/MapServer/WMSServer?request=GetCapabilities&service=WMS (source 1119/1467)
2025-11-30 06:21:56,779 - Scraping log - scraper.py >         <module>(): Line 751 - INFO - Running default scraper on KT_FR > https://geo.fr.ch/ags/services/OpenData/Entreprises_en_cours/MapServer/WMSServer?request=GetCapabilities&service=WMS (source 1120/1467)
2025-11-30 06:21:59,621 - Scraping log - scraper.py >         <module>(): Line 751 - INFO - Running default scraper on KT_FR > https://geo.fr.ch/ags/services/OpenData/Entreprises_planifiees/MapServer/WMSServer?request=GetCapabilities&service=WMS (source 1121/1467)
2025-11-30 06:22:03,172 - Scraping log - scraper.py >         <module>(): Line 751 - INFO - Running default scraper on KT_FR > https://geo.fr.ch/ags/services/OpenData/Equipes_d_arrondissement_routes_cantonales/MapServer/WMSServer?request=GetCapabilities&service=WMS (source 1122/1467)
2025-11-30 06:22:03,594 - Scraping log - scraper.py >         <module>(): Line 759 - WARNING - Scraping KT_FR > https://geo.fr.ch/ags/services/OpenData/Equipes_d_arrondissement_routes_cantonales/MapServer/WMSServer?request=GetCapabilities&service=WMS aborted
2025-11-30 06:22:03,594 - Scraping log - scraper.py >         <module>(): Line 751 - INFO - Running default scraper on KT_FR > https://geo.fr.ch/ags/services/OpenData/Etat_des_cartes_de_dangers/MapServer/WMSServer?request=GetCapabilities&service=WMS (source 1123/1467)
2025-11-30 06:22:05,955 - Scraping log - scraper.py >         <module>(): Line 751 - INFO - Running default scraper on KT_FR > https://geo.fr.ch/ags/services/OpenData/Etat_du_registre_foncier/MapServer/WMSServer?request=GetCapabilities&service=WMS (source 1124/1467)
2025-11-30 06:22:08,551 - Scraping log - scraper.py >         <module>(): Line 751 - INFO - Running default scraper on KT_FR > https://geo.fr.ch/ags/services/OpenData/Etudes_geologiques_geotechniques/MapServer/WMSServer?request=GetCapabilities&service=WMS (source 1125/1467)
2025-11-30 06:22:12,397 - Scraping log - scraper.py >         <module>(): Line 751 - INFO - Running default scraper on KT_FR > https://geo.fr.ch/ags/services/OpenData/Exploitations_de_materiaux_et_decharges/MapServer/WMSServer?request=GetCapabilities&service=WMS (source 1126/1467)
2025-11-30 06:22:15,037 - Scraping log - scraper.py >         <module>(): Line 751 - INFO - Running default scraper on KT_FR > https://geo.fr.ch/ags/services/OpenData/Forages_lies_a_des_constructions/MapServer/WMSServer?request=GetCapabilities&service=WMS (source 1127/1467)
2025-11-30 06:22:19,783 - Scraping log - scraper.py >         <module>(): Line 751 - INFO - Running default scraper on KT_FR > https://geo.fr.ch/ags/services/OpenData/Forages_lies_a_des_sites_pollues/MapServer/WMSServer?request=GetCapabilities&service=WMS (source 1128/1467)
2025-11-30 06:22:22,762 - Scraping log - scraper.py >         <module>(): Line 751 - INFO - Running default scraper on KT_FR > https://geo.fr.ch/ags/services/OpenData/Forages_lies_a_des_sondes_geothermiques/MapServer/WMSServer?request=GetCapabilities&service=WMS (source 1129/1467)
2025-11-30 06:22:26,450 - Scraping log - scraper.py >         <module>(): Line 751 - INFO - Running default scraper on KT_FR > https://geo.fr.ch/ags/services/OpenData/Foret_de_protection_contre_les_dangers_naturels/MapServer/WMSServer?request=GetCapabilities&service=WMS (source 1130/1467)
2025-11-30 06:22:31,172 - Scraping log - scraper.py >         <module>(): Line 751 - INFO - Running default scraper on KT_FR > https://geo.fr.ch/ags/services/OpenData/Foret_en_zones_S_de_protection_des_eaux_souterraines/MapServer/WMSServer?request=GetCapabilities&service=WMS (source 1131/1467)
2025-11-30 06:22:31,593 - Scraping log - scraper.py >         <module>(): Line 759 - WARNING - Scraping KT_FR > https://geo.fr.ch/ags/services/OpenData/Foret_en_zones_S_de_protection_des_eaux_souterraines/MapServer/WMSServer?request=GetCapabilities&service=WMS aborted
2025-11-30 06:22:31,594 - Scraping log - scraper.py >         <module>(): Line 751 - INFO - Running default scraper on KT_FR > https://geo.fr.ch/ags/services/OpenData/Gazoducs_OPAM/MapServer/WMSServer?request=GetCapabilities&service=WMS (source 1132/1467)
2025-11-30 06:22:34,236 - Scraping log - scraper.py >         <module>(): Line 751 - INFO - Running default scraper on KT_FR > https://geo.fr.ch/ags/services/OpenData/Geotopes_d_importance_cantonale_GIC_Etude_de_base/MapServer/WMSServer?request=GetCapabilities&service=WMS (source 1133/1467)
2025-11-30 06:22:36,729 - Scraping log - scraper.py >         <module>(): Line 751 - INFO - Running default scraper on KT_FR > https://geo.fr.ch/ags/services/OpenData/Geotopes/MapServer/WMSServer?request=GetCapabilities&service=WMS (source 1134/1467)
2025-11-30 06:22:37,240 - Scraping log - scraper.py >         <module>(): Line 759 - WARNING - Scraping KT_FR > https://geo.fr.ch/ags/services/OpenData/Geotopes/MapServer/WMSServer?request=GetCapabilities&service=WMS aborted
2025-11-30 06:22:37,240 - Scraping log - scraper.py >         <module>(): Line 751 - INFO - Running default scraper on KT_FR > https://geo.fr.ch/ags/services/OpenData/Hauts_marais_d_importance_nationale/MapServer/WMSServer?request=GetCapabilities&service=WMS (source 1135/1467)
2025-11-30 06:22:39,683 - Scraping log - scraper.py >         <module>(): Line 751 - INFO - Running default scraper on KT_FR > https://geo.fr.ch/ags/services/OpenData/Hierarchie_du_reseau_cyclable_plan_sectoriel_velo/MapServer/WMSServer?request=GetCapabilities&service=WMS (source 1136/1467)
2025-11-30 06:22:42,547 - Scraping log - scraper.py >         <module>(): Line 751 - INFO - Running default scraper on KT_FR > https://geo.fr.ch/ags/services/OpenData/Horizons_sourciers_de_l_inventaire_des_eaux_souterraines/MapServer/WMSServer?request=GetCapabilities&service=WMS (source 1137/1467)
2025-11-30 06:22:44,922 - Scraping log - scraper.py >         <module>(): Line 751 - INFO - Running default scraper on KT_FR > https://geo.fr.ch/ags/services/OpenData/Hors_reseau_AquaFri/MapServer/WMSServer?request=GetCapabilities&service=WMS (source 1138/1467)
2025-11-30 06:22:47,561 - Scraping log - scraper.py >         <module>(): Line 751 - INFO - Running default scraper on KT_FR > https://geo.fr.ch/ags/services/OpenData/Hydrants_AquaFri/MapServer/WMSServer?request=GetCapabilities&service=WMS (source 1139/1467)
2025-11-30 06:22:50,029 - Scraping log - scraper.py >         <module>(): Line 751 - INFO - Running default scraper on KT_FR > https://geo.fr.ch/ags/services/OpenData/Immeubles_en_vigueur/MapServer/WMSServer?request=GetCapabilities&service=WMS (source 1140/1467)
2025-11-30 06:22:52,307 - Scraping log - scraper.py >         <module>(): Line 751 - INFO - Running default scraper on KT_FR > https://geo.fr.ch/ags/services/OpenData/Immeubles_projetes/MapServer/WMSServer?request=GetCapabilities&service=WMS (source 1141/1467)
2025-11-30 06:22:54,745 - Scraping log - scraper.py >         <module>(): Line 751 - INFO - Running default scraper on KT_FR > https://geo.fr.ch/ags/services/OpenData/Infrastructures_d_accueil_en_foret_lignes/MapServer/WMSServer?request=GetCapabilities&service=WMS (source 1142/1467)
2025-11-30 06:22:57,186 - Scraping log - scraper.py >         <module>(): Line 751 - INFO - Running default scraper on KT_FR > https://geo.fr.ch/ags/services/OpenData/Infrastructures_d_accueil_en_foret_points/MapServer/WMSServer?request=GetCapabilities&service=WMS (source 1143/1467)
2025-11-30 06:23:00,562 - Scraping log - scraper.py >         <module>(): Line 751 - INFO - Running default scraper on KT_FR > https://geo.fr.ch/ags/services/OpenData/Instabilites_de_terrain_morphologie/MapServer/WMSServer?request=GetCapabilities&service=WMS (source 1144/1467)
2025-11-30 06:23:00,992 - Scraping log - scraper.py >         <module>(): Line 759 - WARNING - Scraping KT_FR > https://geo.fr.ch/ags/services/OpenData/Instabilites_de_terrain_morphologie/MapServer/WMSServer?request=GetCapabilities&service=WMS aborted
2025-11-30 06:23:00,992 - Scraping log - scraper.py >         <module>(): Line 751 - INFO - Running default scraper on KT_FR > https://geo.fr.ch/ags/services/OpenData/Instabilites_de_terrain_typologie/MapServer/WMSServer?request=GetCapabilities&service=WMS (source 1145/1467)
2025-11-30 06:23:01,404 - Scraping log - scraper.py >         <module>(): Line 759 - WARNING - Scraping KT_FR > https://geo.fr.ch/ags/services/OpenData/Instabilites_de_terrain_typologie/MapServer/WMSServer?request=GetCapabilities&service=WMS aborted
2025-11-30 06:23:01,405 - Scraping log - scraper.py >         <module>(): Line 751 - INFO - Running default scraper on KT_FR > https://geo.fr.ch/ags/services/OpenData/Installations_de_mesure_AquaFri/MapServer/WMSServer?request=GetCapabilities&service=WMS (source 1146/1467)
2025-11-30 06:23:04,146 - Scraping log - scraper.py >         <module>(): Line 751 - INFO - Running default scraper on KT_FR > https://geo.fr.ch/ags/services/OpenData/Installations_de_traitement_AquaFri/MapServer/WMSServer?request=GetCapabilities&service=WMS (source 1147/1467)
2025-11-30 06:23:06,944 - Scraping log - scraper.py >         <module>(): Line 751 - INFO - Running default scraper on KT_FR > https://geo.fr.ch/ags/services/OpenData/Installations_stationnaires_OPAM/MapServer/WMSServer?request=GetCapabilities&service=WMS (source 1148/1467)
2025-11-30 06:23:09,682 - Scraping log - scraper.py >         <module>(): Line 751 - INFO - Running default scraper on KT_FR > https://geo.fr.ch/ags/services/OpenData/Irrigation/MapServer/WMSServer?request=GetCapabilities&service=WMS (source 1149/1467)
2025-11-30 06:23:11,955 - Scraping log - scraper.py >         <module>(): Line 751 - INFO - Running default scraper on KT_FR > https://geo.fr.ch/ags/services/OpenData/Itineraire_d_agglomeration_planifie_plan_sectoriel_velo/MapServer/WMSServer?request=GetCapabilities&service=WMS (source 1150/1467)
2025-11-30 06:23:14,712 - Scraping log - scraper.py >         <module>(): Line 751 - INFO - Running default scraper on KT_FR > https://geo.fr.ch/ags/services/OpenData/Itineraires_a_ski/MapServer/WMSServer?request=GetCapabilities&service=WMS (source 1151/1467)
2025-11-30 06:23:17,379 - Scraping log - scraper.py >         <module>(): Line 751 - INFO - Running default scraper on KT_FR > https://geo.fr.ch/ags/services/OpenData/Itineraires_convois_exceptionnels/MapServer/WMSServer?request=GetCapabilities&service=WMS (source 1152/1467)
2025-11-30 06:23:19,974 - Scraping log - scraper.py >         <module>(): Line 751 - INFO - Running default scraper on KT_FR > https://geo.fr.ch/ags/services/OpenData/Itineraires_en_raquette/MapServer/WMSServer?request=GetCapabilities&service=WMS (source 1153/1467)
2025-11-30 06:23:22,586 - Scraping log - scraper.py >         <module>(): Line 751 - INFO - Running default scraper on KT_FR > https://geo.fr.ch/ags/services/OpenData/Itineraires_SuisseMobile_randonnee_pedestre/MapServer/WMSServer?request=GetCapabilities&service=WMS (source 1154/1467)
2025-11-30 06:23:25,292 - Scraping log - scraper.py >         <module>(): Line 751 - INFO - Running default scraper on KT_FR > https://geo.fr.ch/ags/services/OpenData/Itineraires_SuisseMobile_roller/MapServer/WMSServer?request=GetCapabilities&service=WMS (source 1155/1467)
2025-11-30 06:23:28,092 - Scraping log - scraper.py >         <module>(): Line 751 - INFO - Running default scraper on KT_FR > https://geo.fr.ch/ags/services/OpenData/Itineraires_SuisseMobile_velo/MapServer/WMSServer?request=GetCapabilities&service=WMS (source 1156/1467)
2025-11-30 06:23:30,361 - Scraping log - scraper.py >         <module>(): Line 751 - INFO - Running default scraper on KT_FR > https://geo.fr.ch/ags/services/OpenData/Itineraires_SuisseMobile_VTT/MapServer/WMSServer?request=GetCapabilities&service=WMS (source 1157/1467)
2025-11-30 06:23:33,043 - Scraping log - scraper.py >         <module>(): Line 751 - INFO - Running default scraper on KT_FR > https://geo.fr.ch/ags/services/OpenData/Lieux_de_detention_d_animaux/MapServer/WMSServer?request=GetCapabilities&service=WMS (source 1158/1467)
2025-11-30 06:23:35,423 - Scraping log - scraper.py >         <module>(): Line 751 - INFO - Running default scraper on KT_FR > https://geo.fr.ch/ags/services/OpenData/Lieux_denommes_en_couleurs/MapServer/WMSServer?request=GetCapabilities&service=WMS (source 1159/1467)
2025-11-30 06:23:37,971 - Scraping log - scraper.py >         <module>(): Line 751 - INFO - Running default scraper on KT_FR > https://geo.fr.ch/ags/services/OpenData/Lieux_denommes/MapServer/WMSServer?request=GetCapabilities&service=WMS (source 1160/1467)
2025-11-30 06:23:40,311 - Scraping log - scraper.py >         <module>(): Line 751 - INFO - Running default scraper on KT_FR > https://geo.fr.ch/ags/services/OpenData/Lignes_de_transport_public/MapServer/WMSServer?request=GetCapabilities&service=WMS (source 1161/1467)
2025-11-30 06:23:44,073 - Scraping log - scraper.py >         <module>(): Line 751 - INFO - Running default scraper on KT_FR > https://geo.fr.ch/ags/services/OpenData/Limitations_de_vitesse_routes_cantonales/MapServer/WMSServer?request=GetCapabilities&service=WMS (source 1162/1467)
2025-11-30 06:23:46,605 - Scraping log - scraper.py >         <module>(): Line 751 - INFO - Running default scraper on KT_FR > https://geo.fr.ch/ags/services/OpenData/Limite_du_canton/MapServer/WMSServer?request=GetCapabilities&service=WMS (source 1163/1467)
2025-11-30 06:23:48,984 - Scraping log - scraper.py >         <module>(): Line 751 - INFO - Running default scraper on KT_FR > https://geo.fr.ch/ags/services/OpenData/Limites_de_communes/MapServer/WMSServer?request=GetCapabilities&service=WMS (source 1164/1467)
2025-11-30 06:23:51,270 - Scraping log - scraper.py >         <module>(): Line 751 - INFO - Running default scraper on KT_FR > https://geo.fr.ch/ags/services/OpenData/Limites_de_districts/MapServer/WMSServer?request=GetCapabilities&service=WMS (source 1165/1467)
2025-11-30 06:23:53,824 - Scraping log - scraper.py >         <module>(): Line 751 - INFO - Running default scraper on KT_FR > https://geo.fr.ch/ags/services/OpenData/Limites_des_stations_forestieres/MapServer/WMSServer?request=GetCapabilities&service=WMS (source 1166/1467)
2025-11-30 06:23:56,813 - Scraping log - scraper.py >         <module>(): Line 751 - INFO - Running default scraper on KT_FR > https://geo.fr.ch/ags/services/OpenData/Limites_des_zones_agricoles/MapServer/WMSServer?request=GetCapabilities&service=WMS (source 1167/1467)
2025-11-30 06:23:59,222 - Scraping log - scraper.py >         <module>(): Line 751 - INFO - Running default scraper on KT_FR > https://geo.fr.ch/ags/services/OpenData/Limites_forestieres_statiques_RDPPF/MapServer/WMSServer?request=GetCapabilities&service=WMS (source 1168/1467)
2025-11-30 06:24:01,925 - Scraping log - scraper.py >         <module>(): Line 751 - INFO - Running default scraper on KT_FR > https://geo.fr.ch/ags/services/OpenData/Limites_forestieres_statiques/MapServer/WMSServer?request=GetCapabilities&service=WMS (source 1169/1467)
2025-11-30 06:24:02,476 - Scraping log - scraper.py >         <module>(): Line 759 - WARNING - Scraping KT_FR > https://geo.fr.ch/ags/services/OpenData/Limites_forestieres_statiques/MapServer/WMSServer?request=GetCapabilities&service=WMS aborted
2025-11-30 06:24:02,476 - Scraping log - scraper.py >         <module>(): Line 751 - INFO - Running default scraper on KT_FR > https://geo.fr.ch/ags/services/OpenData/Localisation_des_sondes_geothermiques_SGV/MapServer/WMSServer?request=GetCapabilities&service=WMS (source 1170/1467)
2025-11-30 06:24:07,777 - Scraping log - scraper.py >         <module>(): Line 751 - INFO - Running default scraper on KT_FR > https://geo.fr.ch/ags/services/OpenData/Localites_avec_presence_d_un_chauffage_a_distance/MapServer/WMSServer?request=GetCapabilities&service=WMS (source 1171/1467)
2025-11-30 06:24:10,486 - Scraping log - scraper.py >         <module>(): Line 751 - INFO - Running default scraper on KT_FR > https://geo.fr.ch/ags/services/OpenData/Lots_de_mise_a_jour_periodique/MapServer/WMSServer?request=GetCapabilities&service=WMS (source 1172/1467)
2025-11-30 06:24:12,902 - Scraping log - scraper.py >         <module>(): Line 751 - INFO - Running default scraper on KT_FR > https://geo.fr.ch/ags/services/OpenData/Lots_de_peche_affermee/MapServer/WMSServer?request=GetCapabilities&service=WMS (source 1173/1467)
2025-11-30 06:24:15,383 - Scraping log - scraper.py >         <module>(): Line 751 - INFO - Running default scraper on KT_FR > https://geo.fr.ch/ags/services/OpenData/Lots_pour_la_pisciculture/MapServer/WMSServer?request=GetCapabilities&service=WMS (source 1174/1467)
2025-11-30 06:24:18,023 - Scraping log - scraper.py >         <module>(): Line 751 - INFO - Running default scraper on KT_FR > https://geo.fr.ch/ags/services/OpenData/Materiau_et_diametre_des_conduites_AquaFri/MapServer/WMSServer?request=GetCapabilities&service=WMS (source 1175/1467)
2025-11-30 06:24:20,467 - Scraping log - scraper.py >         <module>(): Line 751 - INFO - Running default scraper on KT_FR > https://geo.fr.ch/ags/services/OpenData/Modification_RCU_ou_revision_PAL_d_un_secteur_amenagement_local/MapServer/WMSServer?request=GetCapabilities&service=WMS (source 1176/1467)
2025-11-30 06:24:23,136 - Scraping log - scraper.py >         <module>(): Line 751 - INFO - Running default scraper on KT_FR > https://geo.fr.ch/ags/services/OpenData/Muehleberg_Zone_de_danger_de_la_centrale/MapServer/WMSServer?request=GetCapabilities&service=WMS (source 1177/1467)
2025-11-30 06:24:25,670 - Scraping log - scraper.py >         <module>(): Line 751 - INFO - Running default scraper on KT_FR > https://geo.fr.ch/ags/services/OpenData/Muehleberg_Zones_de_distribution_de_comprimes_d_iode/MapServer/WMSServer?request=GetCapabilities&service=WMS (source 1178/1467)
2025-11-30 06:24:27,887 - Scraping log - scraper.py >         <module>(): Line 751 - INFO - Running default scraper on KT_FR > https://geo.fr.ch/ags/services/OpenData/Noeuds_de_trafic_routes_cantonales/MapServer/WMSServer?request=GetCapabilities&service=WMS (source 1179/1467)
2025-11-30 06:24:30,979 - Scraping log - scraper.py >         <module>(): Line 751 - INFO - Running default scraper on KT_FR > https://geo.fr.ch/ags/services/OpenData/Noms_de_rues_et_de_lieux_denommes/MapServer/WMSServer?request=GetCapabilities&service=WMS (source 1180/1467)
2025-11-30 06:24:33,742 - Scraping log - scraper.py >         <module>(): Line 751 - INFO - Running default scraper on KT_FR > https://geo.fr.ch/ags/services/OpenData/Noms_locaux/MapServer/WMSServer?request=GetCapabilities&service=WMS (source 1181/1467)
2025-11-30 06:24:36,254 - Scraping log - scraper.py >         <module>(): Line 751 - INFO - Running default scraper on KT_FR > https://geo.fr.ch/ags/services/OpenData/NPA_et_localites/MapServer/WMSServer?request=GetCapabilities&service=WMS (source 1182/1467)
2025-11-30 06:24:39,778 - Scraping log - scraper.py >         <module>(): Line 751 - INFO - Running default scraper on KT_FR > https://geo.fr.ch/ags/services/OpenData/Numeros_d_immeubles_en_vigueur/MapServer/WMSServer?request=GetCapabilities&service=WMS (source 1183/1467)
2025-11-30 06:24:42,057 - Scraping log - scraper.py >         <module>(): Line 751 - INFO - Running default scraper on KT_FR > https://geo.fr.ch/ags/services/OpenData/Numeros_d_immeubles_projetes/MapServer/WMSServer?request=GetCapabilities&service=WMS (source 1184/1467)
2025-11-30 06:24:44,605 - Scraping log - scraper.py >         <module>(): Line 751 - INFO - Running default scraper on KT_FR > https://geo.fr.ch/ags/services/OpenData/Numeros_de_maisons/MapServer/WMSServer?request=GetCapabilities&service=WMS (source 1185/1467)
2025-11-30 06:24:47,364 - Scraping log - scraper.py >         <module>(): Line 751 - INFO - Running default scraper on KT_FR > https://geo.fr.ch/ags/services/OpenData/Numeros_des_batiments_et_noms_Labels_CS/MapServer/WMSServer?request=GetCapabilities&service=WMS (source 1186/1467)
2025-11-30 06:24:50,179 - Scraping log - scraper.py >         <module>(): Line 751 - INFO - Running default scraper on KT_FR > https://geo.fr.ch/ags/services/OpenData/Objets_divers_lineaires/MapServer/WMSServer?request=GetCapabilities&service=WMS (source 1187/1467)
2025-11-30 06:24:52,659 - Scraping log - scraper.py >         <module>(): Line 751 - INFO - Running default scraper on KT_FR > https://geo.fr.ch/ags/services/OpenData/Objets_divers_ponctuels/MapServer/WMSServer?request=GetCapabilities&service=WMS (source 1188/1467)
2025-11-30 06:24:55,415 - Scraping log - scraper.py >         <module>(): Line 751 - INFO - Running default scraper on KT_FR > https://geo.fr.ch/ags/services/OpenData/Objets_divers_surfaciques/MapServer/WMSServer?request=GetCapabilities&service=WMS (source 1189/1467)
2025-11-30 06:24:58,317 - Scraping log - scraper.py >         <module>(): Line 751 - INFO - Running default scraper on KT_FR > https://geo.fr.ch/ags/services/OpenData/Obstacles_convois_exceptionnels/MapServer/WMSServer?request=GetCapabilities&service=WMS (source 1190/1467)
2025-11-30 06:25:01,252 - Scraping log - scraper.py >         <module>(): Line 751 - INFO - Running default scraper on KT_FR > https://geo.fr.ch/ags/services/OpenData/Organes_communaux_de_conduite_ORCOC/MapServer/WMSServer?request=GetCapabilities&service=WMS (source 1191/1467)
2025-11-30 06:25:03,975 - Scraping log - scraper.py >         <module>(): Line 751 - INFO - Running default scraper on KT_FR > https://geo.fr.ch/ags/services/OpenData/Organisation_de_la_protection_civile/MapServer/WMSServer?request=GetCapabilities&service=WMS (source 1192/1467)
2025-11-30 06:25:06,483 - Scraping log - scraper.py >         <module>(): Line 751 - INFO - Running default scraper on KT_FR > https://geo.fr.ch/ags/services/OpenData/Ouvrages_d_art_routes_cantonales/MapServer/WMSServer?request=GetCapabilities&service=WMS (source 1193/1467)
2025-11-30 06:25:09,503 - Scraping log - scraper.py >         <module>(): Line 751 - INFO - Running default scraper on KT_FR > https://geo.fr.ch/ags/services/OpenData/Ouvrages_de_protection_lineaires_contre_les_instabilites_de_terrain_et_avalanches/MapServer/WMSServer?request=GetCapabilities&service=WMS (source 1194/1467)
2025-11-30 06:25:12,497 - Scraping log - scraper.py >         <module>(): Line 751 - INFO - Running default scraper on KT_FR > https://geo.fr.ch/ags/services/OpenData/Ouvrages_de_protection_ponctuels_contre_les_instabilites_de_terrain_et_avalanches/MapServer/WMSServer?request=GetCapabilities&service=WMS (source 1195/1467)
2025-11-30 06:25:15,326 - Scraping log - scraper.py >         <module>(): Line 751 - INFO - Running default scraper on KT_FR > https://geo.fr.ch/ags/services/OpenData/Ouvrages_de_protection_surfaciques_contre_les_instabilites_de_terrain_et_avalanches/MapServer/WMSServer?request=GetCapabilities&service=WMS (source 1196/1467)
2025-11-30 06:25:18,348 - Scraping log - scraper.py >         <module>(): Line 751 - INFO - Running default scraper on KT_FR > https://geo.fr.ch/ags/services/OpenData/Ouvrages_fonction_canalisations_routes_cantonales/MapServer/WMSServer?request=GetCapabilities&service=WMS (source 1197/1467)
2025-11-30 06:25:20,817 - Scraping log - scraper.py >         <module>(): Line 751 - INFO - Running default scraper on KT_FR > https://geo.fr.ch/ags/services/OpenData/Ouvrages_type_canalisations_routes_cantonales/MapServer/WMSServer?request=GetCapabilities&service=WMS (source 1198/1467)
2025-11-30 06:25:23,334 - Scraping log - scraper.py >         <module>(): Line 751 - INFO - Running default scraper on KT_FR > https://geo.fr.ch/ags/services/OpenData/Parcs_naturels/MapServer/WMSServer?request=GetCapabilities&service=WMS (source 1199/1467)
2025-11-30 06:25:23,851 - Scraping log - scraper.py >         <module>(): Line 759 - WARNING - Scraping KT_FR > https://geo.fr.ch/ags/services/OpenData/Parcs_naturels/MapServer/WMSServer?request=GetCapabilities&service=WMS aborted
2025-11-30 06:25:23,851 - Scraping log - scraper.py >         <module>(): Line 751 - INFO - Running default scraper on KT_FR > https://geo.fr.ch/ags/services/OpenData/Paroisses_catholiques/MapServer/WMSServer?request=GetCapabilities&service=WMS (source 1200/1467)
2025-11-30 06:25:26,512 - Scraping log - scraper.py >         <module>(): Line 751 - INFO - Running default scraper on KT_FR > https://geo.fr.ch/ags/services/OpenData/Paroisses_reformees/MapServer/WMSServer?request=GetCapabilities&service=WMS (source 1201/1467)
2025-11-30 06:25:28,817 - Scraping log - scraper.py >         <module>(): Line 751 - INFO - Running default scraper on KT_FR > https://geo.fr.ch/ags/services/OpenData/Paysages_IFP/MapServer/WMSServer?request=GetCapabilities&service=WMS (source 1202/1467)
2025-11-30 06:25:29,329 - Scraping log - scraper.py >         <module>(): Line 759 - WARNING - Scraping KT_FR > https://geo.fr.ch/ags/services/OpenData/Paysages_IFP/MapServer/WMSServer?request=GetCapabilities&service=WMS aborted
2025-11-30 06:25:29,329 - Scraping log - scraper.py >         <module>(): Line 751 - INFO - Running default scraper on KT_FR > https://geo.fr.ch/ags/services/OpenData/Perimetre_de_couverture_Sirenes_de_la_PCi/MapServer/WMSServer?request=GetCapabilities&service=WMS (source 1203/1467)
2025-11-30 06:25:31,955 - Scraping log - scraper.py >         <module>(): Line 751 - INFO - Running default scraper on KT_FR > https://geo.fr.ch/ags/services/OpenData/Perimetres_archeologiques/MapServer/WMSServer?request=GetCapabilities&service=WMS (source 1204/1467)
2025-11-30 06:25:34,633 - Scraping log - scraper.py >         <module>(): Line 751 - INFO - Running default scraper on KT_FR > https://geo.fr.ch/ags/services/OpenData/Perimetres_d_epuration/MapServer/WMSServer?request=GetCapabilities&service=WMS (source 1205/1467)
2025-11-30 06:25:37,218 - Scraping log - scraper.py >         <module>(): Line 751 - INFO - Running default scraper on KT_FR > https://geo.fr.ch/ags/services/OpenData/Perimetres_d_etude_detaillee___Crues_et_laves_torrentielles/MapServer/WMSServer?request=GetCapabilities&service=WMS (source 1206/1467)
2025-11-30 06:25:40,036 - Scraping log - scraper.py >         <module>(): Line 751 - INFO - Running default scraper on KT_FR > https://geo.fr.ch/ags/services/OpenData/Perimetres_d_etude_detaillee___Instabilites_et_avalanches/MapServer/WMSServer?request=GetCapabilities&service=WMS (source 1207/1467)
2025-11-30 06:25:42,743 - Scraping log - scraper.py >         <module>(): Line 751 - INFO - Running default scraper on KT_FR > https://geo.fr.ch/ags/services/OpenData/Perimetres_de_noms_locaux/MapServer/WMSServer?request=GetCapabilities&service=WMS (source 1208/1467)
2025-11-30 06:25:44,886 - Scraping log - scraper.py >         <module>(): Line 751 - INFO - Running default scraper on KT_FR > https://geo.fr.ch/ags/services/OpenData/Perimetres_de_protection_des_eaux_souterraines_RDPPF/MapServer/WMSServer?request=GetCapabilities&service=WMS (source 1209/1467)
2025-11-30 06:25:47,357 - Scraping log - scraper.py >         <module>(): Line 751 - INFO - Running default scraper on KT_FR > https://geo.fr.ch/ags/services/OpenData/Pistes_cyclables_routes_cantonales/MapServer/WMSServer?request=GetCapabilities&service=WMS (source 1210/1467)
2025-11-30 06:25:50,008 - Scraping log - scraper.py >         <module>(): Line 751 - INFO - Running default scraper on KT_FR > https://geo.fr.ch/ags/services/OpenData/Plan_sectoriel_pour_l_exploitation_de_materiaux_PSEM/MapServer/WMSServer?request=GetCapabilities&service=WMS (source 1211/1467)
2025-11-30 06:25:52,788 - Scraping log - scraper.py >         <module>(): Line 751 - INFO - Running default scraper on KT_FR > https://geo.fr.ch/ags/services/OpenData/Planification_cantonale_parcs_relais/MapServer/WMSServer?request=GetCapabilities&service=WMS (source 1212/1467)
2025-11-30 06:25:55,393 - Scraping log - scraper.py >         <module>(): Line 751 - INFO - Running default scraper on KT_FR > https://geo.fr.ch/ags/services/OpenData/Points_de_limite_territoriale/MapServer/WMSServer?request=GetCapabilities&service=WMS (source 1213/1467)
2025-11-30 06:25:58,060 - Scraping log - scraper.py >         <module>(): Line 751 - INFO - Running default scraper on KT_FR > https://geo.fr.ch/ags/services/OpenData/Points_de_Repere_SRB/MapServer/WMSServer?request=GetCapabilities&service=WMS (source 1214/1467)
2025-11-30 06:26:00,640 - Scraping log - scraper.py >         <module>(): Line 751 - INFO - Running default scraper on KT_FR > https://geo.fr.ch/ags/services/OpenData/Points_fixes/MapServer/WMSServer?request=GetCapabilities&service=WMS (source 1215/1467)
2025-11-30 06:26:03,671 - Scraping log - scraper.py >         <module>(): Line 751 - INFO - Running default scraper on KT_FR > https://geo.fr.ch/ags/services/OpenData/Points_limites_projetes/MapServer/WMSServer?request=GetCapabilities&service=WMS (source 1216/1467)
2025-11-30 06:26:06,242 - Scraping log - scraper.py >         <module>(): Line 751 - INFO - Running default scraper on KT_FR > https://geo.fr.ch/ags/services/OpenData/Points_limites/MapServer/WMSServer?request=GetCapabilities&service=WMS (source 1217/1467)
2025-11-30 06:26:08,397 - Scraping log - scraper.py >         <module>(): Line 751 - INFO - Running default scraper on KT_FR > https://geo.fr.ch/ags/services/OpenData/Pompes_AquaFri/MapServer/WMSServer?request=GetCapabilities&service=WMS (source 1218/1467)
2025-11-30 06:26:11,153 - Scraping log - scraper.py >         <module>(): Line 751 - INFO - Running default scraper on KT_FR > https://geo.fr.ch/ags/services/OpenData/Postes_de_comptage_de_trafic/MapServer/WMSServer?request=GetCapabilities&service=WMS (source 1219/1467)
2025-11-30 06:26:13,790 - Scraping log - scraper.py >         <module>(): Line 751 - INFO - Running default scraper on KT_FR > https://geo.fr.ch/ags/services/OpenData/Prairies_et_paturages_secs_d_importance_cantonale/MapServer/WMSServer?request=GetCapabilities&service=WMS (source 1220/1467)
2025-11-30 06:26:14,203 - Scraping log - scraper.py >         <module>(): Line 759 - WARNING - Scraping KT_FR > https://geo.fr.ch/ags/services/OpenData/Prairies_et_paturages_secs_d_importance_cantonale/MapServer/WMSServer?request=GetCapabilities&service=WMS aborted
2025-11-30 06:26:14,203 - Scraping log - scraper.py >         <module>(): Line 751 - INFO - Running default scraper on KT_FR > https://geo.fr.ch/ags/services/OpenData/Prairies_et_paturages_secs_d_importance_nationale/MapServer/WMSServer?request=GetCapabilities&service=WMS (source 1221/1467)
2025-11-30 06:26:14,634 - Scraping log - scraper.py >         <module>(): Line 759 - WARNING - Scraping KT_FR > https://geo.fr.ch/ags/services/OpenData/Prairies_et_paturages_secs_d_importance_nationale/MapServer/WMSServer?request=GetCapabilities&service=WMS aborted
2025-11-30 06:26:14,634 - Scraping log - scraper.py >         <module>(): Line 751 - INFO - Running default scraper on KT_FR > https://geo.fr.ch/ags/services/OpenData/Pression_statique_des_hydrants_AquaFri/MapServer/WMSServer?request=GetCapabilities&service=WMS (source 1222/1467)
2025-11-30 06:26:17,562 - Scraping log - scraper.py >         <module>(): Line 751 - INFO - Running default scraper on KT_FR > https://geo.fr.ch/ags/services/OpenData/Produits_d_alpage/MapServer/WMSServer?request=GetCapabilities&service=WMS (source 1223/1467)
2025-11-30 06:26:20,181 - Scraping log - scraper.py >         <module>(): Line 751 - INFO - Running default scraper on KT_FR > https://geo.fr.ch/ags/services/OpenData/Produits_de_montagne/MapServer/WMSServer?request=GetCapabilities&service=WMS (source 1224/1467)
2025-11-30 06:26:22,638 - Scraping log - scraper.py >         <module>(): Line 751 - INFO - Running default scraper on KT_FR > https://geo.fr.ch/ags/services/OpenData/Projets_paysage_CQP/MapServer/WMSServer?request=GetCapabilities&service=WMS (source 1225/1467)
2025-11-30 06:26:25,049 - Scraping log - scraper.py >         <module>(): Line 751 - INFO - Running default scraper on KT_FR > https://geo.fr.ch/ags/services/OpenData/Projets_VALTRALOC/MapServer/WMSServer?request=GetCapabilities&service=WMS (source 1226/1467)
2025-11-30 06:26:25,476 - Scraping log - scraper.py >         <module>(): Line 759 - WARNING - Scraping KT_FR > https://geo.fr.ch/ags/services/OpenData/Projets_VALTRALOC/MapServer/WMSServer?request=GetCapabilities&service=WMS aborted
2025-11-30 06:26:25,476 - Scraping log - scraper.py >         <module>(): Line 751 - INFO - Running default scraper on KT_FR > https://geo.fr.ch/ags/services/OpenData/Proportion_du_bati_expose_aux_dangers_naturels_par_commune/MapServer/WMSServer?request=GetCapabilities&service=WMS (source 1227/1467)
2025-11-30 06:26:27,872 - Scraping log - scraper.py >         <module>(): Line 751 - INFO - Running default scraper on KT_FR > https://geo.fr.ch/ags/services/OpenData/Qualite_des_donnees_descriptives/MapServer/WMSServer?request=GetCapabilities&service=WMS (source 1228/1467)
2025-11-30 06:26:30,386 - Scraping log - scraper.py >         <module>(): Line 751 - INFO - Running default scraper on KT_FR > https://geo.fr.ch/ags/services/OpenData/Qualite_des_immeubles_en_vigueur/MapServer/WMSServer?request=GetCapabilities&service=WMS (source 1229/1467)
2025-11-30 06:26:32,925 - Scraping log - scraper.py >         <module>(): Line 751 - INFO - Running default scraper on KT_FR > https://geo.fr.ch/ags/services/OpenData/Qualite_des_immeubles_projetes/MapServer/WMSServer?request=GetCapabilities&service=WMS (source 1230/1467)
2025-11-30 06:26:35,036 - Scraping log - scraper.py >         <module>(): Line 751 - INFO - Running default scraper on KT_FR > https://geo.fr.ch/ags/services/OpenData/Reducteurs_AquaFri/MapServer/WMSServer?request=GetCapabilities&service=WMS (source 1231/1467)
2025-11-30 06:26:37,462 - Scraping log - scraper.py >         <module>(): Line 751 - INFO - Running default scraper on KT_FR > https://geo.fr.ch/ags/services/OpenData/Remaniements_parcellaires/MapServer/WMSServer?request=GetCapabilities&service=WMS (source 1232/1467)
2025-11-30 06:26:40,149 - Scraping log - scraper.py >         <module>(): Line 751 - INFO - Running default scraper on KT_FR > https://geo.fr.ch/ags/services/OpenData/Repartition_des_niveaux_de_tolerance/MapServer/WMSServer?request=GetCapabilities&service=WMS (source 1233/1467)
2025-11-30 06:26:42,493 - Scraping log - scraper.py >         <module>(): Line 751 - INFO - Running default scraper on KT_FR > https://geo.fr.ch/ags/services/OpenData/Repartitions_des_plans/MapServer/WMSServer?request=GetCapabilities&service=WMS (source 1234/1467)
2025-11-30 06:26:45,070 - Scraping log - scraper.py >         <module>(): Line 751 - INFO - Running default scraper on KT_FR > https://geo.fr.ch/ags/services/OpenData/Reseau_d_itineraires_en_zones_de_tranquillite/MapServer/WMSServer?request=GetCapabilities&service=WMS (source 1235/1467)
2025-11-30 06:26:47,590 - Scraping log - scraper.py >         <module>(): Line 751 - INFO - Running default scraper on KT_FR > https://geo.fr.ch/ags/services/OpenData/Reseaux_ecologiques/MapServer/WMSServer?request=GetCapabilities&service=WMS (source 1236/1467)
2025-11-30 06:26:50,235 - Scraping log - scraper.py >         <module>(): Line 751 - INFO - Running default scraper on KT_FR > https://geo.fr.ch/ags/services/OpenData/Reseaux_integres_dans_AquaFri/MapServer/WMSServer?request=GetCapabilities&service=WMS (source 1237/1467)
2025-11-30 06:26:52,692 - Scraping log - scraper.py >         <module>(): Line 751 - INFO - Running default scraper on KT_FR > https://geo.fr.ch/ags/services/OpenData/Reseaux_non_integres_dans_AquaFri/MapServer/WMSServer?request=GetCapabilities&service=WMS (source 1238/1467)
2025-11-30 06:26:54,957 - Scraping log - scraper.py >         <module>(): Line 751 - INFO - Running default scraper on KT_FR > https://geo.fr.ch/ags/services/OpenData/Reserve_mycologique/MapServer/WMSServer?request=GetCapabilities&service=WMS (source 1239/1467)
2025-11-30 06:26:57,473 - Scraping log - scraper.py >         <module>(): Line 751 - INFO - Running default scraper on KT_FR > https://geo.fr.ch/ags/services/OpenData/Reserves_d_oiseaux_d_eau_et_migrateurs/MapServer/WMSServer?request=GetCapabilities&service=WMS (source 1240/1467)
2025-11-30 06:26:59,747 - Scraping log - scraper.py >         <module>(): Line 751 - INFO - Running default scraper on KT_FR > https://geo.fr.ch/ags/services/OpenData/Reserves_de_faune_pour_la_chasse/MapServer/WMSServer?request=GetCapabilities&service=WMS (source 1241/1467)
2025-11-30 06:27:02,102 - Scraping log - scraper.py >         <module>(): Line 751 - INFO - Running default scraper on KT_FR > https://geo.fr.ch/ags/services/OpenData/Reserves_forestieres_cantonales/MapServer/WMSServer?request=GetCapabilities&service=WMS (source 1242/1467)
2025-11-30 06:27:02,617 - Scraping log - scraper.py >         <module>(): Line 759 - WARNING - Scraping KT_FR > https://geo.fr.ch/ags/services/OpenData/Reserves_forestieres_cantonales/MapServer/WMSServer?request=GetCapabilities&service=WMS aborted
2025-11-30 06:27:02,617 - Scraping log - scraper.py >         <module>(): Line 751 - INFO - Running default scraper on KT_FR > https://geo.fr.ch/ags/services/OpenData/Reserves_forestieres_RDPPF/MapServer/WMSServer?request=GetCapabilities&service=WMS (source 1243/1467)
2025-11-30 06:27:04,931 - Scraping log - scraper.py >         <module>(): Line 751 - INFO - Running default scraper on KT_FR > https://geo.fr.ch/ags/services/OpenData/Reserves_forestieres/MapServer/WMSServer?request=GetCapabilities&service=WMS (source 1244/1467)
2025-11-30 06:27:07,864 - Scraping log - scraper.py >         <module>(): Line 751 - INFO - Running default scraper on KT_FR > https://geo.fr.ch/ags/services/OpenData/Reserves_naturelles_cantonales/MapServer/WMSServer?request=GetCapabilities&service=WMS (source 1245/1467)
2025-11-30 06:27:10,561 - Scraping log - scraper.py >         <module>(): Line 751 - INFO - Running default scraper on KT_FR > https://geo.fr.ch/ags/services/OpenData/Reserves_paysageres_cantonales/MapServer/WMSServer?request=GetCapabilities&service=WMS (source 1246/1467)
2025-11-30 06:27:13,259 - Scraping log - scraper.py >         <module>(): Line 751 - INFO - Running default scraper on KT_FR > https://geo.fr.ch/ags/services/OpenData/Reservoirs_AquaFri/MapServer/WMSServer?request=GetCapabilities&service=WMS (source 1247/1467)
2025-11-30 06:27:17,352 - Scraping log - scraper.py >         <module>(): Line 751 - INFO - Running default scraper on KT_FR > https://geo.fr.ch/ags/services/OpenData/Ressources___sources_et_puits___de_l_inventaire_des_eaux_souterraines/MapServer/WMSServer?request=GetCapabilities&service=WMS (source 1248/1467)
2025-11-30 06:27:19,774 - Scraping log - scraper.py >         <module>(): Line 751 - INFO - Running default scraper on KT_FR > https://geo.fr.ch/ags/services/OpenData/Revetements_phono_absorbants_routes_cantonales/MapServer/WMSServer?request=GetCapabilities&service=WMS (source 1249/1467)
2025-11-30 06:27:22,540 - Scraping log - scraper.py >         <module>(): Line 751 - INFO - Running default scraper on KT_FR > https://geo.fr.ch/ags/services/OpenData/Revision_generale_PAL_amenagement_local/MapServer/WMSServer?request=GetCapabilities&service=WMS (source 1250/1467)
2025-11-30 06:27:25,160 - Scraping log - scraper.py >         <module>(): Line 751 - INFO - Running default scraper on KT_FR > https://geo.fr.ch/ags/services/OpenData/Routes_Cantonales_LR/MapServer/WMSServer?request=GetCapabilities&service=WMS (source 1251/1467)
2025-11-30 06:27:25,577 - Scraping log - scraper.py >         <module>(): Line 759 - WARNING - Scraping KT_FR > https://geo.fr.ch/ags/services/OpenData/Routes_Cantonales_LR/MapServer/WMSServer?request=GetCapabilities&service=WMS aborted
2025-11-30 06:27:25,577 - Scraping log - scraper.py >         <module>(): Line 751 - INFO - Running default scraper on KT_FR > https://geo.fr.ch/ags/services/OpenData/Routes_Cantonales_ORGT___OUMin/MapServer/WMSServer?request=GetCapabilities&service=WMS (source 1252/1467)
2025-11-30 06:27:28,303 - Scraping log - scraper.py >         <module>(): Line 751 - INFO - Running default scraper on KT_FR > https://geo.fr.ch/ags/services/OpenData/Routes_Cantonales_OSR/MapServer/WMSServer?request=GetCapabilities&service=WMS (source 1253/1467)
2025-11-30 06:27:30,892 - Scraping log - scraper.py >         <module>(): Line 751 - INFO - Running default scraper on KT_FR > https://geo.fr.ch/ags/services/OpenData/Routes_lineaires_OPAM/MapServer/WMSServer?request=GetCapabilities&service=WMS (source 1254/1467)
2025-11-30 06:27:33,902 - Scraping log - scraper.py >         <module>(): Line 751 - INFO - Running default scraper on KT_FR > https://geo.fr.ch/ags/services/OpenData/Routes_Nationales/MapServer/WMSServer?request=GetCapabilities&service=WMS (source 1255/1467)
2025-11-30 06:27:36,570 - Scraping log - scraper.py >         <module>(): Line 751 - INFO - Running default scraper on KT_FR > https://geo.fr.ch/ags/services/OpenData/Routes_surfaciques_OPAM/MapServer/WMSServer?request=GetCapabilities&service=WMS (source 1256/1467)
2025-11-30 06:27:39,289 - Scraping log - scraper.py >         <module>(): Line 751 - INFO - Running default scraper on KT_FR > https://geo.fr.ch/ags/services/OpenData/Ruisseaux_utilises_par_l_Etat/MapServer/WMSServer?request=GetCapabilities&service=WMS (source 1257/1467)
2025-11-30 06:27:41,667 - Scraping log - scraper.py >         <module>(): Line 751 - INFO - Running default scraper on KT_FR > https://geo.fr.ch/ags/services/OpenData/Ruisseaux_utilises_par_les_societes_de_peche/MapServer/WMSServer?request=GetCapabilities&service=WMS (source 1258/1467)
2025-11-30 06:27:44,045 - Scraping log - scraper.py >         <module>(): Line 751 - INFO - Running default scraper on KT_FR > https://geo.fr.ch/ags/services/OpenData/Salamandre_tachetee/MapServer/WMSServer?request=GetCapabilities&service=WMS (source 1259/1467)
2025-11-30 06:27:44,461 - Scraping log - scraper.py >         <module>(): Line 759 - WARNING - Scraping KT_FR > https://geo.fr.ch/ags/services/OpenData/Salamandre_tachetee/MapServer/WMSServer?request=GetCapabilities&service=WMS aborted
2025-11-30 06:27:44,461 - Scraping log - scraper.py >         <module>(): Line 751 - INFO - Running default scraper on KT_FR > https://geo.fr.ch/ags/services/OpenData/Secteur_de_dangers_naturels_RDPPF_affectation/MapServer/WMSServer?request=GetCapabilities&service=WMS (source 1260/1467)
2025-11-30 06:27:47,897 - Scraping log - scraper.py >         <module>(): Line 751 - INFO - Running default scraper on KT_FR > https://geo.fr.ch/ags/services/OpenData/Secteurs_a_objectifs_de_protection_du_patrimoine_PAL/MapServer/WMSServer?request=GetCapabilities&service=WMS (source 1261/1467)
2025-11-30 06:27:50,405 - Scraping log - scraper.py >         <module>(): Line 751 - INFO - Running default scraper on KT_FR > https://geo.fr.ch/ags/services/OpenData/Secteurs_de_faune/MapServer/WMSServer?request=GetCapabilities&service=WMS (source 1262/1467)
2025-11-30 06:27:52,807 - Scraping log - scraper.py >         <module>(): Line 751 - INFO - Running default scraper on KT_FR > https://geo.fr.ch/ags/services/OpenData/Secteurs_de_protection_du_patrimoine_ayant_passe_l_enquete_publique_PAL_en_revison/MapServer/WMSServer?request=GetCapabilities&service=WMS (source 1263/1467)
2025-11-30 06:27:55,698 - Scraping log - scraper.py >         <module>(): Line 751 - INFO - Running default scraper on KT_FR > https://geo.fr.ch/ags/services/OpenData/Secteurs_soumis_a_PAD_amenagement_local/MapServer/WMSServer?request=GetCapabilities&service=WMS (source 1264/1467)
2025-11-30 06:27:58,025 - Scraping log - scraper.py >         <module>(): Line 751 - INFO - Running default scraper on KT_FR > https://geo.fr.ch/ags/services/OpenData/Servitudes_Labels/MapServer/WMSServer?request=GetCapabilities&service=WMS (source 1265/1467)
2025-11-30 06:28:00,858 - Scraping log - scraper.py >         <module>(): Line 751 - INFO - Running default scraper on KT_FR > https://geo.fr.ch/ags/services/OpenData/Servitudes_Lignes/MapServer/WMSServer?request=GetCapabilities&service=WMS (source 1266/1467)
2025-11-30 06:28:03,240 - Scraping log - scraper.py >         <module>(): Line 751 - INFO - Running default scraper on KT_FR > https://geo.fr.ch/ags/services/OpenData/Servitudes_Points/MapServer/WMSServer?request=GetCapabilities&service=WMS (source 1267/1467)
2025-11-30 06:28:05,484 - Scraping log - scraper.py >         <module>(): Line 751 - INFO - Running default scraper on KT_FR > https://geo.fr.ch/ags/services/OpenData/Servitudes_Surfaces/MapServer/WMSServer?request=GetCapabilities&service=WMS (source 1268/1467)
2025-11-30 06:28:08,020 - Scraping log - scraper.py >         <module>(): Line 751 - INFO - Running default scraper on KT_FR > https://geo.fr.ch/ags/services/OpenData/Sirenes_de_la_PCi/MapServer/WMSServer?request=GetCapabilities&service=WMS (source 1269/1467)
2025-11-30 06:28:10,295 - Scraping log - scraper.py >         <module>(): Line 751 - INFO - Running default scraper on KT_FR > https://geo.fr.ch/ags/services/OpenData/Sites_a_batraciens_annexe_1/MapServer/WMSServer?request=GetCapabilities&service=WMS (source 1270/1467)
2025-11-30 06:28:10,831 - Scraping log - scraper.py >         <module>(): Line 759 - WARNING - Scraping KT_FR > https://geo.fr.ch/ags/services/OpenData/Sites_a_batraciens_annexe_1/MapServer/WMSServer?request=GetCapabilities&service=WMS aborted
2025-11-30 06:28:10,831 - Scraping log - scraper.py >         <module>(): Line 751 - INFO - Running default scraper on KT_FR > https://geo.fr.ch/ags/services/OpenData/Sites_a_batraciens_annexe_2/MapServer/WMSServer?request=GetCapabilities&service=WMS (source 1271/1467)
2025-11-30 06:28:11,244 - Scraping log - scraper.py >         <module>(): Line 759 - WARNING - Scraping KT_FR > https://geo.fr.ch/ags/services/OpenData/Sites_a_batraciens_annexe_2/MapServer/WMSServer?request=GetCapabilities&service=WMS aborted
2025-11-30 06:28:11,244 - Scraping log - scraper.py >         <module>(): Line 751 - INFO - Running default scraper on KT_FR > https://geo.fr.ch/ags/services/OpenData/Sites_a_batraciens_annexe_3/MapServer/WMSServer?request=GetCapabilities&service=WMS (source 1272/1467)
2025-11-30 06:28:11,671 - Scraping log - scraper.py >         <module>(): Line 759 - WARNING - Scraping KT_FR > https://geo.fr.ch/ags/services/OpenData/Sites_a_batraciens_annexe_3/MapServer/WMSServer?request=GetCapabilities&service=WMS aborted
2025-11-30 06:28:11,671 - Scraping log - scraper.py >         <module>(): Line 751 - INFO - Running default scraper on KT_FR > https://geo.fr.ch/ags/services/OpenData/Sites_a_batraciens_objets_fixes/MapServer/WMSServer?request=GetCapabilities&service=WMS (source 1273/1467)
2025-11-30 06:28:12,101 - Scraping log - scraper.py >         <module>(): Line 759 - WARNING - Scraping KT_FR > https://geo.fr.ch/ags/services/OpenData/Sites_a_batraciens_objets_fixes/MapServer/WMSServer?request=GetCapabilities&service=WMS aborted
2025-11-30 06:28:12,101 - Scraping log - scraper.py >         <module>(): Line 751 - INFO - Running default scraper on KT_FR > https://geo.fr.ch/ags/services/OpenData/Sites_a_batraciens_objets_itinerants/MapServer/WMSServer?request=GetCapabilities&service=WMS (source 1274/1467)
2025-11-30 06:28:12,516 - Scraping log - scraper.py >         <module>(): Line 759 - WARNING - Scraping KT_FR > https://geo.fr.ch/ags/services/OpenData/Sites_a_batraciens_objets_itinerants/MapServer/WMSServer?request=GetCapabilities&service=WMS aborted
2025-11-30 06:28:12,516 - Scraping log - scraper.py >         <module>(): Line 751 - INFO - Running default scraper on KT_FR > https://geo.fr.ch/ags/services/OpenData/Sites_bases_sur_l_ISOS/MapServer/WMSServer?request=GetCapabilities&service=WMS (source 1275/1467)
2025-11-30 06:28:15,324 - Scraping log - scraper.py >         <module>(): Line 751 - INFO - Running default scraper on KT_FR > https://geo.fr.ch/ags/services/OpenData/Sites_de_reproduction_de_batraciens_d_importance_locale/MapServer/WMSServer?request=GetCapabilities&service=WMS (source 1276/1467)
2025-11-30 06:28:17,944 - Scraping log - scraper.py >         <module>(): Line 751 - INFO - Running default scraper on KT_FR > https://geo.fr.ch/ags/services/OpenData/Sites_marecageux_d_importance_nationale/MapServer/WMSServer?request=GetCapabilities&service=WMS (source 1277/1467)
2025-11-30 06:28:20,296 - Scraping log - scraper.py >         <module>(): Line 751 - INFO - Running default scraper on KT_FR > https://geo.fr.ch/ags/services/OpenData/Sites_prioritaires_prairies_et_paturages_secs/MapServer/WMSServer?request=GetCapabilities&service=WMS (source 1278/1467)
2025-11-30 06:28:23,419 - Scraping log - scraper.py >         <module>(): Line 751 - INFO - Running default scraper on KT_FR > https://geo.fr.ch/ags/services/OpenData/Stations_d_epuration/MapServer/WMSServer?request=GetCapabilities&service=WMS (source 1279/1467)
2025-11-30 06:28:26,036 - Scraping log - scraper.py >         <module>(): Line 751 - INFO - Running default scraper on KT_FR > https://geo.fr.ch/ags/services/OpenData/Stations_de_fecondation_des_abeilles/MapServer/WMSServer?request=GetCapabilities&service=WMS (source 1280/1467)
2025-11-30 06:28:28,486 - Scraping log - scraper.py >         <module>(): Line 751 - INFO - Running default scraper on KT_FR > https://geo.fr.ch/ags/services/OpenData/Stations_forestieres/MapServer/WMSServer?request=GetCapabilities&service=WMS (source 1281/1467)
2025-11-30 06:28:31,531 - Scraping log - scraper.py >         <module>(): Line 751 - INFO - Running default scraper on KT_FR > https://geo.fr.ch/ags/services/OpenData/Stations_meteo_degres_jours_et_temperatures_moyennes/MapServer/WMSServer?request=GetCapabilities&service=WMS (source 1282/1467)
2025-11-30 06:28:31,961 - Scraping log - scraper.py >         <module>(): Line 759 - WARNING - Scraping KT_FR > https://geo.fr.ch/ags/services/OpenData/Stations_meteo_degres_jours_et_temperatures_moyennes/MapServer/WMSServer?request=GetCapabilities&service=WMS aborted
2025-11-30 06:28:31,961 - Scraping log - scraper.py >         <module>(): Line 751 - INFO - Running default scraper on KT_FR > https://geo.fr.ch/ags/services/OpenData/Statuts_des_donnees_descriptives/MapServer/WMSServer?request=GetCapabilities&service=WMS (source 1283/1467)
2025-11-30 06:28:34,763 - Scraping log - scraper.py >         <module>(): Line 751 - INFO - Running default scraper on KT_FR > https://geo.fr.ch/ags/services/OpenData/Statuts_des_immeubles_en_vigueur/MapServer/WMSServer?request=GetCapabilities&service=WMS (source 1284/1467)
2025-11-30 06:28:37,255 - Scraping log - scraper.py >         <module>(): Line 751 - INFO - Running default scraper on KT_FR > https://geo.fr.ch/ags/services/OpenData/Statuts_des_immeubles_projetes/MapServer/WMSServer?request=GetCapabilities&service=WMS (source 1285/1467)
2025-11-30 06:28:40,436 - Scraping log - scraper.py >         <module>(): Line 751 - INFO - Running default scraper on KT_FR > https://geo.fr.ch/ags/services/OpenData/Structures_d_accueil/MapServer/WMSServer?request=GetCapabilities&service=WMS (source 1286/1467)
2025-11-30 06:28:43,350 - Scraping log - scraper.py >         <module>(): Line 751 - INFO - Running default scraper on KT_FR > https://geo.fr.ch/ags/services/OpenData/Structures_d_activites_de_promotion_enfance_jeunesse/MapServer/WMSServer?request=GetCapabilities&service=WMS (source 1287/1467)
2025-11-30 06:28:46,200 - Scraping log - scraper.py >         <module>(): Line 751 - INFO - Running default scraper on KT_FR > https://geo.fr.ch/ags/services/OpenData/Surface_agricole_utile/MapServer/WMSServer?request=GetCapabilities&service=WMS (source 1288/1467)
2025-11-30 06:28:46,616 - Scraping log - scraper.py >         <module>(): Line 759 - WARNING - Scraping KT_FR > https://geo.fr.ch/ags/services/OpenData/Surface_agricole_utile/MapServer/WMSServer?request=GetCapabilities&service=WMS aborted
2025-11-30 06:28:46,616 - Scraping log - scraper.py >         <module>(): Line 751 - INFO - Running default scraper on KT_FR > https://geo.fr.ch/ags/services/OpenData/Surface_chaussee_routes_cantonales/MapServer/WMSServer?request=GetCapabilities&service=WMS (source 1289/1467)
2025-11-30 06:28:49,631 - Scraping log - scraper.py >         <module>(): Line 751 - INFO - Running default scraper on KT_FR > https://geo.fr.ch/ags/services/OpenData/Surface_de_couverture_Sirenes_de_la_PCi/MapServer/WMSServer?request=GetCapabilities&service=WMS (source 1290/1467)
2025-11-30 06:28:52,010 - Scraping log - scraper.py >         <module>(): Line 751 - INFO - Running default scraper on KT_FR > https://geo.fr.ch/ags/services/OpenData/Surfaces_a_aptitude_reduite_pour_la_culture_des_champs/MapServer/WMSServer?request=GetCapabilities&service=WMS (source 1291/1467)
2025-11-30 06:28:54,774 - Scraping log - scraper.py >         <module>(): Line 751 - INFO - Running default scraper on KT_FR > https://geo.fr.ch/ags/services/OpenData/Surfaces_d_assolement/MapServer/WMSServer?request=GetCapabilities&service=WMS (source 1292/1467)
2025-11-30 06:28:57,274 - Scraping log - scraper.py >         <module>(): Line 751 - INFO - Running default scraper on KT_FR > https://geo.fr.ch/ags/services/OpenData/Surfaces_de_promotion_de_la_biodiversite_SPB_II_Estivage/MapServer/WMSServer?request=GetCapabilities&service=WMS (source 1293/1467)
2025-11-30 06:28:59,578 - Scraping log - scraper.py >         <module>(): Line 751 - INFO - Running default scraper on KT_FR > https://geo.fr.ch/ags/services/OpenData/Surfaces_de_promotion_de_la_biodiversite_SPB_II_Plaine/MapServer/WMSServer?request=GetCapabilities&service=WMS (source 1294/1467)
2025-11-30 06:29:02,127 - Scraping log - scraper.py >         <module>(): Line 751 - INFO - Running default scraper on KT_FR > https://geo.fr.ch/ags/services/OpenData/Surfaces_de_promotion_de_la_biodiversite_SPB_I/MapServer/WMSServer?request=GetCapabilities&service=WMS (source 1295/1467)
2025-11-30 06:29:04,901 - Scraping log - scraper.py >         <module>(): Line 751 - INFO - Running default scraper on KT_FR > https://geo.fr.ch/ags/services/OpenData/Syndicats_de_chemins_alpestres/MapServer/WMSServer?request=GetCapabilities&service=WMS (source 1296/1467)
2025-11-30 06:29:07,743 - Scraping log - scraper.py >         <module>(): Line 751 - INFO - Running default scraper on KT_FR > https://geo.fr.ch/ags/services/OpenData/Talus_a_valeur_ecologique_routes_cantonales/MapServer/WMSServer?request=GetCapabilities&service=WMS (source 1297/1467)
2025-11-30 06:29:10,765 - Scraping log - scraper.py >         <module>(): Line 751 - INFO - Running default scraper on KT_FR > https://geo.fr.ch/ags/services/OpenData/Terrains_en_pente/MapServer/WMSServer?request=GetCapabilities&service=WMS (source 1298/1467)
2025-11-30 06:29:13,157 - Scraping log - scraper.py >         <module>(): Line 751 - INFO - Running default scraper on KT_FR > https://geo.fr.ch/ags/services/OpenData/Territoires_de_chasse_en_montagne/MapServer/WMSServer?request=GetCapabilities&service=WMS (source 1299/1467)
2025-11-30 06:29:15,833 - Scraping log - scraper.py >         <module>(): Line 751 - INFO - Running default scraper on KT_FR > https://geo.fr.ch/ags/services/OpenData/Trafic_journalier_moyen/MapServer/WMSServer?request=GetCapabilities&service=WMS (source 1300/1467)
2025-11-30 06:29:18,858 - Scraping log - scraper.py >         <module>(): Line 751 - INFO - Running default scraper on KT_FR > https://geo.fr.ch/ags/services/OpenData/Trafic_poids_lourds/MapServer/WMSServer?request=GetCapabilities&service=WMS (source 1301/1467)
2025-11-30 06:29:21,489 - Scraping log - scraper.py >         <module>(): Line 751 - INFO - Running default scraper on KT_FR > https://geo.fr.ch/ags/services/OpenData/Triages_forestiers/MapServer/WMSServer?request=GetCapabilities&service=WMS (source 1302/1467)
2025-11-30 06:29:23,769 - Scraping log - scraper.py >         <module>(): Line 751 - INFO - Running default scraper on KT_FR > https://geo.fr.ch/ags/services/OpenData/Troncons_de_rues_en_couleurs/MapServer/WMSServer?request=GetCapabilities&service=WMS (source 1303/1467)
2025-11-30 06:29:25,996 - Scraping log - scraper.py >         <module>(): Line 751 - INFO - Running default scraper on KT_FR > https://geo.fr.ch/ags/services/OpenData/Troncons_de_rues/MapServer/WMSServer?request=GetCapabilities&service=WMS (source 1304/1467)
2025-11-30 06:29:29,052 - Scraping log - scraper.py >         <module>(): Line 751 - INFO - Running default scraper on KT_FR > https://geo.fr.ch/ags/services/OpenData/Type_d_objet_ISOS___Ligne/MapServer/WMSServer?request=GetCapabilities&service=WMS (source 1305/1467)
2025-11-30 06:29:31,722 - Scraping log - scraper.py >         <module>(): Line 751 - INFO - Running default scraper on KT_FR > https://geo.fr.ch/ags/services/OpenData/Type_d_objet_ISOS___Polygone/MapServer/WMSServer?request=GetCapabilities&service=WMS (source 1306/1467)
2025-11-30 06:29:34,526 - Scraping log - scraper.py >         <module>(): Line 751 - INFO - Running default scraper on KT_FR > https://geo.fr.ch/ags/services/OpenData/Unites_d_exploitation/MapServer/WMSServer?request=GetCapabilities&service=WMS (source 1307/1467)
2025-11-30 06:29:37,083 - Scraping log - scraper.py >         <module>(): Line 751 - INFO - Running default scraper on KT_FR > https://geo.fr.ch/ags/services/OpenData/Unites_de_gestion_des_forets_publiques/MapServer/WMSServer?request=GetCapabilities&service=WMS (source 1308/1467)
2025-11-30 06:29:39,609 - Scraping log - scraper.py >         <module>(): Line 751 - INFO - Running default scraper on KT_FR > https://geo.fr.ch/ags/services/OpenData/Unites_pastorales_catholiques/MapServer/WMSServer?request=GetCapabilities&service=WMS (source 1309/1467)
2025-11-30 06:29:42,026 - Scraping log - scraper.py >         <module>(): Line 751 - INFO - Running default scraper on KT_FR > https://geo.fr.ch/ags/services/OpenData/Vannes_AquaFri/MapServer/WMSServer?request=GetCapabilities&service=WMS (source 1310/1467)
2025-11-30 06:29:44,612 - Scraping log - scraper.py >         <module>(): Line 751 - INFO - Running default scraper on KT_FR > https://geo.fr.ch/ags/services/OpenData/Vigne_en_production_AOC/MapServer/WMSServer?request=GetCapabilities&service=WMS (source 1311/1467)
2025-11-30 06:29:47,284 - Scraping log - scraper.py >         <module>(): Line 751 - INFO - Running default scraper on KT_FR > https://geo.fr.ch/ags/services/OpenData/Vignobles_en_pente/MapServer/WMSServer?request=GetCapabilities&service=WMS (source 1312/1467)
2025-11-30 06:29:50,011 - Scraping log - scraper.py >         <module>(): Line 751 - INFO - Running default scraper on KT_FR > https://geo.fr.ch/ags/services/OpenData/Voies_historiques_IVS/MapServer/WMSServer?request=GetCapabilities&service=WMS (source 1313/1467)
2025-11-30 06:29:52,611 - Scraping log - scraper.py >         <module>(): Line 751 - INFO - Running default scraper on KT_FR > https://geo.fr.ch/ags/services/OpenData/Zones_a_batir_et_perimetre_d_habitat_a_maintenir_amenagement_local_PAZ/MapServer/WMSServer?request=GetCapabilities&service=WMS (source 1314/1467)
2025-11-30 06:29:53,236 - Scraping log - scraper.py >         <module>(): Line 759 - WARNING - Scraping KT_FR > https://geo.fr.ch/ags/services/OpenData/Zones_a_batir_et_perimetre_d_habitat_a_maintenir_amenagement_local_PAZ/MapServer/WMSServer?request=GetCapabilities&service=WMS aborted
2025-11-30 06:29:53,236 - Scraping log - scraper.py >         <module>(): Line 751 - INFO - Running default scraper on KT_FR > https://geo.fr.ch/ags/services/OpenData/Zones_alluviales_d_importance_locale/MapServer/WMSServer?request=GetCapabilities&service=WMS (source 1315/1467)
2025-11-30 06:29:55,718 - Scraping log - scraper.py >         <module>(): Line 751 - INFO - Running default scraper on KT_FR > https://geo.fr.ch/ags/services/OpenData/Zones_alluviales_d_importance_nationale/MapServer/WMSServer?request=GetCapabilities&service=WMS (source 1316/1467)
2025-11-30 06:29:58,267 - Scraping log - scraper.py >         <module>(): Line 751 - INFO - Running default scraper on KT_FR > https://geo.fr.ch/ags/services/OpenData/Zones_alluviales/MapServer/WMSServer?request=GetCapabilities&service=WMS (source 1317/1467)
2025-11-30 06:29:58,694 - Scraping log - scraper.py >         <module>(): Line 759 - WARNING - Scraping KT_FR > https://geo.fr.ch/ags/services/OpenData/Zones_alluviales/MapServer/WMSServer?request=GetCapabilities&service=WMS aborted
2025-11-30 06:29:58,695 - Scraping log - scraper.py >         <module>(): Line 751 - INFO - Running default scraper on KT_FR > https://geo.fr.ch/ags/services/OpenData/Zones_de_contribution_federale_MO/MapServer/WMSServer?request=GetCapabilities&service=WMS (source 1318/1467)
2025-11-30 06:30:00,726 - Scraping log - scraper.py >         <module>(): Line 751 - INFO - Running default scraper on KT_FR > https://geo.fr.ch/ags/services/OpenData/Zones_de_desserte_de_l_approvisionnement_en_electricite/MapServer/WMSServer?request=GetCapabilities&service=WMS (source 1319/1467)
2025-11-30 06:30:03,218 - Scraping log - scraper.py >         <module>(): Line 751 - INFO - Running default scraper on KT_FR > https://geo.fr.ch/ags/services/OpenData/Zones_de_protection_des_eaux_souterraines_RDPPF/MapServer/WMSServer?request=GetCapabilities&service=WMS (source 1320/1467)
2025-11-30 06:30:06,339 - Scraping log - scraper.py >         <module>(): Line 751 - INFO - Running default scraper on KT_FR > https://geo.fr.ch/ags/services/OpenData/Zones_de_recrutement_des_etablissements_primaires_francophones/MapServer/WMSServer?request=GetCapabilities&service=WMS (source 1321/1467)
2025-11-30 06:30:09,093 - Scraping log - scraper.py >         <module>(): Line 751 - INFO - Running default scraper on KT_FR > https://geo.fr.ch/ags/services/OpenData/Zones_de_recrutement_des_etablissements_primaires_germanophones/MapServer/WMSServer?request=GetCapabilities&service=WMS (source 1322/1467)
2025-11-30 06:30:11,183 - Scraping log - scraper.py >         <module>(): Line 751 - INFO - Running default scraper on KT_FR > https://geo.fr.ch/ags/services/OpenData/Zones_de_recrutement_des_etablissements_secondaires_francophones/MapServer/WMSServer?request=GetCapabilities&service=WMS (source 1323/1467)
2025-11-30 06:30:13,449 - Scraping log - scraper.py >         <module>(): Line 751 - INFO - Running default scraper on KT_FR > https://geo.fr.ch/ags/services/OpenData/Zones_de_recrutement_des_etablissements_secondaires_germanophones/MapServer/WMSServer?request=GetCapabilities&service=WMS (source 1324/1467)
2025-11-30 06:30:16,647 - Scraping log - scraper.py >         <module>(): Line 751 - INFO - Running default scraper on KT_FR > https://geo.fr.ch/ags/services/OpenData/Zones_de_tensions_negligeables/MapServer/WMSServer?request=GetCapabilities&service=WMS (source 1325/1467)
2025-11-30 06:30:19,718 - Scraping log - scraper.py >         <module>(): Line 751 - INFO - Running default scraper on KT_FR > https://geo.fr.ch/ags/services/OpenData/Zones_de_tranquillite/MapServer/WMSServer?request=GetCapabilities&service=WMS (source 1326/1467)
2025-11-30 06:30:22,287 - Scraping log - scraper.py >         <module>(): Line 751 - INFO - Running default scraper on KT_FR > https://geo.fr.ch/ags/services/OpenData/Zones_et_reserves_de_peche_cours_d_eau/MapServer/WMSServer?request=GetCapabilities&service=WMS (source 1327/1467)
2025-11-30 06:30:22,701 - Scraping log - scraper.py >         <module>(): Line 759 - WARNING - Scraping KT_FR > https://geo.fr.ch/ags/services/OpenData/Zones_et_reserves_de_peche_cours_d_eau/MapServer/WMSServer?request=GetCapabilities&service=WMS aborted
2025-11-30 06:30:22,701 - Scraping log - scraper.py >         <module>(): Line 751 - INFO - Running default scraper on KT_FR > https://geo.fr.ch/ags/services/OpenData/Zones_et_reserves_de_peche_lacs/MapServer/WMSServer?request=GetCapabilities&service=WMS (source 1328/1467)
2025-11-30 06:30:23,115 - Scraping log - scraper.py >         <module>(): Line 759 - WARNING - Scraping KT_FR > https://geo.fr.ch/ags/services/OpenData/Zones_et_reserves_de_peche_lacs/MapServer/WMSServer?request=GetCapabilities&service=WMS aborted
2025-11-30 06:30:23,115 - Scraping log - scraper.py >         <module>(): Line 751 - INFO - Running default scraper on KT_FR > https://geo.fr.ch/ags/services/OpenData/Zones_humides_Ramsar/MapServer/WMSServer?request=GetCapabilities&service=WMS (source 1329/1467)
2025-11-30 06:30:25,900 - Scraping log - scraper.py >         <module>(): Line 751 - INFO - Running default scraper on KT_FR > https://geo.fr.ch/ags/services/OpenData/Zones_interdites_au_kitesurfing/MapServer/WMSServer?request=GetCapabilities&service=WMS (source 1330/1467)
2025-11-30 06:30:28,288 - Scraping log - scraper.py >         <module>(): Line 751 - INFO - Running default scraper on KT_FR > https://geo.fr.ch/ags/services/OpenData/Zones_reservees_des_routes_cantonales_RDPPF/MapServer/WMSServer?request=GetCapabilities&service=WMS (source 1331/1467)
2025-11-30 06:30:30,846 - Scraping log - scraper.py >         <module>(): Line 751 - INFO - Running default scraper on KT_FR > https://geo.fr.ch/ags/services/OpenData/Zones_reservees_RDPPF_affectation/MapServer/WMSServer?request=GetCapabilities&service=WMS (source 1332/1467)
2025-11-30 06:30:33,897 - Scraping log - scraper.py >         <module>(): Line 751 - INFO - Running default scraper on KT_FR > https://geo.fr.ch/ags/services/OpenData/Zones_reservees_routes_cantonales/MapServer/WMSServer?request=GetCapabilities&service=WMS (source 1333/1467)
2025-11-30 06:30:34,712 - Scraping log - scraper.py >         <module>(): Line 759 - WARNING - Scraping KT_FR > https://geo.fr.ch/ags/services/OpenData/Zones_reservees_routes_cantonales/MapServer/WMSServer?request=GetCapabilities&service=WMS aborted
2025-11-30 06:30:34,712 - Scraping log - scraper.py >         <module>(): Line 751 - INFO - Running default scraper on KT_FR > https://geo.fr.ch/ags/services/OpenData/Zones_superposees_de_protection_de_la_nature_et_du_paysage/MapServer/WMSServer?request=GetCapabilities&service=WMS (source 1334/1467)
2025-11-30 06:30:35,134 - Scraping log - scraper.py >         <module>(): Line 759 - WARNING - Scraping KT_FR > https://geo.fr.ch/ags/services/OpenData/Zones_superposees_de_protection_de_la_nature_et_du_paysage/MapServer/WMSServer?request=GetCapabilities&service=WMS aborted
2025-11-30 06:30:35,134 - Scraping log - scraper.py >         <module>(): Line 751 - INFO - Running default scraper on KT_FR > https://geo.fr.ch/ags/services/OpenData_Raster/Altitude_du_toit_du_rocher__msm_/MapServer/WMSServer?request=GetCapabilities&service=WMS (source 1335/1467)
2025-11-30 06:30:35,933 - Scraping log - scraper.py >         <module>(): Line 759 - WARNING - Scraping KT_FR > https://geo.fr.ch/ags/services/OpenData_Raster/Altitude_du_toit_du_rocher__msm_/MapServer/WMSServer?request=GetCapabilities&service=WMS aborted
2025-11-30 06:30:35,933 - Scraping log - scraper.py >         <module>(): Line 751 - INFO - Running default scraper on KT_FR > https://geo.fr.ch/ags/services/OpenData_Raster/Atlas_geologique_25000_AG25/MapServer/WMSServer?request=GetCapabilities&service=WMS (source 1336/1467)
2025-11-30 06:30:38,684 - Scraping log - scraper.py >         <module>(): Line 751 - INFO - Running default scraper on KT_FR > https://geo.fr.ch/ags/services/OpenData_Raster/Carte_de_l_alea_ruissellement/MapServer/WMSServer?request=GetCapabilities&service=WMS (source 1337/1467)
2025-11-30 06:30:39,111 - Scraping log - scraper.py >         <module>(): Line 759 - WARNING - Scraping KT_FR > https://geo.fr.ch/ags/services/OpenData_Raster/Carte_de_l_alea_ruissellement/MapServer/WMSServer?request=GetCapabilities&service=WMS aborted
2025-11-30 06:30:39,112 - Scraping log - scraper.py >         <module>(): Line 751 - INFO - Running default scraper on KT_FR > https://geo.fr.ch/ags/services/OpenData_Raster/Carte_geologique_200000_GGK200/MapServer/WMSServer?request=GetCapabilities&service=WMS (source 1338/1467)
2025-11-30 06:30:41,892 - Scraping log - scraper.py >         <module>(): Line 751 - INFO - Running default scraper on KT_FR > https://geo.fr.ch/ags/services/OpenData_Raster/Carte_geologique_500000_GK500_Geol/MapServer/WMSServer?request=GetCapabilities&service=WMS (source 1339/1467)
2025-11-30 06:30:44,375 - Scraping log - scraper.py >         <module>(): Line 751 - INFO - Running default scraper on KT_FR > https://geo.fr.ch/ags/services/OpenData_Raster/Carte_tectonique_500000_GK500_Tekto/MapServer/WMSServer?request=GetCapabilities&service=WMS (source 1340/1467)
2025-11-30 06:30:46,830 - Scraping log - scraper.py >         <module>(): Line 751 - INFO - Running default scraper on KT_FR > https://geo.fr.ch/ags/services/OpenData_Raster/CN1000_NB/MapServer/WMSServer?request=GetCapabilities&service=WMS (source 1341/1467)
2025-11-30 06:30:50,009 - Scraping log - scraper.py >         <module>(): Line 751 - INFO - Running default scraper on KT_FR > https://geo.fr.ch/ags/services/OpenData_Raster/CN1000/MapServer/WMSServer?request=GetCapabilities&service=WMS (source 1342/1467)
2025-11-30 06:30:52,713 - Scraping log - scraper.py >         <module>(): Line 751 - INFO - Running default scraper on KT_FR > https://geo.fr.ch/ags/services/OpenData_Raster/CN100_NB/MapServer/WMSServer?request=GetCapabilities&service=WMS (source 1343/1467)
2025-11-30 06:30:55,587 - Scraping log - scraper.py >         <module>(): Line 751 - INFO - Running default scraper on KT_FR > https://geo.fr.ch/ags/services/OpenData_Raster/CN100/MapServer/WMSServer?request=GetCapabilities&service=WMS (source 1344/1467)
2025-11-30 06:30:58,238 - Scraping log - scraper.py >         <module>(): Line 751 - INFO - Running default scraper on KT_FR > https://geo.fr.ch/ags/services/OpenData_Raster/CN10_NB/MapServer/WMSServer?request=GetCapabilities&service=WMS (source 1345/1467)
2025-11-30 06:31:00,998 - Scraping log - scraper.py >         <module>(): Line 751 - INFO - Running default scraper on KT_FR > https://geo.fr.ch/ags/services/OpenData_Raster/CN10/MapServer/WMSServer?request=GetCapabilities&service=WMS (source 1346/1467)
2025-11-30 06:31:03,880 - Scraping log - scraper.py >         <module>(): Line 751 - INFO - Running default scraper on KT_FR > https://geo.fr.ch/ags/services/OpenData_Raster/CN200_NB/MapServer/WMSServer?request=GetCapabilities&service=WMS (source 1347/1467)
2025-11-30 06:31:06,634 - Scraping log - scraper.py >         <module>(): Line 751 - INFO - Running default scraper on KT_FR > https://geo.fr.ch/ags/services/OpenData_Raster/CN200/MapServer/WMSServer?request=GetCapabilities&service=WMS (source 1348/1467)
2025-11-30 06:31:09,140 - Scraping log - scraper.py >         <module>(): Line 751 - INFO - Running default scraper on KT_FR > https://geo.fr.ch/ags/services/OpenData_Raster/CN25_NB/MapServer/WMSServer?request=GetCapabilities&service=WMS (source 1349/1467)
2025-11-30 06:31:11,767 - Scraping log - scraper.py >         <module>(): Line 751 - INFO - Running default scraper on KT_FR > https://geo.fr.ch/ags/services/OpenData_Raster/CN25/MapServer/WMSServer?request=GetCapabilities&service=WMS (source 1350/1467)
2025-11-30 06:31:14,754 - Scraping log - scraper.py >         <module>(): Line 751 - INFO - Running default scraper on KT_FR > https://geo.fr.ch/ags/services/OpenData_Raster/CN500_NB/MapServer/WMSServer?request=GetCapabilities&service=WMS (source 1351/1467)
2025-11-30 06:31:17,572 - Scraping log - scraper.py >         <module>(): Line 751 - INFO - Running default scraper on KT_FR > https://geo.fr.ch/ags/services/OpenData_Raster/CN500/MapServer/WMSServer?request=GetCapabilities&service=WMS (source 1352/1467)
2025-11-30 06:31:20,175 - Scraping log - scraper.py >         <module>(): Line 751 - INFO - Running default scraper on KT_FR > https://geo.fr.ch/ags/services/OpenData_Raster/CN50_NB/MapServer/WMSServer?request=GetCapabilities&service=WMS (source 1353/1467)
2025-11-30 06:31:22,635 - Scraping log - scraper.py >         <module>(): Line 751 - INFO - Running default scraper on KT_FR > https://geo.fr.ch/ags/services/OpenData_Raster/CN50/MapServer/WMSServer?request=GetCapabilities&service=WMS (source 1354/1467)
2025-11-30 06:31:25,268 - Scraping log - scraper.py >         <module>(): Line 751 - INFO - Running default scraper on KT_FR > https://geo.fr.ch/ags/services/OpenData_Raster/Courbes_de_niveau_2016/MapServer/WMSServer?request=GetCapabilities&service=WMS (source 1355/1467)
2025-11-30 06:31:29,504 - Scraping log - scraper.py >         <module>(): Line 751 - INFO - Running default scraper on KT_FR > https://geo.fr.ch/ags/services/OpenData_Raster/Decoupage_des_courbes_de_niveau_LIDAR_2016_pour_telechargement_par_tuile/MapServer/WMSServer?request=GetCapabilities&service=WMS (source 1356/1467)
2025-11-30 06:31:31,940 - Scraping log - scraper.py >         <module>(): Line 751 - INFO - Running default scraper on KT_FR > https://geo.fr.ch/ags/services/OpenData_Raster/Densite_de_points_au_sol_LIDAR_2016/MapServer/WMSServer?request=GetCapabilities&service=WMS (source 1357/1467)
2025-11-30 06:31:34,198 - Scraping log - scraper.py >         <module>(): Line 751 - INFO - Running default scraper on KT_FR > https://geo.fr.ch/ags/services/OpenData_Raster/Densite_de_points_globale_LIDAR_2016/MapServer/WMSServer?request=GetCapabilities&service=WMS (source 1358/1467)
2025-11-30 06:31:36,736 - Scraping log - scraper.py >         <module>(): Line 751 - INFO - Running default scraper on KT_FR > https://geo.fr.ch/ags/services/OpenData_Raster/Direction_d_ecoulement_1_12500/MapServer/WMSServer?request=GetCapabilities&service=WMS (source 1359/1467)
2025-11-30 06:31:39,506 - Scraping log - scraper.py >         <module>(): Line 751 - INFO - Running default scraper on KT_FR > https://geo.fr.ch/ags/services/OpenData_Raster/Direction_d_ecoulement_1_3000/MapServer/WMSServer?request=GetCapabilities&service=WMS (source 1360/1467)
2025-11-30 06:31:41,892 - Scraping log - scraper.py >         <module>(): Line 751 - INFO - Running default scraper on KT_FR > https://geo.fr.ch/ags/services/OpenData_Raster/Direction_d_ecoulement_1_6000/MapServer/WMSServer?request=GetCapabilities&service=WMS (source 1361/1467)
2025-11-30 06:31:44,228 - Scraping log - scraper.py >         <module>(): Line 751 - INFO - Running default scraper on KT_FR > https://geo.fr.ch/ags/services/OpenData_Raster/Epaisseur_du_Quaternaire__m_/MapServer/WMSServer?request=GetCapabilities&service=WMS (source 1362/1467)
2025-11-30 06:31:46,840 - Scraping log - scraper.py >         <module>(): Line 751 - INFO - Running default scraper on KT_FR > https://geo.fr.ch/ags/services/OpenData_Raster/Habitat_potentiel_du_bouquetin/MapServer/WMSServer?request=GetCapabilities&service=WMS (source 1363/1467)
2025-11-30 06:31:49,271 - Scraping log - scraper.py >         <module>(): Line 751 - INFO - Running default scraper on KT_FR > https://geo.fr.ch/ags/services/OpenData_Raster/Habitat_potentiel_du_cerf/MapServer/WMSServer?request=GetCapabilities&service=WMS (source 1364/1467)
2025-11-30 06:31:51,596 - Scraping log - scraper.py >         <module>(): Line 751 - INFO - Running default scraper on KT_FR > https://geo.fr.ch/ags/services/OpenData_Raster/Habitat_potentiel_du_chamois/MapServer/WMSServer?request=GetCapabilities&service=WMS (source 1365/1467)
2025-11-30 06:31:53,844 - Scraping log - scraper.py >         <module>(): Line 751 - INFO - Running default scraper on KT_FR > https://geo.fr.ch/ags/services/OpenData_Raster/Habitat_potentiel_du_chevreuil/MapServer/WMSServer?request=GetCapabilities&service=WMS (source 1366/1467)
2025-11-30 06:31:56,075 - Scraping log - scraper.py >         <module>(): Line 751 - INFO - Running default scraper on KT_FR > https://geo.fr.ch/ags/services/OpenData_Raster/Image_aerienne_1998/MapServer/WMSServer?request=GetCapabilities&service=WMS (source 1367/1467)
2025-11-30 06:31:58,883 - Scraping log - scraper.py >         <module>(): Line 751 - INFO - Running default scraper on KT_FR > https://geo.fr.ch/ags/services/OpenData_Raster/Image_aerienne_2005/MapServer/WMSServer?request=GetCapabilities&service=WMS (source 1368/1467)
2025-11-30 06:32:01,774 - Scraping log - scraper.py >         <module>(): Line 751 - INFO - Running default scraper on KT_FR > https://geo.fr.ch/ags/services/OpenData_Raster/Image_aerienne_2009/MapServer/WMSServer?request=GetCapabilities&service=WMS (source 1369/1467)
2025-11-30 06:32:04,418 - Scraping log - scraper.py >         <module>(): Line 751 - INFO - Running default scraper on KT_FR > https://geo.fr.ch/ags/services/OpenData_Raster/Image_aerienne_2010/MapServer/WMSServer?request=GetCapabilities&service=WMS (source 1370/1467)
2025-11-30 06:32:06,898 - Scraping log - scraper.py >         <module>(): Line 751 - INFO - Running default scraper on KT_FR > https://geo.fr.ch/ags/services/OpenData_Raster/Image_aerienne_2013/MapServer/WMSServer?request=GetCapabilities&service=WMS (source 1371/1467)
2025-11-30 06:32:09,361 - Scraping log - scraper.py >         <module>(): Line 751 - INFO - Running default scraper on KT_FR > https://geo.fr.ch/ags/services/OpenData_Raster/Image_aerienne_2016/MapServer/WMSServer?request=GetCapabilities&service=WMS (source 1372/1467)
2025-11-30 06:32:11,727 - Scraping log - scraper.py >         <module>(): Line 751 - INFO - Running default scraper on KT_FR > https://geo.fr.ch/ags/services/OpenData_Raster/Image_aerienne_2017/MapServer/WMSServer?request=GetCapabilities&service=WMS (source 1373/1467)
2025-11-30 06:32:14,383 - Scraping log - scraper.py >         <module>(): Line 751 - INFO - Running default scraper on KT_FR > https://geo.fr.ch/ags/services/OpenData_Raster/Image_aerienne_2020/MapServer/WMSServer?request=GetCapabilities&service=WMS (source 1374/1467)
2025-11-30 06:32:17,318 - Scraping log - scraper.py >         <module>(): Line 751 - INFO - Running default scraper on KT_FR > https://geo.fr.ch/ags/services/OpenData_Raster/Isobathes_2012_2016/MapServer/WMSServer?request=GetCapabilities&service=WMS (source 1375/1467)
2025-11-30 06:32:17,828 - Scraping log - scraper.py >         <module>(): Line 759 - WARNING - Scraping KT_FR > https://geo.fr.ch/ags/services/OpenData_Raster/Isobathes_2012_2016/MapServer/WMSServer?request=GetCapabilities&service=WMS aborted
2025-11-30 06:32:17,828 - Scraping log - scraper.py >         <module>(): Line 751 - INFO - Running default scraper on KT_FR > https://geo.fr.ch/ags/services/OpenData_Raster/Lignes_de_vol_LIDAR_2015_2017/MapServer/WMSServer?request=GetCapabilities&service=WMS (source 1376/1467)
2025-11-30 06:32:20,443 - Scraping log - scraper.py >         <module>(): Line 751 - INFO - Running default scraper on KT_FR > https://geo.fr.ch/ags/services/OpenData_Raster/Minutes_originales_MCA/MapServer/WMSServer?request=GetCapabilities&service=WMS (source 1377/1467)
2025-11-30 06:32:23,463 - Scraping log - scraper.py >         <module>(): Line 751 - INFO - Running default scraper on KT_FR > https://geo.fr.ch/ags/services/OpenData_Raster/Minutes_originales_MFA/MapServer/WMSServer?request=GetCapabilities&service=WMS (source 1378/1467)
2025-11-30 06:32:26,210 - Scraping log - scraper.py >         <module>(): Line 751 - INFO - Running default scraper on KT_FR > https://geo.fr.ch/ags/services/OpenData_Raster/MNS_swissSURFACE3D_Raster/MapServer/WMSServer?request=GetCapabilities&service=WMS (source 1379/1467)
2025-11-30 06:32:28,354 - Scraping log - scraper.py >         <module>(): Line 751 - INFO - Running default scraper on KT_FR > https://geo.fr.ch/ags/services/OpenData_Raster/MNT_lacs/MapServer/WMSServer?request=GetCapabilities&service=WMS (source 1380/1467)
2025-11-30 06:32:30,760 - Scraping log - scraper.py >         <module>(): Line 751 - INFO - Running default scraper on KT_FR > https://geo.fr.ch/ags/services/OpenData_Raster/MNT_swissALTI3D/MapServer/WMSServer?request=GetCapabilities&service=WMS (source 1381/1467)
2025-11-30 06:32:32,894 - Scraping log - scraper.py >         <module>(): Line 751 - INFO - Running default scraper on KT_FR > https://geo.fr.ch/ags/services/OpenData_Raster/Modele_numerique_de_hauteur_MNH_2016/MapServer/WMSServer?request=GetCapabilities&service=WMS (source 1382/1467)
2025-11-30 06:32:35,289 - Scraping log - scraper.py >         <module>(): Line 751 - INFO - Running default scraper on KT_FR > https://geo.fr.ch/ags/services/OpenData_Raster/Modele_numerique_de_hauteur_MNH_2021/MapServer/WMSServer?request=GetCapabilities&service=WMS (source 1383/1467)
2025-11-30 06:32:37,461 - Scraping log - scraper.py >         <module>(): Line 751 - INFO - Running default scraper on KT_FR > https://geo.fr.ch/ags/services/OpenData_Raster/Nomenclature_1935_fond_blanc/MapServer/WMSServer?request=GetCapabilities&service=WMS (source 1384/1467)
2025-11-30 06:32:39,658 - Scraping log - scraper.py >         <module>(): Line 751 - INFO - Running default scraper on KT_FR > https://geo.fr.ch/ags/services/OpenData_Raster/Nomenclature_1935/MapServer/WMSServer?request=GetCapabilities&service=WMS (source 1385/1467)
2025-11-30 06:32:41,758 - Scraping log - scraper.py >         <module>(): Line 751 - INFO - Running default scraper on KT_FR > https://geo.fr.ch/ags/services/OpenData_Raster/Orientation_des_pentes_2016/MapServer/WMSServer?request=GetCapabilities&service=WMS (source 1386/1467)
2025-11-30 06:32:44,061 - Scraping log - scraper.py >         <module>(): Line 751 - INFO - Running default scraper on KT_FR > https://geo.fr.ch/ags/services/OpenData_Raster/Orientation_des_pentes_2021/MapServer/WMSServer?request=GetCapabilities&service=WMS (source 1387/1467)
2025-11-30 06:32:46,345 - Scraping log - scraper.py >         <module>(): Line 751 - INFO - Running default scraper on KT_FR > https://geo.fr.ch/ags/services/OpenData_Raster/Orthophoto_technique_LIDAR_2016/MapServer/WMSServer?request=GetCapabilities&service=WMS (source 1388/1467)
2025-11-30 06:32:48,943 - Scraping log - scraper.py >         <module>(): Line 751 - INFO - Running default scraper on KT_FR > https://geo.fr.ch/ags/services/OpenData_Raster/PB_MO_couleur_1_2500/MapServer/WMSServer?request=GetCapabilities&service=WMS (source 1389/1467)
2025-11-30 06:32:49,454 - Scraping log - scraper.py >         <module>(): Line 759 - WARNING - Scraping KT_FR > https://geo.fr.ch/ags/services/OpenData_Raster/PB_MO_couleur_1_2500/MapServer/WMSServer?request=GetCapabilities&service=WMS aborted
2025-11-30 06:32:49,454 - Scraping log - scraper.py >         <module>(): Line 751 - INFO - Running default scraper on KT_FR > https://geo.fr.ch/ags/services/OpenData_Raster/PB_MO_NB_1_2500_fond_transparent/MapServer/WMSServer?request=GetCapabilities&service=WMS (source 1390/1467)
2025-11-30 06:32:49,963 - Scraping log - scraper.py >         <module>(): Line 759 - WARNING - Scraping KT_FR > https://geo.fr.ch/ags/services/OpenData_Raster/PB_MO_NB_1_2500_fond_transparent/MapServer/WMSServer?request=GetCapabilities&service=WMS aborted
2025-11-30 06:32:49,963 - Scraping log - scraper.py >         <module>(): Line 751 - INFO - Running default scraper on KT_FR > https://geo.fr.ch/ags/services/OpenData_Raster/PB_MO_NB_1_2500/MapServer/WMSServer?request=GetCapabilities&service=WMS (source 1391/1467)
2025-11-30 06:32:50,485 - Scraping log - scraper.py >         <module>(): Line 759 - WARNING - Scraping KT_FR > https://geo.fr.ch/ags/services/OpenData_Raster/PB_MO_NB_1_2500/MapServer/WMSServer?request=GetCapabilities&service=WMS aborted
2025-11-30 06:32:50,486 - Scraping log - scraper.py >         <module>(): Line 751 - INFO - Running default scraper on KT_FR > https://geo.fr.ch/ags/services/OpenData_Raster/Pente_en_degres_2016/MapServer/WMSServer?request=GetCapabilities&service=WMS (source 1392/1467)
2025-11-30 06:32:52,845 - Scraping log - scraper.py >         <module>(): Line 751 - INFO - Running default scraper on KT_FR > https://geo.fr.ch/ags/services/OpenData_Raster/Pente_en_degres_2021/MapServer/WMSServer?request=GetCapabilities&service=WMS (source 1393/1467)
2025-11-30 06:32:55,292 - Scraping log - scraper.py >         <module>(): Line 751 - INFO - Running default scraper on KT_FR > https://geo.fr.ch/ags/services/OpenData_Raster/Pente_en_pourcentage_2016/MapServer/WMSServer?request=GetCapabilities&service=WMS (source 1394/1467)
2025-11-30 06:32:57,671 - Scraping log - scraper.py >         <module>(): Line 751 - INFO - Running default scraper on KT_FR > https://geo.fr.ch/ags/services/OpenData_Raster/Pente_en_pourcentage_2021/MapServer/WMSServer?request=GetCapabilities&service=WMS (source 1395/1467)
2025-11-30 06:33:00,073 - Scraping log - scraper.py >         <module>(): Line 751 - INFO - Running default scraper on KT_FR > https://geo.fr.ch/ags/services/OpenData_Raster/Pente_et_orientation_combinees_2016/MapServer/WMSServer?request=GetCapabilities&service=WMS (source 1396/1467)
2025-11-30 06:33:02,388 - Scraping log - scraper.py >         <module>(): Line 751 - INFO - Running default scraper on KT_FR > https://geo.fr.ch/ags/services/OpenData_Raster/Pente_et_orientation_combinees_2021/MapServer/WMSServer?request=GetCapabilities&service=WMS (source 1397/1467)
2025-11-30 06:33:04,817 - Scraping log - scraper.py >         <module>(): Line 751 - INFO - Running default scraper on KT_FR > https://geo.fr.ch/ags/services/OpenData_Raster/Plan_d_ensemble_1_10000_1990/MapServer/WMSServer?request=GetCapabilities&service=WMS (source 1398/1467)
2025-11-30 06:33:07,217 - Scraping log - scraper.py >         <module>(): Line 751 - INFO - Running default scraper on KT_FR > https://geo.fr.ch/ags/services/OpenData_Raster/Plan_d_ensemble_1_5000_2010/MapServer/WMSServer?request=GetCapabilities&service=WMS (source 1399/1467)
2025-11-30 06:33:09,437 - Scraping log - scraper.py >         <module>(): Line 751 - INFO - Running default scraper on KT_FR > https://geo.fr.ch/ags/services/OpenData_Raster/Plans_cadastraux_sur_plaque_aluminium/MapServer/WMSServer?request=GetCapabilities&service=WMS (source 1400/1467)
2025-11-30 06:33:11,911 - Scraping log - scraper.py >         <module>(): Line 751 - INFO - Running default scraper on KT_FR > https://geo.fr.ch/ags/services/OpenData_Raster/Plans_d_ensemble_couleur_1930_1940/MapServer/WMSServer?request=GetCapabilities&service=WMS (source 1401/1467)
2025-11-30 06:33:14,515 - Scraping log - scraper.py >         <module>(): Line 751 - INFO - Running default scraper on KT_FR > https://geo.fr.ch/ags/services/OpenData_Raster/Plans_topographiques_du_19eme_siecle/MapServer/WMSServer?request=GetCapabilities&service=WMS (source 1402/1467)
2025-11-30 06:33:16,841 - Scraping log - scraper.py >         <module>(): Line 751 - INFO - Running default scraper on KT_FR > https://geo.fr.ch/ags/services/OpenData_Raster/Relief_de_surface_ombre_MNS_2002/MapServer/WMSServer?request=GetCapabilities&service=WMS (source 1403/1467)
2025-11-30 06:33:19,253 - Scraping log - scraper.py >         <module>(): Line 751 - INFO - Running default scraper on KT_FR > https://geo.fr.ch/ags/services/OpenData_Raster/Relief_de_surface_ombre_MNS_2016/MapServer/WMSServer?request=GetCapabilities&service=WMS (source 1404/1467)
2025-11-30 06:33:21,678 - Scraping log - scraper.py >         <module>(): Line 751 - INFO - Running default scraper on KT_FR > https://geo.fr.ch/ags/services/OpenData_Raster/Relief_de_surface_ombre_MNS_swissSURFACE3D_Raster_2018_2019/MapServer/WMSServer?request=GetCapabilities&service=WMS (source 1405/1467)
2025-11-30 06:33:24,028 - Scraping log - scraper.py >         <module>(): Line 751 - INFO - Running default scraper on KT_FR > https://geo.fr.ch/ags/services/OpenData_Raster/Relief_de_terrain_ombre_MNT_2002/MapServer/WMSServer?request=GetCapabilities&service=WMS (source 1406/1467)
2025-11-30 06:33:26,409 - Scraping log - scraper.py >         <module>(): Line 751 - INFO - Running default scraper on KT_FR > https://geo.fr.ch/ags/services/OpenData_Raster/Relief_de_terrain_ombre_MNT_2016/MapServer/WMSServer?request=GetCapabilities&service=WMS (source 1407/1467)
2025-11-30 06:33:28,529 - Scraping log - scraper.py >         <module>(): Line 751 - INFO - Running default scraper on KT_FR > https://geo.fr.ch/ags/services/OpenData_Raster/Relief_de_terrain_ombre_MNT_lacs_de_Morat_et_Neuchatel/MapServer/WMSServer?request=GetCapabilities&service=WMS (source 1408/1467)
2025-11-30 06:33:30,880 - Scraping log - scraper.py >         <module>(): Line 751 - INFO - Running default scraper on KT_FR > https://geo.fr.ch/ags/services/OpenData_Raster/Relief_de_terrain_ombre_MNT_swissALTI3D_2021/MapServer/WMSServer?request=GetCapabilities&service=WMS (source 1409/1467)
2025-11-30 06:33:33,311 - Scraping log - scraper.py >         <module>(): Line 751 - INFO - Running default scraper on KT_FR > https://geo.fr.ch/ags/services/OpenData_Raster/Relief_ombre_swissALTI3D_2010/MapServer/WMSServer?request=GetCapabilities&service=WMS (source 1410/1467)
2025-11-30 06:33:35,770 - Scraping log - scraper.py >         <module>(): Line 751 - INFO - Running default scraper on KT_FR > https://geo.fr.ch/ags/services/OpenData_Raster/Toit_du_rocher___Isohypses__msm_/MapServer/WMSServer?request=GetCapabilities&service=WMS (source 1411/1467)
2025-11-30 06:33:38,302 - Scraping log - scraper.py >         <module>(): Line 751 - INFO - Running default scraper on FL_LI > https://service.geo.llv.li/service/wms?service=WMS&request=GetCapabilities (source 1412/1467)
2025-11-30 06:33:52,528 - Scraping log - scraper.py > get_service_info(): Line 319 - ERROR - WMSLI: HTTPSConnectionPool(host='service.geo.llv.li', port=443): Read timed out. (read timeout=10)
2025-11-30 06:34:49,487 - Scraping log - scraper.py >         <module>(): Line 751 - INFO - Running default scraper on Geodienste > https://geodienste.ch/db/av/deu?SERVICE=WMS&REQUEST=GetCapabilities (source 1413/1467)
2025-11-30 06:35:03,993 - Scraping log - scraper.py >         <module>(): Line 751 - INFO - Running default scraper on Geodienste > https://geodienste.ch/db/av_situationsplan/deu?SERVICE=WMS&REQUEST=GetCapabilities (source 1414/1467)
2025-11-30 06:35:35,823 - Scraping log - scraper.py >         <module>(): Line 751 - INFO - Running default scraper on Geodienste > https://geodienste.ch/db/fruchtfolgeflaechen/deu?SERVICE=WMS&REQUEST=GetCapabilities (source 1415/1467)
2025-11-30 06:35:39,598 - Scraping log - scraper.py >         <module>(): Line 751 - INFO - Running default scraper on Geodienste > https://geodienste.ch/db/gefahrenkarten_v1_3_0/deu?SERVICE=WMS&REQUEST=GetCapabilities (source 1416/1467)
2025-11-30 06:36:05,426 - Scraping log - scraper.py >         <module>(): Line 751 - INFO - Running default scraper on Geodienste > https://geodienste.ch/db/kantonale_ausnahmetransportrouten/deu?SERVICE=WMS&REQUEST=GetCapabilities (source 1417/1467)
2025-11-30 06:36:09,903 - Scraping log - scraper.py >         <module>(): Line 751 - INFO - Running default scraper on Geodienste > https://geodienste.ch/db/kataster_belasteter_standorte/deu?SERVICE=WMS&REQUEST=GetCapabilities (source 1418/1467)
2025-11-30 06:36:14,086 - Scraping log - scraper.py >         <module>(): Line 751 - INFO - Running default scraper on Geodienste > https://geodienste.ch/db/lwb_bewirtschaftungseinheit/deu?SERVICE=WMS&REQUEST=GetCapabilities (source 1419/1467)
2025-11-30 06:36:18,954 - Scraping log - scraper.py >         <module>(): Line 751 - INFO - Running default scraper on Geodienste > https://geodienste.ch/db/lwb_biodiversitaetsfoerderflaechen/deu?SERVICE=WMS&REQUEST=GetCapabilities (source 1420/1467)
2025-11-30 06:36:23,311 - Scraping log - scraper.py >         <module>(): Line 751 - INFO - Running default scraper on Geodienste > https://geodienste.ch/db/lwb_nutzungsflaechen/deu?SERVICE=WMS&REQUEST=GetCapabilities (source 1421/1467)
2025-11-30 06:36:28,276 - Scraping log - scraper.py >         <module>(): Line 751 - INFO - Running default scraper on Geodienste > https://geodienste.ch/db/lwb_perimeter_ln_sf/deu?SERVICE=WMS&REQUEST=GetCapabilities (source 1422/1467)
2025-11-30 06:36:32,022 - Scraping log - scraper.py >         <module>(): Line 751 - INFO - Running default scraper on Geodienste > https://geodienste.ch/db/lwb_perimeter_terrassenreben/deu?SERVICE=WMS&REQUEST=GetCapabilities (source 1423/1467)
2025-11-30 06:36:35,760 - Scraping log - scraper.py >         <module>(): Line 751 - INFO - Running default scraper on Geodienste > https://geodienste.ch/db/lwb_rebbaukataster/deu?SERVICE=WMS&REQUEST=GetCapabilities (source 1424/1467)
2025-11-30 06:36:39,471 - Scraping log - scraper.py >         <module>(): Line 751 - INFO - Running default scraper on Geodienste > https://geodienste.ch/db/npl_laermempfindlichkeitsstufen/deu?SERVICE=WMS&REQUEST=GetCapabilities (source 1425/1467)
2025-11-30 06:36:43,249 - Scraping log - scraper.py >         <module>(): Line 751 - INFO - Running default scraper on Geodienste > https://geodienste.ch/db/npl_nutzungsplanung/deu?SERVICE=WMS&REQUEST=GetCapabilities (source 1426/1467)
2025-11-30 06:36:48,142 - Scraping log - scraper.py >         <module>(): Line 751 - INFO - Running default scraper on Geodienste > https://geodienste.ch/db/planerischer_gewaesserschutz_v1_1_1/deu?SERVICE=WMS&REQUEST=GetCapabilities (source 1427/1467)
2025-11-30 06:37:09,869 - Scraping log - scraper.py >         <module>(): Line 751 - INFO - Running default scraper on Geodienste > https://geodienste.ch/db/npl_waldabstandslinien/deu?SERVICE=WMS&REQUEST=GetCapabilities (source 1428/1467)
2025-11-30 06:37:16,336 - Scraping log - scraper.py >         <module>(): Line 751 - INFO - Running default scraper on Geodienste > https://geodienste.ch/db/npl_waldgrenzen/deu?SERVICE=WMS&REQUEST=GetCapabilities (source 1429/1467)
2025-11-30 06:37:20,099 - Scraping log - scraper.py >         <module>(): Line 751 - INFO - Running default scraper on Geodienste > https://geodienste.ch/db/planungszonen_v1_0_0/deu?SERVICE=WMS&REQUEST=GetCapabilities (source 1430/1467)
2025-11-30 06:37:20,451 - Scraping log - scraper.py >         <module>(): Line 759 - WARNING - Scraping Geodienste > https://geodienste.ch/db/planungszonen_v1_0_0/deu?SERVICE=WMS&REQUEST=GetCapabilities aborted
2025-11-30 06:37:20,452 - Scraping log - scraper.py >         <module>(): Line 751 - INFO - Running default scraper on Geodienste > https://geodienste.ch/db/richtplanung_erneuerbare_energien_v1_0_0/deu?SERVICE=WMS&REQUEST=GetCapabilities (source 1431/1467)
2025-11-30 06:37:30,549 - Scraping log - scraper.py >         <module>(): Line 751 - INFO - Running default scraper on Geodienste > https://geodienste.ch/db/stromversorgungssicherheit_netzgebiete_v1_2_0/deu?SERVICE=WMS&REQUEST=GetCapabilities (source 1432/1467)
2025-11-30 06:37:34,885 - Scraping log - scraper.py >         <module>(): Line 751 - INFO - Running default scraper on Geodienste > https://geodienste.ch/db/waldreservate/deu?SERVICE=WMS&REQUEST=GetCapabilities (source 1433/1467)
2025-11-30 06:37:38,637 - Scraping log - scraper.py >         <module>(): Line 751 - INFO - Running default scraper on Geodienste > https://geodienste.ch/db/wildruhezonen_v2_1_1/deu?SERVICE=WMS&REQUEST=GetCapabilities (source 1434/1467)
2025-11-30 06:37:42,887 - Scraping log - scraper.py >         <module>(): Line 751 - INFO - Running default scraper on Geodienste > https://geodienste.ch/db/av/deu?SERVICE=WFS&REQUEST=GetCapabilities (source 1435/1467)
2025-11-30 06:37:49,516 - Scraping log - scraper.py >         <module>(): Line 751 - INFO - Running default scraper on Geodienste > https://geodienste.ch/db/av_situationsplan/deu?SERVICE=WFS&REQUEST=GetCapabilities (source 1436/1467)
2025-11-30 06:37:59,304 - Scraping log - scraper.py >         <module>(): Line 751 - INFO - Running default scraper on Geodienste > https://geodienste.ch/db/fruchtfolgeflaechen/deu?SERVICE=WFS&REQUEST=GetCapabilities (source 1437/1467)
2025-11-30 06:38:01,342 - Scraping log - scraper.py >         <module>(): Line 751 - INFO - Running default scraper on Geodienste > https://geodienste.ch/db/gefahrenkarten_v1_3_0/deu?SERVICE=WFS&REQUEST=GetCapabilities (source 1438/1467)
2025-11-30 06:38:11,202 - Scraping log - scraper.py >         <module>(): Line 751 - INFO - Running default scraper on Geodienste > https://geodienste.ch/db/kantonale_ausnahmetransportrouten/deu?SERVICE=WFS&REQUEST=GetCapabilities (source 1439/1467)
2025-11-30 06:38:13,447 - Scraping log - scraper.py >         <module>(): Line 751 - INFO - Running default scraper on Geodienste > https://geodienste.ch/db/kataster_belasteter_standorte/deu?SERVICE=WFS&REQUEST=GetCapabilities (source 1440/1467)
2025-11-30 06:38:15,656 - Scraping log - scraper.py >         <module>(): Line 751 - INFO - Running default scraper on Geodienste > https://geodienste.ch/db/lwb_bewirtschaftungseinheit/deu?SERVICE=WFS&REQUEST=GetCapabilities (source 1441/1467)
2025-11-30 06:38:18,074 - Scraping log - scraper.py >         <module>(): Line 751 - INFO - Running default scraper on Geodienste > https://geodienste.ch/db/lwb_biodiversitaetsfoerderflaechen/deu?SERVICE=WFS&REQUEST=GetCapabilities (source 1442/1467)
2025-11-30 06:38:20,292 - Scraping log - scraper.py >         <module>(): Line 751 - INFO - Running default scraper on Geodienste > https://geodienste.ch/db/lwb_nutzungsflaechen/deu?SERVICE=WFS&REQUEST=GetCapabilities (source 1443/1467)
2025-11-30 06:38:22,332 - Scraping log - scraper.py >         <module>(): Line 751 - INFO - Running default scraper on Geodienste > https://geodienste.ch/db/lwb_perimeter_ln_sf/deu?SERVICE=WFS&REQUEST=GetCapabilities (source 1444/1467)
2025-11-30 06:38:24,340 - Scraping log - scraper.py >         <module>(): Line 751 - INFO - Running default scraper on Geodienste > https://geodienste.ch/db/lwb_perimeter_terrassenreben/deu?SERVICE=WFS&REQUEST=GetCapabilities (source 1445/1467)
2025-11-30 06:38:26,381 - Scraping log - scraper.py >         <module>(): Line 751 - INFO - Running default scraper on Geodienste > https://geodienste.ch/db/lwb_rebbaukataster/deu?SERVICE=WFS&REQUEST=GetCapabilities (source 1446/1467)
2025-11-30 06:38:28,415 - Scraping log - scraper.py >         <module>(): Line 751 - INFO - Running default scraper on Geodienste > https://geodienste.ch/db/npl_laermempfindlichkeitsstufen/deu?SERVICE=WFS&REQUEST=GetCapabilities (source 1447/1467)
2025-11-30 06:38:30,426 - Scraping log - scraper.py >         <module>(): Line 751 - INFO - Running default scraper on Geodienste > https://geodienste.ch/db/npl_nutzungsplanung/deu?SERVICE=WFS&REQUEST=GetCapabilities (source 1448/1467)
2025-11-30 06:38:33,084 - Scraping log - scraper.py >         <module>(): Line 751 - INFO - Running default scraper on Geodienste > https://geodienste.ch/db/planerischer_gewaesserschutz_v1_1_1/deu?SERVICE=WFS&REQUEST=GetCapabilities (source 1449/1467)
2025-11-30 06:38:40,513 - Scraping log - scraper.py >         <module>(): Line 751 - INFO - Running default scraper on Geodienste > https://geodienste.ch/db/npl_waldabstandslinien/deu?SERVICE=WFS&REQUEST=GetCapabilities (source 1450/1467)
2025-11-30 06:38:42,524 - Scraping log - scraper.py >         <module>(): Line 751 - INFO - Running default scraper on Geodienste > https://geodienste.ch/db/npl_waldgrenzen/deu?SERVICE=WFS&REQUEST=GetCapabilities (source 1451/1467)
2025-11-30 06:38:44,543 - Scraping log - scraper.py >         <module>(): Line 751 - INFO - Running default scraper on Geodienste > https://geodienste.ch/db/planungszonen_v1_0_0/deu?SERVICE=WFS&REQUEST=GetCapabilities (source 1452/1467)
2025-11-30 06:38:44,895 - Scraping log - scraper.py >         <module>(): Line 759 - WARNING - Scraping Geodienste > https://geodienste.ch/db/planungszonen_v1_0_0/deu?SERVICE=WFS&REQUEST=GetCapabilities aborted
2025-11-30 06:38:44,895 - Scraping log - scraper.py >         <module>(): Line 751 - INFO - Running default scraper on Geodienste > https://geodienste.ch/db/richtplanung_erneuerbare_energien_v1_0_0/deu?SERVICE=WFS&REQUEST=GetCapabilities (source 1453/1467)
2025-11-30 06:38:50,712 - Scraping log - scraper.py >         <module>(): Line 751 - INFO - Running default scraper on Geodienste > https://geodienste.ch/db/stromversorgungssicherheit_netzgebiete_v1_2_0/deu?SERVICE=WFS&REQUEST=GetCapabilities (source 1454/1467)
2025-11-30 06:38:53,088 - Scraping log - scraper.py >         <module>(): Line 751 - INFO - Running default scraper on Geodienste > https://geodienste.ch/db/waldreservate/deu?SERVICE=WFS&REQUEST=GetCapabilities (source 1455/1467)
2025-11-30 06:38:55,109 - Scraping log - scraper.py >         <module>(): Line 751 - INFO - Running default scraper on Geodienste > https://geodienste.ch/db/wildruhezonen_v2_1_1/deu?SERVICE=WFS&REQUEST=GetCapabilities (source 1456/1467)
2025-11-30 06:38:57,306 - Scraping log - scraper.py >         <module>(): Line 751 - INFO - Running default scraper on Geodienste > https://geodienste.ch/db/avc/deu?SERVICE=WFS&REQUEST=GetCapabilities (source 1457/1467)
2025-11-30 06:39:03,890 - Scraping log - scraper.py >         <module>(): Line 751 - INFO - Running default scraper on Geodienste > https://geodienste.ch/db/naturereigniskataster_v1_0_0/deu?SERVICE=WFS&REQUEST=GetCapabilities (source 1458/1467)
2025-11-30 06:39:08,324 - Scraping log - scraper.py >         <module>(): Line 751 - INFO - Running default scraper on Geodienste > https://geodienste.ch/db/luftbild/deu?SERVICE=WFS&REQUEST=GetCapabilities (source 1459/1467)
2025-11-30 06:39:15,696 - Scraping log - scraper.py >         <module>(): Line 751 - INFO - Running default scraper on Geodienste > https://geodienste.ch/db/avc/deu?SERVICE=WMS&REQUEST=GetCapabilities (source 1460/1467)
2025-11-30 06:39:29,057 - Scraping log - scraper.py >         <module>(): Line 751 - INFO - Running default scraper on Geodienste > https://geodienste.ch/db/naturereigniskataster_v1_0_0/deu?SERVICE=WMS&REQUEST=GetCapabilities (source 1461/1467)
2025-11-30 06:39:39,312 - Scraping log - scraper.py >         <module>(): Line 751 - INFO - Running default scraper on Geodienste > https://geodienste.ch/db/luftbild/deu?SERVICE=WMS&REQUEST=GetCapabilities (source 1462/1467)
2025-11-30 06:40:00,783 - Scraping log - scraper.py >         <module>(): Line 751 - INFO - Running default scraper on Bund >  https://wmts.geo.admin.ch/EPSG/3857/1.0.0/WMTSCapabilities.xml (source 1463/1467)
2025-11-30 06:44:44,297 - Scraping log - scraper.py >         <module>(): Line 751 - INFO - Running default scraper on Bund >  https://wms.geo.admin.ch/?SERVICE=WMS&VERSION=1.3.0&REQUEST=GetCapabilities (source 1464/1467)
2025-11-30 06:45:08,730 - Scraping log - scraper.py > get_service_info(): Line 319 - ERROR - ch.swisstopo.amtliches-gebaeudeadressverzeichnis: HTTPSConnectionPool(host='wms.geo.admin.ch', port=443): Read timed out. (read timeout=10)
2025-11-30 06:47:11,907 - Scraping log - scraper.py > get_service_info(): Line 319 - ERROR - ch.swisstopo.swisstne-base: HTTPSConnectionPool(host='wms.geo.admin.ch', port=443): Read timed out. (read timeout=10)
2025-11-30 06:47:45,215 - Scraping log - scraper.py > get_service_info(): Line 319 - ERROR - ch.swisstopo.vec25-gebaeude: HTTPSConnectionPool(host='wms.geo.admin.ch', port=443): Read timed out. (read timeout=10)
2025-11-30 06:49:23,842 - Scraping log - scraper.py > get_service_info(): Line 319 - ERROR - ch.blw.landwirtschaftliche-nutzungsflaechen: HTTPSConnectionPool(host='wms.geo.admin.ch', port=443): Read timed out. (read timeout=10)
2025-11-30 06:49:35,129 - Scraping log - scraper.py > get_service_info(): Line 319 - ERROR - ch.blw.steil_terrassenlagen_rebbau: HTTPSConnectionPool(host='wms.geo.admin.ch', port=443): Read timed out. (read timeout=10)
2025-11-30 06:49:49,183 - Scraping log - scraper.py > get_service_info(): Line 319 - ERROR - ch.blw.hang_steillagen: HTTPSConnectionPool(host='wms.geo.admin.ch', port=443): Read timed out. (read timeout=10)
2025-11-30 06:50:05,548 - Scraping log - scraper.py > get_service_info(): Line 319 - ERROR - ch.bfs.gebaeude_wohnungs_register_waermequelle_heizung: HTTPSConnectionPool(host='wms.geo.admin.ch', port=443): Read timed out. (read timeout=10)
2025-11-30 06:53:16,330 - Scraping log - scraper.py > get_service_info(): Line 319 - ERROR - ch.bafu.gefaehrdungskarte-oberflaechenabfluss: HTTPSConnectionPool(host='wms.geo.admin.ch', port=443): Read timed out. (read timeout=10)
2025-11-30 06:54:14,363 - Scraping log - scraper.py > get_service_info(): Line 319 - ERROR - ch.bafu.klima-co2_ausstoss_gebaeude: HTTPSConnectionPool(host='wms.geo.admin.ch', port=443): Read timed out. (read timeout=10)
2025-11-30 06:54:48,835 - Scraping log - scraper.py > get_service_info(): Line 316 - WARNING - ch.bafu.neophyten-carolina_nachtschatten: GetMap request is blocked for this layer
2025-11-30 06:55:06,528 - Scraping log - scraper.py > get_service_info(): Line 316 - WARNING - ch.bafu.neophyten-portulak_heusenkraut: GetMap request is blocked for this layer
2025-11-30 06:56:30,359 - Scraping log - scraper.py > get_service_info(): Line 319 - ERROR - ch.bafu.wasser-teileinzugsgebiete_2: HTTPSConnectionPool(host='wms.geo.admin.ch', port=443): Read timed out. (read timeout=10)
2025-11-30 06:58:00,756 - Scraping log - scraper.py > get_service_info(): Line 319 - ERROR - ch.are.solaranlagen-pruefenswerte_gebiete_vektor: HTTPSConnectionPool(host='wms.geo.admin.ch', port=443): Read timed out. (read timeout=10)
2025-11-30 06:58:34,184 - Scraping log - scraper.py > get_service_info(): Line 319 - ERROR - ch.agroscope.amphibien-bedeutung_parzellen: HTTPSConnectionPool(host='wms.geo.admin.ch', port=443): Read timed out. (read timeout=10)
2025-11-30 06:58:58,520 - Scraping log - scraper.py >         <module>(): Line 751 - INFO - Running default scraper on ASIT >  https://wmts.asit-asso.ch/wmts/1.0.0/WMTSCapabilities.xml (source 1465/1467)
2025-11-30 06:59:01,815 - Scraping log - scraper.py >         <module>(): Line 751 - INFO - Running default scraper on SOSM > https://tile.osm.ch/1.0.0/WMTSCapabilities.xml (source 1466/1467)
2025-11-30 06:59:04,034 - Scraping log - scraper.py >         <module>(): Line 751 - INFO - Running default scraper on ST_BE > https://map.bern.ch/arcgis/rest/services/Geoportal/STEK2016_Entwicklungspotenziale/MapServer/WMTS/1.0.0/WMTSCapabilities.xml (source 1467/1467)
2025-11-30 06:59:06,012 - Scraping log - scraper.py >         <module>(): Line 766 - INFO - Scraping took: 315 mins
2025-11-30 07:16:24,248 - Scraping log - scraper.py >         <module>(): Line 777 - INFO - Keeping 587 datasets from old database without processing
2025-11-30 07:29:39,690 - Scraping log - scraper.py >         <module>(): Line 782 - INFO - Found 46990 datasets for processing
2025-11-30 07:29:40,484 - Scraping log - scraper.py >         <module>(): Line 792 - INFO - Job took: 346 mins
